Game,away,home,Date,away-score,home-score,Location
360403123,STL,PIT,2016-04-03T17:00Z,1,4,Pittsburgh
360403130,TOR,TB,2016-04-03T20:00Z,5,3,St. Petersburg
360403107,NYM,KC,2016-04-04T00:30Z,3,4,Kansas City
360404108,SF,MIL,2016-04-04T18:10Z,12,3,Milwaukee
360404101,MIN,BAL,2016-04-04T19:05Z,2,3,Baltimore
360404113,SEA,TEX,2016-04-04T20:00Z,2,3,Arlington
360404115,WSH,ATL,2016-04-04T20:10Z,4,3,Atlanta
360404117,PHI,CIN,2016-04-04T20:10Z,2,6,Cincinnati
360404125,LAD,SD,2016-04-04T23:00Z,15,0,San Diego
360404130,TOR,TB,2016-04-04T23:10Z,5,3,St. Petersburg
360404129,COL,ARI,2016-04-05T01:40Z,10,5,Phoenix
360404103,CHC,LAA,2016-04-05T02:00Z,9,0,Anaheim
360404111,CHW,OAK,2016-04-05T02:05Z,4,3,Oakland
360405110,HOU,NYY,2016-04-05T17:00Z,5,3,Bronx
360405105,BOS,CLE,2016-04-05T17:10Z,6,2,Cleveland
360405107,NYM,KC,2016-04-05T20:15Z,2,0,Kansas City
360405123,STL,PIT,2016-04-05T23:05Z,5,6,Pittsburgh
360405128,DET,MIA,2016-04-05T23:10Z,8,7,Miami
360405130,TOR,TB,2016-04-05T23:10Z,2,3,St. Petersburg
360405113,SEA,TEX,2016-04-06T00:05Z,10,2,Arlington
360405108,SF,MIL,2016-04-06T00:10Z,2,1,Milwaukee
360405129,COL,ARI,2016-04-06T01:40Z,6,11,Phoenix
360405103,CHC,LAA,2016-04-06T02:05Z,6,1,Anaheim
360405111,CHW,OAK,2016-04-06T02:05Z,5,4,Oakland
360405125,LAD,SD,2016-04-06T02:10Z,3,0,San Diego
360406130,TOR,TB,2016-04-06T17:10Z,3,5,St. Petersburg
360406108,SF,MIL,2016-04-06T17:40Z,3,4,Milwaukee
360406113,SEA,TEX,2016-04-06T18:05Z,9,5,Arlington
360406129,COL,ARI,2016-04-06T19:40Z,4,3,Phoenix
360406128,DET,MIA,2016-04-06T20:55Z,7,3,Miami
360406105,BOS,CLE,2016-04-06T22:10Z,6,7,Cleveland
360406117,PHI,CIN,2016-04-06T23:00Z,2,3,Cincinnati
360406101,MIN,BAL,2016-04-06T23:05Z,2,4,Baltimore
360406110,HOU,NYY,2016-04-06T23:05Z,6,16,Bronx
360406123,STL,PIT,2016-04-06T23:05Z,1,5,Pittsburgh
360406115,WSH,ATL,2016-04-06T23:10Z,3,1,Atlanta
360406125,LAD,SD,2016-04-07T01:10Z,7,0,San Diego
360406111,CHW,OAK,2016-04-07T02:00Z,1,2,Oakland
360407117,PHI,CIN,2016-04-07T16:35Z,6,10,Cincinnati
360407111,CHW,OAK,2016-04-07T19:35Z,6,1,Oakland
360407110,HOU,NYY,2016-04-07T20:05Z,5,8,Bronx
360407120,MIA,WSH,2016-04-07T20:05Z,6,4,Washington
360407126,LAD,SF,2016-04-07T20:35Z,6,12,San Francisco
360407101,MIN,BAL,2016-04-07T23:05Z,2,4,Baltimore
360407129,CHC,ARI,2016-04-08T01:40Z,14,6,Phoenix
360407103,TEX,LAA,2016-04-08T02:05Z,3,4,Anaheim
360408106,NYY,DET,2016-04-08T17:10Z,0,4,Detroit
360408121,PHI,NYM,2016-04-08T17:10Z,2,7,Queens
360408104,CLE,CHW,2016-04-08T20:10Z,7,1,Chicago
360408127,SD,COL,2016-04-08T20:10Z,13,6,Denver
360408101,TB,BAL,2016-04-08T23:05Z,1,6,Baltimore
360408114,BOS,TOR,2016-04-08T23:07Z,8,7,Toronto
360408117,PIT,CIN,2016-04-08T23:10Z,6,5,Cincinnati
360408115,STL,ATL,2016-04-08T23:35Z,7,4,Atlanta
360408108,HOU,MIL,2016-04-09T00:10Z,4,6,Milwaukee
360408107,MIN,KC,2016-04-09T00:15Z,3,4,Kansas City
360408129,CHC,ARI,2016-04-09T01:40Z,2,3,Phoenix
360408103,TEX,LAA,2016-04-09T02:05Z,7,3,Anaheim
360408112,OAK,SEA,2016-04-09T02:10Z,3,2,Seattle
360408126,LAD,SF,2016-04-09T02:15Z,2,3,San Francisco
360409114,BOS,TOR,2016-04-09T17:07Z,8,4,Toronto
360409106,NYY,DET,2016-04-09T17:10Z,8,4,Detroit
360409117,PIT,CIN,2016-04-09T17:10Z,1,5,Cincinnati
360409104,CLE,CHW,2016-04-09T18:10Z,3,7,Chicago
360409126,LAD,SF,2016-04-09T20:05Z,3,2,San Francisco
360409108,HOU,MIL,2016-04-09T23:10Z,6,4,Milwaukee
360409115,STL,ATL,2016-04-09T23:10Z,12,2,Atlanta
360409121,PHI,NYM,2016-04-09T23:10Z,1,0,Queens
360409107,MIN,KC,2016-04-09T23:15Z,0,7,Kansas City
360409127,SD,COL,2016-04-10T00:10Z,16,3,Denver
360409129,CHC,ARI,2016-04-10T00:10Z,4,2,Phoenix
360409103,TEX,LAA,2016-04-10T01:05Z,4,1,Anaheim
360409112,OAK,SEA,2016-04-10T01:10Z,6,1,Seattle
360410114,BOS,TOR,2016-04-10T17:07Z,0,3,Toronto
360410117,PIT,CIN,2016-04-10T17:10Z,1,2,Cincinnati
360410121,PHI,NYM,2016-04-10T17:10Z,5,2,Queens
360410101,TB,BAL,2016-04-10T17:35Z,3,5,Baltimore
360410115,STL,ATL,2016-04-10T17:35Z,12,7,Atlanta
360410120,MIA,WSH,2016-04-10T17:35Z,2,4,Washington
400836044,TB,BAL,2016-04-10T17:35Z,3,5,Baltimore
360410108,HOU,MIL,2016-04-10T18:10Z,2,3,Milwaukee
360410107,MIN,KC,2016-04-10T18:15Z,3,4,Kansas City
360410103,TEX,LAA,2016-04-10T19:35Z,1,3,Anaheim
360410126,LAD,SF,2016-04-10T20:05Z,6,9,San Francisco
360410112,OAK,SEA,2016-04-10T20:10Z,2,1,Seattle
360410127,SD,COL,2016-04-10T20:10Z,3,6,Denver
360410129,CHC,ARI,2016-04-10T20:10Z,7,3,Phoenix
360411106,PIT,DET,2016-04-11T17:10Z,7,4,Detroit
360411102,BAL,BOS,2016-04-11T18:05Z,9,7,Boston
360411122,SD,PHI,2016-04-11T19:05Z,4,3,Philadelphia
360411109,CHW,MIN,2016-04-11T20:10Z,4,1,Minneapolis
360411124,MIL,STL,2016-04-11T20:15Z,1,10,St. Louis
360411121,MIA,NYM,2016-04-11T23:00Z,10,3,Queens
360411120,ATL,WSH,2016-04-11T23:05Z,4,6,Washington
360411116,CIN,CHC,2016-04-12T00:05Z,3,5,Chicago
360411118,KC,HOU,2016-04-12T00:10Z,2,8,Houston
360411111,LAA,OAK,2016-04-12T02:05Z,4,1,Oakland
360411112,TEX,SEA,2016-04-12T02:10Z,7,3,Seattle
360412106,PIT,DET,2016-04-12T17:10Z,2,8,Detroit
360412119,ARI,LAD,2016-04-12T20:10Z,4,2,Los Angeles
360412120,ATL,WSH,2016-04-12T23:05Z,1,2,Washington
360412122,SD,PHI,2016-04-12T23:05Z,0,3,Philadelphia
360412114,NYY,TOR,2016-04-12T23:07Z,3,2,Toronto
360412102,BAL,BOS,2016-04-12T23:10Z,9,5,Boston
360412121,MIA,NYM,2016-04-12T23:10Z,2,1,Queens
360412130,CLE,TB,2016-04-12T23:10Z,1,5,St. Petersburg
360412118,KC,HOU,2016-04-13T00:10Z,3,2,Houston
360412127,SF,COL,2016-04-13T00:40Z,7,2,Denver
360412111,LAA,OAK,2016-04-13T02:05Z,5,4,Oakland
360412112,TEX,SEA,2016-04-13T02:10Z,8,0,Seattle
360413121,MIA,NYM,2016-04-13T17:10Z,1,2,Queens
360413111,LAA,OAK,2016-04-13T19:35Z,5,1,Oakland
360413112,TEX,SEA,2016-04-13T19:40Z,2,4,Seattle
360413102,BAL,BOS,2016-04-13T23:00Z,2,4,Boston
360413120,ATL,WSH,2016-04-13T23:05Z,0,3,Washington
360413122,SD,PHI,2016-04-13T23:05Z,1,2,Philadelphia
360413123,DET,PIT,2016-04-13T23:05Z,7,3,Pittsburgh
360413114,NYY,TOR,2016-04-13T23:07Z,2,7,Toronto
360413130,CLE,TB,2016-04-13T23:10Z,4,1,St. Petersburg
360413116,CIN,CHC,2016-04-14T00:05Z,2,9,Chicago
360413109,CHW,MIN,2016-04-14T00:10Z,3,0,Minneapolis
360413118,KC,HOU,2016-04-14T00:10Z,4,2,Houston
360413124,MIL,STL,2016-04-14T00:15Z,6,4,St. Louis
360413127,SF,COL,2016-04-14T00:40Z,6,10,Denver
360413119,ARI,LAD,2016-04-14T02:10Z,1,3,Los Angeles
360414123,DET,PIT,2016-04-14T16:35Z,7,4,Pittsburgh
360414122,SD,PHI,2016-04-14T17:05Z,0,3,Philadelphia
360414109,CHW,MIN,2016-04-14T17:10Z,3,1,Minneapolis
360414130,CLE,TB,2016-04-14T17:10Z,6,0,St. Petersburg
360414124,MIL,STL,2016-04-14T17:45Z,0,7,St. Louis
360414127,SF,COL,2016-04-14T19:10Z,6,11,Denver
360414120,ATL,WSH,2016-04-14T20:05Z,2,6,Washington
360414114,NYY,TOR,2016-04-14T23:07Z,2,4,Toronto
360414116,CIN,CHC,2016-04-15T00:00Z,1,8,Chicago
360414113,BAL,TEX,2016-04-15T00:05Z,3,6,Arlington
360414118,KC,HOU,2016-04-15T00:10Z,6,2,Houston
360414119,ARI,LAD,2016-04-15T02:10Z,2,5,Los Angeles
360415116,COL,CHC,2016-04-15T18:20Z,6,1,Chicago
360415110,SEA,NYY,2016-04-15T23:05Z,7,1,Bronx
360415122,WSH,PHI,2016-04-15T23:05Z,9,1,Philadelphia
360415123,MIL,PIT,2016-04-15T23:05Z,8,4,Pittsburgh
360415102,TOR,BOS,2016-04-15T23:10Z,3,5,Boston
360415105,NYM,CLE,2016-04-15T23:10Z,6,5,Cleveland
360415128,ATL,MIA,2016-04-15T23:10Z,6,3,Miami
360415130,CHW,TB,2016-04-15T23:10Z,1,0,St. Petersburg
360415113,BAL,TEX,2016-04-16T00:05Z,11,5,Arlington
360415109,LAA,MIN,2016-04-16T00:10Z,4,5,Minneapolis
360415118,DET,HOU,2016-04-16T00:10Z,0,1,Houston
360415124,CIN,STL,2016-04-16T00:15Z,3,14,St. Louis
360415111,KC,OAK,2016-04-16T02:05Z,4,2,Oakland
360415119,SF,LAD,2016-04-16T02:10Z,3,7,Los Angeles
360415125,ARI,SD,2016-04-16T02:40Z,3,2,San Diego
360416110,SEA,NYY,2016-04-16T17:05Z,3,2,Bronx
360416109,LAA,MIN,2016-04-16T18:10Z,4,6,Minneapolis
360416124,CIN,STL,2016-04-16T18:15Z,9,8,St. Louis
360416116,COL,CHC,2016-04-16T18:20Z,2,6,Chicago
360416102,TOR,BOS,2016-04-16T20:05Z,2,4,Boston
360416111,KC,OAK,2016-04-16T20:05Z,3,5,Oakland
360416105,NYM,CLE,2016-04-16T20:10Z,5,7,Cleveland
360416130,CHW,TB,2016-04-16T22:10Z,2,7,St. Petersburg
360416122,WSH,PHI,2016-04-16T23:05Z,8,1,Philadelphia
360416123,MIL,PIT,2016-04-16T23:05Z,0,5,Pittsburgh
360416118,DET,HOU,2016-04-16T23:10Z,5,3,Houston
360416128,ATL,MIA,2016-04-16T23:10Z,6,4,Miami
360416113,BAL,TEX,2016-04-17T00:05Z,4,8,Arlington
360416125,ARI,SD,2016-04-17T00:40Z,3,5,San Diego
360416119,SF,LAD,2016-04-17T01:10Z,4,3,Los Angeles
360417110,SEA,NYY,2016-04-17T17:05Z,3,4,Bronx
360417105,NYM,CLE,2016-04-17T17:10Z,6,0,Cleveland
360417128,ATL,MIA,2016-04-17T17:10Z,6,5,Miami
360417130,CHW,TB,2016-04-17T17:10Z,2,3,St. Petersburg
360417102,TOR,BOS,2016-04-17T17:35Z,5,3,Boston
360417122,WSH,PHI,2016-04-17T17:35Z,2,3,Philadelphia
360417123,MIL,PIT,2016-04-17T17:35Z,3,9,Pittsburgh
360417109,LAA,MIN,2016-04-17T18:10Z,2,3,Minneapolis
360417118,DET,HOU,2016-04-17T18:10Z,4,5,Houston
360417124,CIN,STL,2016-04-17T18:15Z,3,4,St. Louis
360417116,COL,CHC,2016-04-17T18:20Z,2,0,Chicago
360417111,KC,OAK,2016-04-17T20:05Z,2,3,Oakland
360417125,ARI,SD,2016-04-17T20:40Z,7,3,San Diego
360417119,SF,LAD,2016-04-18T00:00Z,1,3,Los Angeles
360418102,TOR,BOS,2016-04-18T15:05Z,4,3,Boston
360418122,NYM,PHI,2016-04-18T23:05Z,5,2,Philadelphia
360418117,COL,CIN,2016-04-18T23:10Z,5,1,Cincinnati
360418128,WSH,MIA,2016-04-18T23:10Z,1,6,Miami
360418124,CHC,STL,2016-04-19T00:00Z,5,0,St. Louis
360418104,LAA,CHW,2016-04-19T00:10Z,7,0,Chicago
360418109,MIL,MIN,2016-04-19T00:10Z,4,7,Minneapolis
360418126,ARI,SF,2016-04-19T02:15Z,9,7,San Francisco
360419109,MIL,MIN,2016-04-19T17:10Z,6,5,Minneapolis
360419105,SEA,CLE,2016-04-19T22:10Z,2,3,Cleveland
360419101,TOR,BAL,2016-04-19T23:05Z,4,3,Baltimore
360419110,OAK,NYY,2016-04-19T23:05Z,3,2,Bronx
360419122,NYM,PHI,2016-04-19T23:05Z,11,1,Philadelphia
360419102,TB,BOS,2016-04-19T23:10Z,3,0,Boston
360419115,LAD,ATL,2016-04-19T23:10Z,1,8,Atlanta
360419117,COL,CIN,2016-04-19T23:10Z,3,4,Cincinnati
360419128,WSH,MIA,2016-04-19T23:10Z,7,0,Miami
360419107,DET,KC,2016-04-19T23:15Z,6,8,Kansas City
360419113,HOU,TEX,2016-04-20T00:05Z,5,7,Arlington
360419104,LAA,CHW,2016-04-20T00:10Z,0,5,Chicago
360419124,CHC,STL,2016-04-20T00:15Z,2,1,St. Louis
360419125,PIT,SD,2016-04-20T02:10Z,4,5,San Diego
360419126,ARI,SF,2016-04-20T02:15Z,3,0,San Francisco
360420117,COL,CIN,2016-04-20T16:35Z,5,6,Cincinnati
360420124,CHC,STL,2016-04-20T17:45Z,3,5,St. Louis
360420104,LAA,CHW,2016-04-20T18:10Z,1,2,Chicago
360420105,SEA,CLE,2016-04-20T22:10Z,2,1,Cleveland
360420107,DET,KC,2016-04-20T23:00Z,3,2,Kansas City
360420101,TOR,BAL,2016-04-20T23:05Z,3,4,Baltimore
360420110,OAK,NYY,2016-04-20T23:05Z,5,2,Bronx
360420122,NYM,PHI,2016-04-20T23:05Z,4,5,Philadelphia
360420102,TB,BOS,2016-04-20T23:10Z,3,7,Boston
360420115,LAD,ATL,2016-04-20T23:10Z,5,3,Atlanta
360420128,WSH,MIA,2016-04-20T23:10Z,3,1,Miami
360420113,HOU,TEX,2016-04-21T00:05Z,1,2,Arlington
360420108,MIN,MIL,2016-04-21T00:10Z,5,10,Milwaukee
360420125,PIT,SD,2016-04-21T02:10Z,2,8,San Diego
360420126,ARI,SF,2016-04-21T02:15Z,2,1,San Francisco
360421105,SEA,CLE,2016-04-21T16:10Z,10,7,Cleveland
360421115,LAD,ATL,2016-04-21T16:10Z,2,1,Atlanta
360421128,WSH,MIA,2016-04-21T17:10Z,1,5,Miami
360421102,TB,BOS,2016-04-21T17:35Z,12,8,Boston
360421108,MIN,MIL,2016-04-21T17:40Z,8,1,Milwaukee
360421104,LAA,CHW,2016-04-21T18:10Z,3,2,Chicago
360421126,ARI,SF,2016-04-21T19:45Z,6,2,San Francisco
360421101,TOR,BAL,2016-04-21T23:05Z,2,3,Baltimore
360421110,OAK,NYY,2016-04-21T23:05Z,7,3,Bronx
360421117,CHC,CIN,2016-04-21T23:10Z,16,0,Cincinnati
360421107,DET,KC,2016-04-21T23:15Z,0,4,Kansas City
360421113,HOU,TEX,2016-04-22T00:05Z,4,7,Arlington
360421125,PIT,SD,2016-04-22T01:10Z,11,1,San Diego
400836187,PIT,SD,2016-04-22T01:10Z,11,1,San Diego
360422110,TB,NYY,2016-04-22T23:05Z,3,6,Bronx
360422120,MIN,WSH,2016-04-22T23:05Z,4,8,Washington
360422114,OAK,TOR,2016-04-22T23:07Z,8,5,Toronto
360422106,CLE,DET,2016-04-22T23:10Z,2,1,Detroit
360422117,CHC,CIN,2016-04-22T23:10Z,8,1,Cincinnati
360422115,NYM,ATL,2016-04-22T23:35Z,6,3,Atlanta
360422104,TEX,CHW,2016-04-23T00:10Z,0,5,Chicago
360422108,PHI,MIL,2016-04-23T00:10Z,5,2,Milwaukee
360422118,BOS,HOU,2016-04-23T00:10Z,6,2,Houston
360422107,BAL,KC,2016-04-23T00:15Z,2,4,Kansas City
360422127,LAD,COL,2016-04-23T00:40Z,5,7,Denver
360422129,PIT,ARI,2016-04-23T01:40Z,8,7,Phoenix
360422103,SEA,LAA,2016-04-23T02:05Z,5,2,Anaheim
360422126,MIA,SF,2016-04-23T02:15Z,1,8,San Francisco
360422125,STL,SD,2016-04-23T02:40Z,1,4,San Diego
360423110,TB,NYY,2016-04-23T17:05Z,2,3,Bronx
360423120,MIN,WSH,2016-04-23T17:05Z,0,2,Washington
360423114,OAK,TOR,2016-04-23T17:07Z,3,9,Toronto
360423106,CLE,DET,2016-04-23T17:10Z,10,1,Detroit
360423104,TEX,CHW,2016-04-23T18:10Z,3,4,Chicago
360423118,BOS,HOU,2016-04-23T20:05Z,3,8,Houston
360423108,PHI,MIL,2016-04-23T23:10Z,10,6,Milwaukee
360423115,NYM,ATL,2016-04-23T23:10Z,8,2,Atlanta
360423117,CHC,CIN,2016-04-23T23:10Z,5,13,Cincinnati
360423107,BAL,KC,2016-04-23T23:15Z,8,3,Kansas City
360423127,LAD,COL,2016-04-24T00:10Z,4,1,Denver
360423129,PIT,ARI,2016-04-24T00:10Z,1,7,Phoenix
360423125,STL,SD,2016-04-24T00:40Z,11,2,San Diego
360423103,SEA,LAA,2016-04-24T01:05Z,2,4,Anaheim
360423126,MIA,SF,2016-04-24T01:05Z,2,7,San Francisco
360424110,TB,NYY,2016-04-24T17:05Z,8,1,Bronx
360424114,OAK,TOR,2016-04-24T17:07Z,3,6,Toronto
360424106,CLE,DET,2016-04-24T17:10Z,6,3,Detroit
360424117,CHC,CIN,2016-04-24T17:10Z,9,0,Cincinnati
360424115,NYM,ATL,2016-04-24T17:35Z,3,2,Atlanta
360424120,MIN,WSH,2016-04-24T17:35Z,5,6,Washington
360424104,TEX,CHW,2016-04-24T18:10Z,1,4,Chicago
360424108,PHI,MIL,2016-04-24T18:10Z,5,8,Milwaukee
360424107,BAL,KC,2016-04-24T18:15Z,1,6,Kansas City
360424103,SEA,LAA,2016-04-24T19:35Z,9,4,Anaheim
360424126,MIA,SF,2016-04-24T20:05Z,5,4,San Francisco
360424127,LAD,COL,2016-04-24T20:10Z,12,10,Denver
360424129,PIT,ARI,2016-04-24T20:10Z,12,10,Phoenix
360424125,STL,SD,2016-04-24T20:40Z,8,5,San Diego
360424118,BOS,HOU,2016-04-25T00:00Z,7,5,Houston
360425114,CHW,TOR,2016-04-25T23:07Z,7,5,Toronto
360425106,OAK,DET,2016-04-25T23:10Z,3,7,Detroit
360425115,BOS,ATL,2016-04-25T23:10Z,1,0,Atlanta
360425121,CIN,NYM,2016-04-25T23:10Z,3,5,Queens
360425130,BAL,TB,2016-04-25T23:10Z,0,2,St. Petersburg
360425113,NYY,TEX,2016-04-26T00:00Z,3,1,Arlington
360425109,CLE,MIN,2016-04-26T00:10Z,3,4,Minneapolis
360425127,PIT,COL,2016-04-26T00:40Z,6,1,Denver
360425129,STL,ARI,2016-04-26T01:40Z,7,12,Phoenix
360425103,KC,LAA,2016-04-26T02:05Z,1,6,Anaheim
360425112,HOU,SEA,2016-04-26T02:10Z,2,3,Seattle
360425119,MIA,LAD,2016-04-26T02:10Z,3,2,Los Angeles
360425126,SD,SF,2016-04-26T02:15Z,4,5,San Francisco
360426120,PHI,WSH,2016-04-26T23:05Z,4,3,Washington
360426114,CHW,TOR,2016-04-26T23:07Z,10,1,Toronto
360426106,OAK,DET,2016-04-26T23:10Z,5,1,Detroit
360426115,BOS,ATL,2016-04-26T23:10Z,11,4,Atlanta
360426121,CIN,NYM,2016-04-26T23:10Z,3,4,Queens
360426130,BAL,TB,2016-04-26T23:10Z,1,3,St. Petersburg
360426113,NYY,TEX,2016-04-27T00:05Z,1,10,Arlington
360426116,MIL,CHC,2016-04-27T00:05Z,3,4,Chicago
360426109,CLE,MIN,2016-04-27T00:10Z,5,6,Minneapolis
360426127,PIT,COL,2016-04-27T00:40Z,9,4,Denver
360426129,STL,ARI,2016-04-27T01:40Z,8,2,Phoenix
360426103,KC,LAA,2016-04-27T02:05Z,4,9,Anaheim
360426112,HOU,SEA,2016-04-27T02:10Z,1,11,Seattle
360426119,MIA,LAD,2016-04-27T02:10Z,6,3,Los Angeles
360426126,SD,SF,2016-04-27T02:15Z,0,1,San Francisco
360427126,SD,SF,2016-04-27T19:45Z,9,13,San Francisco
360427120,PHI,WSH,2016-04-27T23:05Z,3,0,Washington
360427114,CHW,TOR,2016-04-27T23:07Z,4,0,Toronto
360427102,ATL,BOS,2016-04-27T23:10Z,4,9,Boston
360427106,OAK,DET,2016-04-27T23:10Z,4,9,Detroit
360427121,CIN,NYM,2016-04-27T23:10Z,2,5,Queens
360427130,BAL,TB,2016-04-27T23:10Z,3,1,St. Petersburg
360427113,NYY,TEX,2016-04-28T00:00Z,2,3,Arlington
360427109,CLE,MIN,2016-04-28T00:10Z,6,5,Minneapolis
360427127,PIT,COL,2016-04-28T00:40Z,9,8,Denver
360427129,STL,ARI,2016-04-28T01:40Z,11,4,Phoenix
360427103,KC,LAA,2016-04-28T02:05Z,2,4,Anaheim
360427112,HOU,SEA,2016-04-28T02:10Z,7,4,Seattle
360427119,MIA,LAD,2016-04-28T02:10Z,2,0,Los Angeles
360428106,OAK,DET,2016-04-28T17:10Z,3,7,Detroit
360428116,MIL,CHC,2016-04-28T18:20Z,2,7,Chicago
360428120,PHI,WSH,2016-04-28T20:05Z,3,0,Washington
360428101,CHW,BAL,2016-04-28T23:05Z,2,10,Baltimore
360428102,ATL,BOS,2016-04-28T23:10Z,5,3,Boston
360428129,STL,ARI,2016-04-29T01:40Z,0,3,Phoenix
360428119,MIA,LAD,2016-04-29T02:10Z,5,3,Los Angeles
360429116,ATL,CHC,2016-04-29T18:20Z,1,6,Chicago
360429101,CHW,BAL,2016-04-29T23:05Z,3,6,Baltimore
360429122,CLE,PHI,2016-04-29T23:05Z,3,4,Philadelphia
360429123,CIN,PIT,2016-04-29T23:05Z,1,4,Pittsburgh
360429102,NYY,BOS,2016-04-29T23:10Z,2,4,Boston
360429121,SF,NYM,2016-04-29T23:10Z,1,13,Queens
360429130,TOR,TB,2016-04-29T23:10Z,6,1,St. Petersburg
360429113,LAA,TEX,2016-04-30T00:05Z,2,4,Arlington
360429108,MIA,MIL,2016-04-30T00:10Z,6,3,Milwaukee
360429109,DET,MIN,2016-04-30T00:10Z,9,2,Minneapolis
360429124,WSH,STL,2016-04-30T00:15Z,5,4,St. Louis
360429129,COL,ARI,2016-04-30T01:40Z,9,0,Phoenix
360429111,HOU,OAK,2016-04-30T02:05Z,4,7,Oakland
360429112,KC,SEA,2016-04-30T02:10Z,0,1,Seattle
360429119,SD,LAD,2016-04-30T02:10Z,5,1,Los Angeles
360430109,DET,MIN,2016-04-30T18:10Z,4,1,Minneapolis
360430124,WSH,STL,2016-04-30T18:15Z,6,1,St. Louis
360430111,HOU,OAK,2016-04-30T20:05Z,0,2,Oakland
360430121,SF,NYM,2016-04-30T20:05Z,5,6,Queens
360430130,TOR,TB,2016-04-30T22:10Z,3,4,St. Petersburg
360430101,CHW,BAL,2016-04-30T23:05Z,8,7,Baltimore
360430122,CLE,PHI,2016-04-30T23:05Z,3,4,Philadelphia
360430123,CIN,PIT,2016-04-30T23:05Z,1,5,Pittsburgh
360430102,NYY,BOS,2016-04-30T23:10Z,0,8,Boston
360430108,MIA,MIL,2016-04-30T23:10Z,7,5,Milwaukee
360430113,LAA,TEX,2016-05-01T00:05Z,2,7,Arlington
360430129,COL,ARI,2016-05-01T00:10Z,5,2,Phoenix
360430119,SD,LAD,2016-05-01T01:10Z,5,2,Los Angeles
360430112,KC,SEA,2016-05-01T02:10Z,0,6,Seattle
360501121,SF,NYM,2016-05-01T17:10Z,6,1,Queens
360501130,TOR,TB,2016-05-01T17:10Z,5,1,St. Petersburg
360501101,CHW,BAL,2016-05-01T17:35Z,7,1,Baltimore
360501123,CIN,PIT,2016-05-01T17:35Z,6,5,Pittsburgh
360501108,MIA,MIL,2016-05-01T18:10Z,5,14,Milwaukee
360501109,DET,MIN,2016-05-01T18:10Z,6,5,Minneapolis
360501124,WSH,STL,2016-05-01T18:15Z,6,1,St. Louis
360501116,ATL,CHC,2016-05-01T18:20Z,4,3,Chicago
360501122,CLE,PHI,2016-05-01T18:35Z,1,2,Philadelphia
360501113,LAA,TEX,2016-05-01T19:05Z,9,6,Arlington
360501111,HOU,OAK,2016-05-01T20:05Z,2,1,Oakland
360501112,KC,SEA,2016-05-01T20:10Z,4,1,Seattle
360501119,SD,LAD,2016-05-01T20:10Z,0,1,Los Angeles
360501129,COL,ARI,2016-05-01T20:10Z,6,3,Phoenix
360501102,NYY,BOS,2016-05-02T00:00Z,7,8,Boston
360502123,CHC,PIT,2016-05-02T23:00Z,7,2,Pittsburgh
360502114,TEX,TOR,2016-05-02T23:07Z,2,1,Toronto
360502117,SF,CIN,2016-05-02T23:10Z,9,6,Cincinnati
360502121,ATL,NYM,2016-05-02T23:10Z,1,4,Queens
360502108,LAA,MIL,2016-05-02T23:20Z,5,8,Milwaukee
360502118,MIN,HOU,2016-05-03T00:10Z,6,2,Houston
360502107,WSH,KC,2016-05-03T00:15Z,2,0,Kansas City
360502124,PHI,STL,2016-05-03T00:15Z,3,10,St. Louis
360502111,SEA,OAK,2016-05-03T02:05Z,4,3,Oakland
360502125,COL,SD,2016-05-03T02:10Z,1,2,San Diego
360503105,DET,CLE,2016-05-03T22:10Z,3,7,Cleveland
360503101,NYY,BAL,2016-05-03T23:05Z,1,4,Baltimore
360503123,CHC,PIT,2016-05-03T23:05Z,7,1,Pittsburgh
360503114,TEX,TOR,2016-05-03T23:07Z,1,3,Toronto
360503117,SF,CIN,2016-05-03T23:10Z,3,1,Cincinnati
360503121,ATL,NYM,2016-05-03T23:10Z,3,0,Queens
360503128,ARI,MIA,2016-05-03T23:10Z,4,7,Miami
360503130,LAD,TB,2016-05-03T23:10Z,10,5,St. Petersburg
360503104,BOS,CHW,2016-05-04T00:10Z,1,4,Chicago
360503108,LAA,MIL,2016-05-04T00:10Z,4,5,Milwaukee
360503118,MIN,HOU,2016-05-04T00:10Z,4,6,Houston
360503107,WSH,KC,2016-05-04T00:15Z,6,7,Kansas City
360503124,PHI,STL,2016-05-04T00:15Z,1,0,St. Louis
360503111,SEA,OAK,2016-05-04T02:05Z,8,2,Oakland
360503125,COL,SD,2016-05-04T02:10Z,3,6,San Diego
360504117,SF,CIN,2016-05-04T16:35Z,4,7,Cincinnati
360504123,CHC,PIT,2016-05-04T16:35Z,6,2,Pittsburgh
360504121,ATL,NYM,2016-05-04T17:10Z,0,8,Queens
360504108,LAA,MIL,2016-05-04T17:40Z,7,3,Milwaukee
360504107,WSH,KC,2016-05-04T18:15Z,13,2,Kansas City
360504111,SEA,OAK,2016-05-04T19:35Z,9,8,Oakland
360504125,COL,SD,2016-05-04T19:40Z,2,0,San Diego
360504105,DET,CLE,2016-05-04T22:10Z,0,4,Cleveland
360504101,NYY,BAL,2016-05-04T23:05Z,7,0,Baltimore
360504114,TEX,TOR,2016-05-04T23:07Z,3,4,Toronto
360504128,ARI,MIA,2016-05-04T23:10Z,3,4,Miami
360504130,LAD,TB,2016-05-04T23:10Z,5,8,St. Petersburg
360504104,BOS,CHW,2016-05-05T00:00Z,5,2,Chicago
360504118,MIN,HOU,2016-05-05T00:10Z,4,16,Houston
360504124,PHI,STL,2016-05-05T00:15Z,4,5,St. Louis
360505124,PHI,STL,2016-05-05T17:45Z,0,4,St. Louis
360505105,DET,CLE,2016-05-05T22:10Z,4,9,Cleveland
360505101,NYY,BAL,2016-05-05T23:05Z,0,1,Baltimore
360505114,TEX,TOR,2016-05-05T23:07Z,2,12,Toronto
360505117,MIL,CIN,2016-05-05T23:10Z,5,9,Cincinnati
360505128,ARI,MIA,2016-05-05T23:10Z,0,4,Miami
360505116,WSH,CHC,2016-05-06T00:05Z,2,5,Chicago
360505104,BOS,CHW,2016-05-06T00:10Z,7,3,Chicago
360505118,SEA,HOU,2016-05-06T00:10Z,6,3,Houston
360505125,NYM,SD,2016-05-06T02:10Z,3,5,San Diego
360505126,COL,SF,2016-05-06T02:15Z,17,7,San Francisco
360506116,WSH,CHC,2016-05-06T18:20Z,6,8,Chicago
360506110,BOS,NYY,2016-05-06T23:05Z,2,3,Bronx
360506114,LAD,TOR,2016-05-06T23:07Z,2,5,Toronto
360506105,KC,CLE,2016-05-06T23:10Z,1,7,Cleveland
360506106,TEX,DET,2016-05-06T23:10Z,5,1,Detroit
360506117,MIL,CIN,2016-05-06T23:10Z,1,5,Cincinnati
360506128,PHI,MIA,2016-05-06T23:10Z,4,6,Miami
360506115,ARI,ATL,2016-05-06T23:35Z,7,2,Atlanta
360506104,MIN,CHW,2016-05-07T00:10Z,4,10,Chicago
360506118,SEA,HOU,2016-05-07T00:10Z,3,6,Houston
360506124,PIT,STL,2016-05-07T00:15Z,4,2,St. Louis
360506103,TB,LAA,2016-05-07T02:05Z,5,2,Anaheim
360506126,COL,SF,2016-05-07T02:15Z,4,6,San Francisco
360506125,NYM,SD,2016-05-07T02:40Z,0,2,San Diego
360507110,BOS,NYY,2016-05-07T17:05Z,2,8,Bronx
360507201,OAK,BAL,2016-05-07T17:05Z,8,4,Baltimore
360507114,LAD,TOR,2016-05-07T17:07Z,6,2,Toronto
360507106,TEX,DET,2016-05-07T17:10Z,10,5,Detroit
360507124,PIT,STL,2016-05-07T18:15Z,4,6,St. Louis
360507116,WSH,CHC,2016-05-07T20:05Z,5,8,Chicago
360507126,COL,SF,2016-05-07T20:05Z,1,2,San Francisco
360507105,KC,CLE,2016-05-07T20:10Z,7,0,Cleveland
360507301,OAK,BAL,2016-05-07T23:05Z,2,5,Baltimore
360507104,MIN,CHW,2016-05-07T23:10Z,2,7,Chicago
360507115,ARI,ATL,2016-05-07T23:10Z,4,2,Atlanta
360507117,MIL,CIN,2016-05-07T23:10Z,13,7,Cincinnati
360507118,SEA,HOU,2016-05-07T23:10Z,3,2,Houston
360507128,PHI,MIA,2016-05-07T23:10Z,4,3,Miami
360507125,NYM,SD,2016-05-08T00:40Z,6,3,San Diego
360507103,TB,LAA,2016-05-08T01:05Z,4,2,Anaheim
360508114,LAD,TOR,2016-05-08T17:07Z,4,2,Toronto
360508105,KC,CLE,2016-05-08T17:10Z,4,5,Cleveland
360508106,TEX,DET,2016-05-08T17:10Z,8,3,Detroit
360508117,MIL,CIN,2016-05-08T17:10Z,5,4,Cincinnati
360508128,PHI,MIA,2016-05-08T17:10Z,6,5,Miami
400836427,TEX,DET,2016-05-08T17:10Z,8,3,Detroit
360508101,OAK,BAL,2016-05-08T17:35Z,3,11,Baltimore
360508115,ARI,ATL,2016-05-08T17:35Z,5,3,Atlanta
360508104,MIN,CHW,2016-05-08T18:10Z,1,3,Chicago
360508118,SEA,HOU,2016-05-08T18:10Z,1,5,Houston
360508124,PIT,STL,2016-05-08T18:15Z,10,5,St. Louis
360508116,WSH,CHC,2016-05-08T18:20Z,3,4,Chicago
360508103,TB,LAA,2016-05-08T19:35Z,3,1,Anaheim
360508126,COL,SF,2016-05-08T20:05Z,2,0,San Francisco
360508125,NYM,SD,2016-05-08T20:40Z,4,3,San Diego
360508110,BOS,NYY,2016-05-09T00:00Z,5,1,Bronx
360509120,DET,WSH,2016-05-09T23:00Z,4,5,Washington
360509110,KC,NYY,2016-05-09T23:05Z,3,6,Bronx
360509102,OAK,BOS,2016-05-09T23:10Z,7,14,Boston
360509117,PIT,CIN,2016-05-09T23:10Z,2,3,Cincinnati
360509128,MIL,MIA,2016-05-09T23:10Z,1,4,Miami
360509113,CHW,TEX,2016-05-10T00:05Z,8,4,Arlington
360509118,CLE,HOU,2016-05-10T00:10Z,1,7,Houston
360509127,ARI,COL,2016-05-10T00:40Z,10,5,Denver
360509112,TB,SEA,2016-05-10T02:10Z,2,5,Seattle
360509119,NYM,LAD,2016-05-10T02:10Z,4,2,Los Angeles
360509126,TOR,SF,2016-05-10T02:15Z,3,1,San Francisco
360510110,KC,NYY,2016-05-10T23:05Z,7,10,Bronx
360510120,DET,WSH,2016-05-10T23:05Z,5,4,Washington
360510102,OAK,BOS,2016-05-10T23:10Z,5,13,Boston
360510115,PHI,ATL,2016-05-10T23:10Z,3,2,Atlanta
360510128,MIL,MIA,2016-05-10T23:10Z,10,2,Miami
360510113,CHW,TEX,2016-05-11T00:05Z,11,13,Arlington
360510116,SD,CHC,2016-05-11T00:05Z,7,8,Chicago
360510109,BAL,MIN,2016-05-11T00:10Z,5,3,Minneapolis
360510118,CLE,HOU,2016-05-11T00:10Z,4,0,Houston
360510127,ARI,COL,2016-05-11T00:40Z,5,1,Denver
360510103,STL,LAA,2016-05-11T02:05Z,8,1,Anaheim
360510112,TB,SEA,2016-05-11T02:10Z,4,6,Seattle
360510119,NYM,LAD,2016-05-11T02:10Z,2,3,Los Angeles
360510126,TOR,SF,2016-05-11T02:15Z,4,0,San Francisco
360511216,SD,CHC,2016-05-11T17:05Z,7,4,Chicago
360511109,BAL,MIN,2016-05-11T17:10Z,9,2,Minneapolis
360511113,CHW,TEX,2016-05-11T18:05Z,5,6,Arlington
360511118,CLE,HOU,2016-05-11T18:10Z,3,5,Houston
360511127,ARI,COL,2016-05-11T19:10Z,7,8,Denver
360511112,TB,SEA,2016-05-11T19:40Z,5,6,Seattle
360511126,TOR,SF,2016-05-11T19:45Z,4,5,San Francisco
360511110,KC,NYY,2016-05-11T23:00Z,7,3,Bronx
360511120,DET,WSH,2016-05-11T23:05Z,2,3,Washington
360511102,OAK,BOS,2016-05-11T23:10Z,3,13,Boston
360511115,PHI,ATL,2016-05-11T23:10Z,1,5,Atlanta
360511117,PIT,CIN,2016-05-11T23:10Z,5,4,Cincinnati
360511128,MIL,MIA,2016-05-11T23:10Z,2,3,Miami
360511316,SD,CHC,2016-05-12T00:05Z,1,0,Chicago
360511103,STL,LAA,2016-05-12T02:05Z,5,2,Anaheim
360511119,NYM,LAD,2016-05-12T02:10Z,4,3,Los Angeles
360512101,DET,BAL,2016-05-12T23:05Z,5,7,Baltimore
360512110,KC,NYY,2016-05-12T23:05Z,3,7,Bronx
360512102,HOU,BOS,2016-05-12T23:10Z,1,11,Boston
360512115,PHI,ATL,2016-05-12T23:20Z,7,4,Atlanta
360512108,SD,MIL,2016-05-13T00:10Z,3,0,Milwaukee
360512129,SF,ARI,2016-05-13T01:40Z,4,2,Phoenix
360512103,STL,LAA,2016-05-13T02:05Z,12,10,Anaheim
360512119,NYM,LAD,2016-05-13T02:10Z,0,5,Los Angeles
360513116,PIT,CHC,2016-05-13T18:20Z,4,9,Chicago
360513101,DET,BAL,2016-05-13T23:05Z,0,1,Baltimore
360513110,CHW,NYY,2016-05-13T23:05Z,7,1,Bronx
360513120,MIA,WSH,2016-05-13T23:05Z,3,5,Washington
360513122,CIN,PHI,2016-05-13T23:05Z,2,3,Philadelphia
360513102,HOU,BOS,2016-05-13T23:10Z,7,6,Boston
360513105,MIN,CLE,2016-05-13T23:10Z,6,7,Cleveland
360513130,OAK,TB,2016-05-13T23:10Z,6,3,St. Petersburg
360513113,TOR,TEX,2016-05-14T00:05Z,5,0,Arlington
360513108,SD,MIL,2016-05-14T00:10Z,0,1,Milwaukee
360513107,ATL,KC,2016-05-14T00:15Z,1,5,Kansas City
360513127,NYM,COL,2016-05-14T00:40Z,2,5,Denver
360513129,SF,ARI,2016-05-14T01:40Z,3,1,Phoenix
360513112,LAA,SEA,2016-05-14T02:10Z,7,6,Seattle
360513119,STL,LAD,2016-05-14T02:10Z,4,8,Los Angeles
360514102,HOU,BOS,2016-05-14T17:05Z,5,6,Boston
360514110,CHW,NYY,2016-05-14T17:05Z,1,2,Bronx
360514220,MIA,WSH,2016-05-14T17:05Z,4,6,Washington
360514116,PIT,CHC,2016-05-14T18:20Z,2,8,Chicago
360514105,MIN,CLE,2016-05-14T20:10Z,6,3,Cleveland
360514130,OAK,TB,2016-05-14T22:10Z,0,6,St. Petersburg
360514101,DET,BAL,2016-05-14T23:05Z,3,9,Baltimore
360514122,CIN,PHI,2016-05-14T23:05Z,3,4,Philadelphia
360514320,MIA,WSH,2016-05-14T23:05Z,7,1,Washington
360514108,SD,MIL,2016-05-14T23:10Z,8,7,Milwaukee
400836506,SD,MIL,2016-05-14T23:10Z,8,7,Milwaukee
360514107,ATL,KC,2016-05-14T23:15Z,5,0,Kansas City
360514113,TOR,TEX,2016-05-15T00:05Z,5,6,Arlington
360514127,NYM,COL,2016-05-15T00:10Z,4,7,Denver
360514129,SF,ARI,2016-05-15T00:10Z,5,3,Phoenix
360514112,LAA,SEA,2016-05-15T01:10Z,9,7,Seattle
360514119,STL,LAD,2016-05-15T01:10Z,3,5,Los Angeles
360515110,CHW,NYY,2016-05-15T17:05Z,5,7,Bronx
360515105,MIN,CLE,2016-05-15T17:10Z,5,1,Cleveland
360515130,OAK,TB,2016-05-15T17:10Z,7,6,St. Petersburg
360515101,DET,BAL,2016-05-15T17:35Z,6,5,Baltimore
360515102,HOU,BOS,2016-05-15T17:35Z,9,10,Boston
360515120,MIA,WSH,2016-05-15T17:35Z,5,1,Washington
360515122,CIN,PHI,2016-05-15T17:35Z,9,4,Philadelphia
360515108,SD,MIL,2016-05-15T18:10Z,2,3,Milwaukee
360515107,ATL,KC,2016-05-15T18:15Z,2,4,Kansas City
360515116,PIT,CHC,2016-05-15T18:20Z,2,1,Chicago
360515113,TOR,TEX,2016-05-15T19:05Z,6,7,Arlington
360515112,LAA,SEA,2016-05-15T20:10Z,3,0,Seattle
360515127,NYM,COL,2016-05-15T20:10Z,3,4,Denver
360515129,SF,ARI,2016-05-15T20:10Z,2,1,Phoenix
360515119,STL,LAD,2016-05-16T00:00Z,5,2,Los Angeles
360516105,CIN,CLE,2016-05-16T22:10Z,6,15,Cleveland
360516122,MIA,PHI,2016-05-16T23:05Z,5,3,Philadelphia
360516123,ATL,PIT,2016-05-16T23:05Z,5,8,Pittsburgh
360516114,TB,TOR,2016-05-16T23:07Z,13,2,Toronto
360516106,MIN,DET,2016-05-16T23:10Z,8,10,Detroit
360516129,NYY,ARI,2016-05-17T01:40Z,2,12,Phoenix
360516111,TEX,OAK,2016-05-17T02:05Z,1,3,Oakland
360516119,LAA,LAD,2016-05-17T02:10Z,7,6,Los Angeles
360517105,CIN,CLE,2016-05-17T22:10Z,1,13,Cleveland
360517101,SEA,BAL,2016-05-17T23:05Z,10,0,Baltimore
360517122,MIA,PHI,2016-05-17T23:05Z,1,3,Philadelphia
360517123,ATL,PIT,2016-05-17T23:05Z,9,12,Pittsburgh
360517114,TB,TOR,2016-05-17T23:07Z,12,2,Toronto
360517106,MIN,DET,2016-05-17T23:10Z,2,7,Detroit
360517121,WSH,NYM,2016-05-17T23:10Z,0,2,Queens
360517104,HOU,CHW,2016-05-18T00:10Z,6,5,Chicago
360517108,CHC,MIL,2016-05-18T00:10Z,2,4,Milwaukee
360517107,BOS,KC,2016-05-18T00:15Z,4,8,Kansas City
360517124,COL,STL,2016-05-18T00:15Z,3,1,St. Louis
360517129,NYY,ARI,2016-05-18T01:40Z,3,5,Phoenix
360517111,TEX,OAK,2016-05-18T02:05Z,5,8,Oakland
360517119,LAA,LAD,2016-05-18T02:10Z,1,5,Los Angeles
360517125,SF,SD,2016-05-18T02:10Z,5,1,San Diego
360518122,MIA,PHI,2016-05-18T17:05Z,2,4,Philadelphia
360518106,MIN,DET,2016-05-18T17:10Z,3,6,Detroit
360518207,BOS,KC,2016-05-18T18:15Z,2,3,Kansas City
360518111,TEX,OAK,2016-05-18T19:35Z,1,8,Oakland
360518121,WSH,NYM,2016-05-18T23:00Z,7,1,Queens
360518101,SEA,BAL,2016-05-18T23:05Z,2,5,Baltimore
360518123,ATL,PIT,2016-05-18T23:05Z,3,1,Pittsburgh
360518114,TB,TOR,2016-05-18T23:07Z,6,3,Toronto
360518117,CLE,CIN,2016-05-18T23:10Z,8,7,Cincinnati
360518104,HOU,CHW,2016-05-19T00:10Z,5,3,Chicago
360518108,CHC,MIL,2016-05-19T00:10Z,2,1,Milwaukee
360518124,COL,STL,2016-05-19T00:15Z,0,2,St. Louis
360518307,BOS,KC,2016-05-19T00:15Z,5,2,Kansas City
360518129,NYY,ARI,2016-05-19T01:40Z,4,2,Phoenix
360518103,LAD,LAA,2016-05-19T02:05Z,1,8,Anaheim
360518125,SF,SD,2016-05-19T02:10Z,2,1,San Diego
360519101,SEA,BAL,2016-05-19T16:35Z,7,2,Baltimore
360519108,CHC,MIL,2016-05-19T17:40Z,3,5,Milwaukee
360519123,ATL,PIT,2016-05-19T23:05Z,2,8,Pittsburgh
360519117,CLE,CIN,2016-05-19T23:10Z,7,2,Cincinnati
360519121,WSH,NYM,2016-05-19T23:10Z,9,1,Queens
360519124,COL,STL,2016-05-19T23:15Z,7,13,St. Louis
360519104,HOU,CHW,2016-05-20T00:10Z,1,2,Chicago
360519109,TOR,MIN,2016-05-20T00:10Z,3,2,Minneapolis
360519125,SF,SD,2016-05-20T01:10Z,3,1,San Diego
360519103,LAD,LAA,2016-05-20T02:05Z,4,7,Anaheim
360519111,NYY,OAK,2016-05-20T02:05Z,4,1,Oakland
360520122,ATL,PHI,2016-05-20T23:05Z,7,1,Philadelphia
360520123,COL,PIT,2016-05-20T23:05Z,1,2,Pittsburgh
360520102,CLE,BOS,2016-05-20T23:10Z,4,2,Boston
360520106,TB,DET,2016-05-20T23:10Z,7,5,Detroit
360520117,SEA,CIN,2016-05-20T23:10Z,8,3,Cincinnati
360520121,MIL,NYM,2016-05-20T23:10Z,2,3,Queens
360520128,WSH,MIA,2016-05-20T23:10Z,4,1,Miami
360520104,KC,CHW,2016-05-21T00:10Z,4,1,Chicago
360520109,TOR,MIN,2016-05-21T00:10Z,9,3,Minneapolis
360520118,TEX,HOU,2016-05-21T00:10Z,2,1,Houston
360520124,ARI,STL,2016-05-21T00:15Z,11,7,St. Louis
360520111,NYY,OAK,2016-05-21T01:35Z,8,3,Oakland
360520103,BAL,LAA,2016-05-21T02:05Z,9,4,Anaheim
360520126,CHC,SF,2016-05-21T02:15Z,8,1,San Francisco
360520125,LAD,SD,2016-05-21T02:40Z,6,7,San Diego
360521104,KC,CHW,2016-05-21T18:10Z,2,1,Chicago
360521109,TOR,MIN,2016-05-21T18:10Z,3,5,Minneapolis
360521122,ATL,PHI,2016-05-21T19:05Z,2,0,Philadelphia
360521102,CLE,BOS,2016-05-21T20:05Z,1,9,Boston
360521111,NYY,OAK,2016-05-21T20:05Z,5,1,Oakland
360521123,COL,PIT,2016-05-21T20:05Z,5,1,Pittsburgh
360521124,ARI,STL,2016-05-21T20:05Z,2,6,St. Louis
360521106,TB,DET,2016-05-21T20:10Z,4,5,Detroit
360521117,SEA,CIN,2016-05-21T20:10Z,4,0,Cincinnati
360521121,MIL,NYM,2016-05-21T20:10Z,4,5,Queens
360521118,TEX,HOU,2016-05-21T23:15Z,2,1,Houston
360521126,CHC,SF,2016-05-21T23:15Z,3,5,San Francisco
360521128,WSH,MIA,2016-05-21T23:15Z,2,3,Miami
360521103,BAL,LAA,2016-05-22T02:05Z,3,1,Anaheim
360521125,LAD,SD,2016-05-22T02:10Z,2,3,San Diego
360522106,TB,DET,2016-05-22T17:10Z,4,9,Detroit
360522117,SEA,CIN,2016-05-22T17:10Z,5,4,Cincinnati
360522121,MIL,NYM,2016-05-22T17:10Z,1,3,Queens
360522128,WSH,MIA,2016-05-22T17:10Z,8,2,Miami
360522102,CLE,BOS,2016-05-22T17:35Z,2,5,Boston
360522122,ATL,PHI,2016-05-22T17:35Z,0,5,Philadelphia
360522104,KC,CHW,2016-05-22T18:10Z,2,3,Chicago
360522109,TOR,MIN,2016-05-22T18:10Z,3,1,Minneapolis
360522118,TEX,HOU,2016-05-22T18:10Z,9,2,Houston
360522124,ARI,STL,2016-05-22T18:15Z,7,2,St. Louis
360522103,BAL,LAA,2016-05-22T19:35Z,2,10,Anaheim
360522111,NYY,OAK,2016-05-22T20:05Z,5,4,Oakland
360522125,LAD,SD,2016-05-22T20:40Z,9,5,San Diego
360522126,CHC,SF,2016-05-23T00:00Z,0,1,San Francisco
360523123,COL,PIT,2016-05-23T16:35Z,3,6,Pittsburgh
360523204,CLE,CHW,2016-05-23T21:10Z,6,7,Chicago
360523106,PHI,DET,2016-05-23T23:10Z,4,5,Detroit
360523128,TB,MIA,2016-05-23T23:10Z,6,7,Miami
360523113,LAA,TEX,2016-05-24T00:05Z,2,0,Arlington
360523109,KC,MIN,2016-05-24T00:10Z,10,4,Minneapolis
360523120,NYM,WSH,2016-05-24T00:10Z,7,1,Washington
360523124,CHC,STL,2016-05-24T00:15Z,3,4,St. Louis
360523304,CLE,CHW,2016-05-24T01:00Z,5,1,Chicago
360523112,OAK,SEA,2016-05-24T02:10Z,5,0,Seattle
360523119,CIN,LAD,2016-05-24T02:10Z,0,1,Los Angeles
360523126,SD,SF,2016-05-24T02:15Z,0,1,San Francisco
360524128,TB,MIA,2016-05-24T16:10Z,4,3,Miami
360524124,CHC,STL,2016-05-24T23:00Z,12,3,St. Louis
360524110,TOR,NYY,2016-05-24T23:05Z,0,6,Bronx
360524120,NYM,WSH,2016-05-24T23:05Z,4,7,Washington
360524123,ARI,PIT,2016-05-24T23:05Z,1,12,Pittsburgh
360524102,COL,BOS,2016-05-24T23:10Z,3,8,Boston
360524106,PHI,DET,2016-05-24T23:10Z,1,3,Detroit
360524115,MIL,ATL,2016-05-24T23:10Z,2,1,Atlanta
360524113,LAA,TEX,2016-05-25T00:05Z,1,4,Arlington
360524104,CLE,CHW,2016-05-25T00:10Z,6,2,Chicago
360524109,KC,MIN,2016-05-25T00:10Z,7,4,Minneapolis
360524118,BAL,HOU,2016-05-25T00:10Z,2,3,Houston
360524126,SD,SF,2016-05-25T02:00Z,2,8,San Francisco
360524112,OAK,SEA,2016-05-25T02:10Z,5,6,Seattle
360524119,CIN,LAD,2016-05-25T02:10Z,2,8,Los Angeles
360525120,NYM,WSH,2016-05-25T17:05Z,2,0,Washington
360525106,PHI,DET,2016-05-25T17:10Z,8,5,Detroit
360525109,KC,MIN,2016-05-25T17:10Z,5,7,Minneapolis
360525124,CHC,STL,2016-05-25T17:45Z,9,8,St. Louis
360525113,LAA,TEX,2016-05-25T18:05Z,9,15,Arlington
360525104,CLE,CHW,2016-05-25T18:10Z,4,3,Chicago
360525126,SD,SF,2016-05-25T19:45Z,3,4,San Francisco
360525110,TOR,NYY,2016-05-25T23:05Z,8,4,Bronx
360525123,ARI,PIT,2016-05-25T23:05Z,4,5,Pittsburgh
360525102,COL,BOS,2016-05-25T23:10Z,3,10,Boston
360525115,MIL,ATL,2016-05-25T23:10Z,3,2,Atlanta
360525130,MIA,TB,2016-05-25T23:10Z,4,3,St. Petersburg
360525118,BAL,HOU,2016-05-26T00:10Z,3,4,Houston
360525112,OAK,SEA,2016-05-26T02:10Z,3,13,Seattle
360525119,CIN,LAD,2016-05-26T02:10Z,1,3,Los Angeles
360526123,ARI,PIT,2016-05-26T16:35Z,3,8,Pittsburgh
360526130,MIA,TB,2016-05-26T17:10Z,9,1,St. Petersburg
360526110,TOR,NYY,2016-05-26T20:05Z,3,1,Bronx
360526120,STL,WSH,2016-05-26T23:05Z,1,2,Washington
360526102,COL,BOS,2016-05-26T23:10Z,8,2,Boston
360526115,MIL,ATL,2016-05-26T23:10Z,6,2,Atlanta
360526118,BAL,HOU,2016-05-27T00:10Z,2,4,Houston
360527116,PHI,CHC,2016-05-27T18:20Z,2,6,Chicago
360527120,STL,WSH,2016-05-27T23:05Z,6,2,Washington
360527114,BOS,TOR,2016-05-27T23:07Z,5,7,Toronto
360527105,BAL,CLE,2016-05-27T23:10Z,6,4,Cleveland
360527121,LAD,NYM,2016-05-27T23:10Z,5,6,Queens
360527130,NYY,TB,2016-05-27T23:10Z,4,1,St. Petersburg
360527115,MIA,ATL,2016-05-27T23:35Z,2,4,Atlanta
360527113,PIT,TEX,2016-05-28T00:05Z,9,1,Arlington
360527108,CIN,MIL,2016-05-28T00:10Z,5,9,Milwaukee
360527107,CHW,KC,2016-05-28T00:15Z,5,7,Kansas City
360527127,SF,COL,2016-05-28T00:40Z,2,5,Denver
360527129,SD,ARI,2016-05-28T01:40Z,10,3,Phoenix
360527103,HOU,LAA,2016-05-28T02:05Z,2,7,Anaheim
360527111,DET,OAK,2016-05-28T02:05Z,4,1,Oakland
360527112,MIN,SEA,2016-05-28T02:10Z,7,2,Seattle
360528114,BOS,TOR,2016-05-28T17:07Z,9,10,Toronto
360528107,CHW,KC,2016-05-28T18:15Z,7,8,Kansas City
360528116,PHI,CHC,2016-05-28T18:20Z,1,4,Chicago
360528111,DET,OAK,2016-05-28T20:05Z,3,12,Oakland
360528105,BAL,CLE,2016-05-28T20:10Z,4,11,Cleveland
360528108,CIN,MIL,2016-05-28T20:10Z,7,6,Milwaukee
360528115,MIA,ATL,2016-05-28T20:10Z,2,7,Atlanta
360528127,SF,COL,2016-05-28T20:10Z,10,5,Denver
360528130,NYY,TB,2016-05-28T20:10Z,5,9,St. Petersburg
360528113,PIT,TEX,2016-05-28T23:15Z,2,5,Arlington
360528120,STL,WSH,2016-05-28T23:15Z,9,4,Washington
360528121,LAD,NYM,2016-05-28T23:15Z,9,1,Queens
360528103,HOU,LAA,2016-05-29T02:05Z,4,2,Anaheim
360528112,MIN,SEA,2016-05-29T02:10Z,6,5,Seattle
360528129,SD,ARI,2016-05-29T02:10Z,7,8,Phoenix
360529114,BOS,TOR,2016-05-29T17:07Z,5,3,Toronto
360529105,BAL,CLE,2016-05-29T17:10Z,6,4,Cleveland
360529130,NYY,TB,2016-05-29T17:10Z,2,1,St. Petersburg
360529120,STL,WSH,2016-05-29T17:35Z,2,10,Washington
360529108,CIN,MIL,2016-05-29T18:10Z,4,5,Milwaukee
360529107,CHW,KC,2016-05-29T18:15Z,4,5,Kansas City
360529116,PHI,CHC,2016-05-29T18:20Z,2,7,Chicago
360529113,PIT,TEX,2016-05-29T19:05Z,2,6,Arlington
360529103,HOU,LAA,2016-05-29T19:35Z,8,6,Anaheim
360529111,DET,OAK,2016-05-29T20:05Z,2,4,Oakland
360529112,MIN,SEA,2016-05-29T20:10Z,5,4,Seattle
360529127,SF,COL,2016-05-29T20:10Z,8,3,Denver
360529129,SD,ARI,2016-05-29T20:10Z,3,6,Phoenix
360529115,MIA,ATL,2016-05-29T21:05Z,7,3,Atlanta
360529121,LAD,NYM,2016-05-30T00:00Z,4,2,Queens
360530121,CHW,NYM,2016-05-30T17:00Z,0,1,Queens
360530115,SF,ATL,2016-05-30T17:10Z,3,5,Atlanta
360530101,BOS,BAL,2016-05-30T17:35Z,7,2,Baltimore
360530108,STL,MIL,2016-05-30T18:10Z,6,0,Milwaukee
360530111,MIN,OAK,2016-05-30T20:00Z,2,3,Oakland
360530112,SD,SEA,2016-05-30T20:10Z,3,9,Seattle
360530127,CIN,COL,2016-05-30T20:10Z,11,8,Denver
360530129,HOU,ARI,2016-05-30T20:10Z,8,3,Phoenix
360530116,LAD,CHC,2016-05-30T21:05Z,0,2,Chicago
360530105,TEX,CLE,2016-05-30T22:10Z,9,2,Cleveland
360530122,WSH,PHI,2016-05-30T23:05Z,4,3,Philadelphia
360530114,NYY,TOR,2016-05-30T23:07Z,2,4,Toronto
360530128,PIT,MIA,2016-05-30T23:10Z,10,0,Miami
360530107,TB,KC,2016-05-31T00:15Z,2,6,Kansas City
360530103,DET,LAA,2016-05-31T01:05Z,1,5,Anaheim
360531112,SD,SEA,2016-05-31T19:40Z,4,16,Seattle
360531129,HOU,ARI,2016-05-31T19:40Z,8,5,Phoenix
360531105,TEX,CLE,2016-05-31T22:10Z,7,3,Cleveland
360531101,BOS,BAL,2016-05-31T23:05Z,6,2,Baltimore
360531122,WSH,PHI,2016-05-31T23:05Z,5,1,Philadelphia
360531114,NYY,TOR,2016-05-31T23:07Z,1,4,Toronto
360531115,SF,ATL,2016-05-31T23:10Z,4,0,Atlanta
360531121,CHW,NYM,2016-05-31T23:10Z,6,4,Queens
360531128,PIT,MIA,2016-05-31T23:10Z,1,3,Miami
360531108,STL,MIL,2016-06-01T00:10Z,10,3,Milwaukee
360531107,TB,KC,2016-06-01T00:15Z,5,10,Kansas City
360531116,LAD,CHC,2016-06-01T00:30Z,5,0,Chicago
360531127,CIN,COL,2016-06-01T00:40Z,4,17,Denver
360531103,DET,LAA,2016-06-01T02:05Z,9,11,Anaheim
360531111,MIN,OAK,2016-06-01T02:05Z,4,7,Oakland
360601121,CHW,NYM,2016-06-01T17:10Z,2,1,Queens
360601108,STL,MIL,2016-06-01T17:40Z,1,3,Milwaukee
360601111,MIN,OAK,2016-06-01T19:35Z,1,5,Oakland
360601105,TEX,CLE,2016-06-01T22:10Z,4,5,Cleveland
360601101,BOS,BAL,2016-06-01T23:05Z,9,13,Baltimore
360601103,DET,LAA,2016-06-01T23:05Z,3,0,Anaheim
360601122,WSH,PHI,2016-06-01T23:05Z,7,2,Philadelphia
360601114,NYY,TOR,2016-06-01T23:07Z,0,7,Toronto
360601115,SF,ATL,2016-06-01T23:10Z,4,5,Atlanta
360601128,PIT,MIA,2016-06-01T23:10Z,2,3,Miami
360601116,LAD,CHC,2016-06-02T00:00Z,1,2,Chicago
360601118,ARI,HOU,2016-06-02T00:10Z,4,5,Houston
360601107,TB,KC,2016-06-02T00:15Z,3,6,Kansas City
360601127,CIN,COL,2016-06-02T00:40Z,7,2,Denver
360601125,SEA,SD,2016-06-02T02:10Z,6,14,San Diego
360602115,SF,ATL,2016-06-02T16:10Z,6,0,Atlanta
360602118,ARI,HOU,2016-06-02T18:10Z,3,0,Houston
360602116,LAD,CHC,2016-06-02T18:20Z,2,7,Chicago
360602101,BOS,BAL,2016-06-02T23:05Z,7,12,Baltimore
360602122,MIL,PHI,2016-06-02T23:05Z,4,1,Philadelphia
360602105,KC,CLE,2016-06-02T23:10Z,4,5,Cleveland
360602128,PIT,MIA,2016-06-02T23:10Z,3,4,Miami
360602106,NYY,DET,2016-06-02T23:40Z,5,4,Detroit
360602109,TB,MIN,2016-06-03T00:10Z,4,6,Minneapolis
360602127,CIN,COL,2016-06-03T00:40Z,11,4,Denver
360602125,SEA,SD,2016-06-03T01:10Z,16,13,San Diego
360603116,ARI,CHC,2016-06-03T18:20Z,0,6,Chicago
360603101,NYY,BAL,2016-06-03T23:05Z,5,6,Baltimore
360603122,MIL,PHI,2016-06-03T23:05Z,3,6,Philadelphia
360603123,LAA,PIT,2016-06-03T23:05Z,9,2,Pittsburgh
360603102,TOR,BOS,2016-06-03T23:10Z,5,2,Boston
360603105,KC,CLE,2016-06-03T23:10Z,1,6,Cleveland
360603106,CHW,DET,2016-06-03T23:10Z,3,10,Detroit
360603117,WSH,CIN,2016-06-03T23:10Z,2,7,Cincinnati
360603128,NYM,MIA,2016-06-03T23:10Z,6,2,Miami
360603113,SEA,TEX,2016-06-04T00:05Z,3,7,Arlington
360603109,TB,MIN,2016-06-04T00:10Z,4,2,Minneapolis
360603118,OAK,HOU,2016-06-04T00:10Z,2,12,Houston
360603124,SF,STL,2016-06-04T00:15Z,5,1,St. Louis
360603119,ATL,LAD,2016-06-04T02:10Z,2,4,Los Angeles
360603125,COL,SD,2016-06-04T02:40Z,0,4,San Diego
360604116,ARI,CHC,2016-06-04T18:20Z,3,5,Chicago
360604122,MIL,PHI,2016-06-04T19:05Z,6,3,Philadelphia
360604102,TOR,BOS,2016-06-04T20:05Z,4,6,Boston
360604123,LAA,PIT,2016-06-04T20:05Z,7,8,Pittsburgh
360604106,CHW,DET,2016-06-04T20:10Z,4,7,Detroit
360604109,TB,MIN,2016-06-04T20:10Z,7,4,Minneapolis
360604117,WSH,CIN,2016-06-04T20:10Z,3,6,Cincinnati
360604118,OAK,HOU,2016-06-04T20:10Z,5,6,Houston
360604128,NYM,MIA,2016-06-04T20:10Z,6,4,Miami
360604101,NYY,BAL,2016-06-04T23:15Z,8,6,Baltimore
360604105,KC,CLE,2016-06-04T23:15Z,1,7,Cleveland
360604124,SF,STL,2016-06-04T23:15Z,4,7,St. Louis
360604113,SEA,TEX,2016-06-05T01:05Z,4,10,Arlington
360604119,ATL,LAD,2016-06-05T02:10Z,0,4,Los Angeles
360604125,COL,SD,2016-06-05T02:10Z,3,4,San Diego
360605105,KC,CLE,2016-06-05T17:10Z,0,7,Cleveland
360605106,CHW,DET,2016-06-05T17:10Z,2,5,Detroit
360605117,WSH,CIN,2016-06-05T17:10Z,10,9,Cincinnati
360605128,NYM,MIA,2016-06-05T17:10Z,0,1,Miami
360605101,NYY,BAL,2016-06-05T17:35Z,1,3,Baltimore
360605102,TOR,BOS,2016-06-05T17:35Z,5,4,Boston
360605122,MIL,PHI,2016-06-05T17:35Z,1,8,Philadelphia
360605123,LAA,PIT,2016-06-05T17:35Z,5,4,Pittsburgh
360605109,TB,MIN,2016-06-05T18:10Z,7,5,Minneapolis
360605118,OAK,HOU,2016-06-05T18:10Z,2,5,Houston
360605116,ARI,CHC,2016-06-05T18:20Z,3,2,Chicago
360605113,SEA,TEX,2016-06-05T19:05Z,2,3,Arlington
360605119,ATL,LAD,2016-06-05T20:10Z,6,12,Los Angeles
360605124,SF,STL,2016-06-06T00:00Z,3,6,St. Louis
360605125,COL,SD,2016-06-06T01:10Z,10,3,San Diego
360606122,CHC,PHI,2016-06-06T23:00Z,6,4,Philadelphia
360606101,KC,BAL,2016-06-06T23:05Z,1,4,Baltimore
360606110,LAA,NYY,2016-06-06T23:05Z,2,5,Bronx
360606106,TOR,DET,2016-06-06T23:10Z,0,11,Detroit
360606113,HOU,TEX,2016-06-07T00:05Z,5,6,Arlington
360606129,TB,ARI,2016-06-07T01:40Z,6,4,Phoenix
360606112,CLE,SEA,2016-06-07T02:10Z,3,1,Seattle
360606119,COL,LAD,2016-06-07T02:10Z,6,1,Los Angeles
360606125,ATL,SD,2016-06-07T02:10Z,2,7,San Diego
360607223,NYM,PIT,2016-06-07T20:05Z,1,3,Pittsburgh
360607101,KC,BAL,2016-06-07T23:05Z,1,9,Baltimore
360607110,LAA,NYY,2016-06-07T23:05Z,3,6,Bronx
360607122,CHC,PHI,2016-06-07T23:05Z,2,3,Philadelphia
360607106,TOR,DET,2016-06-07T23:10Z,2,3,Detroit
360607117,STL,CIN,2016-06-07T23:10Z,6,7,Cincinnati
360607323,NYM,PIT,2016-06-07T23:20Z,1,3,Pittsburgh
360607113,HOU,TEX,2016-06-08T00:05Z,3,4,Arlington
360607104,WSH,CHW,2016-06-08T00:10Z,10,5,Chicago
360607108,OAK,MIL,2016-06-08T00:10Z,4,5,Milwaukee
360607109,MIA,MIN,2016-06-08T00:10Z,4,6,Minneapolis
360607129,TB,ARI,2016-06-08T01:40Z,0,5,Phoenix
360607112,CLE,SEA,2016-06-08T02:10Z,1,7,Seattle
360607119,COL,LAD,2016-06-08T02:10Z,3,4,Los Angeles
360607125,ATL,SD,2016-06-08T02:10Z,3,4,San Diego
360607126,BOS,SF,2016-06-08T02:15Z,5,3,San Francisco
360608122,CHC,PHI,2016-06-08T17:05Z,8,1,Philadelphia
360608106,TOR,DET,2016-06-08T17:10Z,7,2,Detroit
360608125,ATL,SD,2016-06-08T19:40Z,4,2,San Diego
360608129,TB,ARI,2016-06-08T19:40Z,6,3,Phoenix
360608101,KC,BAL,2016-06-08T23:05Z,0,4,Baltimore
360608110,LAA,NYY,2016-06-08T23:05Z,6,12,Bronx
360608123,NYM,PIT,2016-06-08T23:05Z,6,5,Pittsburgh
360608117,STL,CIN,2016-06-08T23:10Z,12,7,Cincinnati
360608113,HOU,TEX,2016-06-09T00:05Z,3,1,Arlington
360608104,WSH,CHW,2016-06-09T00:10Z,11,4,Chicago
360608108,OAK,MIL,2016-06-09T00:10Z,0,4,Milwaukee
360608109,MIA,MIN,2016-06-09T00:10Z,5,7,Minneapolis
360608112,CLE,SEA,2016-06-09T02:10Z,0,5,Seattle
360608119,COL,LAD,2016-06-09T02:10Z,1,0,Los Angeles
360608126,BOS,SF,2016-06-09T02:15Z,1,2,San Francisco
360609113,HOU,TEX,2016-06-09T18:05Z,3,5,Arlington
360609127,PIT,COL,2016-06-09T21:10Z,5,11,Denver
360609110,LAA,NYY,2016-06-09T23:05Z,3,6,Bronx
360609114,BAL,TOR,2016-06-09T23:07Z,6,5,Toronto
360609117,STL,CIN,2016-06-09T23:10Z,3,2,Cincinnati
360609104,WSH,CHW,2016-06-10T00:10Z,1,3,Chicago
360609108,NYM,MIL,2016-06-10T00:10Z,5,2,Milwaukee
360609109,MIA,MIN,2016-06-10T00:10Z,10,3,Minneapolis
360609112,CLE,SEA,2016-06-10T02:10Z,5,3,Seattle
360610110,DET,NYY,2016-06-10T23:05Z,0,4,Bronx
360610120,PHI,WSH,2016-06-10T23:05Z,6,9,Washington
360610123,STL,PIT,2016-06-10T23:05Z,9,3,Pittsburgh
360610114,BAL,TOR,2016-06-10T23:07Z,3,4,Toronto
360610117,OAK,CIN,2016-06-10T23:10Z,1,2,Cincinnati
360610130,HOU,TB,2016-06-10T23:10Z,3,4,St. Petersburg
360610115,CHC,ATL,2016-06-10T23:35Z,1,5,Atlanta
360610104,KC,CHW,2016-06-11T00:10Z,5,7,Chicago
360610108,NYM,MIL,2016-06-11T00:10Z,2,1,Milwaukee
360610109,BOS,MIN,2016-06-11T00:10Z,8,1,Minneapolis
360610127,SD,COL,2016-06-11T00:40Z,7,5,Denver
360610129,MIA,ARI,2016-06-11T01:40Z,8,6,Phoenix
360610103,CLE,LAA,2016-06-11T02:05Z,6,2,Anaheim
360610112,TEX,SEA,2016-06-11T02:10Z,5,7,Seattle
360610126,LAD,SF,2016-06-11T02:15Z,3,2,San Francisco
360611120,PHI,WSH,2016-06-11T16:05Z,0,8,Washington
360611114,BAL,TOR,2016-06-11T17:07Z,6,11,Toronto
360611104,KC,CHW,2016-06-11T18:10Z,4,1,Chicago
360611109,BOS,MIN,2016-06-11T18:10Z,15,4,Minneapolis
360611108,NYM,MIL,2016-06-11T20:10Z,4,7,Milwaukee
360611115,CHC,ATL,2016-06-11T20:10Z,8,2,Atlanta
360611117,OAK,CIN,2016-06-11T20:10Z,1,2,Cincinnati
360611127,SD,COL,2016-06-11T20:10Z,3,5,Denver
360611130,HOU,TB,2016-06-11T20:10Z,4,3,St. Petersburg
360611110,DET,NYY,2016-06-11T23:15Z,6,1,Bronx
360611123,STL,PIT,2016-06-11T23:15Z,5,1,Pittsburgh
360611126,LAD,SF,2016-06-11T23:15Z,4,5,San Francisco
360611103,CLE,LAA,2016-06-12T02:05Z,3,4,Anaheim
360611112,TEX,SEA,2016-06-12T02:10Z,2,1,Seattle
360611129,MIA,ARI,2016-06-12T02:10Z,3,5,Phoenix
360612114,BAL,TOR,2016-06-12T17:07Z,9,10,Toronto
360612117,OAK,CIN,2016-06-12T17:10Z,6,1,Cincinnati
360612130,HOU,TB,2016-06-12T17:10Z,0,5,St. Petersburg
360612115,CHC,ATL,2016-06-12T17:35Z,13,2,Atlanta
360612110,DET,NYY,2016-06-12T18:05Z,4,1,Bronx
360612104,KC,CHW,2016-06-12T18:10Z,3,1,Chicago
360612108,NYM,MIL,2016-06-12T18:10Z,3,5,Milwaukee
360612109,BOS,MIN,2016-06-12T18:10Z,4,7,Minneapolis
360612103,CLE,LAA,2016-06-12T19:35Z,8,3,Anaheim
360612120,PHI,WSH,2016-06-12T20:05Z,4,5,Washington
360612112,TEX,SEA,2016-06-12T20:10Z,6,4,Seattle
360612127,SD,COL,2016-06-12T20:10Z,1,2,Denver
360612129,MIA,ARI,2016-06-12T20:10Z,0,6,Phoenix
360612123,STL,PIT,2016-06-12T21:00Z,8,3,Pittsburgh
360612126,LAD,SF,2016-06-13T00:30Z,1,2,San Francisco
360613120,CHC,WSH,2016-06-13T23:00Z,1,4,Washington
360613114,PHI,TOR,2016-06-13T23:07Z,7,0,Toronto
360613115,CIN,ATL,2016-06-13T23:10Z,9,8,Atlanta
360613104,DET,CHW,2016-06-14T00:10Z,9,10,Chicago
360613107,CLE,KC,2016-06-14T00:15Z,1,2,Kansas City
360613129,LAD,ARI,2016-06-14T01:40Z,2,3,Phoenix
360613103,MIN,LAA,2016-06-14T02:05Z,9,4,Anaheim
360613111,TEX,OAK,2016-06-14T02:05Z,5,14,Oakland
360613125,MIA,SD,2016-06-14T02:10Z,13,4,San Diego
360613126,MIL,SF,2016-06-14T02:15Z,5,11,San Francisco
360614114,PHI,TOR,2016-06-14T16:37Z,3,11,Toronto
360614120,CHC,WSH,2016-06-14T23:05Z,4,3,Washington
360614102,BAL,BOS,2016-06-14T23:10Z,3,2,Boston
360614115,CIN,ATL,2016-06-14T23:10Z,3,1,Atlanta
360614121,PIT,NYM,2016-06-14T23:10Z,4,0,Queens
360614130,SEA,TB,2016-06-14T23:10Z,7,8,St. Petersburg
360614104,DET,CHW,2016-06-15T00:10Z,11,8,Chicago
360614107,CLE,KC,2016-06-15T00:15Z,2,3,Kansas City
360614124,HOU,STL,2016-06-15T00:15Z,5,2,St. Louis
360614127,NYY,COL,2016-06-15T00:40Z,10,13,Denver
360614129,LAD,ARI,2016-06-15T01:40Z,7,4,Phoenix
360614103,MIN,LAA,2016-06-15T02:05Z,4,5,Anaheim
360614111,TEX,OAK,2016-06-15T02:05Z,10,6,Oakland
360614125,MIA,SD,2016-06-15T02:10Z,5,2,San Diego
360614126,MIL,SF,2016-06-15T02:15Z,2,3,San Francisco
360615127,NYY,COL,2016-06-15T19:10Z,3,6,Denver
360615125,MIA,SD,2016-06-15T19:40Z,3,6,San Diego
360615129,LAD,ARI,2016-06-15T19:40Z,3,2,Phoenix
360615126,MIL,SF,2016-06-15T19:45Z,1,10,San Francisco
360615120,CHC,WSH,2016-06-15T20:05Z,4,5,Washington
360615102,BAL,BOS,2016-06-15T23:00Z,4,6,Boston
360615122,TOR,PHI,2016-06-15T23:05Z,7,2,Philadelphia
360615115,CIN,ATL,2016-06-15T23:10Z,8,9,Atlanta
360615121,PIT,NYM,2016-06-15T23:10Z,2,11,Queens
360615130,SEA,TB,2016-06-15T23:10Z,2,3,St. Petersburg
360615124,HOU,STL,2016-06-15T23:15Z,4,1,St. Louis
360615104,DET,CHW,2016-06-16T00:10Z,3,5,Chicago
360615107,CLE,KC,2016-06-16T00:15Z,4,9,Kansas City
360615103,MIN,LAA,2016-06-16T02:05Z,2,10,Anaheim
360615111,TEX,OAK,2016-06-16T02:05Z,7,5,Oakland
360616115,CIN,ATL,2016-06-16T16:10Z,2,7,Atlanta
360616130,SEA,TB,2016-06-16T17:10Z,6,4,St. Petersburg
360616111,TEX,OAK,2016-06-16T19:35Z,5,1,Oakland
360616122,TOR,PHI,2016-06-16T23:05Z,13,2,Philadelphia
360616102,BAL,BOS,2016-06-16T23:10Z,5,1,Boston
360616121,PIT,NYM,2016-06-16T23:10Z,4,6,Queens
360616109,NYY,MIN,2016-06-17T00:10Z,4,1,Minneapolis
360616107,DET,KC,2016-06-17T00:15Z,10,4,Kansas City
360616119,MIL,LAD,2016-06-17T02:10Z,8,6,Los Angeles
360616125,WSH,SD,2016-06-17T02:10Z,8,5,San Diego
360617116,PIT,CHC,2016-06-17T18:20Z,0,6,Chicago
360617101,TOR,BAL,2016-06-17T23:05Z,13,3,Baltimore
360617122,ARI,PHI,2016-06-17T23:05Z,10,2,Philadelphia
360617102,SEA,BOS,2016-06-17T23:10Z,8,4,Boston
360617105,CHW,CLE,2016-06-17T23:10Z,2,3,Cleveland
360617121,ATL,NYM,2016-06-17T23:10Z,5,1,Queens
360617128,COL,MIA,2016-06-17T23:10Z,1,5,Miami
360617130,SF,TB,2016-06-17T23:10Z,5,1,St. Petersburg
400836967,SF,TB,2016-06-17T23:10Z,5,1,St. Petersburg
360617109,NYY,MIN,2016-06-18T00:10Z,8,2,Minneapolis
360617118,CIN,HOU,2016-06-18T00:10Z,4,2,Houston
360617107,DET,KC,2016-06-18T00:15Z,3,10,Kansas City
360617124,TEX,STL,2016-06-18T00:15Z,1,0,St. Louis
360617111,LAA,OAK,2016-06-18T01:35Z,2,3,Oakland
360617119,MIL,LAD,2016-06-18T02:10Z,2,3,Los Angeles
360617125,WSH,SD,2016-06-18T02:40Z,7,5,San Diego
360618109,NYY,MIN,2016-06-18T18:10Z,7,6,Minneapolis
360618122,ARI,PHI,2016-06-18T19:05Z,4,1,Philadelphia
360618101,TOR,BAL,2016-06-18T20:05Z,2,4,Baltimore
360618102,SEA,BOS,2016-06-18T20:05Z,2,6,Boston
360618111,LAA,OAK,2016-06-18T20:05Z,7,1,Oakland
360618118,CIN,HOU,2016-06-18T20:10Z,4,5,Houston
360618128,COL,MIA,2016-06-18T20:10Z,6,9,Miami
360618130,SF,TB,2016-06-18T20:10Z,6,4,St. Petersburg
360618124,TEX,STL,2016-06-18T20:15Z,4,3,St. Louis
360618105,CHW,CLE,2016-06-18T22:10Z,2,13,Cleveland
360618107,DET,KC,2016-06-19T00:15Z,5,16,Kansas City
360618116,PIT,CHC,2016-06-19T00:15Z,3,4,Chicago
360618121,ATL,NYM,2016-06-19T00:15Z,4,3,Queens
360618119,MIL,LAD,2016-06-19T02:10Z,6,10,Los Angeles
360618125,WSH,SD,2016-06-19T02:10Z,3,7,San Diego
360619105,CHW,CLE,2016-06-19T17:10Z,2,3,Cleveland
360619121,ATL,NYM,2016-06-19T17:10Z,6,0,Queens
360619128,COL,MIA,2016-06-19T17:10Z,0,3,Miami
360619130,SF,TB,2016-06-19T17:10Z,5,1,St. Petersburg
360619101,TOR,BAL,2016-06-19T17:35Z,6,11,Baltimore
360619102,SEA,BOS,2016-06-19T17:35Z,1,2,Boston
360619122,ARI,PHI,2016-06-19T17:35Z,5,1,Philadelphia
360619109,NYY,MIN,2016-06-19T18:10Z,4,7,Minneapolis
360619118,CIN,HOU,2016-06-19T18:10Z,0,6,Houston
360619107,DET,KC,2016-06-19T18:15Z,1,2,Kansas City
360619124,TEX,STL,2016-06-19T18:15Z,5,4,St. Louis
360619111,LAA,OAK,2016-06-19T20:05Z,2,0,Oakland
360619119,MIL,LAD,2016-06-19T20:10Z,1,2,Los Angeles
360619125,WSH,SD,2016-06-19T20:40Z,3,6,San Diego
360619116,PIT,CHC,2016-06-20T00:00Z,5,10,Chicago
360620122,ARI,PHI,2016-06-20T17:05Z,3,1,Philadelphia
360620123,SF,PIT,2016-06-20T23:05Z,0,1,Pittsburgh
360620102,CHW,BOS,2016-06-20T23:10Z,3,1,Boston
360620105,TB,CLE,2016-06-20T23:10Z,4,7,Cleveland
360620106,SEA,DET,2016-06-20T23:10Z,7,8,Detroit
360620128,COL,MIA,2016-06-20T23:10Z,5,3,Miami
360620113,BAL,TEX,2016-06-21T00:05Z,3,4,Arlington
360620116,STL,CHC,2016-06-21T00:05Z,3,2,Chicago
360620118,LAA,HOU,2016-06-21T00:10Z,7,10,Houston
360620119,WSH,LAD,2016-06-21T02:00Z,1,4,Los Angeles
360621101,SD,BAL,2016-06-21T23:05Z,10,7,Baltimore
360621110,COL,NYY,2016-06-21T23:05Z,8,4,Bronx
360621123,SF,PIT,2016-06-21T23:05Z,15,4,Pittsburgh
360621114,ARI,TOR,2016-06-21T23:07Z,4,2,Toronto
360621102,CHW,BOS,2016-06-21T23:10Z,3,1,Boston
360621105,TB,CLE,2016-06-21T23:10Z,0,6,Cleveland
360621106,SEA,DET,2016-06-21T23:10Z,2,4,Detroit
360621121,KC,NYM,2016-06-21T23:10Z,1,2,Queens
360621128,ATL,MIA,2016-06-21T23:10Z,3,2,Miami
360621113,CIN,TEX,2016-06-22T00:05Z,8,2,Arlington
360621116,STL,CHC,2016-06-22T00:05Z,4,3,Chicago
360621109,PHI,MIN,2016-06-22T00:10Z,10,14,Minneapolis
360621118,LAA,HOU,2016-06-22T00:10Z,2,3,Houston
360621111,MIL,OAK,2016-06-22T02:05Z,3,5,Oakland
360621119,WSH,LAD,2016-06-22T02:10Z,2,3,Los Angeles
360622128,ATL,MIA,2016-06-22T16:10Z,0,3,Miami
360622110,COL,NYY,2016-06-22T17:05Z,8,9,Bronx
360622121,KC,NYM,2016-06-22T17:10Z,3,4,Queens
360622118,LAA,HOU,2016-06-22T18:10Z,2,3,Houston
360622116,STL,CHC,2016-06-22T18:20Z,7,2,Chicago
360622111,MIL,OAK,2016-06-22T19:35Z,4,2,Oakland
360622114,ARI,TOR,2016-06-22T20:07Z,2,5,Toronto
360622101,SD,BAL,2016-06-22T23:05Z,2,7,Baltimore
360622123,SF,PIT,2016-06-22T23:05Z,7,6,Pittsburgh
360622102,CHW,BOS,2016-06-22T23:10Z,8,6,Boston
360622105,TB,CLE,2016-06-22T23:10Z,1,6,Cleveland
360622106,SEA,DET,2016-06-22T23:10Z,1,5,Detroit
360622113,CIN,TEX,2016-06-23T00:05Z,4,6,Arlington
360622109,PHI,MIN,2016-06-23T00:10Z,5,6,Minneapolis
360622119,WSH,LAD,2016-06-23T02:00Z,3,4,Los Angeles
360623123,SF,PIT,2016-06-23T16:35Z,5,3,Pittsburgh
360623106,SEA,DET,2016-06-23T17:10Z,4,5,Detroit
360623109,PHI,MIN,2016-06-23T17:10Z,7,3,Minneapolis
360623102,CHW,BOS,2016-06-23T17:35Z,7,8,Boston
360623115,NYM,ATL,2016-06-23T23:10Z,3,4,Atlanta
360623117,SD,CIN,2016-06-23T23:10Z,7,4,Cincinnati
360623128,CHC,MIA,2016-06-23T23:10Z,2,4,Miami
360623127,ARI,COL,2016-06-24T00:40Z,7,6,Denver
360623103,OAK,LAA,2016-06-24T02:05Z,5,4,Anaheim
360624101,TB,BAL,2016-06-24T23:05Z,3,6,Baltimore
360624110,MIN,NYY,2016-06-24T23:05Z,3,5,Bronx
360624123,LAD,PIT,2016-06-24T23:05Z,6,8,Pittsburgh
360624106,CLE,DET,2016-06-24T23:10Z,7,5,Detroit
360624117,SD,CIN,2016-06-24T23:10Z,13,4,Cincinnati
360624128,CHC,MIA,2016-06-24T23:10Z,5,4,Miami
360624115,NYM,ATL,2016-06-24T23:35Z,8,6,Atlanta
360624113,BOS,TEX,2016-06-25T00:05Z,8,7,Arlington
360624104,TOR,CHW,2016-06-25T00:10Z,2,3,Chicago
360624108,WSH,MIL,2016-06-25T00:10Z,3,5,Milwaukee
360624107,HOU,KC,2016-06-25T00:15Z,13,4,Kansas City
360624127,ARI,COL,2016-06-25T00:40Z,10,9,Denver
360624103,OAK,LAA,2016-06-25T02:05Z,7,4,Anaheim
360624112,STL,SEA,2016-06-25T02:10Z,3,4,Seattle
360624126,PHI,SF,2016-06-25T02:15Z,4,5,San Francisco
360625110,MIN,NYY,2016-06-25T17:05Z,1,2,Bronx
360625201,TB,BAL,2016-06-25T17:05Z,0,5,Baltimore
360625104,TOR,CHW,2016-06-25T18:10Z,10,8,Chicago
360625106,CLE,DET,2016-06-25T20:10Z,6,0,Detroit
360625108,WSH,MIL,2016-06-25T20:10Z,5,6,Milwaukee
360625117,SD,CIN,2016-06-25T20:10Z,3,0,Cincinnati
360625127,ARI,COL,2016-06-25T20:10Z,6,11,Denver
360625128,CHC,MIA,2016-06-25T20:10Z,6,9,Miami
360625301,TB,BAL,2016-06-25T23:05Z,6,8,Baltimore
360625107,HOU,KC,2016-06-25T23:15Z,13,5,Kansas City
360625115,NYM,ATL,2016-06-25T23:15Z,1,0,Atlanta
360625123,LAD,PIT,2016-06-25T23:15Z,1,6,Pittsburgh
360625113,BOS,TEX,2016-06-26T01:20Z,3,10,Arlington
360625103,OAK,LAA,2016-06-26T02:05Z,7,3,Anaheim
360625126,PHI,SF,2016-06-26T02:05Z,3,2,San Francisco
360625112,STL,SEA,2016-06-26T02:10Z,4,5,Seattle
360626110,MIN,NYY,2016-06-26T17:05Z,7,1,Bronx
360626106,CLE,DET,2016-06-26T17:10Z,9,3,Detroit
360626117,SD,CIN,2016-06-26T17:10Z,0,3,Cincinnati
360626128,CHC,MIA,2016-06-26T17:10Z,1,6,Miami
360626101,TB,BAL,2016-06-26T17:35Z,5,12,Baltimore
360626115,NYM,ATL,2016-06-26T17:35Z,2,5,Atlanta
360626104,TOR,CHW,2016-06-26T18:10Z,2,5,Chicago
360626108,WSH,MIL,2016-06-26T18:10Z,3,2,Milwaukee
360626107,HOU,KC,2016-06-26T18:15Z,1,6,Kansas City
360626113,BOS,TEX,2016-06-26T19:05Z,2,6,Arlington
360626103,OAK,LAA,2016-06-26T19:35Z,6,7,Anaheim
360626126,PHI,SF,2016-06-26T20:05Z,7,8,San Francisco
360626112,STL,SEA,2016-06-26T20:10Z,11,6,Seattle
360626127,ARI,COL,2016-06-26T20:10Z,7,9,Denver
360626123,LAD,PIT,2016-06-27T00:00Z,3,4,Pittsburgh
360627123,LAD,PIT,2016-06-27T16:35Z,5,4,Pittsburgh
360627110,TEX,NYY,2016-06-27T23:05Z,9,6,Bronx
360627120,NYM,WSH,2016-06-27T23:05Z,4,11,Washington
360627115,CLE,ATL,2016-06-27T23:10Z,8,3,Atlanta
360627117,CHC,CIN,2016-06-27T23:10Z,11,8,Cincinnati
360627130,BOS,TB,2016-06-27T23:10Z,7,13,St. Petersburg
360627107,STL,KC,2016-06-28T00:15Z,2,6,Kansas City
360627127,TOR,COL,2016-06-28T00:40Z,5,9,Denver
360627129,PHI,ARI,2016-06-28T01:40Z,8,0,Phoenix
360627103,HOU,LAA,2016-06-28T02:00Z,4,2,Anaheim
360627126,OAK,SF,2016-06-28T02:15Z,8,3,San Francisco
360628110,TEX,NYY,2016-06-28T23:05Z,7,1,Bronx
360628120,NYM,WSH,2016-06-28T23:05Z,0,5,Washington
360628106,MIA,DET,2016-06-28T23:10Z,5,7,Detroit
360628115,CLE,ATL,2016-06-28T23:10Z,5,3,Atlanta
360628117,CHC,CIN,2016-06-28T23:10Z,7,2,Cincinnati
360628130,BOS,TB,2016-06-28T23:10Z,8,2,St. Petersburg
360628104,MIN,CHW,2016-06-29T00:10Z,4,0,Chicago
360628108,LAD,MIL,2016-06-29T00:10Z,6,5,Milwaukee
360628107,STL,KC,2016-06-29T00:15Z,8,4,Kansas City
360628127,TOR,COL,2016-06-29T00:40Z,14,9,Denver
360628129,PHI,ARI,2016-06-29T01:40Z,4,3,Phoenix
360628103,HOU,LAA,2016-06-29T02:05Z,7,1,Anaheim
360628112,PIT,SEA,2016-06-29T02:10Z,2,5,Seattle
360628125,BAL,SD,2016-06-29T02:10Z,11,7,San Diego
360628126,OAK,SF,2016-06-29T02:15Z,13,11,San Francisco
360629130,BOS,TB,2016-06-29T16:10Z,0,4,St. Petersburg
360629117,CHC,CIN,2016-06-29T16:35Z,9,2,Cincinnati
360629106,MIA,DET,2016-06-29T17:10Z,3,10,Detroit
360629127,TOR,COL,2016-06-29T19:10Z,5,3,Denver
360629103,HOU,LAA,2016-06-29T19:35Z,10,4,Anaheim
360629125,BAL,SD,2016-06-29T19:40Z,12,6,San Diego
360629129,PHI,ARI,2016-06-29T19:40Z,9,8,Phoenix
360629120,NYM,WSH,2016-06-29T23:00Z,2,4,Washington
360629110,TEX,NYY,2016-06-29T23:05Z,7,9,Bronx
360629115,CLE,ATL,2016-06-29T23:10Z,3,0,Atlanta
360629104,MIN,CHW,2016-06-30T00:10Z,6,9,Chicago
360629108,LAD,MIL,2016-06-30T00:10Z,0,7,Milwaukee
360629124,KC,STL,2016-06-30T00:15Z,3,2,St. Louis
360629111,SF,OAK,2016-06-30T02:05Z,1,7,Oakland
360629112,PIT,SEA,2016-06-30T02:10Z,8,1,Seattle
360630110,TEX,NYY,2016-06-30T17:05Z,1,2,Bronx
360630104,MIN,CHW,2016-06-30T18:10Z,5,6,Chicago
360630108,LAD,MIL,2016-06-30T18:10Z,8,1,Milwaukee
360630120,CIN,WSH,2016-06-30T23:05Z,4,13,Washington
360630114,CLE,TOR,2016-06-30T23:07Z,4,1,Toronto
360630115,MIA,ATL,2016-06-30T23:10Z,5,8,Atlanta
360630121,CHC,NYM,2016-06-30T23:10Z,3,4,Queens
360630130,DET,TB,2016-06-30T23:10Z,10,7,St. Petersburg
360630124,KC,STL,2016-06-30T23:15Z,4,2,St. Louis
360630111,SF,OAK,2016-07-01T02:05Z,12,6,Oakland
360630112,BAL,SEA,2016-07-01T02:10Z,3,5,Seattle
360701114,CLE,TOR,2016-07-01T17:07Z,2,1,Toronto
360701120,CIN,WSH,2016-07-01T22:05Z,2,3,Washington
360701122,KC,PHI,2016-07-01T23:05Z,3,4,Philadelphia
360701102,LAA,BOS,2016-07-01T23:10Z,4,5,Boston
360701121,CHC,NYM,2016-07-01T23:10Z,2,10,Queens
360701130,DET,TB,2016-07-01T23:10Z,10,2,St. Petersburg
360701115,MIA,ATL,2016-07-01T23:35Z,7,5,Atlanta
360701109,TEX,MIN,2016-07-02T00:10Z,3,2,Minneapolis
360701118,CHW,HOU,2016-07-02T00:10Z,0,5,Houston
360701124,MIL,STL,2016-07-02T00:15Z,1,7,St. Louis
360701129,SF,ARI,2016-07-02T01:40Z,6,4,Phoenix
360701111,PIT,OAK,2016-07-02T02:05Z,7,3,Oakland
360701112,BAL,SEA,2016-07-02T02:10Z,2,5,Seattle
360701119,COL,LAD,2016-07-02T02:10Z,0,5,Los Angeles
360701125,NYY,SD,2016-07-02T02:40Z,6,7,San Diego
360702114,CLE,TOR,2016-07-02T17:07Z,6,9,Toronto
360702109,TEX,MIN,2016-07-02T18:10Z,5,17,Minneapolis
360702124,MIL,STL,2016-07-02T18:15Z,0,3,St. Louis
360702115,MIA,ATL,2016-07-02T20:10Z,1,9,Atlanta
360702118,CHW,HOU,2016-07-02T20:10Z,7,6,Houston
360702130,DET,TB,2016-07-02T20:10Z,3,2,St. Petersburg
360702122,KC,PHI,2016-07-02T21:50Z,6,2,Philadelphia
360702102,LAA,BOS,2016-07-02T23:15Z,21,2,Boston
360702120,CIN,WSH,2016-07-02T23:15Z,9,4,Washington
360702121,CHC,NYM,2016-07-02T23:15Z,3,4,Queens
360702111,PIT,OAK,2016-07-03T02:05Z,4,2,Oakland
360702112,BAL,SEA,2016-07-03T02:10Z,6,12,Seattle
360702119,COL,LAD,2016-07-03T02:10Z,1,6,Los Angeles
360702125,NYY,SD,2016-07-03T02:10Z,1,2,San Diego
360702129,SF,ARI,2016-07-03T02:10Z,5,6,Phoenix
360703114,CLE,TOR,2016-07-03T17:07Z,1,17,Toronto
360703121,CHC,NYM,2016-07-03T17:10Z,3,14,Queens
360703130,DET,TB,2016-07-03T17:10Z,5,1,St. Petersburg
360703102,LAA,BOS,2016-07-03T17:35Z,5,10,Boston
360703120,CIN,WSH,2016-07-03T17:35Z,1,12,Washington
360703122,KC,PHI,2016-07-03T17:35Z,2,7,Philadelphia
360703109,TEX,MIN,2016-07-03T18:10Z,4,5,Minneapolis
360703118,CHW,HOU,2016-07-03T18:10Z,4,1,Houston
360703124,MIL,STL,2016-07-03T18:15Z,8,9,St. Louis
360703111,PIT,OAK,2016-07-03T20:05Z,6,3,Oakland
360703112,BAL,SEA,2016-07-03T20:10Z,4,9,Seattle
360703119,COL,LAD,2016-07-03T20:10Z,1,4,Los Angeles
360703129,SF,ARI,2016-07-03T20:10Z,5,4,Phoenix
360703125,NYY,SD,2016-07-03T20:40Z,6,3,San Diego
360703115,MIA,ATL,2016-07-04T00:00Z,5,2,Cumberland
360704120,MIL,WSH,2016-07-04T15:05Z,1,0,Washington
360704130,LAA,TB,2016-07-04T17:10Z,2,4,St. Petersburg
360704102,TEX,BOS,2016-07-04T17:35Z,5,12,Boston
360704104,NYY,CHW,2016-07-04T18:10Z,2,8,Chicago
360704109,OAK,MIN,2016-07-04T18:10Z,3,1,Minneapolis
360704118,SEA,HOU,2016-07-04T18:10Z,1,2,Houston
360704124,PIT,STL,2016-07-04T18:15Z,4,2,St. Louis
360704116,CIN,CHC,2016-07-04T18:20Z,4,10,Chicago
360704126,COL,SF,2016-07-04T20:00Z,1,3,San Francisco
360704122,ATL,PHI,2016-07-04T20:05Z,2,8,Philadelphia
360704121,MIA,NYM,2016-07-04T20:10Z,6,8,Queens
360704105,DET,CLE,2016-07-04T23:00Z,3,5,Cleveland
360704114,KC,TOR,2016-07-04T23:07Z,2,6,Toronto
360704119,BAL,LAD,2016-07-05T01:10Z,5,7,Los Angeles
360704129,SD,ARI,2016-07-05T01:10Z,8,4,Phoenix
360705116,CIN,CHC,2016-07-05T18:20Z,9,5,Chicago
360705120,MIL,WSH,2016-07-05T23:05Z,5,2,Washington
360705122,ATL,PHI,2016-07-05T23:05Z,1,5,Philadelphia
360705114,KC,TOR,2016-07-05T23:07Z,3,8,Toronto
360705102,TEX,BOS,2016-07-05T23:10Z,7,2,Boston
360705105,DET,CLE,2016-07-05T23:10Z,1,12,Cleveland
360705121,MIA,NYM,2016-07-05T23:10Z,5,2,Queens
360705130,LAA,TB,2016-07-05T23:10Z,13,5,St. Petersburg
360705124,PIT,STL,2016-07-06T00:00Z,5,2,St. Louis
360705104,NYY,CHW,2016-07-06T00:10Z,9,0,Chicago
360705109,OAK,MIN,2016-07-06T00:10Z,4,11,Minneapolis
360705118,SEA,HOU,2016-07-06T00:10Z,2,5,Houston
360705129,SD,ARI,2016-07-06T01:40Z,5,7,Phoenix
360705119,BAL,LAD,2016-07-06T02:10Z,4,1,Los Angeles
360705126,COL,SF,2016-07-06T02:15Z,7,3,San Francisco
360706105,DET,CLE,2016-07-06T16:10Z,12,2,Cleveland
360706122,ATL,PHI,2016-07-06T17:05Z,3,4,Philadelphia
360706109,OAK,MIN,2016-07-06T17:10Z,0,4,Minneapolis
360706121,MIA,NYM,2016-07-06T17:10Z,2,4,Queens
360706116,CIN,CHC,2016-07-06T18:20Z,5,3,Chicago
360706119,BAL,LAD,2016-07-06T19:10Z,6,4,Los Angeles
360706120,MIL,WSH,2016-07-06T20:05Z,4,7,Washington
360706102,TEX,BOS,2016-07-06T23:00Z,6,11,Boston
360706114,KC,TOR,2016-07-06T23:07Z,2,4,Toronto
360706130,LAA,TB,2016-07-06T23:10Z,7,2,St. Petersburg
360706104,NYY,CHW,2016-07-07T00:10Z,0,5,Chicago
360706118,SEA,HOU,2016-07-07T00:10Z,8,9,Houston
360706124,PIT,STL,2016-07-07T00:15Z,7,5,St. Louis
360706129,SD,ARI,2016-07-07T01:40Z,13,6,Phoenix
360706126,COL,SF,2016-07-07T02:15Z,1,5,San Francisco
360707130,LAA,TB,2016-07-07T16:10Z,5,1,St. Petersburg
360707124,PIT,STL,2016-07-07T17:45Z,1,5,St. Louis
360707114,DET,TOR,2016-07-07T23:07Z,4,5,Toronto
360707105,NYY,CLE,2016-07-07T23:10Z,5,4,Cleveland
360707121,WSH,NYM,2016-07-07T23:10Z,7,9,Queens
360707113,MIN,TEX,2016-07-08T00:05Z,10,1,Arlington
360707116,ATL,CHC,2016-07-08T00:05Z,4,3,Chicago
360707118,OAK,HOU,2016-07-08T00:10Z,3,1,Houston
360707107,SEA,KC,2016-07-08T00:15Z,3,4,Kansas City
360707127,PHI,COL,2016-07-08T00:40Z,2,11,Denver
360707119,SD,LAD,2016-07-08T02:10Z,6,0,Los Angeles
360708101,LAA,BAL,2016-07-08T23:05Z,9,5,Baltimore
360708123,CHC,PIT,2016-07-08T23:05Z,4,8,Pittsburgh
360708114,DET,TOR,2016-07-08T23:07Z,0,6,Toronto
360708102,TB,BOS,2016-07-08T23:10Z,5,6,Boston
360708105,NYY,CLE,2016-07-08T23:10Z,2,10,Cleveland
360708121,WSH,NYM,2016-07-08T23:10Z,3,1,Queens
360708128,CIN,MIA,2016-07-08T23:10Z,1,3,Miami
360708113,MIN,TEX,2016-07-09T00:05Z,5,6,Arlington
360708104,ATL,CHW,2016-07-09T00:10Z,11,8,Chicago
360708108,STL,MIL,2016-07-09T00:10Z,3,4,Milwaukee
360708118,OAK,HOU,2016-07-09T00:10Z,9,10,Houston
360708127,PHI,COL,2016-07-09T00:10Z,5,3,Denver
360708107,SEA,KC,2016-07-09T00:15Z,3,2,Kansas City
360708119,SD,LAD,2016-07-09T02:10Z,6,10,Los Angeles
360708126,ARI,SF,2016-07-09T02:15Z,2,6,San Francisco
360709114,DET,TOR,2016-07-09T17:07Z,3,2,Toronto
360709104,ATL,CHW,2016-07-09T18:10Z,4,5,Chicago
360709108,STL,MIL,2016-07-09T18:10Z,8,1,Milwaukee
360709101,LAA,BAL,2016-07-09T20:05Z,2,3,Baltimore
360709102,TB,BOS,2016-07-09T20:05Z,1,4,Boston
360709126,ARI,SF,2016-07-09T20:05Z,2,4,San Francisco
360709105,NYY,CLE,2016-07-09T20:10Z,7,6,Cleveland
360709118,OAK,HOU,2016-07-09T20:10Z,3,2,Houston
360709128,CIN,MIA,2016-07-09T20:10Z,2,4,Miami
360709107,SEA,KC,2016-07-09T20:15Z,3,5,Kansas City
360709119,SD,LAD,2016-07-09T23:15Z,3,4,Los Angeles
360709121,WSH,NYM,2016-07-09T23:15Z,6,1,Queens
360709123,CHC,PIT,2016-07-09T23:15Z,6,12,Pittsburgh
360709127,PHI,COL,2016-07-10T00:40Z,3,8,Denver
360709113,MIN,TEX,2016-07-10T02:15Z,8,6,Arlington
360710114,DET,TOR,2016-07-10T17:07Z,1,6,Toronto
360710105,NYY,CLE,2016-07-10T17:10Z,11,7,Cleveland
360710121,WSH,NYM,2016-07-10T17:10Z,3,2,Queens
360710128,CIN,MIA,2016-07-10T17:10Z,3,7,Miami
360710101,LAA,BAL,2016-07-10T17:35Z,2,4,Baltimore
360710102,TB,BOS,2016-07-10T17:35Z,0,4,Boston
360710123,CHC,PIT,2016-07-10T17:35Z,6,5,Pittsburgh
360710104,ATL,CHW,2016-07-10T18:10Z,2,0,Chicago
360710108,STL,MIL,2016-07-10T18:10Z,5,1,Milwaukee
360710118,OAK,HOU,2016-07-10T18:10Z,1,2,Houston
360710107,SEA,KC,2016-07-10T18:15Z,8,5,Kansas City
360710113,MIN,TEX,2016-07-10T19:05Z,15,5,Arlington
360710119,SD,LAD,2016-07-10T20:10Z,1,3,Los Angeles
360710127,PHI,COL,2016-07-10T20:10Z,10,3,Denver
360710126,ARI,SF,2016-07-11T00:00Z,0,4,San Francisco
360712132,NL,AL,2016-07-13T00:00Z,2,4,San Diego
360715116,TEX,CHC,2016-07-15T18:20Z,0,6,Chicago
360715110,BOS,NYY,2016-07-15T23:05Z,5,3,Bronx
360715120,PIT,WSH,2016-07-15T23:05Z,1,5,Washington
360715122,NYM,PHI,2016-07-15T23:05Z,5,3,Philadelphia
360715106,KC,DET,2016-07-15T23:10Z,2,4,Detroit
360715117,MIL,CIN,2016-07-15T23:10Z,4,5,Cincinnati
360715130,BAL,TB,2016-07-15T23:10Z,4,3,St. Petersburg
360715115,COL,ATL,2016-07-15T23:35Z,11,2,Atlanta
360715109,CLE,MIN,2016-07-16T00:10Z,5,2,Minneapolis
360715124,MIA,STL,2016-07-16T00:15Z,7,6,St. Louis
360715129,LAD,ARI,2016-07-16T01:40Z,13,7,Phoenix
360715103,CHW,LAA,2016-07-16T02:05Z,0,7,Anaheim
360715111,TOR,OAK,2016-07-16T02:05Z,7,8,Oakland
360715112,HOU,SEA,2016-07-16T02:10Z,7,3,Seattle
360715125,SF,SD,2016-07-16T02:40Z,1,4,San Diego
360716116,TEX,CHC,2016-07-16T18:20Z,1,3,Chicago
360716110,BOS,NYY,2016-07-16T20:05Z,5,2,Bronx
360716111,TOR,OAK,2016-07-16T20:05Z,4,5,Oakland
360716112,HOU,SEA,2016-07-16T20:10Z,0,1,Seattle
360716130,BAL,TB,2016-07-16T22:10Z,2,1,St. Petersburg
360716122,NYM,PHI,2016-07-16T23:05Z,2,4,Philadelphia
360716106,KC,DET,2016-07-16T23:10Z,8,4,Detroit
360716109,CLE,MIN,2016-07-16T23:10Z,4,5,Minneapolis
360716115,COL,ATL,2016-07-16T23:10Z,4,3,Atlanta
360716117,MIL,CIN,2016-07-16T23:10Z,9,1,Cincinnati
360716124,MIA,STL,2016-07-16T23:15Z,0,5,St. Louis
360716129,LAD,ARI,2016-07-17T00:10Z,1,2,Phoenix
360716120,PIT,WSH,2016-07-17T00:15Z,0,6,Washington
360716125,SF,SD,2016-07-17T00:40Z,6,7,San Diego
360716103,CHW,LAA,2016-07-17T01:05Z,0,1,Anaheim
360717106,KC,DET,2016-07-17T17:10Z,2,4,Detroit
360717117,MIL,CIN,2016-07-17T17:10Z,0,1,Cincinnati
360717130,BAL,TB,2016-07-17T17:10Z,2,5,St. Petersburg
360717115,COL,ATL,2016-07-17T17:35Z,0,1,Atlanta
360717120,PIT,WSH,2016-07-17T17:35Z,2,1,Washington
360717122,NYM,PHI,2016-07-17T17:35Z,5,0,Philadelphia
360717109,CLE,MIN,2016-07-17T18:10Z,6,1,Minneapolis
360717124,MIA,STL,2016-07-17T18:15Z,6,3,St. Louis
360717116,TEX,CHC,2016-07-17T18:20Z,4,1,Chicago
360717103,CHW,LAA,2016-07-17T19:35Z,1,8,Anaheim
360717111,TOR,OAK,2016-07-17T20:05Z,5,3,Oakland
360717112,HOU,SEA,2016-07-17T20:10Z,8,1,Seattle
360717129,LAD,ARI,2016-07-17T20:10Z,5,6,Phoenix
360717125,SF,SD,2016-07-17T20:40Z,3,5,San Diego
360717110,BOS,NYY,2016-07-18T00:00Z,1,3,Bronx
360718116,NYM,CHC,2016-07-18T23:00Z,1,5,Chicago
360718110,BAL,NYY,2016-07-18T23:05Z,1,2,Bronx
360718122,MIA,PHI,2016-07-18T23:05Z,3,2,Philadelphia
360718106,MIN,DET,2016-07-18T23:10Z,0,1,Detroit
360718117,ATL,CIN,2016-07-18T23:10Z,2,8,Cincinnati
360718107,CLE,KC,2016-07-19T00:15Z,3,7,Kansas City
360718124,SD,STL,2016-07-19T00:15Z,2,10,St. Louis
360718127,TB,COL,2016-07-19T00:40Z,4,7,Denver
360718103,TEX,LAA,2016-07-19T02:05Z,5,9,Anaheim
360718111,HOU,OAK,2016-07-19T02:05Z,4,7,Oakland
360718112,CHW,SEA,2016-07-19T02:10Z,3,4,Seattle
360719116,NYM,CHC,2016-07-19T23:00Z,2,1,Chicago
360719110,BAL,NYY,2016-07-19T23:05Z,1,7,Bronx
360719120,LAD,WSH,2016-07-19T23:05Z,8,4,Washington
360719122,MIA,PHI,2016-07-19T23:05Z,2,1,Philadelphia
360719123,MIL,PIT,2016-07-19T23:05Z,2,3,Pittsburgh
360719102,SF,BOS,2016-07-19T23:10Z,0,4,Boston
360719106,MIN,DET,2016-07-19T23:10Z,6,2,Detroit
360719117,ATL,CIN,2016-07-19T23:10Z,5,4,Cincinnati
360719107,CLE,KC,2016-07-20T00:15Z,7,3,Kansas City
360719127,TB,COL,2016-07-20T00:40Z,10,1,Denver
360719129,TOR,ARI,2016-07-20T01:40Z,5,1,Phoenix
360719103,TEX,LAA,2016-07-20T02:05Z,6,8,Anaheim
360719111,HOU,OAK,2016-07-20T02:05Z,3,4,Oakland
360719112,CHW,SEA,2016-07-20T02:10Z,6,1,Seattle
360720117,ATL,CIN,2016-07-20T16:35Z,3,6,Cincinnati
360720106,MIN,DET,2016-07-20T17:10Z,4,1,Detroit
360720116,NYM,CHC,2016-07-20T18:00Z,2,6,Chicago
360720107,CLE,KC,2016-07-20T18:15Z,11,4,Kansas City
360720224,SD,STL,2016-07-20T18:15Z,2,4,St. Louis
360720127,TB,COL,2016-07-20T19:10Z,11,3,Denver
360720111,HOU,OAK,2016-07-20T19:35Z,7,0,Oakland
360720112,CHW,SEA,2016-07-20T19:40Z,5,6,Seattle
360720129,TOR,ARI,2016-07-20T19:40Z,10,4,Phoenix
360720102,SF,BOS,2016-07-20T23:00Z,7,11,Boston
360720110,BAL,NYY,2016-07-20T23:05Z,0,5,Bronx
360720120,LAD,WSH,2016-07-20T23:05Z,1,8,Washington
360720122,MIA,PHI,2016-07-20T23:05Z,1,4,Philadelphia
360720123,MIL,PIT,2016-07-20T23:05Z,9,5,Pittsburgh
360720324,SD,STL,2016-07-21T00:15Z,2,3,St. Louis
360720103,TEX,LAA,2016-07-21T02:05Z,4,7,Anaheim
360721120,LAD,WSH,2016-07-21T16:05Z,6,3,Washington
360721110,BAL,NYY,2016-07-21T17:05Z,4,1,Bronx
360721122,MIA,PHI,2016-07-21T23:05Z,9,3,Philadelphia
360721123,MIL,PIT,2016-07-21T23:05Z,3,5,Pittsburgh
360721102,MIN,BOS,2016-07-21T23:10Z,2,13,Boston
360721124,SD,STL,2016-07-21T23:15Z,5,6,St. Louis
360721104,DET,CHW,2016-07-22T00:10Z,2,1,Chicago
360721127,ATL,COL,2016-07-22T00:40Z,3,7,Denver
360721111,TB,OAK,2016-07-22T02:05Z,7,3,Oakland
360722101,CLE,BAL,2016-07-22T23:05Z,1,5,Baltimore
360722110,SF,NYY,2016-07-22T23:05Z,2,3,Bronx
360722120,SD,WSH,2016-07-22T23:05Z,5,3,Washington
360722123,PHI,PIT,2016-07-22T23:05Z,4,0,Pittsburgh
360722114,SEA,TOR,2016-07-22T23:07Z,2,1,Toronto
360722102,MIN,BOS,2016-07-22T23:10Z,2,1,Boston
360722117,ARI,CIN,2016-07-22T23:10Z,2,6,Cincinnati
360722128,NYM,MIA,2016-07-22T23:10Z,5,3,Miami
360722104,DET,CHW,2016-07-23T00:10Z,7,5,Chicago
360722108,CHC,MIL,2016-07-23T00:10Z,5,2,Milwaukee
360722118,LAA,HOU,2016-07-23T00:10Z,1,2,Houston
360722107,TEX,KC,2016-07-23T00:15Z,1,3,Kansas City
360722124,LAD,STL,2016-07-23T00:15Z,3,4,St. Louis
360722127,ATL,COL,2016-07-23T00:40Z,3,4,Denver
360722111,TB,OAK,2016-07-23T02:05Z,0,1,Oakland
360723114,SEA,TOR,2016-07-23T17:07Z,14,5,Toronto
360723110,SF,NYY,2016-07-23T20:05Z,2,1,Bronx
360723123,PHI,PIT,2016-07-23T20:05Z,4,7,Pittsburgh
360723101,CLE,BAL,2016-07-23T23:05Z,2,5,Baltimore
360723120,SD,WSH,2016-07-23T23:05Z,2,3,Washington
360723102,MIN,BOS,2016-07-23T23:10Z,11,9,Boston
360723104,DET,CHW,2016-07-23T23:10Z,3,4,Chicago
360723108,CHC,MIL,2016-07-23T23:10Z,1,6,Milwaukee
360723117,ARI,CIN,2016-07-23T23:10Z,1,6,Cincinnati
360723118,LAA,HOU,2016-07-23T23:10Z,2,7,Houston
360723128,NYM,MIA,2016-07-23T23:10Z,2,7,Miami
360723107,TEX,KC,2016-07-23T23:15Z,7,4,Kansas City
360723124,LAD,STL,2016-07-23T23:15Z,7,2,St. Louis
360723127,ATL,COL,2016-07-24T00:10Z,4,8,Denver
360723111,TB,OAK,2016-07-24T01:05Z,3,4,Oakland
360724110,SF,NYY,2016-07-24T17:05Z,2,5,Bronx
360724114,SEA,TOR,2016-07-24T17:07Z,0,2,Toronto
360724117,ARI,CIN,2016-07-24T17:10Z,9,8,Cincinnati
360724128,NYM,MIA,2016-07-24T17:10Z,3,0,Miami
360724101,CLE,BAL,2016-07-24T17:35Z,3,5,Baltimore
360724102,MIN,BOS,2016-07-24T17:35Z,7,8,Boston
360724120,SD,WSH,2016-07-24T17:35Z,10,6,Washington
360724123,PHI,PIT,2016-07-24T17:35Z,4,5,Pittsburgh
360724108,CHC,MIL,2016-07-24T18:10Z,6,5,Milwaukee
360724118,LAA,HOU,2016-07-24T18:10Z,3,13,Houston
360724107,TEX,KC,2016-07-24T18:15Z,2,1,Kansas City
360724104,DET,CHW,2016-07-24T19:00Z,4,5,Chicago
360724111,TB,OAK,2016-07-24T20:05Z,2,3,Oakland
360724127,ATL,COL,2016-07-24T20:10Z,2,7,Denver
360724124,LAD,STL,2016-07-25T00:00Z,9,6,St. Louis
360725102,DET,BOS,2016-07-25T23:00Z,4,2,Boston
360725101,COL,BAL,2016-07-25T23:05Z,2,3,Baltimore
360725114,SD,TOR,2016-07-25T23:07Z,2,4,Toronto
360725128,PHI,MIA,2016-07-25T23:10Z,4,0,Miami
360725108,ARI,MIL,2016-07-25T23:20Z,2,7,Milwaukee
360725113,OAK,TEX,2016-07-26T00:05Z,6,7,Arlington
360725104,CHC,CHW,2016-07-26T00:10Z,4,5,Chicago
360725118,NYY,HOU,2016-07-26T00:10Z,2,1,Houston
360725107,LAA,KC,2016-07-26T00:15Z,6,2,Kansas City
360725126,CIN,SF,2016-07-26T02:15Z,7,5,San Francisco
360726221,STL,NYM,2016-07-26T20:10Z,3,2,Queens
360726104,CHC,CHW,2016-07-26T23:00Z,0,3,Chicago
400837445,CHC,CHW,2016-07-26T23:00Z,0,3,Chicago
360726101,COL,BAL,2016-07-26T23:05Z,6,3,Baltimore
360726123,SEA,PIT,2016-07-26T23:05Z,7,4,Pittsburgh
360726114,SD,TOR,2016-07-26T23:07Z,6,7,Toronto
360726102,DET,BOS,2016-07-26T23:10Z,9,8,Boston
360726105,WSH,CLE,2016-07-26T23:10Z,6,7,Cleveland
360726128,PHI,MIA,2016-07-26T23:10Z,0,5,Miami
360726321,STL,NYM,2016-07-27T00:00Z,1,3,Queens
360726113,OAK,TEX,2016-07-27T00:05Z,6,3,Arlington
360726108,ARI,MIL,2016-07-27T00:10Z,4,9,Milwaukee
360726109,ATL,MIN,2016-07-27T00:10Z,2,0,Minneapolis
360726118,NYY,HOU,2016-07-27T00:10Z,6,3,Houston
360726107,LAA,KC,2016-07-27T00:15Z,13,0,Kansas City
360726119,TB,LAD,2016-07-27T02:10Z,2,3,Los Angeles
360726126,CIN,SF,2016-07-27T02:15Z,7,9,San Francisco
360727105,WSH,CLE,2016-07-27T16:10Z,4,1,Cleveland
360727128,PHI,MIA,2016-07-27T16:10Z,1,11,Miami
360727114,SD,TOR,2016-07-27T16:37Z,8,4,Toronto
360727102,DET,BOS,2016-07-27T17:35Z,4,3,Boston
360727119,TB,LAD,2016-07-27T19:10Z,3,1,Los Angeles
360727126,CIN,SF,2016-07-27T19:45Z,2,1,San Francisco
360727101,COL,BAL,2016-07-27T23:05Z,3,1,Baltimore
360727123,SEA,PIT,2016-07-27T23:05Z,1,10,Pittsburgh
360727121,STL,NYM,2016-07-27T23:10Z,5,4,Queens
360727116,CHW,CHC,2016-07-28T00:00Z,1,8,Chicago
360727113,OAK,TEX,2016-07-28T00:05Z,6,4,Arlington
360727108,ARI,MIL,2016-07-28T00:10Z,8,1,Milwaukee
360727109,ATL,MIN,2016-07-28T00:10Z,9,7,Minneapolis
360727118,NYY,HOU,2016-07-28T00:10Z,1,4,Houston
360727107,LAA,KC,2016-07-28T00:15Z,5,7,Kansas City
360728121,COL,NYM,2016-07-28T17:10Z,2,1,Queens
360728108,ARI,MIL,2016-07-28T18:10Z,4,6,Milwaukee
360728109,BAL,MIN,2016-07-28T23:10Z,2,6,Minneapolis
360728115,PHI,ATL,2016-07-28T23:10Z,7,5,Atlanta
360728128,STL,MIA,2016-07-28T23:10Z,5,4,Miami
360728113,KC,TEX,2016-07-29T00:05Z,2,3,Arlington
360728116,CHW,CHC,2016-07-29T00:05Z,1,3,Chicago
360728103,BOS,LAA,2016-07-29T02:05Z,1,2,Anaheim
360728126,WSH,SF,2016-07-29T02:15Z,4,2,San Francisco
360729116,SEA,CHC,2016-07-29T18:20Z,1,12,Chicago
360729114,BAL,TOR,2016-07-29T23:07Z,5,6,Toronto
360729105,OAK,CLE,2016-07-29T23:10Z,3,5,Cleveland
360729106,HOU,DET,2016-07-29T23:10Z,6,14,Detroit
360729121,COL,NYM,2016-07-29T23:10Z,6,1,Queens
360729128,STL,MIA,2016-07-29T23:10Z,11,6,Miami
360729130,NYY,TB,2016-07-29T23:10Z,1,5,St. Petersburg
360729115,PHI,ATL,2016-07-29T23:35Z,1,2,Atlanta
360729113,KC,TEX,2016-07-30T00:05Z,3,8,Arlington
360729108,PIT,MIL,2016-07-30T00:10Z,1,3,Milwaukee
360729109,CHW,MIN,2016-07-30T00:10Z,1,2,Minneapolis
360729103,BOS,LAA,2016-07-30T02:05Z,6,2,Anaheim
360729119,ARI,LAD,2016-07-30T02:10Z,7,9,Los Angeles
360729126,WSH,SF,2016-07-30T02:15Z,4,1,San Francisco
360729125,CIN,SD,2016-07-30T02:40Z,6,0,San Diego
360730114,BAL,TOR,2016-07-30T17:07Z,1,9,Toronto
360730116,SEA,CHC,2016-07-30T18:20Z,4,1,Chicago
360730126,WSH,SF,2016-07-30T20:05Z,3,5,San Francisco
360730130,NYY,TB,2016-07-30T22:10Z,3,6,St. Petersburg
400837503,NYY,TB,2016-07-30T22:10Z,3,6,St. Petersburg
360730105,OAK,CLE,2016-07-30T23:10Z,3,6,Cleveland
360730106,HOU,DET,2016-07-30T23:10Z,2,3,Detroit
360730108,PIT,MIL,2016-07-30T23:10Z,3,5,Milwaukee
360730109,CHW,MIN,2016-07-30T23:10Z,6,5,Minneapolis
360730115,PHI,ATL,2016-07-30T23:10Z,9,5,Atlanta
360730121,COL,NYM,2016-07-30T23:10Z,7,2,Queens
360730128,STL,MIA,2016-07-30T23:10Z,0,11,Miami
360730113,KC,TEX,2016-07-31T00:05Z,1,2,Arlington
360730125,CIN,SD,2016-07-31T00:40Z,1,2,San Diego
360730103,BOS,LAA,2016-07-31T01:05Z,2,5,Anaheim
360730119,ARI,LAD,2016-07-31T01:10Z,4,2,Los Angeles
360731114,BAL,TOR,2016-07-31T17:07Z,6,2,Toronto
360731105,OAK,CLE,2016-07-31T17:10Z,0,8,Cleveland
360731106,HOU,DET,2016-07-31T17:10Z,0,11,Detroit
360731121,COL,NYM,2016-07-31T17:10Z,4,6,Queens
360731128,STL,MIA,2016-07-31T17:10Z,4,5,Miami
360731130,NYY,TB,2016-07-31T17:10Z,3,5,St. Petersburg
360731115,PHI,ATL,2016-07-31T17:35Z,1,2,Atlanta
360731108,PIT,MIL,2016-07-31T18:10Z,2,4,Milwaukee
360731109,CHW,MIN,2016-07-31T18:10Z,4,6,Minneapolis
360731113,KC,TEX,2016-07-31T19:05Z,3,5,Arlington
360731103,BOS,LAA,2016-07-31T19:35Z,5,3,Anaheim
360731126,WSH,SF,2016-07-31T20:05Z,1,3,San Francisco
360731119,ARI,LAD,2016-07-31T20:10Z,3,14,Los Angeles
360731125,CIN,SD,2016-07-31T20:40Z,3,2,San Diego
360731116,SEA,CHC,2016-08-01T00:00Z,6,7,Chicago
360801121,NYY,NYM,2016-08-01T23:00Z,6,5,Queens
360801105,MIN,CLE,2016-08-01T23:10Z,12,5,Cleveland
360801130,KC,TB,2016-08-01T23:10Z,3,0,St. Petersburg
360801116,MIA,CHC,2016-08-02T00:05Z,0,5,Chicago
360801118,TOR,HOU,2016-08-02T00:10Z,1,2,Houston
360801129,WSH,ARI,2016-08-02T01:40Z,14,1,Phoenix
360801112,BOS,SEA,2016-08-02T02:10Z,2,1,Seattle
360801125,MIL,SD,2016-08-02T02:10Z,3,7,San Diego
360802101,TEX,BAL,2016-08-02T23:05Z,1,5,Baltimore
360802122,SF,PHI,2016-08-02T23:05Z,8,13,Philadelphia
360802105,MIN,CLE,2016-08-02T23:10Z,10,6,Cleveland
360802106,CHW,DET,2016-08-02T23:10Z,5,11,Detroit
360802115,PIT,ATL,2016-08-02T23:10Z,5,3,Atlanta
360802117,STL,CIN,2016-08-02T23:10Z,5,7,Cincinnati
360802121,NYY,NYM,2016-08-02T23:10Z,1,7,Queens
360802130,KC,TB,2016-08-02T23:10Z,3,2,St. Petersburg
360802116,MIA,CHC,2016-08-03T00:05Z,2,3,Chicago
360802118,TOR,HOU,2016-08-03T00:10Z,2,1,Houston
360802127,LAD,COL,2016-08-03T00:40Z,3,7,Denver
360802129,WSH,ARI,2016-08-03T01:40Z,10,4,Phoenix
360802103,OAK,LAA,2016-08-03T02:05Z,4,5,Anaheim
360802112,BOS,SEA,2016-08-03T02:10Z,4,5,Seattle
360802125,MIL,SD,2016-08-03T02:10Z,3,2,San Diego
360803116,MIA,CHC,2016-08-03T18:20Z,4,5,Chicago
360803125,MIL,SD,2016-08-03T19:40Z,3,12,San Diego
360803129,WSH,ARI,2016-08-03T19:40Z,8,3,Phoenix
360803110,NYM,NYY,2016-08-03T23:00Z,5,9,Bronx
360803101,TEX,BAL,2016-08-03T23:05Z,2,3,Baltimore
360803122,SF,PHI,2016-08-03T23:05Z,4,5,Philadelphia
360803105,MIN,CLE,2016-08-03T23:10Z,13,5,Cleveland
360803106,CHW,DET,2016-08-03T23:10Z,1,2,Detroit
360803115,PIT,ATL,2016-08-03T23:10Z,4,8,Atlanta
360803117,STL,CIN,2016-08-03T23:10Z,5,4,Cincinnati
360803130,KC,TB,2016-08-03T23:10Z,0,12,St. Petersburg
360803118,TOR,HOU,2016-08-04T00:10Z,3,1,Houston
360803127,LAD,COL,2016-08-04T00:40Z,2,12,Denver
360803103,OAK,LAA,2016-08-04T02:05Z,6,8,Anaheim
360803112,BOS,SEA,2016-08-04T02:10Z,1,3,Seattle
360804105,MIN,CLE,2016-08-04T16:10Z,2,9,Cleveland
360804130,KC,TB,2016-08-04T16:10Z,2,3,St. Petersburg
360804117,STL,CIN,2016-08-04T16:35Z,0,7,Cincinnati
360804122,SF,PHI,2016-08-04T17:05Z,3,2,Philadelphia
360804106,CHW,DET,2016-08-04T17:10Z,6,3,Detroit
360804101,TEX,BAL,2016-08-04T23:05Z,5,3,Baltimore
360804103,OAK,LAA,2016-08-04T23:05Z,8,6,Anaheim
360804110,NYM,NYY,2016-08-04T23:05Z,4,1,Bronx
360804115,PIT,ATL,2016-08-04T23:10Z,2,5,Atlanta
360804118,TOR,HOU,2016-08-05T00:10Z,4,1,Houston
360804127,LAD,COL,2016-08-05T00:40Z,4,2,Denver
360804112,BOS,SEA,2016-08-05T02:10Z,3,2,Seattle
360805110,CLE,NYY,2016-08-05T23:05Z,7,13,Bronx
360805120,SF,WSH,2016-08-05T23:05Z,1,5,Washington
360805123,CIN,PIT,2016-08-05T23:05Z,2,3,Pittsburgh
360805106,NYM,DET,2016-08-05T23:10Z,3,4,Detroit
360805130,MIN,TB,2016-08-05T23:10Z,6,2,St. Petersburg
360805104,BAL,CHW,2016-08-06T00:10Z,7,5,Chicago
360805118,TEX,HOU,2016-08-06T00:10Z,0,5,Houston
360805107,TOR,KC,2016-08-06T00:15Z,4,3,Kansas City
360805124,ATL,STL,2016-08-06T00:15Z,0,1,St. Louis
360805127,MIA,COL,2016-08-06T00:40Z,5,3,Denver
360805129,MIL,ARI,2016-08-06T01:40Z,2,3,Phoenix
360805111,CHC,OAK,2016-08-06T02:05Z,7,2,Oakland
360805112,LAA,SEA,2016-08-06T02:10Z,4,6,Seattle
360805119,BOS,LAD,2016-08-06T02:10Z,9,0,Los Angeles
360805125,PHI,SD,2016-08-06T02:40Z,5,4,San Diego
360806110,CLE,NYY,2016-08-06T17:05Z,5,2,Bronx
360806111,CHC,OAK,2016-08-06T20:05Z,4,0,Oakland
360806119,BOS,LAD,2016-08-06T20:05Z,0,3,Los Angeles
360806130,MIN,TB,2016-08-06T22:10Z,3,7,St. Petersburg
360806120,SF,WSH,2016-08-06T23:05Z,7,1,Washington
360806123,CIN,PIT,2016-08-06T23:05Z,3,5,Pittsburgh
360806104,BAL,CHW,2016-08-06T23:10Z,2,4,Chicago
360806106,NYM,DET,2016-08-06T23:10Z,5,6,Detroit
360806118,TEX,HOU,2016-08-06T23:10Z,3,2,Houston
360806107,TOR,KC,2016-08-06T23:15Z,2,4,Kansas City
360806124,ATL,STL,2016-08-06T23:15Z,13,5,St. Louis
360806127,MIA,COL,2016-08-07T00:10Z,6,12,Denver
360806129,MIL,ARI,2016-08-07T00:10Z,15,6,Phoenix
360806125,PHI,SD,2016-08-07T00:40Z,7,9,San Diego
360806112,LAA,SEA,2016-08-07T01:10Z,6,8,Seattle
360807110,CLE,NYY,2016-08-07T17:05Z,2,3,Bronx
360807106,NYM,DET,2016-08-07T17:10Z,3,1,Detroit
360807130,MIN,TB,2016-08-07T17:10Z,6,3,St. Petersburg
360807120,SF,WSH,2016-08-07T17:35Z,0,1,Washington
360807123,CIN,PIT,2016-08-07T17:35Z,7,3,Pittsburgh
360807104,BAL,CHW,2016-08-07T18:10Z,10,2,Chicago
360807118,TEX,HOU,2016-08-07T18:10Z,5,3,Houston
360807107,TOR,KC,2016-08-07T18:15Z,1,7,Kansas City
360807124,ATL,STL,2016-08-07T18:15Z,6,3,St. Louis
360807111,CHC,OAK,2016-08-07T20:05Z,3,1,Oakland
360807112,LAA,SEA,2016-08-07T20:10Z,1,3,Seattle
360807127,MIA,COL,2016-08-07T20:10Z,10,7,Denver
360807129,MIL,ARI,2016-08-07T20:10Z,3,9,Phoenix
360807125,PHI,SD,2016-08-07T20:40Z,6,5,San Diego
360807119,BOS,LAD,2016-08-07T23:10Z,5,8,Los Angeles
360808114,TB,TOR,2016-08-08T23:07Z,5,7,Toronto
360808128,SF,MIA,2016-08-08T23:10Z,8,7,Miami
360808108,ATL,MIL,2016-08-08T23:20Z,4,3,Milwaukee
360808109,HOU,MIN,2016-08-09T00:10Z,1,3,Minneapolis
360808124,CIN,STL,2016-08-09T00:15Z,4,5,St. Louis
360808127,TEX,COL,2016-08-09T00:40Z,4,3,Denver
360808111,BAL,OAK,2016-08-09T02:05Z,2,3,Oakland
360808112,DET,SEA,2016-08-09T02:10Z,0,3,Seattle
360808119,PHI,LAD,2016-08-09T02:10Z,4,9,Los Angeles
360809127,TEX,COL,2016-08-09T19:10Z,7,5,Denver
360809120,CLE,WSH,2016-08-09T23:05Z,3,1,Washington
360809123,SD,PIT,2016-08-09T23:05Z,4,6,Pittsburgh
360809114,TB,TOR,2016-08-09T23:07Z,9,2,Toronto
360809102,NYY,BOS,2016-08-09T23:10Z,3,5,Boston
360809121,ARI,NYM,2016-08-09T23:10Z,5,3,Queens
360809128,SF,MIA,2016-08-09T23:10Z,0,2,Miami
360809116,LAA,CHC,2016-08-10T00:05Z,1,5,Chicago
360809108,ATL,MIL,2016-08-10T00:10Z,2,1,Milwaukee
360809109,HOU,MIN,2016-08-10T00:10Z,7,5,Minneapolis
360809107,CHW,KC,2016-08-10T00:15Z,7,5,Kansas City
360809124,CIN,STL,2016-08-10T00:15Z,7,4,St. Louis
360809111,BAL,OAK,2016-08-10T02:05Z,1,2,Oakland
360809112,DET,SEA,2016-08-10T02:10Z,5,6,Seattle
360809119,PHI,LAD,2016-08-10T02:10Z,3,9,Los Angeles
360810128,SF,MIA,2016-08-10T16:10Z,1,0,Miami
360810119,PHI,LAD,2016-08-10T19:10Z,6,2,Los Angeles
360810120,CLE,WSH,2016-08-10T20:05Z,4,7,Washington
360810102,NYY,BOS,2016-08-10T23:00Z,9,4,Boston
360810123,SD,PIT,2016-08-10T23:05Z,4,0,Pittsburgh
360810114,TB,TOR,2016-08-10T23:07Z,0,7,Toronto
360810121,ARI,NYM,2016-08-10T23:10Z,3,2,Queens
360810124,CIN,STL,2016-08-10T23:15Z,2,3,St. Louis
360810113,COL,TEX,2016-08-11T00:05Z,4,5,Arlington
360810116,LAA,CHC,2016-08-11T00:05Z,1,3,Chicago
360810108,ATL,MIL,2016-08-11T00:10Z,3,4,Milwaukee
360810107,CHW,KC,2016-08-11T00:15Z,2,3,Kansas City
360810111,BAL,OAK,2016-08-11T02:05Z,0,1,Oakland
360810112,DET,SEA,2016-08-11T02:10Z,1,3,Seattle
360811121,ARI,NYM,2016-08-11T16:10Z,9,0,Queens
360811123,SD,PIT,2016-08-11T16:35Z,0,4,Pittsburgh
360811209,HOU,MIN,2016-08-11T17:10Z,15,7,Minneapolis
360811113,COL,TEX,2016-08-11T18:05Z,12,9,Arlington
360811108,ATL,MIL,2016-08-11T18:10Z,3,11,Milwaukee
360811111,BAL,OAK,2016-08-11T19:35Z,9,6,Oakland
360811102,NYY,BOS,2016-08-11T23:10Z,4,2,Boston
360811105,LAA,CLE,2016-08-11T23:10Z,4,14,Cleveland
360811309,HOU,MIN,2016-08-11T23:10Z,10,2,Minneapolis
360811116,STL,CHC,2016-08-12T00:05Z,3,4,Chicago
360811107,CHW,KC,2016-08-12T00:15Z,1,2,Kansas City
360812116,STL,CHC,2016-08-12T18:20Z,2,13,Chicago
360812110,TB,NYY,2016-08-12T23:05Z,3,6,Bronx
360812120,ATL,WSH,2016-08-12T23:05Z,8,5,Washington
360812122,COL,PHI,2016-08-12T23:05Z,6,10,Philadelphia
360812114,HOU,TOR,2016-08-12T23:07Z,5,3,Toronto
360812102,ARI,BOS,2016-08-12T23:10Z,4,9,Boston
360812105,LAA,CLE,2016-08-12T23:10Z,3,13,Cleveland
360812121,SD,NYM,2016-08-12T23:10Z,8,6,Queens
360812128,CHW,MIA,2016-08-12T23:10Z,4,2,Miami
360812113,DET,TEX,2016-08-13T00:05Z,5,8,Arlington
360812108,CIN,MIL,2016-08-13T00:10Z,7,4,Milwaukee
360812109,KC,MIN,2016-08-13T00:10Z,7,3,Minneapolis
360812111,SEA,OAK,2016-08-13T02:05Z,3,6,Oakland
360812119,PIT,LAD,2016-08-13T02:10Z,5,1,Los Angeles
360812126,BAL,SF,2016-08-13T02:15Z,5,2,San Francisco
360813110,TB,NYY,2016-08-13T17:05Z,4,8,Bronx
360813114,HOU,TOR,2016-08-13T17:07Z,2,4,Toronto
360813116,STL,CHC,2016-08-13T18:20Z,8,4,Chicago
360813119,PIT,LAD,2016-08-13T20:05Z,4,8,Los Angeles
360813120,ATL,WSH,2016-08-13T23:05Z,6,7,Washington
360813122,COL,PHI,2016-08-13T23:05Z,3,6,Philadelphia
360813102,ARI,BOS,2016-08-13T23:10Z,3,6,Boston
360813108,CIN,MIL,2016-08-13T23:10Z,11,5,Milwaukee
360813109,KC,MIN,2016-08-13T23:10Z,3,5,Minneapolis
360813121,SD,NYM,2016-08-13T23:10Z,2,3,Queens
360813128,CHW,MIA,2016-08-13T23:10Z,8,7,Miami
360813113,DET,TEX,2016-08-14T00:05Z,2,0,Arlington
360813111,SEA,OAK,2016-08-14T01:05Z,4,3,Oakland
360813126,BAL,SF,2016-08-14T01:05Z,2,6,San Francisco
360813105,LAA,CLE,2016-08-14T01:20Z,1,5,Cleveland
360814110,TB,NYY,2016-08-14T17:05Z,12,3,Bronx
360814114,HOU,TOR,2016-08-14T17:07Z,2,9,Toronto
360814105,LAA,CLE,2016-08-14T17:10Z,4,5,Cleveland
360814121,SD,NYM,2016-08-14T17:10Z,1,5,Queens
360814128,CHW,MIA,2016-08-14T17:10Z,4,5,Miami
360814102,ARI,BOS,2016-08-14T17:35Z,2,16,Boston
360814120,ATL,WSH,2016-08-14T17:35Z,1,9,Washington
360814122,COL,PHI,2016-08-14T17:35Z,6,7,Philadelphia
360814108,CIN,MIL,2016-08-14T18:10Z,3,7,Milwaukee
360814109,KC,MIN,2016-08-14T18:10Z,11,4,Minneapolis
360814113,DET,TEX,2016-08-14T19:05Z,7,0,Arlington
360814111,SEA,OAK,2016-08-14T20:05Z,8,4,Oakland
360814126,BAL,SF,2016-08-14T20:05Z,8,7,San Francisco
360814119,PIT,LAD,2016-08-14T20:10Z,11,3,Los Angeles
360814116,STL,CHC,2016-08-15T00:00Z,6,4,Chicago
360815105,BOS,CLE,2016-08-15T17:10Z,3,2,Cleveland
360815106,KC,DET,2016-08-15T23:00Z,3,1,Detroit
360815110,TOR,NYY,2016-08-15T23:05Z,0,1,Bronx
360815117,MIA,CIN,2016-08-15T23:10Z,6,3,Cincinnati
360815130,SD,TB,2016-08-15T23:10Z,2,8,St. Petersburg
360815113,OAK,TEX,2016-08-16T00:05Z,2,5,Arlington
360815127,WSH,COL,2016-08-16T00:40Z,5,4,Denver
360815129,NYM,ARI,2016-08-16T01:40Z,6,10,Phoenix
360815103,SEA,LAA,2016-08-16T02:05Z,3,2,Anaheim
360815126,PIT,SF,2016-08-16T02:15Z,8,5,San Francisco
360816216,MIL,CHC,2016-08-16T17:20Z,0,4,Chicago
360816101,BOS,BAL,2016-08-16T23:05Z,5,3,Baltimore
360816110,TOR,NYY,2016-08-16T23:05Z,12,6,Bronx
360816122,LAD,PHI,2016-08-16T23:05Z,15,5,Philadelphia
360816105,CHW,CLE,2016-08-16T23:10Z,1,3,Cleveland
360816106,KC,DET,2016-08-16T23:10Z,6,1,Detroit
360816115,MIN,ATL,2016-08-16T23:10Z,4,2,Atlanta
360816117,MIA,CIN,2016-08-16T23:10Z,3,6,Cincinnati
360816130,SD,TB,2016-08-16T23:10Z,1,15,St. Petersburg
360816113,OAK,TEX,2016-08-17T00:05Z,4,5,Arlington
360816316,MIL,CHC,2016-08-17T00:05Z,1,4,Chicago
360816118,STL,HOU,2016-08-17T00:10Z,8,5,Houston
360816127,WSH,COL,2016-08-17T00:40Z,2,6,Denver
360816129,NYM,ARI,2016-08-17T01:40Z,7,5,Phoenix
360816103,SEA,LAA,2016-08-17T02:05Z,6,7,Anaheim
360816126,PIT,SF,2016-08-17T02:15Z,4,3,San Francisco
360817110,TOR,NYY,2016-08-17T17:05Z,7,4,Bronx
360817130,SD,TB,2016-08-17T17:10Z,0,2,St. Petersburg
360817118,STL,HOU,2016-08-17T18:10Z,8,2,Houston
360817127,WSH,COL,2016-08-17T19:10Z,10,12,Denver
360817126,PIT,SF,2016-08-17T19:45Z,6,5,San Francisco
360817101,BOS,BAL,2016-08-17T23:00Z,8,1,Baltimore
360817122,LAD,PHI,2016-08-17T23:05Z,7,2,Philadelphia
360817105,CHW,CLE,2016-08-17T23:10Z,10,7,Cleveland
360817106,KC,DET,2016-08-17T23:10Z,4,1,Detroit
360817115,MIN,ATL,2016-08-17T23:10Z,10,3,Atlanta
360817117,MIA,CIN,2016-08-17T23:10Z,2,3,Cincinnati
360817113,OAK,TEX,2016-08-18T00:05Z,2,6,Arlington
360817116,MIL,CHC,2016-08-18T00:05Z,1,6,Chicago
360817129,NYM,ARI,2016-08-18T01:40Z,5,13,Phoenix
360817103,SEA,LAA,2016-08-18T02:05Z,4,3,Anaheim
360818106,BOS,DET,2016-08-18T17:10Z,3,4,Detroit
360818116,MIL,CHC,2016-08-18T18:20Z,6,9,Chicago
360818101,HOU,BAL,2016-08-18T23:05Z,5,13,Baltimore
360818122,LAD,PHI,2016-08-18T23:05Z,4,5,Philadelphia
360818105,CHW,CLE,2016-08-18T23:10Z,4,5,Cleveland
360818115,WSH,ATL,2016-08-18T23:10Z,8,2,Atlanta
360818117,MIA,CIN,2016-08-18T23:10Z,4,5,Cincinnati
360818107,MIN,KC,2016-08-19T00:15Z,1,8,Kansas City
360818103,SEA,LAA,2016-08-19T02:05Z,4,6,Anaheim
360818125,ARI,SD,2016-08-19T02:10Z,8,9,San Diego
360818126,NYM,SF,2016-08-19T02:15Z,7,10,San Francisco
360819106,BOS,DET,2016-08-19T23:00Z,10,2,Detroit
360819101,HOU,BAL,2016-08-19T23:05Z,15,8,Baltimore
360819122,STL,PHI,2016-08-19T23:05Z,4,3,Philadelphia
360819123,MIA,PIT,2016-08-19T23:05Z,6,5,Pittsburgh
360819105,TOR,CLE,2016-08-19T23:10Z,2,3,Cleveland
360819117,LAD,CIN,2016-08-19T23:10Z,2,9,Cincinnati
360819130,TEX,TB,2016-08-19T23:10Z,6,2,St. Petersburg
360819115,WSH,ATL,2016-08-19T23:35Z,7,6,Atlanta
360819104,OAK,CHW,2016-08-20T00:10Z,9,0,Chicago
360819107,MIN,KC,2016-08-20T00:15Z,4,5,Kansas City
360819103,NYY,LAA,2016-08-20T02:05Z,7,0,Anaheim
360819112,MIL,SEA,2016-08-20T02:10Z,6,7,Seattle
360819126,NYM,SF,2016-08-20T02:15Z,1,8,San Francisco
360819125,ARI,SD,2016-08-20T02:40Z,4,7,San Diego
360819127,CHC,COL,2016-08-20T02:50Z,6,7,Denver
360820126,NYM,SF,2016-08-20T20:05Z,9,5,San Francisco
360820130,TEX,TB,2016-08-20T22:10Z,2,8,St. Petersburg
360820101,HOU,BAL,2016-08-20T23:05Z,12,2,Baltimore
360820122,STL,PHI,2016-08-20T23:05Z,2,4,Philadelphia
360820123,MIA,PIT,2016-08-20T23:05Z,3,1,Pittsburgh
360820104,OAK,CHW,2016-08-20T23:10Z,2,6,Chicago
360820105,TOR,CLE,2016-08-20T23:10Z,6,5,Cleveland
360820115,WSH,ATL,2016-08-20T23:10Z,11,9,Atlanta
360820117,LAD,CIN,2016-08-20T23:10Z,1,11,Cincinnati
360820107,MIN,KC,2016-08-20T23:15Z,0,10,Kansas City
360820127,CHC,COL,2016-08-21T00:10Z,9,2,Denver
360820106,BOS,DET,2016-08-21T00:30Z,3,2,Detroit
360820125,ARI,SD,2016-08-21T00:40Z,2,1,San Diego
360820112,MIL,SEA,2016-08-21T01:10Z,2,8,Seattle
360820103,NYY,LAA,2016-08-21T01:35Z,5,1,Anaheim
360821105,TOR,CLE,2016-08-21T17:10Z,2,3,Cleveland
360821106,BOS,DET,2016-08-21T17:10Z,5,10,Detroit
360821117,LAD,CIN,2016-08-21T17:10Z,4,0,Cincinnati
360821130,TEX,TB,2016-08-21T17:10Z,4,8,St. Petersburg
360821115,WSH,ATL,2016-08-21T17:35Z,6,7,Atlanta
360821122,STL,PHI,2016-08-21T17:35Z,9,0,Philadelphia
360821123,MIA,PIT,2016-08-21T17:35Z,3,2,Pittsburgh
360821104,OAK,CHW,2016-08-21T18:10Z,2,4,Chicago
360821107,MIN,KC,2016-08-21T18:15Z,1,2,Kansas City
360821103,NYY,LAA,2016-08-21T19:35Z,0,2,Anaheim
360821112,MIL,SEA,2016-08-21T20:10Z,7,6,Seattle
360821127,CHC,COL,2016-08-21T20:10Z,4,11,Denver
360821125,ARI,SD,2016-08-21T20:40Z,1,9,San Diego
360821101,HOU,BAL,2016-08-21T21:35Z,5,3,Baltimore
360821126,NYM,SF,2016-08-22T00:00Z,2,0,San Francisco
360822117,LAD,CIN,2016-08-22T16:35Z,18,9,Cincinnati
360822101,WSH,BAL,2016-08-22T23:05Z,3,4,Baltimore
360822123,HOU,PIT,2016-08-22T23:05Z,3,1,Pittsburgh
360822130,BOS,TB,2016-08-22T23:10Z,6,2,St. Petersburg
360822108,COL,MIL,2016-08-22T23:20Z,2,4,Milwaukee
360822129,ATL,ARI,2016-08-23T01:40Z,8,9,Phoenix
360822111,CLE,OAK,2016-08-23T02:05Z,1,0,Oakland
360822112,NYY,SEA,2016-08-23T02:10Z,5,7,Seattle
360822125,CHC,SD,2016-08-23T02:10Z,5,1,San Diego
360823101,WSH,BAL,2016-08-23T23:05Z,1,8,Baltimore
360823123,HOU,PIT,2016-08-23T23:05Z,1,7,Pittsburgh
360823114,LAA,TOR,2016-08-23T23:07Z,2,7,Toronto
360823117,TEX,CIN,2016-08-23T23:10Z,0,3,Cincinnati
360823128,KC,MIA,2016-08-23T23:10Z,1,0,Miami
360823130,BOS,TB,2016-08-23T23:10Z,2,1,St. Petersburg
360823104,PHI,CHW,2016-08-24T00:10Z,1,9,Chicago
360823108,COL,MIL,2016-08-24T00:10Z,4,6,Milwaukee
360823109,DET,MIN,2016-08-24T00:10Z,8,3,Minneapolis
360823124,NYM,STL,2016-08-24T00:15Z,7,4,St. Louis
360823129,ATL,ARI,2016-08-24T01:40Z,7,4,Phoenix
360823112,NYY,SEA,2016-08-24T02:00Z,5,1,Seattle
360823111,CLE,OAK,2016-08-24T02:05Z,1,9,Oakland
360823119,SF,LAD,2016-08-24T02:10Z,5,9,Los Angeles
360823125,CHC,SD,2016-08-24T02:10Z,5,3,San Diego
360824123,HOU,PIT,2016-08-24T16:35Z,5,4,Pittsburgh
360824108,COL,MIL,2016-08-24T18:10Z,1,7,Milwaukee
360824111,CLE,OAK,2016-08-24T19:35Z,1,5,Oakland
360824112,NYY,SEA,2016-08-24T19:40Z,5,0,Seattle
360824125,CHC,SD,2016-08-24T19:40Z,6,3,San Diego
360824120,BAL,WSH,2016-08-24T23:05Z,10,8,Washington
360824114,LAA,TOR,2016-08-24T23:07Z,8,2,Toronto
360824117,TEX,CIN,2016-08-24T23:10Z,6,5,Cincinnati
360824128,KC,MIA,2016-08-24T23:10Z,0,3,Miami
360824130,BOS,TB,2016-08-24T23:10Z,3,4,St. Petersburg
360824104,PHI,CHW,2016-08-25T00:10Z,5,3,Chicago
360824109,DET,MIN,2016-08-25T00:10Z,9,4,Minneapolis
360824124,NYM,STL,2016-08-25T00:15Z,1,8,St. Louis
360824129,ATL,ARI,2016-08-25T01:40Z,9,10,Phoenix
360824119,SF,LAD,2016-08-25T02:00Z,0,1,Los Angeles
360825109,DET,MIN,2016-08-25T17:10Z,8,5,Minneapolis
360825130,BOS,TB,2016-08-25T17:10Z,1,2,St. Petersburg
360825120,BAL,WSH,2016-08-25T23:05Z,0,4,Washington
360825114,LAA,TOR,2016-08-25T23:07Z,6,3,Toronto
360825128,KC,MIA,2016-08-25T23:10Z,5,2,Miami
360825124,NYM,STL,2016-08-25T23:15Z,10,6,St. Louis
360825113,CLE,TEX,2016-08-26T00:05Z,0,9,Arlington
360825104,SEA,CHW,2016-08-26T00:10Z,6,7,Chicago
360825108,PIT,MIL,2016-08-26T00:10Z,3,2,Milwaukee
360825129,ATL,ARI,2016-08-26T01:40Z,3,1,Phoenix
360825119,SF,LAD,2016-08-26T02:10Z,4,0,Los Angeles
360826110,BAL,NYY,2016-08-26T23:05Z,4,14,Bronx
360826120,COL,WSH,2016-08-26T23:05Z,5,8,Washington
360826114,MIN,TOR,2016-08-26T23:07Z,8,15,Toronto
360826102,KC,BOS,2016-08-26T23:10Z,6,3,Boston
360826106,LAA,DET,2016-08-26T23:10Z,2,4,Detroit
360826121,PHI,NYM,2016-08-26T23:10Z,4,9,Queens
360826128,SD,MIA,2016-08-26T23:10Z,6,7,Miami
360826113,CLE,TEX,2016-08-27T00:05Z,12,1,Arlington
360826104,SEA,CHW,2016-08-27T00:10Z,3,1,Chicago
360826108,PIT,MIL,2016-08-27T00:10Z,5,3,Milwaukee
360826118,TB,HOU,2016-08-27T00:10Z,4,5,Houston
360826124,OAK,STL,2016-08-27T00:15Z,1,3,St. Louis
360826129,CIN,ARI,2016-08-27T01:40Z,3,4,Phoenix
360826119,CHC,LAD,2016-08-27T02:10Z,6,4,Los Angeles
360826126,ATL,SF,2016-08-27T02:15Z,0,7,San Francisco
360827110,BAL,NYY,2016-08-27T17:05Z,5,13,Bronx
360827120,COL,WSH,2016-08-27T17:05Z,9,4,Washington
360827114,MIN,TOR,2016-08-27T17:07Z,7,8,Toronto
360827119,CHC,LAD,2016-08-27T20:05Z,2,3,Los Angeles
360827102,KC,BOS,2016-08-27T23:10Z,3,8,Boston
360827104,SEA,CHW,2016-08-27T23:10Z,3,9,Chicago
360827106,LAA,DET,2016-08-27T23:10Z,3,2,Detroit
360827108,PIT,MIL,2016-08-27T23:10Z,9,6,Milwaukee
360827118,TB,HOU,2016-08-27T23:10Z,2,6,Houston
360827121,PHI,NYM,2016-08-27T23:10Z,1,12,Queens
360827128,SD,MIA,2016-08-27T23:10Z,1,0,Miami
360827124,OAK,STL,2016-08-27T23:15Z,3,2,St. Louis
360827113,CLE,TEX,2016-08-28T00:05Z,0,7,Arlington
360827129,CIN,ARI,2016-08-28T00:10Z,13,0,Phoenix
360827126,ATL,SF,2016-08-28T01:05Z,3,1,San Francisco
360828110,BAL,NYY,2016-08-28T17:05Z,5,0,Bronx
360828114,MIN,TOR,2016-08-28T17:07Z,6,9,Toronto
360828106,LAA,DET,2016-08-28T17:10Z,5,0,Detroit
360828121,PHI,NYM,2016-08-28T17:10Z,5,1,Queens
360828128,SD,MIA,2016-08-28T17:10Z,3,1,Miami
360828120,COL,WSH,2016-08-28T17:35Z,5,3,Washington
360828104,SEA,CHW,2016-08-28T18:10Z,1,4,Chicago
360828108,PIT,MIL,2016-08-28T18:10Z,3,1,Milwaukee
360828118,TB,HOU,2016-08-28T18:10Z,10,4,Houston
360828124,OAK,STL,2016-08-28T18:15Z,7,4,St. Louis
360828113,CLE,TEX,2016-08-28T19:05Z,1,2,Arlington
360828126,ATL,SF,2016-08-28T20:05Z,4,13,San Francisco
360828119,CHC,LAD,2016-08-28T20:10Z,0,1,Los Angeles
360828129,CIN,ARI,2016-08-28T20:10Z,2,11,Phoenix
360828102,KC,BOS,2016-08-29T00:00Z,10,4,Boston
360829101,TOR,BAL,2016-08-29T23:05Z,5,1,Baltimore
360829122,WSH,PHI,2016-08-29T23:05Z,4,0,Philadelphia
360829102,TB,BOS,2016-08-29T23:10Z,4,9,Boston
360829105,MIN,CLE,2016-08-29T23:10Z,0,1,Cleveland
360829106,CHW,DET,2016-08-29T23:10Z,3,4,Detroit
360829121,MIA,NYM,2016-08-29T23:10Z,1,2,Queens
360829108,STL,MIL,2016-08-29T23:20Z,6,5,Milwaukee
360829113,SEA,TEX,2016-08-30T00:00Z,3,6,Arlington
360829116,PIT,CHC,2016-08-30T00:05Z,7,8,Chicago
360829118,OAK,HOU,2016-08-30T00:10Z,0,6,Houston
360829107,NYY,KC,2016-08-30T00:15Z,5,8,Kansas City
400837909,NYY,KC,2016-08-30T00:15Z,5,8,Kansas City
360829127,LAD,COL,2016-08-30T00:40Z,1,8,Denver
360829103,CIN,LAA,2016-08-30T02:05Z,2,9,Anaheim
360830101,TOR,BAL,2016-08-30T23:05Z,3,5,Baltimore
360830122,WSH,PHI,2016-08-30T23:05Z,3,2,Philadelphia
360830102,TB,BOS,2016-08-30T23:10Z,4,3,Boston
360830105,MIN,CLE,2016-08-30T23:10Z,4,5,Cleveland
360830106,CHW,DET,2016-08-30T23:10Z,4,8,Detroit
360830115,SD,ATL,2016-08-30T23:10Z,3,7,Atlanta
360830121,MIA,NYM,2016-08-30T23:10Z,4,7,Queens
360830113,SEA,TEX,2016-08-31T00:05Z,7,8,Arlington
360830116,PIT,CHC,2016-08-31T00:05Z,0,3,Chicago
360830108,STL,MIL,2016-08-31T00:10Z,2,1,Milwaukee
360830118,OAK,HOU,2016-08-31T00:10Z,1,3,Houston
360830107,NYY,KC,2016-08-31T00:15Z,5,4,Kansas City
360830103,CIN,LAA,2016-08-31T02:05Z,2,4,Anaheim
360830126,ARI,SF,2016-08-31T02:15Z,4,3,San Francisco
360831106,CHW,DET,2016-08-31T17:10Z,2,3,Detroit
360831102,TB,BOS,2016-08-31T17:35Z,6,8,Boston
360831113,SEA,TEX,2016-08-31T18:05Z,1,14,Arlington
360831118,OAK,HOU,2016-08-31T18:10Z,3,4,Houston
360831227,LAD,COL,2016-08-31T19:10Z,0,7,Denver
360831126,ARI,SF,2016-08-31T19:45Z,2,4,San Francisco
360831101,TOR,BAL,2016-08-31T23:05Z,5,3,Baltimore
360831103,CIN,LAA,2016-08-31T23:05Z,0,3,Anaheim
360831122,WSH,PHI,2016-08-31T23:05Z,2,1,Philadelphia
360831105,MIN,CLE,2016-08-31T23:10Z,4,8,Cleveland
360831115,SD,ATL,2016-08-31T23:10Z,1,8,Atlanta
360831121,MIA,NYM,2016-08-31T23:10Z,2,5,Queens
360831116,PIT,CHC,2016-09-01T00:00Z,5,6,Chicago
360831108,STL,MIL,2016-09-01T00:10Z,1,3,Milwaukee
360831327,LAD,COL,2016-09-01T00:10Z,10,8,Denver
360831107,NYY,KC,2016-09-01T00:15Z,5,4,Kansas City
360901115,SD,ATL,2016-09-01T16:10Z,6,9,Atlanta
360901121,MIA,NYM,2016-09-01T23:10Z,6,4,Queens
360901116,SF,CHC,2016-09-02T00:05Z,4,5,Chicago
360901109,CHW,MIN,2016-09-02T00:10Z,5,8,Minneapolis
360902116,SF,CHC,2016-09-02T18:20Z,1,2,Chicago
360902101,NYY,BAL,2016-09-02T23:05Z,0,8,Baltimore
360902122,ATL,PHI,2016-09-02T23:05Z,8,4,Philadelphia
360902123,MIL,PIT,2016-09-02T23:05Z,1,0,Pittsburgh
360902105,MIA,CLE,2016-09-02T23:10Z,2,6,Cleveland
360902117,STL,CIN,2016-09-02T23:10Z,2,3,Cincinnati
360902121,WSH,NYM,2016-09-02T23:10Z,4,1,Queens
360902130,TOR,TB,2016-09-02T23:10Z,3,8,St. Petersburg
360902113,HOU,TEX,2016-09-03T00:05Z,8,10,Arlington
360902109,CHW,MIN,2016-09-03T00:10Z,11,4,Minneapolis
360902107,DET,KC,2016-09-03T00:15Z,7,6,Kansas City
360902127,ARI,COL,2016-09-03T00:40Z,7,14,Denver
360902111,BOS,OAK,2016-09-03T02:05Z,16,2,Oakland
360902112,LAA,SEA,2016-09-03T02:10Z,8,11,Seattle
360902119,SD,LAD,2016-09-03T02:10Z,4,2,Los Angeles
360903116,SF,CHC,2016-09-03T18:20Z,3,2,Chicago
360903113,HOU,TEX,2016-09-03T20:05Z,4,12,Arlington
360903117,STL,CIN,2016-09-03T20:10Z,1,9,Cincinnati
360903130,TOR,TB,2016-09-03T22:10Z,5,7,St. Petersburg
360903101,NYY,BAL,2016-09-03T23:05Z,0,2,Baltimore
360903122,ATL,PHI,2016-09-03T23:05Z,6,4,Philadelphia
360903123,MIL,PIT,2016-09-03T23:05Z,7,4,Pittsburgh
360903105,MIA,CLE,2016-09-03T23:10Z,3,8,Cleveland
360903109,CHW,MIN,2016-09-03T23:10Z,3,11,Minneapolis
360903121,WSH,NYM,2016-09-03T23:10Z,1,3,Queens
360903107,DET,KC,2016-09-03T23:15Z,2,5,Kansas City
360903127,ARI,COL,2016-09-04T00:10Z,9,4,Denver
360903111,BOS,OAK,2016-09-04T01:05Z,11,2,Oakland
360903112,LAA,SEA,2016-09-04T01:10Z,10,3,Seattle
360903119,SD,LAD,2016-09-04T01:10Z,1,5,Los Angeles
400837966,LAA,SEA,2016-09-04T01:10Z,10,3,Seattle
360904117,STL,CIN,2016-09-04T17:10Z,5,2,Cincinnati
360904130,TOR,TB,2016-09-04T17:10Z,5,3,St. Petersburg
360904101,NYY,BAL,2016-09-04T17:35Z,5,2,Baltimore
360904122,ATL,PHI,2016-09-04T17:35Z,2,0,Philadelphia
360904123,MIL,PIT,2016-09-04T17:35Z,10,0,Pittsburgh
360904109,CHW,MIN,2016-09-04T18:10Z,13,11,Minneapolis
360904107,DET,KC,2016-09-04T18:15Z,6,5,Kansas City
360904116,SF,CHC,2016-09-04T18:20Z,2,3,Chicago
360904113,HOU,TEX,2016-09-04T19:05Z,7,6,Arlington
360904111,BOS,OAK,2016-09-04T20:05Z,0,1,Oakland
360904105,MIA,CLE,2016-09-04T20:10Z,5,6,Cleveland
360904112,LAA,SEA,2016-09-04T20:10Z,4,2,Seattle
360904119,SD,LAD,2016-09-04T20:10Z,4,7,Los Angeles
360904127,ARI,COL,2016-09-04T20:10Z,8,5,Denver
360904121,WSH,NYM,2016-09-05T00:00Z,1,5,Queens
360905108,CHC,MIL,2016-09-05T17:00Z,7,2,Milwaukee
360905110,TOR,NYY,2016-09-05T17:05Z,3,5,Bronx
360905117,NYM,CIN,2016-09-05T17:10Z,5,0,Cincinnati
360905128,PHI,MIA,2016-09-05T17:10Z,6,2,Miami
360905130,BAL,TB,2016-09-05T17:10Z,7,3,St. Petersburg
360905109,KC,MIN,2016-09-05T18:10Z,11,5,Minneapolis
360905123,STL,PIT,2016-09-05T20:00Z,12,6,Pittsburgh
360905111,LAA,OAK,2016-09-05T20:05Z,10,7,Oakland
360905120,ATL,WSH,2016-09-05T20:05Z,4,6,Washington
360905104,DET,CHW,2016-09-05T20:10Z,5,3,Chicago
360905112,TEX,SEA,2016-09-05T20:10Z,6,14,Seattle
360905127,SF,COL,2016-09-05T20:10Z,0,6,Denver
360905125,BOS,SD,2016-09-05T20:40Z,1,2,San Diego
360905105,HOU,CLE,2016-09-05T23:10Z,6,2,Cleveland
360905119,ARI,LAD,2016-09-06T00:10Z,2,10,Los Angeles
360906110,TOR,NYY,2016-09-06T23:05Z,6,7,Bronx
360906120,ATL,WSH,2016-09-06T23:05Z,7,9,Washington
360906123,STL,PIT,2016-09-06T23:05Z,9,7,Pittsburgh
360906105,HOU,CLE,2016-09-06T23:10Z,4,3,Cleveland
360906117,NYM,CIN,2016-09-06T23:10Z,5,3,Cincinnati
360906128,PHI,MIA,2016-09-06T23:10Z,4,3,Miami
360906130,BAL,TB,2016-09-06T23:10Z,11,2,St. Petersburg
360906104,DET,CHW,2016-09-07T00:10Z,0,2,Chicago
360906108,CHC,MIL,2016-09-07T00:10Z,5,12,Milwaukee
360906109,KC,MIN,2016-09-07T00:10Z,10,3,Minneapolis
360906127,SF,COL,2016-09-07T00:40Z,3,2,Denver
360906111,LAA,OAK,2016-09-07T02:05Z,2,3,Oakland
360906112,TEX,SEA,2016-09-07T02:10Z,10,7,Seattle
360906119,ARI,LAD,2016-09-07T02:10Z,2,5,Los Angeles
360906125,BOS,SD,2016-09-07T02:10Z,5,1,San Diego
360907117,NYM,CIN,2016-09-07T16:35Z,6,3,Cincinnati
360907130,BAL,TB,2016-09-07T17:10Z,6,7,St. Petersburg
360907104,DET,CHW,2016-09-07T18:10Z,4,7,Chicago
360907111,LAA,OAK,2016-09-07T19:35Z,1,4,Oakland
360907123,STL,PIT,2016-09-07T23:00Z,3,4,Pittsburgh
360907110,TOR,NYY,2016-09-07T23:05Z,0,2,Bronx
360907120,ATL,WSH,2016-09-07T23:05Z,4,5,Washington
360907105,HOU,CLE,2016-09-07T23:10Z,5,6,Cleveland
360907128,PHI,MIA,2016-09-07T23:10Z,0,6,Miami
360907108,CHC,MIL,2016-09-08T00:10Z,1,2,Milwaukee
360907109,KC,MIN,2016-09-08T00:10Z,5,6,Minneapolis
360907127,SF,COL,2016-09-08T00:40Z,5,6,Denver
360907125,BOS,SD,2016-09-08T01:10Z,7,2,San Diego
360907112,TEX,SEA,2016-09-08T02:00Z,3,8,Seattle
360907119,ARI,LAD,2016-09-08T02:10Z,1,3,Los Angeles
360908105,HOU,CLE,2016-09-08T16:10Z,7,10,Cleveland
360908110,TB,NYY,2016-09-08T23:05Z,4,5,Bronx
360908120,PHI,WSH,2016-09-08T23:05Z,4,1,Washington
360908123,CIN,PIT,2016-09-08T23:05Z,1,4,Pittsburgh
360908124,MIL,STL,2016-09-08T23:15Z,12,5,St. Louis
360908112,TEX,SEA,2016-09-09T02:10Z,3,6,Seattle
360908125,COL,SD,2016-09-09T02:10Z,1,14,San Diego
360909110,TB,NYY,2016-09-09T23:05Z,5,7,Bronx
360909120,PHI,WSH,2016-09-09T23:05Z,4,5,Washington
360909123,CIN,PIT,2016-09-09T23:05Z,4,3,Pittsburgh
360909114,BOS,TOR,2016-09-09T23:07Z,13,3,Toronto
360909106,BAL,DET,2016-09-09T23:10Z,3,4,Detroit
360909128,LAD,MIA,2016-09-09T23:10Z,1,4,Miami
360909115,NYM,ATL,2016-09-09T23:35Z,6,4,Atlanta
360909104,KC,CHW,2016-09-10T00:10Z,2,7,Chicago
360909109,CLE,MIN,2016-09-10T00:10Z,5,4,Minneapolis
360909118,CHC,HOU,2016-09-10T00:10Z,2,0,Houston
360909124,MIL,STL,2016-09-10T00:15Z,3,4,St. Louis
360909129,SF,ARI,2016-09-10T01:40Z,7,6,Phoenix
360909103,TEX,LAA,2016-09-10T02:05Z,2,1,Anaheim
360909111,SEA,OAK,2016-09-10T02:05Z,3,2,Oakland
360909125,COL,SD,2016-09-10T02:40Z,4,1,San Diego
360910114,BOS,TOR,2016-09-10T17:05Z,2,3,Toronto
360910118,CHC,HOU,2016-09-10T17:05Z,1,2,Houston
360910111,SEA,OAK,2016-09-10T20:05Z,14,3,Oakland
360910110,TB,NYY,2016-09-10T20:30Z,1,5,Bronx
360910120,PHI,WSH,2016-09-10T23:05Z,0,3,Washington
360910123,CIN,PIT,2016-09-10T23:05Z,8,7,Pittsburgh
360910104,KC,CHW,2016-09-10T23:10Z,6,5,Chicago
360910106,BAL,DET,2016-09-10T23:10Z,11,3,Detroit
360910109,CLE,MIN,2016-09-10T23:10Z,1,2,Minneapolis
360910115,NYM,ATL,2016-09-10T23:10Z,3,4,Atlanta
360910128,LAD,MIA,2016-09-10T23:10Z,5,0,Miami
360910124,MIL,STL,2016-09-10T23:15Z,1,5,St. Louis
360910129,SF,ARI,2016-09-11T00:10Z,11,3,Phoenix
360910125,COL,SD,2016-09-11T00:40Z,3,6,San Diego
360910103,TEX,LAA,2016-09-11T01:05Z,8,5,Anaheim
360911110,TB,NYY,2016-09-11T17:05Z,4,2,Bronx
360911114,BOS,TOR,2016-09-11T17:07Z,11,8,Toronto
360911106,BAL,DET,2016-09-11T17:10Z,3,1,Detroit
360911128,LAD,MIA,2016-09-11T17:10Z,0,3,Miami
360911115,NYM,ATL,2016-09-11T17:35Z,10,3,Atlanta
360911120,PHI,WSH,2016-09-11T17:35Z,2,3,Washington
360911123,CIN,PIT,2016-09-11T17:35Z,8,0,Pittsburgh
360911104,KC,CHW,2016-09-11T18:10Z,2,0,Chicago
360911109,CLE,MIN,2016-09-11T18:10Z,7,1,Minneapolis
360911124,MIL,STL,2016-09-11T18:15Z,2,1,St. Louis
360911103,TEX,LAA,2016-09-11T19:35Z,2,3,Anaheim
360911111,SEA,OAK,2016-09-11T20:05Z,3,2,Oakland
360911129,SF,ARI,2016-09-11T20:10Z,5,3,Phoenix
360911125,COL,SD,2016-09-11T20:40Z,3,2,San Diego
360911118,CHC,HOU,2016-09-12T00:00Z,9,5,Houston
360912110,LAD,NYY,2016-09-12T23:05Z,8,2,Bronx
360912120,NYM,WSH,2016-09-12T23:05Z,1,8,Washington
360912122,PIT,PHI,2016-09-12T23:05Z,2,6,Philadelphia
360912114,TB,TOR,2016-09-12T23:07Z,2,3,Toronto
360912102,BAL,BOS,2016-09-12T23:10Z,2,12,Boston
360912106,MIN,DET,2016-09-12T23:10Z,2,4,Detroit
360912115,MIA,ATL,2016-09-12T23:10Z,7,12,Atlanta
360912117,MIL,CIN,2016-09-12T23:10Z,0,3,Cincinnati
360912107,OAK,KC,2016-09-12T23:15Z,16,3,Kansas City
360912104,CLE,CHW,2016-09-13T00:10Z,4,11,Chicago
360912118,TEX,HOU,2016-09-13T00:10Z,4,3,Houston
360912124,CHC,STL,2016-09-13T00:15Z,4,1,St. Louis
360912129,COL,ARI,2016-09-13T01:40Z,9,12,Phoenix
360912103,SEA,LAA,2016-09-13T02:05Z,8,1,Anaheim
360912126,SD,SF,2016-09-13T02:15Z,4,0,San Francisco
360913110,LAD,NYY,2016-09-13T23:05Z,0,3,Bronx
360913120,NYM,WSH,2016-09-13T23:05Z,4,3,Washington
360913122,PIT,PHI,2016-09-13T23:05Z,5,3,Philadelphia
360913114,TB,TOR,2016-09-13T23:07Z,6,2,Toronto
360913102,BAL,BOS,2016-09-13T23:10Z,6,3,Boston
360913106,MIN,DET,2016-09-13T23:10Z,8,1,Detroit
360913115,MIA,ATL,2016-09-13T23:10Z,7,5,Atlanta
360913117,MIL,CIN,2016-09-13T23:10Z,4,6,Cincinnati
360913107,OAK,KC,2016-09-13T23:15Z,5,4,Kansas City
360913104,CLE,CHW,2016-09-14T00:10Z,1,8,Chicago
360913118,TEX,HOU,2016-09-14T00:10Z,3,2,Houston
360913124,CHC,STL,2016-09-14T00:15Z,2,4,St. Louis
360913129,COL,ARI,2016-09-14T01:40Z,4,11,Phoenix
360913103,SEA,LAA,2016-09-14T02:05Z,8,0,Anaheim
360913126,SD,SF,2016-09-14T02:15Z,6,4,San Francisco
360914114,TB,TOR,2016-09-14T16:37Z,8,1,Toronto
360914124,CHC,STL,2016-09-14T17:45Z,7,0,St. Louis
360914126,SD,SF,2016-09-14T19:45Z,3,1,San Francisco
360914110,LAD,NYY,2016-09-14T20:05Z,2,0,Bronx
360914120,NYM,WSH,2016-09-14T20:05Z,0,1,Washington
360914102,BAL,BOS,2016-09-14T23:00Z,1,0,Boston
360914122,PIT,PHI,2016-09-14T23:05Z,2,6,Philadelphia
360914106,MIN,DET,2016-09-14T23:10Z,6,9,Detroit
360914115,MIA,ATL,2016-09-14T23:10Z,7,5,Atlanta
360914117,MIL,CIN,2016-09-14T23:10Z,7,0,Cincinnati
360914107,OAK,KC,2016-09-14T23:15Z,8,0,Kansas City
360914104,CLE,CHW,2016-09-15T00:10Z,6,1,Chicago
360914118,TEX,HOU,2016-09-15T00:10Z,4,8,Houston
360914129,COL,ARI,2016-09-15T01:40Z,6,11,Phoenix
360914103,SEA,LAA,2016-09-15T02:00Z,2,1,Anaheim
360915106,MIN,DET,2016-09-15T17:10Z,5,1,Detroit
360915104,CLE,CHW,2016-09-15T18:10Z,1,2,Chicago
360915101,TB,BAL,2016-09-15T23:05Z,7,6,Baltimore
360915122,PIT,PHI,2016-09-15T23:05Z,15,2,Philadelphia
360915102,NYY,BOS,2016-09-15T23:10Z,5,7,Boston
360915107,OAK,KC,2016-09-15T23:15Z,14,5,Kansas City
360915116,MIL,CHC,2016-09-16T00:05Z,5,4,Chicago
360915129,LAD,ARI,2016-09-16T01:40Z,3,7,Phoenix
360915103,TOR,LAA,2016-09-16T02:05Z,7,2,Anaheim
360915126,STL,SF,2016-09-16T02:15Z,2,6,San Francisco
360916116,MIL,CHC,2016-09-16T18:20Z,4,5,Chicago
360916101,TB,BAL,2016-09-16T23:05Z,4,5,Baltimore
360916122,MIA,PHI,2016-09-16T23:05Z,3,4,Philadelphia
360916102,NYY,BOS,2016-09-16T23:10Z,4,7,Boston
360916105,DET,CLE,2016-09-16T23:10Z,4,11,Cleveland
360916117,PIT,CIN,2016-09-16T23:10Z,9,7,Cincinnati
360916121,MIN,NYM,2016-09-16T23:10Z,0,3,Queens
360916115,WSH,ATL,2016-09-16T23:35Z,7,2,Atlanta
360916113,OAK,TEX,2016-09-17T00:05Z,6,7,Arlington
360916107,CHW,KC,2016-09-17T00:15Z,7,4,Kansas City
360916127,SD,COL,2016-09-17T00:40Z,7,8,Denver
360916129,LAD,ARI,2016-09-17T01:40Z,3,2,Phoenix
360916103,TOR,LAA,2016-09-17T02:05Z,5,0,Anaheim
360916112,HOU,SEA,2016-09-17T02:10Z,6,0,Seattle
360916126,STL,SF,2016-09-17T02:15Z,2,8,San Francisco
360917217,PIT,CIN,2016-09-17T16:10Z,10,4,Cincinnati
360917102,NYY,BOS,2016-09-17T17:05Z,5,6,Boston
360917115,WSH,ATL,2016-09-17T17:05Z,3,7,Atlanta
360917116,MIL,CHC,2016-09-17T20:05Z,11,3,Chicago
360917105,DET,CLE,2016-09-17T20:10Z,0,1,Cleveland
360917317,PIT,CIN,2016-09-17T22:10Z,7,3,Cincinnati
360917101,TB,BAL,2016-09-17T23:05Z,5,2,Baltimore
360917122,MIA,PHI,2016-09-17T23:05Z,0,8,Philadelphia
360917121,MIN,NYM,2016-09-17T23:10Z,2,3,Queens
360917107,CHW,KC,2016-09-17T23:15Z,2,3,Kansas City
360917113,OAK,TEX,2016-09-18T00:05Z,11,2,Arlington
360917127,SD,COL,2016-09-18T00:10Z,0,8,Denver
360917129,LAD,ARI,2016-09-18T00:10Z,6,2,Phoenix
360917103,TOR,LAA,2016-09-18T01:05Z,1,6,Anaheim
360917126,STL,SF,2016-09-18T01:05Z,3,2,San Francisco
360917112,HOU,SEA,2016-09-18T01:10Z,2,1,Seattle
360918105,DET,CLE,2016-09-18T17:10Z,9,5,Cleveland
360918117,PIT,CIN,2016-09-18T17:10Z,4,7,Cincinnati
360918121,MIN,NYM,2016-09-18T17:10Z,2,3,Queens
360918101,TB,BAL,2016-09-18T17:35Z,1,2,Baltimore
360918115,WSH,ATL,2016-09-18T17:35Z,2,6,Atlanta
360918122,MIA,PHI,2016-09-18T17:35Z,5,4,Philadelphia
360918107,CHW,KC,2016-09-18T18:15Z,3,10,Kansas City
360918116,MIL,CHC,2016-09-18T18:20Z,3,1,Chicago
360918113,OAK,TEX,2016-09-18T19:05Z,5,2,Arlington
360918103,TOR,LAA,2016-09-18T19:35Z,0,4,Anaheim
360918126,STL,SF,2016-09-18T20:05Z,3,0,San Francisco
360918112,HOU,SEA,2016-09-18T20:10Z,3,7,Seattle
360918127,SD,COL,2016-09-18T20:10Z,3,6,Denver
360918129,LAD,ARI,2016-09-18T20:10Z,9,10,Phoenix
360918102,NYY,BOS,2016-09-19T00:00Z,4,5,Boston
360919107,CHW,KC,2016-09-19T18:15Z,3,8,Kansas City
360919101,BOS,BAL,2016-09-19T23:05Z,5,2,Baltimore
360919121,ATL,NYM,2016-09-19T23:10Z,7,3,Queens
360919128,WSH,MIA,2016-09-19T23:10Z,3,4,Miami
360919113,LAA,TEX,2016-09-20T00:05Z,2,3,Arlington
360919116,CIN,CHC,2016-09-20T00:05Z,2,5,Chicago
360919127,STL,COL,2016-09-20T00:40Z,5,3,Denver
360919111,HOU,OAK,2016-09-20T02:05Z,4,2,Oakland
360919112,TOR,SEA,2016-09-20T02:10Z,3,2,Seattle
360919119,SF,LAD,2016-09-20T02:10Z,1,2,Los Angeles
360919125,ARI,SD,2016-09-20T02:10Z,2,3,San Diego
360920101,BOS,BAL,2016-09-20T23:05Z,5,2,Baltimore
360920122,CHW,PHI,2016-09-20T23:05Z,6,7,Philadelphia
360920105,KC,CLE,2016-09-20T23:10Z,1,2,Cleveland
360920121,ATL,NYM,2016-09-20T23:10Z,5,4,Queens
360920128,WSH,MIA,2016-09-20T23:10Z,0,1,Miami
360920130,NYY,TB,2016-09-20T23:10Z,5,3,St. Petersburg
360920113,LAA,TEX,2016-09-21T00:05Z,4,5,Arlington
360920116,CIN,CHC,2016-09-21T00:05Z,1,6,Chicago
360920108,PIT,MIL,2016-09-21T00:10Z,6,3,Milwaukee
360920109,DET,MIN,2016-09-21T00:10Z,8,1,Minneapolis
360920127,STL,COL,2016-09-21T00:40Z,10,5,Denver
360920119,SF,LAD,2016-09-21T02:00Z,2,0,Los Angeles
360920111,HOU,OAK,2016-09-21T02:05Z,2,1,Oakland
360920112,TOR,SEA,2016-09-21T02:10Z,10,2,Seattle
360920125,ARI,SD,2016-09-21T02:10Z,2,5,San Diego
360921127,STL,COL,2016-09-21T19:10Z,1,11,Denver
360921111,HOU,OAK,2016-09-21T19:35Z,6,5,Oakland
360921112,TOR,SEA,2016-09-21T19:40Z,1,2,Seattle
360921101,BOS,BAL,2016-09-21T23:00Z,5,1,Baltimore
360921122,CHW,PHI,2016-09-21T23:05Z,3,8,Philadelphia
360921105,KC,CLE,2016-09-21T23:10Z,3,4,Cleveland
360921121,ATL,NYM,2016-09-21T23:10Z,4,3,Queens
360921128,WSH,MIA,2016-09-21T23:10Z,8,3,Miami
360921130,NYY,TB,2016-09-21T23:10Z,11,5,St. Petersburg
360921113,LAA,TEX,2016-09-22T00:05Z,5,4,Arlington
360921116,CIN,CHC,2016-09-22T00:05Z,2,9,Chicago
360921108,PIT,MIL,2016-09-22T00:10Z,4,1,Milwaukee
360921125,ARI,SD,2016-09-22T01:10Z,3,2,San Diego
360921119,SF,LAD,2016-09-22T02:00Z,3,9,Los Angeles
360922209,DET,MIN,2016-09-22T18:10Z,9,2,Minneapolis
360922101,BOS,BAL,2016-09-22T23:05Z,5,3,Baltimore
360922105,KC,CLE,2016-09-22T23:10Z,2,5,Cleveland
360922121,PHI,NYM,2016-09-22T23:10Z,8,9,Queens
360922128,ATL,MIA,2016-09-22T23:10Z,6,3,Miami
360922130,NYY,TB,2016-09-22T23:10Z,0,2,St. Petersburg
360922108,PIT,MIL,2016-09-23T00:10Z,1,3,Milwaukee
360922118,LAA,HOU,2016-09-23T00:10Z,2,0,Houston
360922309,DET,MIN,2016-09-23T00:10Z,4,2,Minneapolis
360922119,COL,LAD,2016-09-23T02:10Z,4,7,Los Angeles
360922125,SF,SD,2016-09-23T02:10Z,2,1,San Diego
360923116,STL,CHC,2016-09-23T18:00Z,0,5,Chicago
360923114,NYY,TOR,2016-09-23T23:00Z,0,9,Toronto
360923101,ARI,BAL,2016-09-23T23:05Z,2,3,Baltimore
360923123,WSH,PIT,2016-09-23T23:05Z,5,6,Pittsburgh
360923105,CHW,CLE,2016-09-23T23:10Z,4,10,Cleveland
360923106,KC,DET,2016-09-23T23:10Z,3,8,Detroit
360923121,PHI,NYM,2016-09-23T23:10Z,5,10,Queens
360923128,ATL,MIA,2016-09-23T23:10Z,3,2,Miami
360923130,BOS,TB,2016-09-23T23:10Z,2,1,St. Petersburg
360923108,CIN,MIL,2016-09-24T00:10Z,4,5,Milwaukee
360923109,SEA,MIN,2016-09-24T00:10Z,10,1,Minneapolis
360923118,LAA,HOU,2016-09-24T00:10Z,10,6,Houston
360923111,TEX,OAK,2016-09-24T01:35Z,3,0,Oakland
360923119,COL,LAD,2016-09-24T02:10Z,2,5,Los Angeles
360923125,SF,SD,2016-09-24T02:40Z,2,7,San Diego
360924106,KC,DET,2016-09-24T17:05Z,7,4,Detroit
360924116,STL,CHC,2016-09-24T17:05Z,10,4,Chicago
360924111,TEX,OAK,2016-09-24T20:05Z,5,0,Oakland
360924114,NYY,TOR,2016-09-24T20:07Z,0,3,Toronto
360924130,BOS,TB,2016-09-24T22:10Z,6,4,St. Petersburg
360924101,ARI,BAL,2016-09-24T23:05Z,1,6,Baltimore
360924123,WSH,PIT,2016-09-24T23:05Z,6,1,Pittsburgh
360924105,CHW,CLE,2016-09-24T23:10Z,8,1,Cleveland
360924108,CIN,MIL,2016-09-24T23:10Z,6,1,Milwaukee
360924109,SEA,MIN,2016-09-24T23:10Z,2,3,Minneapolis
360924118,LAA,HOU,2016-09-24T23:10Z,10,4,Houston
360924121,PHI,NYM,2016-09-24T23:10Z,10,8,Queens
360924128,ATL,MIA,2016-09-24T23:10Z,4,6,Miami
360924125,SF,SD,2016-09-25T00:40Z,9,6,San Diego
360924119,COL,LAD,2016-09-25T01:10Z,1,14,Los Angeles
360925114,NYY,TOR,2016-09-25T17:07Z,3,4,Toronto
360925105,CHW,CLE,2016-09-25T17:10Z,3,0,Cleveland
360925106,KC,DET,2016-09-25T17:10Z,12,9,Detroit
360925121,PHI,NYM,2016-09-25T17:10Z,0,17,Queens
360925128,ATL,MIA,2016-09-25T17:10Z,0,0,Miami
360925130,BOS,TB,2016-09-25T17:10Z,3,2,St. Petersburg
360925101,ARI,BAL,2016-09-25T17:35Z,1,2,Baltimore
360925123,WSH,PIT,2016-09-25T17:35Z,10,7,Pittsburgh
360925108,CIN,MIL,2016-09-25T18:10Z,4,2,Milwaukee
360925109,SEA,MIN,2016-09-25T18:10Z,4,3,Minneapolis
360925118,LAA,HOU,2016-09-25T18:10Z,1,4,Houston
360925111,TEX,OAK,2016-09-25T20:05Z,1,7,Oakland
360925119,COL,LAD,2016-09-25T20:10Z,3,4,Los Angeles
360925125,SF,SD,2016-09-25T20:40Z,3,4,San Diego
360925116,STL,CHC,2016-09-26T00:00Z,1,3,Chicago
360926120,ARI,WSH,2016-09-26T23:05Z,14,4,Washington
360926123,CHC,PIT,2016-09-26T23:05Z,12,2,Pittsburgh
360926114,NYY,TOR,2016-09-26T23:07Z,7,5,Toronto
360926106,CLE,DET,2016-09-26T23:10Z,7,4,Detroit
360926128,NYM,MIA,2016-09-26T23:10Z,3,7,Miami
360926113,MIL,TEX,2016-09-27T00:05Z,8,3,Arlington
360926104,TB,CHW,2016-09-27T00:10Z,1,7,Chicago
360926118,SEA,HOU,2016-09-27T00:10Z,4,3,Houston
360926124,CIN,STL,2016-09-27T00:15Z,15,2,St. Louis
360926103,OAK,LAA,2016-09-27T02:05Z,1,2,Anaheim
360927110,BOS,NYY,2016-09-27T23:00Z,4,6,Bronx
360927120,ARI,WSH,2016-09-27T23:05Z,2,4,Washington
360927123,CHC,PIT,2016-09-27T23:05Z,6,4,Pittsburgh
360927114,BAL,TOR,2016-09-27T23:07Z,1,5,Toronto
360927106,CLE,DET,2016-09-27T23:10Z,0,12,Detroit
360927115,PHI,ATL,2016-09-27T23:10Z,6,7,Atlanta
360927128,NYM,MIA,2016-09-27T23:10Z,12,1,Miami
360927107,MIN,KC,2016-09-27T23:15Z,3,4,Kansas City
360927113,MIL,TEX,2016-09-28T00:05Z,4,6,Arlington
360927104,TB,CHW,2016-09-28T00:10Z,6,13,Chicago
360927118,SEA,HOU,2016-09-28T00:10Z,4,8,Houston
360927124,CIN,STL,2016-09-28T00:15Z,5,12,St. Louis
360927103,OAK,LAA,2016-09-28T02:05Z,1,8,Anaheim
360927125,LAD,SD,2016-09-28T02:10Z,1,7,San Diego
360927126,COL,SF,2016-09-28T02:15Z,3,12,San Francisco
360928118,SEA,HOU,2016-09-28T18:10Z,12,4,Houston
360928106,CLE,DET,2016-09-28T23:00Z,3,6,Detroit
360928110,BOS,NYY,2016-09-28T23:05Z,3,5,Bronx
360928120,ARI,WSH,2016-09-28T23:05Z,3,0,Washington
360928123,CHC,PIT,2016-09-28T23:05Z,4,8,Pittsburgh
360928114,BAL,TOR,2016-09-28T23:07Z,3,2,Toronto
360928115,PHI,ATL,2016-09-28T23:10Z,2,12,Atlanta
360928128,NYM,MIA,2016-09-28T23:10Z,5,2,Miami
360928107,MIN,KC,2016-09-28T23:15Z,2,5,Kansas City
360928113,MIL,TEX,2016-09-29T00:05Z,5,8,Arlington
360928104,TB,CHW,2016-09-29T00:10Z,0,1,Chicago
360928124,CIN,STL,2016-09-29T00:15Z,2,1,St. Louis
360928126,COL,SF,2016-09-29T02:00Z,2,0,San Francisco
360928103,OAK,LAA,2016-09-29T02:05Z,6,8,Anaheim
360928125,LAD,SD,2016-09-29T02:10Z,5,6,San Diego
360929106,CLE,DET,2016-09-29T17:00Z,0,0,Detroit
360929120,ARI,WSH,2016-09-29T17:05Z,3,5,Washington
360929110,BOS,NYY,2016-09-29T23:05Z,1,5,Bronx
360929123,CHC,PIT,2016-09-29T23:05Z,1,1,Pittsburgh
360929114,BAL,TOR,2016-09-29T23:07Z,4,0,Toronto
360929115,PHI,ATL,2016-09-29T23:10Z,2,5,Atlanta
360929107,MIN,KC,2016-09-29T23:15Z,7,6,Kansas City
360929124,CIN,STL,2016-09-29T23:15Z,3,4,St. Louis
360929104,TB,CHW,2016-09-30T00:10Z,5,3,Chicago
360929125,LAD,SD,2016-09-30T01:10Z,9,4,San Diego
360929112,OAK,SEA,2016-09-30T02:10Z,2,3,Seattle
360929126,COL,SF,2016-09-30T02:15Z,2,7,San Francisco
360930102,TOR,BOS,2016-09-30T23:00Z,3,5,Boston
360930110,BAL,NYY,2016-09-30T23:05Z,8,1,Bronx
360930120,MIA,WSH,2016-09-30T23:05Z,7,4,Washington
360930122,NYM,PHI,2016-09-30T23:05Z,5,1,Philadelphia
360930117,CHC,CIN,2016-09-30T23:10Z,7,3,Cincinnati
360930115,DET,ATL,2016-09-30T23:35Z,6,2,Atlanta
360930113,TB,TEX,2016-10-01T00:05Z,1,3,Arlington
360930104,MIN,CHW,2016-10-01T00:10Z,3,7,Chicago
360930127,MIL,COL,2016-10-01T00:10Z,1,4,Denver
360930107,CLE,KC,2016-10-01T00:15Z,7,2,Kansas City
360930124,PIT,STL,2016-10-01T00:15Z,0,7,St. Louis
360930129,SD,ARI,2016-10-01T01:40Z,3,5,Phoenix
360930103,HOU,LAA,2016-10-01T02:05Z,1,7,Anaheim
360930112,OAK,SEA,2016-10-01T02:10Z,1,5,Seattle
360930126,LAD,SF,2016-10-01T02:15Z,3,9,San Francisco
361001122,NYM,PHI,2016-10-01T17:05Z,5,3,Philadelphia
361001124,PIT,STL,2016-10-01T17:05Z,3,4,St. Louis
361001110,BAL,NYY,2016-10-01T20:05Z,3,7,Bronx
361001120,MIA,WSH,2016-10-01T20:05Z,1,2,Washington
361001126,LAD,SF,2016-10-01T20:05Z,0,3,San Francisco
361001117,CHC,CIN,2016-10-01T20:10Z,4,7,Cincinnati
361001107,CLE,KC,2016-10-01T20:15Z,6,3,Kansas City
361001102,TOR,BOS,2016-10-01T23:10Z,4,3,Boston
361001104,MIN,CHW,2016-10-01T23:10Z,6,0,Chicago
361001115,DET,ATL,2016-10-01T23:10Z,3,5,Atlanta
361001113,TB,TEX,2016-10-02T00:05Z,4,1,Arlington
361001127,MIL,COL,2016-10-02T00:10Z,4,3,Denver
361001129,SD,ARI,2016-10-02T00:10Z,5,9,Phoenix
361001103,HOU,LAA,2016-10-02T01:05Z,3,0,Anaheim
361001112,OAK,SEA,2016-10-02T01:10Z,9,8,Seattle
361002102,TOR,BOS,2016-10-02T19:05Z,2,1,Boston
361002103,HOU,LAA,2016-10-02T19:05Z,1,8,Anaheim
361002110,BAL,NYY,2016-10-02T19:05Z,5,2,Bronx
361002113,TB,TEX,2016-10-02T19:05Z,6,4,Arlington
361002120,MIA,WSH,2016-10-02T19:05Z,7,10,Washington
361002122,NYM,PHI,2016-10-02T19:05Z,2,5,Philadelphia
361002126,LAD,SF,2016-10-02T19:05Z,1,7,San Francisco
361002104,MIN,CHW,2016-10-02T19:10Z,6,3,Chicago
361002112,OAK,SEA,2016-10-02T19:10Z,3,2,Seattle
361002115,DET,ATL,2016-10-02T19:10Z,0,1,Atlanta
361002117,CHC,CIN,2016-10-02T19:10Z,7,4,Cincinnati
361002127,MIL,COL,2016-10-02T19:10Z,6,4,Denver
361002129,SD,ARI,2016-10-02T19:10Z,2,3,Phoenix
361002107,CLE,KC,2016-10-02T19:15Z,3,2,Kansas City
361002124,PIT,STL,2016-10-02T19:15Z,4,10,St. Louis
361004114,BAL,TOR,2016-10-05T00:00Z,2,5,Toronto
361005121,SF,NYM,2016-10-06T00:00Z,3,0,Queens
361006113,TOR,TEX,2016-10-06T20:30Z,10,1,Arlington
361006105,BOS,CLE,2016-10-07T00:00Z,4,5,Cleveland
361007113,TOR,TEX,2016-10-07T17:00Z,5,3,Arlington
361007105,BOS,CLE,2016-10-07T20:30Z,0,6,Cleveland
361007120,LAD,WSH,2016-10-07T21:30Z,4,3,Washington
361007116,SF,CHC,2016-10-08T01:00Z,0,1,Chicago
361008116,SF,CHC,2016-10-09T00:00Z,2,5,Chicago
361009120,LAD,WSH,2016-10-09T17:00Z,2,5,Washington
361009114,TEX,TOR,2016-10-09T23:30Z,6,7,Toronto
361010119,WSH,LAD,2016-10-10T20:00Z,8,3,Los Angeles
361010102,CLE,BOS,2016-10-10T22:00Z,4,3,Boston
361010126,CHC,SF,2016-10-11T01:30Z,5,6,San Francisco
361011119,WSH,LAD,2016-10-11T21:00Z,5,6,Los Angeles
361011126,CHC,SF,2016-10-12T00:30Z,6,5,San Francisco
361013120,LAD,WSH,2016-10-14T00:00Z,4,3,Washington
361014105,TOR,CLE,2016-10-15T00:00Z,0,2,Cleveland
361015105,TOR,CLE,2016-10-15T20:00Z,1,2,Cleveland
361015116,LAD,CHC,2016-10-16T00:00Z,4,8,Chicago
361016116,LAD,CHC,2016-10-17T00:00Z,1,0,Chicago
361017114,CLE,TOR,2016-10-18T00:00Z,4,2,Toronto
361018114,CLE,TOR,2016-10-18T20:00Z,1,5,Toronto
361018119,CHC,LAD,2016-10-19T00:00Z,0,6,Los Angeles
361019114,CLE,TOR,2016-10-19T20:00Z,3,0,Toronto
361019119,CHC,LAD,2016-10-20T00:00Z,10,2,Los Angeles
361020119,CHC,LAD,2016-10-21T00:00Z,8,4,Los Angeles
361022116,LAD,CHC,2016-10-23T00:00Z,0,5,Chicago
361025105,CHC,CLE,2016-10-26T00:00Z,0,6,Cleveland
361026105,CHC,CLE,2016-10-26T23:00Z,5,1,Cleveland
361028116,CLE,CHC,2016-10-29T00:00Z,1,0,Chicago
361029116,CLE,CHC,2016-10-30T00:00Z,7,2,Chicago
361030116,CLE,CHC,2016-10-31T00:00Z,2,3,Chicago
361101105,CHC,CLE,2016-11-02T00:00Z,9,3,Cleveland
361102105,CHC,CLE,2016-11-03T00:00Z,8,7,Cleveland
370402130,NYY,TB,2017-04-02T17:00Z,3,7,St. Petersburg
370402129,SF,ARI,2017-04-02T20:00Z,5,6,Phoenix
370402124,CHC,STL,2017-04-03T00:30Z,3,4,St. Louis
370403121,ATL,NYM,2017-04-03T17:00Z,0,6,Queens
400905593,ATL,NYM,2017-04-03T17:00Z,0,6,Queens
370403120,MIA,WSH,2017-04-03T17:05Z,2,4,Washington
370403102,PIT,BOS,2017-04-03T18:05Z,3,5,Boston
370403108,COL,MIL,2017-04-03T18:10Z,7,5,Milwaukee
400905596,COL,MIL,2017-04-03T18:10Z,7,5,Milwaukee
370403101,TOR,BAL,2017-04-03T19:05Z,2,3,Baltimore
370403119,SD,LAD,2017-04-03T20:00Z,3,14,Los Angeles
370403109,KC,MIN,2017-04-03T20:10Z,1,7,Minneapolis
370403117,PHI,CIN,2017-04-03T20:10Z,4,3,Cincinnati
370403113,CLE,TEX,2017-04-03T23:00Z,8,5,Arlington
370403118,SEA,HOU,2017-04-04T00:10Z,0,3,Houston
400905603,SEA,HOU,2017-04-04T00:10Z,0,3,Houston
370403111,LAA,OAK,2017-04-04T02:00Z,2,4,Oakland
370404104,DET,CHW,2017-04-04T18:10Z,6,3,Chicago
370404130,NYY,TB,2017-04-04T23:10Z,5,0,St. Petersburg
370404108,COL,MIL,2017-04-04T23:40Z,6,5,Milwaukee
370404113,CLE,TEX,2017-04-05T00:05Z,4,3,Arlington
370404118,SEA,HOU,2017-04-05T00:10Z,1,2,Houston
370404124,CHC,STL,2017-04-05T00:15Z,2,1,St. Louis
400905614,CHC,STL,2017-04-05T00:15Z,2,1,St. Louis
370404129,SF,ARI,2017-04-05T01:40Z,8,4,Phoenix
370404111,LAA,OAK,2017-04-05T02:05Z,7,6,Oakland
370404119,SD,LAD,2017-04-05T02:10Z,4,0,Los Angeles
370405109,KC,MIN,2017-04-05T17:10Z,1,9,Minneapolis
370405101,TOR,BAL,2017-04-05T23:05Z,1,3,Baltimore
370405120,MIA,WSH,2017-04-05T23:05Z,4,6,Washington
370405102,PIT,BOS,2017-04-05T23:10Z,0,3,Boston
370405121,ATL,NYM,2017-04-05T23:10Z,3,1,Queens
370405130,NYY,TB,2017-04-05T23:10Z,1,4,St. Petersburg
370405117,PHI,CIN,2017-04-06T00:00Z,0,2,Cincinnati
370405113,CLE,TEX,2017-04-06T00:05Z,9,6,Arlington
370405108,COL,MIL,2017-04-06T00:10Z,1,6,Milwaukee
370405118,SEA,HOU,2017-04-06T00:10Z,3,5,Houston
370405129,SF,ARI,2017-04-06T01:40Z,6,8,Phoenix
370405111,LAA,OAK,2017-04-06T02:05Z,5,0,Oakland
370405119,SD,LAD,2017-04-06T02:10Z,1,3,Los Angeles
370406117,PHI,CIN,2017-04-06T16:35Z,4,7,Cincinnati
370406109,KC,MIN,2017-04-06T17:10Z,3,5,Minneapolis
370406108,COL,MIL,2017-04-06T17:40Z,2,1,Milwaukee
370406124,CHC,STL,2017-04-06T17:45Z,6,4,St. Louis
370406104,DET,CHW,2017-04-06T18:10Z,2,11,Chicago
370406119,SD,LAD,2017-04-06T19:10Z,2,10,Los Angeles
370406111,LAA,OAK,2017-04-06T19:35Z,1,5,Oakland
370406120,MIA,WSH,2017-04-06T20:05Z,4,3,Washington
370406121,ATL,NYM,2017-04-06T23:10Z,2,6,Queens
370406130,TOR,TB,2017-04-06T23:10Z,5,2,St. Petersburg
370406118,SEA,HOU,2017-04-07T00:10Z,4,2,Houston
370406129,SF,ARI,2017-04-07T01:40Z,3,9,Phoenix
370407123,ATL,PIT,2017-04-07T17:05Z,4,5,Pittsburgh
370407106,BOS,DET,2017-04-07T17:10Z,5,6,Detroit
370407122,WSH,PHI,2017-04-07T19:05Z,7,6,Philadelphia
370407127,LAD,COL,2017-04-07T20:10Z,1,2,Denver
370407125,SF,SD,2017-04-07T22:40Z,6,7,San Diego
370407101,NYY,BAL,2017-04-07T23:05Z,5,6,Baltimore
370407121,MIA,NYM,2017-04-07T23:10Z,7,2,Queens
370407130,TOR,TB,2017-04-07T23:10Z,8,10,St. Petersburg
370407113,OAK,TEX,2017-04-08T00:05Z,5,10,Arlington
370407104,MIN,CHW,2017-04-08T00:10Z,3,1,Chicago
370407108,CHC,MIL,2017-04-08T00:10Z,1,2,Milwaukee
370407118,KC,HOU,2017-04-08T00:10Z,5,1,Houston
370407124,CIN,STL,2017-04-08T00:15Z,2,0,St. Louis
370407129,CLE,ARI,2017-04-08T01:40Z,3,7,Phoenix
370407103,SEA,LAA,2017-04-08T02:07Z,1,5,Anaheim
370408106,BOS,DET,2017-04-08T17:10Z,1,4,Detroit
370408104,MIN,CHW,2017-04-08T18:10Z,2,6,Chicago
370408124,CIN,STL,2017-04-08T18:15Z,4,10,St. Louis
370408101,NYY,BAL,2017-04-08T20:05Z,4,5,Baltimore
370408130,TOR,TB,2017-04-08T22:10Z,2,3,St. Petersburg
370408122,WSH,PHI,2017-04-08T23:05Z,3,17,Philadelphia
370408123,ATL,PIT,2017-04-08T23:05Z,4,6,Pittsburgh
370408108,CHC,MIL,2017-04-08T23:10Z,11,6,Milwaukee
370408118,KC,HOU,2017-04-08T23:10Z,7,3,Houston
370408121,MIA,NYM,2017-04-08T23:10Z,8,1,Queens
370408113,OAK,TEX,2017-04-09T00:05Z,6,1,Arlington
370408127,LAD,COL,2017-04-09T00:10Z,2,4,Denver
370408129,CLE,ARI,2017-04-09T00:10Z,2,11,Phoenix
370408125,SF,SD,2017-04-09T00:40Z,1,2,San Diego
370408103,SEA,LAA,2017-04-09T02:07Z,4,5,Anaheim
370409106,BOS,DET,2017-04-09T17:10Z,7,5,Detroit
370409130,TOR,TB,2017-04-09T17:10Z,2,7,St. Petersburg
370409101,NYY,BAL,2017-04-09T17:35Z,7,3,Baltimore
370409122,WSH,PHI,2017-04-09T17:35Z,3,4,Philadelphia
370409123,ATL,PIT,2017-04-09T17:35Z,5,6,Pittsburgh
370409104,MIN,CHW,2017-04-09T18:10Z,4,1,Chicago
370409108,CHC,MIL,2017-04-09T18:10Z,7,4,Milwaukee
370409118,KC,HOU,2017-04-09T18:10Z,4,5,Houston
370409124,CIN,STL,2017-04-09T18:15Z,8,0,St. Louis
370409113,OAK,TEX,2017-04-09T19:05Z,1,8,Arlington
370409127,LAD,COL,2017-04-09T19:10Z,10,6,Denver
370409103,SEA,LAA,2017-04-09T19:37Z,9,10,Anaheim
400905681,SEA,LAA,2017-04-09T19:37Z,9,10,Anaheim
370409129,CLE,ARI,2017-04-09T20:10Z,2,3,Phoenix
370409125,SF,SD,2017-04-09T20:40Z,5,3,San Diego
370409121,MIA,NYM,2017-04-10T00:00Z,2,5,Queens
370410110,TB,NYY,2017-04-10T17:05Z,1,8,Bronx
370410106,BOS,DET,2017-04-10T17:10Z,1,2,Detroit
370410107,OAK,KC,2017-04-10T20:15Z,2,0,Kansas City
370410126,ARI,SF,2017-04-10T20:35Z,1,4,San Francisco
370410112,HOU,SEA,2017-04-10T21:10Z,0,6,Seattle
370410120,STL,WSH,2017-04-10T23:05Z,6,14,Washington
370410122,NYM,PHI,2017-04-10T23:05Z,4,3,Philadelphia
370410123,CIN,PIT,2017-04-10T23:05Z,7,1,Pittsburgh
370410116,LAD,CHC,2017-04-11T00:00Z,2,3,Chicago
370410127,SD,COL,2017-04-11T00:40Z,5,3,Denver
370411106,MIN,DET,2017-04-11T17:10Z,1,2,Detroit
370411105,CHW,CLE,2017-04-11T20:10Z,1,2,Cleveland
370411120,STL,WSH,2017-04-11T23:00Z,3,8,Washington
370411122,NYM,PHI,2017-04-11T23:05Z,14,4,Philadelphia
370411123,CIN,PIT,2017-04-11T23:05Z,6,2,Pittsburgh
370411114,MIL,TOR,2017-04-11T23:07Z,4,3,Toronto
370411102,BAL,BOS,2017-04-11T23:10Z,1,8,Boston
370411128,ATL,MIA,2017-04-11T23:10Z,4,8,Miami
370411127,SD,COL,2017-04-12T00:40Z,2,3,Denver
370411103,TEX,LAA,2017-04-12T02:07Z,5,6,Anaheim
370411112,HOU,SEA,2017-04-12T02:10Z,7,5,Seattle
370411126,ARI,SF,2017-04-12T02:15Z,4,3,San Francisco
370412110,TB,NYY,2017-04-12T17:05Z,4,8,Bronx
370412106,MIN,DET,2017-04-12T17:10Z,3,5,Detroit
370412127,SD,COL,2017-04-12T19:10Z,6,0,Denver
370412120,STL,WSH,2017-04-12T20:05Z,6,1,Washington
370412105,CHW,CLE,2017-04-12T22:10Z,2,1,Cleveland
400905710,CHW,CLE,2017-04-12T22:10Z,2,1,Cleveland
370412122,NYM,PHI,2017-04-12T23:05Z,5,4,Philadelphia
370412123,CIN,PIT,2017-04-12T23:05Z,9,2,Pittsburgh
370412114,MIL,TOR,2017-04-12T23:07Z,2,0,Toronto
370412102,BAL,BOS,2017-04-12T23:10Z,12,5,Boston
370412128,ATL,MIA,2017-04-12T23:10Z,5,4,Miami
370412116,LAD,CHC,2017-04-13T00:05Z,2,0,Chicago
370412107,OAK,KC,2017-04-13T00:15Z,8,3,Kansas City
370412103,TEX,LAA,2017-04-13T02:07Z,8,3,Anaheim
370412112,HOU,SEA,2017-04-13T02:10Z,10,5,Seattle
370412126,ARI,SF,2017-04-13T02:15Z,2,6,San Francisco
370413106,MIN,DET,2017-04-13T17:10Z,11,5,Detroit
370413102,PIT,BOS,2017-04-13T18:05Z,3,4,Boston
370413116,LAD,CHC,2017-04-13T18:20Z,0,4,Chicago
370413103,TEX,LAA,2017-04-13T19:37Z,8,3,Anaheim
370413105,CHW,CLE,2017-04-13T22:10Z,10,4,Cleveland
370413110,TB,NYY,2017-04-13T23:05Z,2,3,Bronx
370413114,BAL,TOR,2017-04-13T23:07Z,2,1,Toronto
370413117,MIL,CIN,2017-04-13T23:10Z,5,1,Cincinnati
370413128,NYM,MIA,2017-04-13T23:10Z,9,8,Miami
370413107,OAK,KC,2017-04-14T00:15Z,1,3,Kansas City
370413126,COL,SF,2017-04-14T02:15Z,3,1,San Francisco
370414116,PIT,CHC,2017-04-14T18:20Z,4,2,Chicago
370414120,PHI,WSH,2017-04-14T20:05Z,2,3,Washington
370414110,STL,NYY,2017-04-14T23:05Z,3,4,Bronx
370414114,BAL,TOR,2017-04-14T23:07Z,6,4,Toronto
370414102,TB,BOS,2017-04-14T23:10Z,10,5,Boston
370414105,DET,CLE,2017-04-14T23:10Z,7,6,Cleveland
370414117,MIL,CIN,2017-04-14T23:10Z,10,4,Cincinnati
370414128,NYM,MIA,2017-04-14T23:10Z,2,3,Miami
370414115,SD,ATL,2017-04-14T23:35Z,2,5,Atlanta
370414109,CHW,MIN,2017-04-15T00:10Z,2,1,Minneapolis
370414107,LAA,KC,2017-04-15T00:15Z,1,7,Kansas City
370414111,HOU,OAK,2017-04-15T02:05Z,7,2,Oakland
370414112,TEX,SEA,2017-04-15T02:10Z,1,2,Seattle
370414119,ARI,LAD,2017-04-15T02:10Z,1,7,Los Angeles
370414126,COL,SF,2017-04-15T02:15Z,2,8,San Francisco
370415110,STL,NYY,2017-04-15T17:05Z,2,3,Bronx
370415120,PHI,WSH,2017-04-15T17:05Z,4,2,Washington
370415114,BAL,TOR,2017-04-15T17:07Z,1,2,Toronto
370415117,MIL,CIN,2017-04-15T17:10Z,5,7,Cincinnati
370415109,CHW,MIN,2017-04-15T18:10Z,0,6,Minneapolis
370415116,PIT,CHC,2017-04-15T18:20Z,8,7,Chicago
370415102,TB,BOS,2017-04-15T20:05Z,1,2,Boston
370415111,HOU,OAK,2017-04-15T20:05Z,10,6,Oakland
370415126,COL,SF,2017-04-15T20:05Z,5,0,San Francisco
370415105,DET,CLE,2017-04-15T20:10Z,6,13,Cleveland
370415115,SD,ATL,2017-04-15T23:10Z,2,4,Atlanta
370415128,NYM,MIA,2017-04-15T23:10Z,4,5,Miami
370415107,LAA,KC,2017-04-15T23:15Z,2,3,Kansas City
370415112,TEX,SEA,2017-04-16T01:10Z,0,5,Seattle
370415119,ARI,LAD,2017-04-16T01:10Z,4,8,Los Angeles
370416114,BAL,TOR,2017-04-16T17:07Z,11,4,Toronto
370416105,DET,CLE,2017-04-16T17:10Z,4,1,Cleveland
370416117,MIL,CIN,2017-04-16T17:10Z,4,2,Cincinnati
370416128,NYM,MIA,2017-04-16T17:10Z,2,4,Miami
370416102,TB,BOS,2017-04-16T17:35Z,5,7,Boston
370416115,SD,ATL,2017-04-16T17:35Z,2,9,Atlanta
370416120,PHI,WSH,2017-04-16T17:35Z,4,6,Washington
370416107,LAA,KC,2017-04-16T18:15Z,0,1,Kansas City
370416116,PIT,CHC,2017-04-16T18:20Z,6,1,Chicago
370416126,COL,SF,2017-04-16T20:05Z,4,3,San Francisco
370416109,CHW,MIN,2017-04-16T20:10Z,3,1,Minneapolis
370416112,TEX,SEA,2017-04-16T20:10Z,7,8,Seattle
370416119,ARI,LAD,2017-04-16T20:10Z,3,1,Los Angeles
370416110,STL,NYY,2017-04-17T00:00Z,3,9,Bronx
370417102,TB,BOS,2017-04-17T15:05Z,3,4,Boston
370417124,PIT,STL,2017-04-17T23:00Z,1,2,St. Louis
370417110,CHW,NYY,2017-04-17T23:05Z,4,7,Bronx
370417115,SD,ATL,2017-04-17T23:35Z,4,5,Atlanta
370417116,MIL,CHC,2017-04-18T00:05Z,6,3,Chicago
370417109,CLE,MIN,2017-04-18T00:10Z,3,1,Minneapolis
370417118,LAA,HOU,2017-04-18T00:10Z,0,3,Houston
400905777,LAA,HOU,2017-04-18T00:10Z,0,3,Houston
370417111,TEX,OAK,2017-04-18T02:05Z,7,0,Oakland
370417112,MIA,SEA,2017-04-18T02:10Z,1,6,Seattle
370417119,ARI,LAD,2017-04-18T02:10Z,4,2,Los Angeles
370418110,CHW,NYY,2017-04-18T23:05Z,4,1,Bronx
370418114,BOS,TOR,2017-04-18T23:07Z,8,7,Toronto
370418117,BAL,CIN,2017-04-18T23:10Z,3,9,Cincinnati
370418121,PHI,NYM,2017-04-18T23:10Z,6,2,Queens
370418130,DET,TB,2017-04-18T23:10Z,1,5,St. Petersburg
370418115,WSH,ATL,2017-04-18T23:35Z,3,1,Atlanta
370418116,MIL,CHC,2017-04-19T00:05Z,7,9,Chicago
370418109,CLE,MIN,2017-04-19T00:10Z,11,4,Minneapolis
370418118,LAA,HOU,2017-04-19T00:10Z,5,2,Houston
370418107,SF,KC,2017-04-19T00:15Z,2,1,Kansas City
370418124,PIT,STL,2017-04-19T00:15Z,1,2,St. Louis
370418111,TEX,OAK,2017-04-19T02:05Z,2,4,Oakland
370418112,MIA,SEA,2017-04-19T02:10Z,5,0,Seattle
370418119,COL,LAD,2017-04-19T02:10Z,4,3,Los Angeles
370418125,ARI,SD,2017-04-19T02:10Z,11,2,San Diego
370419124,PIT,STL,2017-04-19T17:45Z,1,2,St. Louis
370419116,MIL,CHC,2017-04-19T18:20Z,4,7,Chicago
370419111,TEX,OAK,2017-04-19T19:35Z,1,9,Oakland
370419112,MIA,SEA,2017-04-19T19:40Z,5,10,Seattle
370419110,CHW,NYY,2017-04-19T23:05Z,1,9,Bronx
370419114,BOS,TOR,2017-04-19T23:07Z,0,3,Toronto
370419117,BAL,CIN,2017-04-19T23:10Z,2,0,Cincinnati
370419121,PHI,NYM,2017-04-19T23:10Z,4,5,Queens
370419130,DET,TB,2017-04-19T23:10Z,7,8,St. Petersburg
370419115,WSH,ATL,2017-04-19T23:35Z,14,4,Atlanta
370419118,LAA,HOU,2017-04-20T00:10Z,1,5,Houston
370419107,SF,KC,2017-04-20T00:15Z,0,2,Kansas City
370419119,COL,LAD,2017-04-20T02:10Z,2,4,Los Angeles
370419125,ARI,SD,2017-04-20T02:10Z,0,1,San Diego
370420114,BOS,TOR,2017-04-20T16:37Z,4,1,Toronto
370420109,CLE,MIN,2017-04-20T17:10Z,6,2,Minneapolis
370420130,DET,TB,2017-04-20T17:10Z,1,8,St. Petersburg
370420118,LAA,HOU,2017-04-20T18:10Z,1,2,Houston
370420117,BAL,CIN,2017-04-20T23:10Z,2,1,Cincinnati
370420121,PHI,NYM,2017-04-20T23:10Z,6,4,Queens
370420115,WSH,ATL,2017-04-20T23:35Z,3,2,Atlanta
370420113,KC,TEX,2017-04-21T00:05Z,0,1,Arlington
370420108,STL,MIL,2017-04-21T00:10Z,5,7,Milwaukee
370420125,ARI,SD,2017-04-21T01:10Z,1,4,San Diego
370420111,SEA,OAK,2017-04-21T02:05Z,6,9,Oakland
370421101,BOS,BAL,2017-04-21T23:05Z,0,2,Baltimore
370421122,ATL,PHI,2017-04-21T23:05Z,3,4,Philadelphia
370421123,NYY,PIT,2017-04-21T23:05Z,3,6,Pittsburgh
370421117,CHC,CIN,2017-04-21T23:10Z,6,5,Cincinnati
370421121,WSH,NYM,2017-04-21T23:10Z,4,3,Queens
370421130,HOU,TB,2017-04-21T23:10Z,6,3,St. Petersburg
370421113,KC,TEX,2017-04-22T00:05Z,2,6,Arlington
370421104,CLE,CHW,2017-04-22T00:10Z,3,0,Chicago
370421108,STL,MIL,2017-04-22T00:10Z,6,3,Milwaukee
370421109,DET,MIN,2017-04-22T00:10Z,3,6,Minneapolis
370421127,SF,COL,2017-04-22T00:40Z,5,6,Denver
370421129,LAD,ARI,2017-04-22T01:40Z,5,13,Phoenix
370421111,SEA,OAK,2017-04-22T02:05Z,1,3,Oakland
370421103,TOR,LAA,2017-04-22T02:07Z,8,7,Anaheim
370421125,MIA,SD,2017-04-22T02:10Z,3,5,San Diego
370422117,CHC,CIN,2017-04-22T17:10Z,12,8,Cincinnati
370422109,DET,MIN,2017-04-22T18:10Z,5,4,Minneapolis
370422111,SEA,OAK,2017-04-22T20:05Z,3,4,Oakland
370422121,WSH,NYM,2017-04-22T20:05Z,3,1,Queens
370422123,NYY,PIT,2017-04-22T20:05Z,11,5,Pittsburgh
370422130,HOU,TB,2017-04-22T22:10Z,3,6,St. Petersburg
370422101,BOS,BAL,2017-04-22T23:05Z,2,4,Baltimore
370422122,ATL,PHI,2017-04-22T23:05Z,3,4,Philadelphia
370422104,CLE,CHW,2017-04-22T23:10Z,7,0,Chicago
370422108,STL,MIL,2017-04-22T23:10Z,4,1,Milwaukee
370422113,KC,TEX,2017-04-23T00:05Z,1,2,Arlington
370422127,SF,COL,2017-04-23T00:10Z,3,12,Denver
370422129,LAD,ARI,2017-04-23T00:10Z,5,11,Phoenix
370422125,MIA,SD,2017-04-23T00:40Z,6,3,San Diego
370422103,TOR,LAA,2017-04-23T01:07Z,4,5,Anaheim
370423117,CHC,CIN,2017-04-23T17:10Z,5,7,Cincinnati
370423130,HOU,TB,2017-04-23T17:10Z,6,4,St. Petersburg
370423101,BOS,BAL,2017-04-23T17:35Z,6,2,Baltimore
370423122,ATL,PHI,2017-04-23T17:35Z,2,5,Philadelphia
370423123,NYY,PIT,2017-04-23T17:35Z,1,2,Pittsburgh
370423104,CLE,CHW,2017-04-23T18:10Z,2,6,Chicago
370423108,STL,MIL,2017-04-23T18:10Z,6,4,Milwaukee
370423109,DET,MIN,2017-04-23T18:10Z,13,4,Minneapolis
370423113,KC,TEX,2017-04-23T19:05Z,2,5,Arlington
370423127,SF,COL,2017-04-23T19:10Z,0,8,Denver
370423103,TOR,LAA,2017-04-23T19:37Z,6,2,Anaheim
370423111,SEA,OAK,2017-04-23T20:05Z,11,1,Oakland
370423129,LAD,ARI,2017-04-23T20:10Z,6,2,Phoenix
370423125,MIA,SD,2017-04-23T20:40Z,7,3,San Diego
370423121,WSH,NYM,2017-04-24T00:00Z,6,3,Queens
370424123,CHC,PIT,2017-04-24T23:00Z,14,3,Pittsburgh
370424101,TB,BAL,2017-04-24T23:05Z,3,6,Baltimore
370424108,CIN,MIL,2017-04-24T23:40Z,7,11,Milwaukee
370424113,MIN,TEX,2017-04-25T00:05Z,3,2,Arlington
370424104,KC,CHW,2017-04-25T00:10Z,1,12,Chicago
370424127,WSH,COL,2017-04-25T00:40Z,4,8,Denver
370424129,SD,ARI,2017-04-25T01:40Z,6,7,Phoenix
370424103,TOR,LAA,2017-04-25T02:07Z,1,2,Anaheim
370424126,LAD,SF,2017-04-25T02:15Z,1,2,San Francisco
370425105,HOU,CLE,2017-04-25T22:10Z,4,2,Cleveland
370425101,TB,BAL,2017-04-25T23:05Z,2,0,Baltimore
370425123,CHC,PIT,2017-04-25T23:05Z,1,0,Pittsburgh
370425106,SEA,DET,2017-04-25T23:10Z,9,19,Detroit
370425108,CIN,MIL,2017-04-25T23:40Z,1,9,Milwaukee
370425113,MIN,TEX,2017-04-26T00:05Z,8,1,Arlington
370425104,KC,CHW,2017-04-26T00:10Z,5,10,Chicago
370425124,TOR,STL,2017-04-26T00:15Z,6,5,St. Louis
370425127,WSH,COL,2017-04-26T00:40Z,15,12,Denver
370425129,SD,ARI,2017-04-26T01:40Z,3,9,Phoenix
370425103,OAK,LAA,2017-04-26T02:07Z,1,2,Anaheim
370425126,LAD,SF,2017-04-26T02:15Z,2,1,San Francisco
370426108,CIN,MIL,2017-04-26T17:40Z,4,9,Milwaukee
370426104,KC,CHW,2017-04-26T18:10Z,2,5,Chicago
370426105,HOU,CLE,2017-04-26T22:10Z,6,7,Cleveland
370426102,NYY,BOS,2017-04-26T23:00Z,3,1,Boston
370426101,TB,BAL,2017-04-26T23:05Z,4,5,Baltimore
370426122,MIA,PHI,2017-04-26T23:05Z,4,7,Philadelphia
370426123,CHC,PIT,2017-04-26T23:05Z,5,6,Pittsburgh
370426106,SEA,DET,2017-04-26T23:10Z,8,0,Detroit
370426121,ATL,NYM,2017-04-26T23:10Z,8,2,Queens
370426113,MIN,TEX,2017-04-27T00:05Z,3,14,Arlington
370426127,WSH,COL,2017-04-27T00:40Z,11,4,Denver
370426129,SD,ARI,2017-04-27T01:40Z,8,5,Phoenix
370426103,OAK,LAA,2017-04-27T02:07Z,5,8,Anaheim
370426126,LAD,SF,2017-04-27T02:15Z,3,4,San Francisco
370427122,MIA,PHI,2017-04-27T17:05Z,2,3,Philadelphia
370427106,SEA,DET,2017-04-27T17:10Z,2,1,Detroit
370427121,ATL,NYM,2017-04-27T17:10Z,7,5,Queens
370427224,TOR,STL,2017-04-27T17:45Z,4,8,St. Louis
370427127,WSH,COL,2017-04-27T19:10Z,16,5,Denver
370427126,LAD,SF,2017-04-27T19:45Z,5,1,San Francisco
400905914,LAD,SF,2017-04-27T19:45Z,5,1,San Francisco
370427105,HOU,CLE,2017-04-27T22:10Z,3,4,Cleveland
370427102,NYY,BOS,2017-04-27T23:10Z,3,0,Boston
370427324,TOR,STL,2017-04-27T23:15Z,4,6,St. Louis
370427129,SD,ARI,2017-04-28T01:40Z,2,6,Phoenix
370427103,OAK,LAA,2017-04-28T02:07Z,1,2,Anaheim
370428110,BAL,NYY,2017-04-28T23:05Z,11,14,Bronx
370428120,NYM,WSH,2017-04-28T23:05Z,7,5,Washington
370428114,TB,TOR,2017-04-28T23:07Z,7,4,Toronto
370428102,CHC,BOS,2017-04-28T23:10Z,4,5,Boston
370428105,SEA,CLE,2017-04-28T23:10Z,3,1,Cleveland
370428106,CHW,DET,2017-04-28T23:10Z,7,3,Detroit
370428128,PIT,MIA,2017-04-28T23:10Z,12,2,Miami
370428113,LAA,TEX,2017-04-29T00:05Z,6,3,Arlington
370428108,ATL,MIL,2017-04-29T00:10Z,10,8,Milwaukee
370428118,OAK,HOU,2017-04-29T00:10Z,4,9,Houston
370428107,MIN,KC,2017-04-29T00:15Z,6,4,Kansas City
370428124,CIN,STL,2017-04-29T00:15Z,5,7,St. Louis
370428129,COL,ARI,2017-04-29T01:40Z,3,1,Phoenix
370428119,PHI,LAD,2017-04-29T02:10Z,3,5,Los Angeles
370428126,SD,SF,2017-04-29T02:15Z,3,4,San Francisco
370429110,BAL,NYY,2017-04-29T17:05Z,4,12,Bronx
370429120,NYM,WSH,2017-04-29T17:05Z,5,3,Washington
370429114,TB,TOR,2017-04-29T17:07Z,1,4,Toronto
370429106,CHW,DET,2017-04-29T17:10Z,6,4,Detroit
370429102,CHC,BOS,2017-04-29T20:05Z,7,4,Boston
370429105,SEA,CLE,2017-04-29T20:10Z,3,4,Cleveland
370429108,ATL,MIL,2017-04-29T23:10Z,11,3,Milwaukee
370429118,OAK,HOU,2017-04-29T23:10Z,2,1,Houston
370429128,PIT,MIA,2017-04-29T23:10Z,4,0,Miami
370429113,LAA,TEX,2017-04-29T23:15Z,3,6,Arlington
370429129,COL,ARI,2017-04-30T00:10Z,7,6,Phoenix
370429126,SD,SF,2017-04-30T01:05Z,12,4,San Francisco
370429119,PHI,LAD,2017-04-30T01:10Z,5,6,Los Angeles
370430110,BAL,NYY,2017-04-30T17:05Z,7,4,Bronx
370430114,TB,TOR,2017-04-30T17:07Z,1,3,Toronto
370430105,SEA,CLE,2017-04-30T17:10Z,4,12,Cleveland
370430106,CHW,DET,2017-04-30T17:10Z,3,7,Detroit
370430128,PIT,MIA,2017-04-30T17:10Z,3,10,Miami
370430120,NYM,WSH,2017-04-30T17:35Z,5,23,Washington
370430108,ATL,MIL,2017-04-30T18:10Z,3,4,Milwaukee
370430118,OAK,HOU,2017-04-30T18:10Z,2,7,Houston
370430107,MIN,KC,2017-04-30T18:15Z,7,5,Kansas City
370430124,CIN,STL,2017-04-30T18:15Z,5,4,St. Louis
370430113,LAA,TEX,2017-04-30T19:05Z,5,2,Arlington
370430126,SD,SF,2017-04-30T20:05Z,5,2,San Francisco
370430119,PHI,LAD,2017-04-30T20:10Z,3,5,Los Angeles
370430129,COL,ARI,2017-04-30T20:10Z,0,2,Phoenix
370430102,CHC,BOS,2017-05-01T00:00Z,2,6,Boston
370501102,BAL,BOS,2017-05-01T23:00Z,5,2,Boston
370501110,TOR,NYY,2017-05-01T23:05Z,7,1,Bronx
400905977,TOR,NYY,2017-05-01T23:05Z,7,1,Bronx
370501106,CLE,DET,2017-05-01T23:10Z,1,7,Detroit
370501117,PIT,CIN,2017-05-01T23:10Z,3,4,Cincinnati
370501128,TB,MIA,2017-05-01T23:10Z,4,2,Miami
370501115,NYM,ATL,2017-05-01T23:35Z,7,5,Atlanta
370501116,PHI,CHC,2017-05-02T00:05Z,10,2,Chicago
370501118,TEX,HOU,2017-05-02T00:10Z,2,6,Houston
370501107,CHW,KC,2017-05-02T00:15Z,1,6,Kansas City
370501124,MIL,STL,2017-05-02T00:15Z,7,5,St. Louis
370501119,SF,LAD,2017-05-02T02:10Z,4,3,Los Angeles
370502110,TOR,NYY,2017-05-02T23:05Z,5,11,Bronx
370502120,ARI,WSH,2017-05-02T23:05Z,6,3,Washington
370502102,BAL,BOS,2017-05-02T23:10Z,2,5,Boston
370502106,CLE,DET,2017-05-02T23:10Z,2,5,Detroit
370502117,PIT,CIN,2017-05-02T23:10Z,12,3,Cincinnati
370502128,TB,MIA,2017-05-02T23:10Z,3,1,Miami
370502115,NYM,ATL,2017-05-02T23:35Z,7,9,Atlanta
370502116,PHI,CHC,2017-05-03T00:05Z,3,8,Chicago
370502109,OAK,MIN,2017-05-03T00:10Z,1,9,Minneapolis
370502118,TEX,HOU,2017-05-03T00:10Z,7,8,Houston
370502107,CHW,KC,2017-05-03T00:15Z,6,0,Kansas City
370502124,MIL,STL,2017-05-03T00:15Z,1,2,St. Louis
370502112,LAA,SEA,2017-05-03T02:10Z,6,4,Seattle
370502119,SF,LAD,2017-05-03T02:10Z,5,13,Los Angeles
370502125,COL,SD,2017-05-03T02:10Z,2,6,San Diego
370503110,TOR,NYY,2017-05-03T23:00Z,6,8,Bronx
370503120,ARI,WSH,2017-05-03T23:05Z,1,2,Washington
370503102,BAL,BOS,2017-05-03T23:10Z,2,4,Boston
370503106,CLE,DET,2017-05-03T23:10Z,3,2,Detroit
370503117,PIT,CIN,2017-05-03T23:10Z,2,7,Cincinnati
370503130,MIA,TB,2017-05-03T23:10Z,10,6,St. Petersburg
370503115,NYM,ATL,2017-05-03T23:35Z,16,5,Atlanta
370503116,PHI,CHC,2017-05-04T00:05Z,4,5,Chicago
370503109,OAK,MIN,2017-05-04T00:10Z,4,7,Minneapolis
370503118,TEX,HOU,2017-05-04T00:10Z,1,10,Houston
370503107,CHW,KC,2017-05-04T00:15Z,1,6,Kansas City
370503112,LAA,SEA,2017-05-04T02:10Z,7,8,Seattle
370503119,SF,LAD,2017-05-04T02:10Z,4,1,Los Angeles
370503125,COL,SD,2017-05-04T02:10Z,11,3,San Diego
370504117,PIT,CIN,2017-05-04T16:35Z,2,4,Cincinnati
370504120,ARI,WSH,2017-05-04T17:05Z,2,4,Washington
370504109,OAK,MIN,2017-05-04T17:10Z,8,5,Minneapolis
370504118,TEX,HOU,2017-05-04T18:10Z,10,4,Houston
370504107,CHW,KC,2017-05-04T18:15Z,8,3,Kansas City
370504116,PHI,CHC,2017-05-04T18:20Z,4,5,Chicago
370504125,COL,SD,2017-05-04T19:40Z,3,2,San Diego
370504102,BAL,BOS,2017-05-04T23:10Z,8,3,Boston
370504130,MIA,TB,2017-05-04T23:10Z,1,5,St. Petersburg
370504124,MIL,STL,2017-05-04T23:15Z,5,4,St. Louis
370504112,LAA,SEA,2017-05-05T02:10Z,3,11,Seattle
370505116,NYY,CHC,2017-05-05T18:20Z,3,2,Chicago
370505101,CHW,BAL,2017-05-05T23:05Z,2,4,Baltimore
370505122,WSH,PHI,2017-05-05T23:05Z,4,2,Philadelphia
370505123,MIL,PIT,2017-05-05T23:05Z,0,4,Pittsburgh
370505121,MIA,NYM,2017-05-05T23:10Z,7,8,Queens
370505130,TOR,TB,2017-05-05T23:10Z,8,4,St. Petersburg
370505115,STL,ATL,2017-05-05T23:35Z,10,0,Atlanta
370505109,BOS,MIN,2017-05-06T00:10Z,3,4,Minneapolis
370505107,CLE,KC,2017-05-06T00:15Z,1,3,Kansas City
370505117,SF,CIN,2017-05-06T00:30Z,3,13,Cincinnati
370505127,ARI,COL,2017-05-06T00:40Z,6,3,Denver
370505111,DET,OAK,2017-05-06T02:05Z,7,2,Oakland
370505103,HOU,LAA,2017-05-06T02:07Z,7,6,Anaheim
370505112,TEX,SEA,2017-05-06T02:10Z,3,1,Seattle
370505125,LAD,SD,2017-05-06T02:10Z,8,2,San Diego
370506109,BOS,MIN,2017-05-06T18:10Z,11,1,Minneapolis
370506130,TOR,TB,2017-05-06T20:10Z,1,6,St. Petersburg
370506107,CLE,KC,2017-05-06T20:15Z,3,1,Kansas City
370506101,CHW,BAL,2017-05-06T23:05Z,5,6,Baltimore
370506122,WSH,PHI,2017-05-06T23:05Z,6,2,Philadelphia
370506123,MIL,PIT,2017-05-06T23:05Z,1,2,Pittsburgh
370506115,STL,ATL,2017-05-06T23:10Z,5,3,Atlanta
370506117,SF,CIN,2017-05-06T23:10Z,2,14,Cincinnati
370506121,MIA,NYM,2017-05-06T23:10Z,3,11,Queens
370506116,NYY,CHC,2017-05-06T23:15Z,11,6,Chicago
370506127,ARI,COL,2017-05-07T00:10Z,1,9,Denver
370506125,LAD,SD,2017-05-07T00:40Z,10,2,San Diego
370506111,DET,OAK,2017-05-07T01:05Z,5,6,Oakland
370506103,HOU,LAA,2017-05-07T01:07Z,1,2,Anaheim
370506112,TEX,SEA,2017-05-07T01:10Z,2,8,Seattle
370507121,MIA,NYM,2017-05-07T17:10Z,7,0,Queens
370507130,TOR,TB,2017-05-07T17:10Z,2,1,St. Petersburg
370507101,CHW,BAL,2017-05-07T17:35Z,0,4,Baltimore
370507115,STL,ATL,2017-05-07T17:35Z,6,4,Atlanta
370507123,MIL,PIT,2017-05-07T17:35Z,6,2,Pittsburgh
370507109,BOS,MIN,2017-05-07T18:10Z,17,6,Minneapolis
370507107,CLE,KC,2017-05-07T18:15Z,1,0,Kansas City
370507122,WSH,PHI,2017-05-07T18:35Z,5,6,Philadelphia
370507127,ARI,COL,2017-05-07T19:10Z,2,5,Denver
370507103,HOU,LAA,2017-05-07T19:37Z,5,3,Anaheim
370507111,DET,OAK,2017-05-07T20:05Z,6,8,Oakland
370507112,TEX,SEA,2017-05-07T20:10Z,3,4,Seattle
370507117,SF,CIN,2017-05-07T20:10Z,0,4,Cincinnati
370507116,NYY,CHC,2017-05-08T00:00Z,5,4,Chicago
370508121,SF,NYM,2017-05-08T23:00Z,3,4,Queens
370508101,WSH,BAL,2017-05-08T23:05Z,4,6,Baltimore
370508114,CLE,TOR,2017-05-08T23:07Z,2,4,Toronto
370508117,NYY,CIN,2017-05-08T23:10Z,10,4,Cincinnati
370508128,STL,MIA,2017-05-08T23:10Z,9,4,Miami
370508130,KC,TB,2017-05-08T23:10Z,7,3,St. Petersburg
370508111,LAA,OAK,2017-05-09T02:05Z,2,3,Oakland
370508119,PIT,LAD,2017-05-09T02:10Z,1,12,Los Angeles
370508125,TEX,SD,2017-05-09T02:10Z,1,5,San Diego
370509227,CHC,COL,2017-05-09T18:10Z,4,10,Denver
370509125,TEX,SD,2017-05-09T19:40Z,11,0,San Diego
370509101,WSH,BAL,2017-05-09T23:05Z,4,5,Baltimore
370509122,SEA,PHI,2017-05-09T23:05Z,10,9,Philadelphia
370509114,CLE,TOR,2017-05-09T23:07Z,6,0,Toronto
370509117,NYY,CIN,2017-05-09T23:10Z,3,5,Cincinnati
370509121,SF,NYM,2017-05-09T23:10Z,1,6,Queens
370509128,STL,MIA,2017-05-09T23:10Z,6,5,Miami
370509130,KC,TB,2017-05-09T23:10Z,7,6,St. Petersburg
370509108,BOS,MIL,2017-05-09T23:40Z,7,11,Milwaukee
370509104,MIN,CHW,2017-05-10T00:10Z,7,2,Chicago
370509118,ATL,HOU,2017-05-10T00:10Z,3,8,Houston
370509327,CHC,COL,2017-05-10T00:40Z,8,1,Denver
370509129,DET,ARI,2017-05-10T01:40Z,7,3,Phoenix
370509111,LAA,OAK,2017-05-10T02:05Z,7,3,Oakland
370509119,PIT,LAD,2017-05-10T02:10Z,3,4,Los Angeles
370510122,SEA,PHI,2017-05-10T17:05Z,11,6,Philadelphia
370510121,SF,NYM,2017-05-10T17:10Z,6,5,Queens
370510118,ATL,HOU,2017-05-10T18:10Z,2,4,Houston
370510127,CHC,COL,2017-05-10T19:10Z,0,3,Denver
370510111,LAA,OAK,2017-05-10T19:35Z,1,3,Oakland
370510128,STL,MIA,2017-05-10T23:00Z,7,5,Miami
370510120,BAL,WSH,2017-05-10T23:05Z,6,7,Washington
370510114,CLE,TOR,2017-05-10T23:07Z,7,8,Toronto
370510130,KC,TB,2017-05-10T23:10Z,1,12,St. Petersburg
370510113,SD,TEX,2017-05-11T00:05Z,3,4,Arlington
370510108,BOS,MIL,2017-05-11T00:10Z,4,7,Milwaukee
370510129,DET,ARI,2017-05-11T01:40Z,1,7,Phoenix
370510119,PIT,LAD,2017-05-11T02:10Z,2,5,Los Angeles
370511108,BOS,MIL,2017-05-11T17:10Z,4,1,Milwaukee
370511130,KC,TB,2017-05-11T17:10Z,6,0,St. Petersburg
370511110,HOU,NYY,2017-05-11T23:05Z,3,2,Bronx
370511114,SEA,TOR,2017-05-11T23:07Z,2,7,Toronto
370511113,SD,TEX,2017-05-12T00:05Z,2,5,Arlington
370511104,MIN,CHW,2017-05-12T00:10Z,7,6,Chicago
370511127,LAD,COL,2017-05-12T00:40Z,7,10,Denver
370511129,PIT,ARI,2017-05-12T01:40Z,1,2,Phoenix
370511103,DET,LAA,2017-05-12T02:07Z,7,1,Anaheim
370511126,CIN,SF,2017-05-12T02:15Z,3,2,San Francisco
370512110,HOU,NYY,2017-05-12T23:05Z,5,1,Bronx
370512114,SEA,TOR,2017-05-12T23:07Z,0,4,Toronto
370512102,TB,BOS,2017-05-12T23:10Z,5,4,Boston
370512105,MIN,CLE,2017-05-12T23:10Z,1,0,Cleveland
370512128,ATL,MIA,2017-05-12T23:10Z,8,4,Miami
370512113,OAK,TEX,2017-05-13T00:05Z,2,5,Arlington
370512104,SD,CHW,2017-05-13T00:10Z,6,3,Chicago
370512108,NYM,MIL,2017-05-13T00:10Z,4,7,Milwaukee
370512107,BAL,KC,2017-05-13T00:15Z,2,3,Kansas City
370512124,CHC,STL,2017-05-13T00:15Z,3,2,St. Louis
370512127,LAD,COL,2017-05-13T00:40Z,6,2,Denver
370512129,PIT,ARI,2017-05-13T01:40Z,4,11,Phoenix
370512103,DET,LAA,2017-05-13T02:07Z,0,7,Anaheim
370512126,CIN,SF,2017-05-13T02:15Z,2,3,San Francisco
370513102,TB,BOS,2017-05-13T17:05Z,3,6,Boston
370513114,SEA,TOR,2017-05-13T17:07Z,2,7,Toronto
370513124,CHC,STL,2017-05-13T20:05Z,3,5,St. Louis
370513126,CIN,SF,2017-05-13T20:05Z,1,3,San Francisco
370513105,MIN,CLE,2017-05-13T20:10Z,4,1,Cleveland
370513120,PHI,WSH,2017-05-13T23:05Z,4,6,Washington
370513104,SD,CHW,2017-05-13T23:10Z,4,5,Chicago
370513108,NYM,MIL,2017-05-13T23:10Z,4,11,Milwaukee
370513128,ATL,MIA,2017-05-13T23:10Z,3,1,Miami
370513107,BAL,KC,2017-05-13T23:15Z,3,4,Kansas City
370513113,OAK,TEX,2017-05-14T00:05Z,5,6,Arlington
370513127,LAD,COL,2017-05-14T00:10Z,4,0,Denver
370513129,PIT,ARI,2017-05-14T00:10Z,4,3,Phoenix
370513103,DET,LAA,2017-05-14T01:07Z,4,3,Anaheim
370514114,SEA,TOR,2017-05-14T17:07Z,2,3,Toronto
370514105,MIN,CLE,2017-05-14T17:10Z,3,8,Cleveland
370514128,ATL,MIA,2017-05-14T17:10Z,1,3,Miami
370514102,TB,BOS,2017-05-14T17:35Z,11,2,Boston
370514220,PHI,WSH,2017-05-14T17:35Z,4,3,Washington
370514210,HOU,NYY,2017-05-14T18:05Z,6,11,Bronx
370514104,SD,CHW,2017-05-14T18:10Z,3,9,Chicago
370514108,NYM,MIL,2017-05-14T18:10Z,9,11,Milwaukee
370514107,BAL,KC,2017-05-14T18:15Z,8,9,Kansas City
370514124,CHC,STL,2017-05-14T18:15Z,0,5,St. Louis
370514113,OAK,TEX,2017-05-14T19:05Z,4,6,Arlington
370514127,LAD,COL,2017-05-14T19:10Z,6,9,Denver
370514103,DET,LAA,2017-05-14T19:37Z,1,4,Anaheim
370514126,CIN,SF,2017-05-14T20:05Z,3,8,San Francisco
370514129,PIT,ARI,2017-05-14T20:10Z,6,4,Phoenix
370514320,PHI,WSH,2017-05-14T23:05Z,5,6,Washington
370514310,HOU,NYY,2017-05-14T23:30Z,10,7,Bronx
370515105,TB,CLE,2017-05-15T22:10Z,7,8,Cleveland
370515128,HOU,MIA,2017-05-15T23:00Z,7,2,Miami
370515114,ATL,TOR,2017-05-15T23:07Z,10,6,Toronto
370515129,NYM,ARI,2017-05-16T01:40Z,3,7,Phoenix
370515103,CHW,LAA,2017-05-16T02:07Z,3,5,Anaheim
370515112,OAK,SEA,2017-05-16T02:10Z,5,6,Seattle
370515125,MIL,SD,2017-05-16T02:10Z,5,6,San Diego
370515126,LAD,SF,2017-05-16T02:15Z,4,8,San Francisco
370516114,ATL,TOR,2017-05-16T20:07Z,9,5,Toronto
370516105,TB,CLE,2017-05-16T22:10Z,6,4,Cleveland
370516123,WSH,PIT,2017-05-16T23:05Z,8,4,Pittsburgh
370516106,BAL,DET,2017-05-16T23:10Z,13,11,Detroit
370516128,HOU,MIA,2017-05-16T23:10Z,12,2,Miami
370516113,PHI,TEX,2017-05-17T00:05Z,1,5,Arlington
370516116,CIN,CHC,2017-05-17T00:05Z,5,9,Chicago
370516109,COL,MIN,2017-05-17T00:10Z,7,3,Minneapolis
370516107,NYY,KC,2017-05-17T00:15Z,7,1,Kansas City
370516124,BOS,STL,2017-05-17T00:15Z,6,3,St. Louis
370516129,NYM,ARI,2017-05-17T01:40Z,4,5,Phoenix
370516103,CHW,LAA,2017-05-17T02:07Z,6,7,Anaheim
370516112,OAK,SEA,2017-05-17T02:10Z,9,6,Seattle
370516125,MIL,SD,2017-05-17T02:10Z,6,2,San Diego
370516126,LAD,SF,2017-05-17T02:15Z,1,2,San Francisco
370517105,TB,CLE,2017-05-17T16:10Z,7,4,Cleveland
370517128,HOU,MIA,2017-05-17T16:10Z,3,0,Miami
370517129,NYM,ARI,2017-05-17T19:40Z,4,5,Phoenix
370517126,LAD,SF,2017-05-17T19:45Z,6,1,San Francisco
370517123,WSH,PIT,2017-05-17T23:05Z,1,6,Pittsburgh
370517106,BAL,DET,2017-05-17T23:10Z,4,5,Detroit
370517115,TOR,ATL,2017-05-17T23:35Z,4,8,Atlanta
370517124,BOS,STL,2017-05-18T00:00Z,5,4,St. Louis
370517113,PHI,TEX,2017-05-18T00:05Z,3,9,Arlington
370517116,CIN,CHC,2017-05-18T00:05Z,5,7,Chicago
370517107,NYY,KC,2017-05-18T00:15Z,11,7,Kansas City
370517103,CHW,LAA,2017-05-18T02:07Z,8,12,Anaheim
370517112,OAK,SEA,2017-05-18T02:10Z,0,4,Seattle
370517125,MIL,SD,2017-05-18T02:10Z,3,1,San Diego
370518123,WSH,PIT,2017-05-18T16:35Z,4,10,Pittsburgh
370518106,BAL,DET,2017-05-18T17:10Z,5,6,Detroit
370518209,COL,MIN,2017-05-18T17:10Z,5,1,Minneapolis
370518113,PHI,TEX,2017-05-18T18:05Z,4,8,Arlington
370518116,CIN,CHC,2017-05-18T18:20Z,5,9,Chicago
370518125,MIL,SD,2017-05-18T19:40Z,4,2,San Diego
370518309,COL,MIN,2017-05-18T23:10Z,0,2,Minneapolis
370518115,TOR,ATL,2017-05-18T23:35Z,9,0,Atlanta
370518107,NYY,KC,2017-05-19T00:15Z,1,5,Kansas City
370518111,BOS,OAK,2017-05-19T02:05Z,3,8,Oakland
370518112,CHW,SEA,2017-05-19T02:10Z,4,5,Seattle
370518119,MIA,LAD,2017-05-19T02:10Z,2,7,Los Angeles
370519116,MIL,CHC,2017-05-19T18:20Z,6,3,Chicago
370519101,TOR,BAL,2017-05-19T23:05Z,3,5,Baltimore
370519123,PHI,PIT,2017-05-19T23:05Z,7,2,Pittsburgh
370519106,TEX,DET,2017-05-19T23:10Z,5,3,Detroit
370519117,COL,CIN,2017-05-19T23:10Z,12,6,Cincinnati
370519121,LAA,NYM,2017-05-19T23:10Z,0,3,Queens
370519130,NYY,TB,2017-05-19T23:10Z,4,5,St. Petersburg
370519115,WSH,ATL,2017-05-19T23:35Z,4,7,Atlanta
370519109,KC,MIN,2017-05-20T00:10Z,3,4,Minneapolis
370519118,CLE,HOU,2017-05-20T00:10Z,5,3,Houston
370519124,SF,STL,2017-05-20T00:15Z,6,5,St. Louis
370519111,BOS,OAK,2017-05-20T01:35Z,2,3,Oakland
370519112,CHW,SEA,2017-05-20T02:10Z,2,1,Seattle
370519119,MIA,LAD,2017-05-20T02:10Z,2,7,Los Angeles
370519125,ARI,SD,2017-05-20T02:10Z,10,1,San Diego
370520111,BOS,OAK,2017-05-20T20:05Z,3,8,Oakland
370520123,PHI,PIT,2017-05-20T20:05Z,3,6,Pittsburgh
370520115,WSH,ATL,2017-05-20T20:10Z,2,5,Atlanta
370520117,COL,CIN,2017-05-20T20:10Z,8,12,Cincinnati
370520118,CLE,HOU,2017-05-20T20:10Z,3,0,Houston
370520130,NYY,TB,2017-05-20T20:10Z,5,9,St. Petersburg
370520106,TEX,DET,2017-05-20T23:15Z,3,9,Detroit
370520121,LAA,NYM,2017-05-20T23:15Z,5,7,Queens
370520124,SF,STL,2017-05-20T23:15Z,3,1,St. Louis
370520101,TOR,BAL,2017-05-20T23:35Z,5,7,Baltimore
370520112,CHW,SEA,2017-05-21T02:10Z,16,1,Seattle
370520119,MIA,LAD,2017-05-21T02:10Z,10,6,Los Angeles
370520125,ARI,SD,2017-05-21T02:10Z,9,1,San Diego
370521117,COL,CIN,2017-05-21T17:10Z,6,4,Cincinnati
370521121,LAA,NYM,2017-05-21T17:10Z,12,5,Queens
370521130,NYY,TB,2017-05-21T17:10Z,3,2,St. Petersburg
370521101,TOR,BAL,2017-05-21T17:35Z,3,1,Baltimore
370521115,WSH,ATL,2017-05-21T17:35Z,3,2,Atlanta
370521123,PHI,PIT,2017-05-21T17:35Z,0,1,Pittsburgh
370521118,CLE,HOU,2017-05-21T18:10Z,8,6,Houston
370521209,KC,MIN,2017-05-21T18:10Z,6,4,Minneapolis
370521124,SF,STL,2017-05-21T18:15Z,3,8,St. Louis
370521116,MIL,CHC,2017-05-21T18:20Z,6,13,Chicago
370521111,BOS,OAK,2017-05-21T20:05Z,12,3,Oakland
370521112,CHW,SEA,2017-05-21T20:10Z,8,1,Seattle
370521119,MIA,LAD,2017-05-21T20:10Z,3,6,Los Angeles
370521125,ARI,SD,2017-05-21T20:40Z,1,5,San Diego
370521309,KC,MIN,2017-05-21T22:10Z,4,8,Minneapolis
370521106,TEX,DET,2017-05-22T00:00Z,5,2,Detroit
370522101,MIN,BAL,2017-05-22T23:05Z,14,7,Baltimore
370522110,KC,NYY,2017-05-22T23:05Z,2,4,Bronx
370522122,COL,PHI,2017-05-22T23:05Z,8,1,Philadelphia
370522117,CLE,CIN,2017-05-22T23:10Z,1,5,Cincinnati
370522130,LAA,TB,2017-05-22T23:10Z,3,2,St. Petersburg
370522115,PIT,ATL,2017-05-22T23:35Z,2,5,Atlanta
370522116,SF,CHC,2017-05-23T00:05Z,6,4,Chicago
370522118,DET,HOU,2017-05-23T00:10Z,0,1,Houston
370522129,CHW,ARI,2017-05-23T01:40Z,1,5,Phoenix
370523116,SF,CHC,2017-05-23T23:00Z,1,4,Chicago
370523101,MIN,BAL,2017-05-23T23:05Z,2,0,Baltimore
370523110,KC,NYY,2017-05-23T23:05Z,6,2,Bronx
370523120,SEA,WSH,2017-05-23T23:05Z,1,10,Washington
370523122,COL,PHI,2017-05-23T23:05Z,8,2,Philadelphia
370523102,TEX,BOS,2017-05-23T23:10Z,6,11,Boston
370523117,CLE,CIN,2017-05-23T23:10Z,8,7,Cincinnati
370523121,SD,NYM,2017-05-23T23:10Z,3,9,Queens
370523130,LAA,TB,2017-05-23T23:10Z,4,0,St. Petersburg
370523115,PIT,ATL,2017-05-23T23:35Z,5,6,Atlanta
370523108,TOR,MIL,2017-05-23T23:40Z,4,3,Milwaukee
370523118,DET,HOU,2017-05-24T00:10Z,2,6,Houston
370523129,CHW,ARI,2017-05-24T01:40Z,4,5,Phoenix
370523119,STL,LAD,2017-05-24T02:00Z,1,2,Los Angeles
370523111,MIA,OAK,2017-05-24T02:05Z,11,9,Oakland
370524101,MIN,BAL,2017-05-24T16:35Z,4,3,Baltimore
370524108,TOR,MIL,2017-05-24T17:10Z,8,4,Milwaukee
370524111,MIA,OAK,2017-05-24T19:35Z,1,4,Oakland
370524129,CHW,ARI,2017-05-24T19:40Z,6,8,Phoenix
370524105,CIN,CLE,2017-05-24T22:10Z,4,3,Cleveland
370524110,KC,NYY,2017-05-24T23:05Z,0,3,Bronx
370524120,SEA,WSH,2017-05-24T23:05Z,1,5,Washington
370524122,COL,PHI,2017-05-24T23:05Z,7,2,Philadelphia
370524102,TEX,BOS,2017-05-24T23:10Z,4,9,Boston
370524121,SD,NYM,2017-05-24T23:10Z,6,5,Queens
370524130,LAA,TB,2017-05-24T23:10Z,2,5,St. Petersburg
370524115,PIT,ATL,2017-05-24T23:35Z,12,5,Atlanta
370524116,SF,CHC,2017-05-25T00:05Z,4,5,Chicago
370524118,DET,HOU,2017-05-25T00:10Z,6,3,Houston
370524119,STL,LAD,2017-05-25T02:10Z,6,1,Los Angeles
370525120,SEA,WSH,2017-05-25T16:05Z,4,2,Washington
370525115,PIT,ATL,2017-05-25T16:10Z,9,4,Atlanta
370525122,COL,PHI,2017-05-25T17:05Z,1,2,Philadelphia
370525130,LAA,TB,2017-05-25T17:10Z,0,4,St. Petersburg
370525116,SF,CHC,2017-05-25T18:20Z,1,5,Chicago
370525102,TEX,BOS,2017-05-25T23:10Z,2,6,Boston
370525121,SD,NYM,2017-05-25T23:10Z,4,3,Queens
370525108,ARI,MIL,2017-05-26T00:10Z,4,0,Milwaukee
370525118,DET,HOU,2017-05-26T00:10Z,6,7,Houston
370525119,STL,LAD,2017-05-26T02:10Z,3,7,Los Angeles
370526110,OAK,NYY,2017-05-26T23:05Z,4,1,Bronx
370526120,SD,WSH,2017-05-26T23:05Z,1,5,Washington
370526122,CIN,PHI,2017-05-26T23:05Z,5,2,Philadelphia
370526123,NYM,PIT,2017-05-26T23:05Z,8,1,Pittsburgh
370526114,TEX,TOR,2017-05-26T23:07Z,6,7,Toronto
370526102,SEA,BOS,2017-05-26T23:10Z,0,3,Boston
370526105,KC,CLE,2017-05-26T23:10Z,6,4,Cleveland
370526128,LAA,MIA,2017-05-26T23:10Z,5,8,Miami
370526108,ARI,MIL,2017-05-27T00:10Z,4,2,Milwaukee
370526109,TB,MIN,2017-05-27T00:10Z,5,2,Minneapolis
370526118,BAL,HOU,2017-05-27T00:10Z,0,2,Houston
370526304,DET,CHW,2017-05-27T00:10Z,2,8,Chicago
370526127,STL,COL,2017-05-27T00:40Z,0,10,Denver
370526119,CHC,LAD,2017-05-27T02:10Z,0,4,Los Angeles
370526126,ATL,SF,2017-05-27T02:15Z,2,0,San Francisco
370527110,OAK,NYY,2017-05-27T17:05Z,2,3,Bronx
370527114,TEX,TOR,2017-05-27T17:07Z,1,3,Toronto
370527109,TB,MIN,2017-05-27T18:10Z,3,5,Minneapolis
370527204,DET,CHW,2017-05-27T18:10Z,0,3,Chicago
370527102,SEA,BOS,2017-05-27T20:05Z,0,6,Boston
370527120,SD,WSH,2017-05-27T20:05Z,0,3,Washington
370527122,CIN,PHI,2017-05-27T20:05Z,3,4,Philadelphia
370527105,KC,CLE,2017-05-27T20:10Z,5,2,Cleveland
370527108,ARI,MIL,2017-05-27T20:10Z,1,6,Milwaukee
370527128,LAA,MIA,2017-05-27T20:10Z,5,2,Miami
370527304,DET,CHW,2017-05-27T21:45Z,4,3,Chicago
370527118,BAL,HOU,2017-05-27T23:15Z,2,5,Houston
370527119,CHC,LAD,2017-05-27T23:15Z,0,5,Los Angeles
370527123,NYM,PIT,2017-05-27T23:15Z,4,5,Pittsburgh
370527127,STL,COL,2017-05-28T01:10Z,3,0,Denver
370527126,ATL,SF,2017-05-28T02:05Z,3,6,San Francisco
370528110,OAK,NYY,2017-05-28T17:05Z,5,9,Bronx
370528114,TEX,TOR,2017-05-28T17:07Z,3,1,Toronto
370528105,KC,CLE,2017-05-28T17:10Z,1,10,Cleveland
370528128,LAA,MIA,2017-05-28T17:10Z,2,9,Miami
370528102,SEA,BOS,2017-05-28T17:35Z,5,0,Boston
370528120,SD,WSH,2017-05-28T17:35Z,5,3,Washington
370528122,CIN,PHI,2017-05-28T17:35Z,8,4,Philadelphia
370528104,DET,CHW,2017-05-28T18:10Z,3,7,Chicago
370528108,ARI,MIL,2017-05-28T18:10Z,5,9,Milwaukee
370528109,TB,MIN,2017-05-28T18:10Z,8,6,Minneapolis
370528118,BAL,HOU,2017-05-28T18:10Z,4,8,Houston
370528127,STL,COL,2017-05-28T19:10Z,4,8,Denver
370528126,ATL,SF,2017-05-28T20:05Z,1,7,San Francisco
370528119,CHC,LAD,2017-05-28T20:10Z,4,9,Los Angeles
370528123,NYM,PIT,2017-05-29T00:00Z,7,2,Pittsburgh
370529101,NYY,BAL,2017-05-29T17:00Z,2,3,Baltimore
370529104,BOS,CHW,2017-05-29T18:10Z,4,5,Chicago
370529109,HOU,MIN,2017-05-29T18:10Z,16,8,Minneapolis
370529124,LAD,STL,2017-05-29T18:15Z,5,1,St. Louis
370529127,SEA,COL,2017-05-29T19:10Z,6,5,Denver
370529126,WSH,SF,2017-05-29T20:00Z,3,0,San Francisco
370529123,ARI,PIT,2017-05-29T20:05Z,3,4,Pittsburgh
370529105,OAK,CLE,2017-05-29T20:10Z,3,5,Cleveland
370529121,MIL,NYM,2017-05-29T20:10Z,2,4,Queens
370529125,CHC,SD,2017-05-29T20:40Z,2,5,San Diego
370529107,DET,KC,2017-05-29T23:00Z,10,7,Kansas City
370529114,CIN,TOR,2017-05-29T23:07Z,2,17,Toronto
370529128,PHI,MIA,2017-05-29T23:10Z,1,4,Miami
370529113,TB,TEX,2017-05-30T00:05Z,10,8,Arlington
370529103,ATL,LAA,2017-05-30T01:07Z,6,3,Anaheim
370530105,OAK,CLE,2017-05-30T22:10Z,4,9,Cleveland
370530124,LAD,STL,2017-05-30T23:00Z,9,4,St. Louis
370530101,NYY,BAL,2017-05-30T23:05Z,8,3,Baltimore
370530123,ARI,PIT,2017-05-30T23:05Z,3,0,Pittsburgh
370530114,CIN,TOR,2017-05-30T23:07Z,4,6,Toronto
370530121,MIL,NYM,2017-05-30T23:10Z,4,5,Queens
370530127,SEA,COL,2017-05-30T23:10Z,10,4,Denver
370530128,PHI,MIA,2017-05-30T23:10Z,2,7,Miami
370530113,TB,TEX,2017-05-31T00:05Z,5,9,Arlington
370530104,BOS,CHW,2017-05-31T00:10Z,13,7,Chicago
370530109,HOU,MIN,2017-05-31T00:10Z,7,2,Minneapolis
370530107,DET,KC,2017-05-31T00:15Z,0,1,Kansas City
370530126,WSH,SF,2017-05-31T02:00Z,6,3,San Francisco
370530103,ATL,LAA,2017-05-31T02:07Z,3,9,Anaheim
370530125,CHC,SD,2017-05-31T02:10Z,2,6,San Diego
370531123,ARI,PIT,2017-05-31T16:35Z,6,5,Pittsburgh
370531114,CIN,TOR,2017-05-31T16:37Z,4,5,Toronto
370531109,HOU,MIN,2017-05-31T17:10Z,17,6,Minneapolis
370531128,PHI,MIA,2017-05-31T17:10Z,2,10,Miami
370531125,CHC,SD,2017-05-31T19:40Z,1,2,San Diego
370531105,OAK,CLE,2017-05-31T22:10Z,3,1,Cleveland
370531101,NYY,BAL,2017-05-31T23:05Z,4,10,Baltimore
370531121,MIL,NYM,2017-05-31T23:10Z,7,1,Queens
370531113,TB,TEX,2017-06-01T00:05Z,7,5,Arlington
370531104,BOS,CHW,2017-06-01T00:10Z,4,1,Chicago
370531107,DET,KC,2017-06-01T00:15Z,6,5,Kansas City
370531124,LAD,STL,2017-06-01T00:15Z,1,2,St. Louis
370531103,ATL,LAA,2017-06-01T02:07Z,1,2,Anaheim
370531112,COL,SEA,2017-06-01T02:10Z,0,5,Seattle
370531126,WSH,SF,2017-06-01T02:15Z,3,1,San Francisco
370601105,OAK,CLE,2017-06-01T16:10Z,0,8,Cleveland
370601121,MIL,NYM,2017-06-01T17:10Z,2,1,Queens
370601124,LAD,STL,2017-06-01T17:45Z,0,2,St. Louis
370601112,COL,SEA,2017-06-01T19:40Z,6,3,Seattle
370601101,BOS,BAL,2017-06-01T23:05Z,5,7,Baltimore
370601114,NYY,TOR,2017-06-01T23:07Z,12,2,Toronto
370601128,ARI,MIA,2017-06-01T23:10Z,3,2,Miami
370601103,MIN,LAA,2017-06-02T02:07Z,4,2,Anaheim
370602116,STL,CHC,2017-06-02T18:20Z,2,3,Chicago
370602101,BOS,BAL,2017-06-02T23:05Z,2,3,Baltimore
370602122,SF,PHI,2017-06-02T23:05Z,10,0,Philadelphia
370602114,NYY,TOR,2017-06-02T23:07Z,5,7,Toronto
370602106,CHW,DET,2017-06-02T23:10Z,5,15,Detroit
370602117,ATL,CIN,2017-06-02T23:10Z,2,3,Cincinnati
370602121,PIT,NYM,2017-06-02T23:10Z,12,7,Queens
370602128,ARI,MIA,2017-06-02T23:10Z,5,7,Miami
370602113,HOU,TEX,2017-06-03T00:05Z,7,1,Arlington
370602108,LAD,MIL,2017-06-03T00:10Z,2,1,Milwaukee
370602107,CLE,KC,2017-06-03T00:15Z,0,4,Kansas City
370602111,WSH,OAK,2017-06-03T02:05Z,13,3,Oakland
370602103,MIN,LAA,2017-06-03T02:07Z,11,5,Anaheim
370602112,TB,SEA,2017-06-03T02:10Z,4,12,Seattle
370602125,COL,SD,2017-06-03T02:10Z,5,8,San Diego
370603114,NYY,TOR,2017-06-03T17:07Z,7,0,Toronto
370603107,CLE,KC,2017-06-03T18:15Z,5,12,Kansas City
370603116,STL,CHC,2017-06-03T18:20Z,3,5,Chicago
370603111,WSH,OAK,2017-06-03T20:05Z,4,10,Oakland
370603122,SF,PHI,2017-06-03T20:05Z,3,5,Philadelphia
370603106,CHW,DET,2017-06-03T20:10Z,1,10,Detroit
370603108,LAD,MIL,2017-06-03T20:10Z,10,8,Milwaukee
370603117,ATL,CIN,2017-06-03T20:10Z,6,5,Cincinnati
370603125,COL,SD,2017-06-03T20:10Z,10,1,San Diego
370603128,ARI,MIA,2017-06-03T20:10Z,0,3,Miami
370603101,BOS,BAL,2017-06-03T23:15Z,5,2,Baltimore
370603113,HOU,TEX,2017-06-03T23:15Z,6,5,Arlington
370603121,PIT,NYM,2017-06-03T23:15Z,2,4,Queens
370603103,MIN,LAA,2017-06-04T02:07Z,2,7,Anaheim
370603112,TB,SEA,2017-06-04T02:10Z,2,9,Seattle
370604114,NYY,TOR,2017-06-04T17:07Z,2,3,Toronto
370604106,CHW,DET,2017-06-04T17:10Z,4,7,Detroit
370604117,ATL,CIN,2017-06-04T17:10Z,13,8,Cincinnati
370604121,PIT,NYM,2017-06-04T17:10Z,11,1,Queens
370604128,ARI,MIA,2017-06-04T17:10Z,5,6,Miami
370604101,BOS,BAL,2017-06-04T17:35Z,7,3,Baltimore
370604122,SF,PHI,2017-06-04T17:35Z,7,9,Philadelphia
370604108,LAD,MIL,2017-06-04T18:10Z,0,3,Milwaukee
370604107,CLE,KC,2017-06-04T18:15Z,8,0,Kansas City
370604113,HOU,TEX,2017-06-04T19:05Z,7,2,Arlington
370604103,MIN,LAA,2017-06-04T19:37Z,3,2,Anaheim
370604111,WSH,OAK,2017-06-04T20:05Z,11,10,Oakland
370604112,TB,SEA,2017-06-04T20:10Z,1,7,Seattle
370604125,COL,SD,2017-06-04T20:40Z,3,1,San Diego
370604116,STL,CHC,2017-06-04T23:30Z,6,7,Chicago
370605117,STL,CIN,2017-06-05T23:10Z,2,4,Cincinnati
370605115,PHI,ATL,2017-06-05T23:35Z,11,4,Atlanta
370605108,SF,MIL,2017-06-05T23:40Z,7,2,Milwaukee
370605116,MIA,CHC,2017-06-06T00:05Z,1,3,Chicago
370605107,HOU,KC,2017-06-06T00:15Z,7,3,Kansas City
370605119,WSH,LAD,2017-06-06T02:00Z,4,2,Los Angeles
370605111,TOR,OAK,2017-06-06T02:05Z,3,5,Oakland
370606101,PIT,BAL,2017-06-06T23:05Z,5,6,Baltimore
370606110,BOS,NYY,2017-06-06T23:05Z,5,4,Bronx
370606106,LAA,DET,2017-06-06T23:10Z,5,3,Detroit
370606117,STL,CIN,2017-06-06T23:10Z,1,13,Cincinnati
370606130,CHW,TB,2017-06-06T23:10Z,4,2,St. Petersburg
370606115,PHI,ATL,2017-06-06T23:35Z,3,1,Atlanta
370606108,SF,MIL,2017-06-06T23:40Z,2,5,Milwaukee
370606113,NYM,TEX,2017-06-07T00:05Z,8,10,Arlington
370606116,MIA,CHC,2017-06-07T00:05Z,2,10,Chicago
370606107,HOU,KC,2017-06-07T00:15Z,7,9,Kansas City
370606127,CLE,COL,2017-06-07T00:40Z,3,11,Denver
370606129,SD,ARI,2017-06-07T01:40Z,2,10,Phoenix
370606111,TOR,OAK,2017-06-07T02:05Z,1,4,Oakland
370606112,MIN,SEA,2017-06-07T02:10Z,3,12,Seattle
370606119,WSH,LAD,2017-06-07T02:10Z,2,1,Los Angeles
370607119,WSH,LAD,2017-06-07T19:10Z,1,2,Los Angeles
370607127,CLE,COL,2017-06-07T19:10Z,1,8,Denver
370607111,TOR,OAK,2017-06-07T19:35Z,7,5,Oakland
370607101,PIT,BAL,2017-06-07T23:05Z,6,9,Baltimore
370607110,BOS,NYY,2017-06-07T23:05Z,0,8,Bronx
370607106,LAA,DET,2017-06-07T23:10Z,0,4,Detroit
370607117,STL,CIN,2017-06-07T23:10Z,4,6,Cincinnati
370607130,CHW,TB,2017-06-07T23:10Z,1,3,St. Petersburg
370607115,PHI,ATL,2017-06-07T23:35Z,1,14,Atlanta
370607113,NYM,TEX,2017-06-08T00:05Z,4,3,Arlington
370607116,MIA,CHC,2017-06-08T00:05Z,6,5,Chicago
370607108,SF,MIL,2017-06-08T00:10Z,3,6,Milwaukee
370607107,HOU,KC,2017-06-08T00:15Z,5,7,Kansas City
370607129,SD,ARI,2017-06-08T01:40Z,4,7,Phoenix
370607112,MIN,SEA,2017-06-08T02:10Z,5,6,Seattle
370608117,STL,CIN,2017-06-08T16:35Z,2,5,Cincinnati
370608106,LAA,DET,2017-06-08T17:10Z,11,4,Detroit
370608108,SF,MIL,2017-06-08T18:10Z,9,5,Milwaukee
370608129,SD,ARI,2017-06-08T19:40Z,3,15,Phoenix
370608110,BOS,NYY,2017-06-08T23:00Z,1,9,Bronx
370608120,BAL,WSH,2017-06-08T23:05Z,1,6,Washington
370608123,MIA,PIT,2017-06-08T23:05Z,7,1,Pittsburgh
370608130,CHW,TB,2017-06-08T23:10Z,5,7,St. Petersburg
370608115,PHI,ATL,2017-06-08T23:35Z,1,3,Atlanta
370608116,COL,CHC,2017-06-09T00:05Z,4,1,Chicago
370608107,HOU,KC,2017-06-09T00:15Z,6,1,Kansas City
370608112,MIN,SEA,2017-06-09T02:10Z,2,1,Seattle
370609116,COL,CHC,2017-06-09T18:20Z,5,3,Chicago
370609120,TEX,WSH,2017-06-09T23:05Z,5,2,Washington
370609123,MIA,PIT,2017-06-09T23:05Z,12,7,Pittsburgh
370609102,DET,BOS,2017-06-09T23:10Z,3,5,Boston
370609105,CHW,CLE,2017-06-09T23:10Z,3,7,Cleveland
370609130,OAK,TB,2017-06-09T23:10Z,4,13,St. Petersburg
370609110,BAL,NYY,2017-06-09T23:35Z,2,8,Bronx
370609115,NYM,ATL,2017-06-09T23:35Z,2,3,Atlanta
370609118,LAA,HOU,2017-06-10T00:10Z,9,4,Houston
370609124,PHI,STL,2017-06-10T00:15Z,2,3,St. Louis
370609129,MIL,ARI,2017-06-10T01:40Z,8,6,Phoenix
370609112,TOR,SEA,2017-06-10T02:10Z,2,4,Seattle
370609119,CIN,LAD,2017-06-10T02:10Z,2,7,Los Angeles
370609125,KC,SD,2017-06-10T02:10Z,3,6,San Diego
370609126,MIN,SF,2017-06-10T02:15Z,4,0,San Francisco
370610120,TEX,WSH,2017-06-10T16:05Z,6,3,Washington
370610215,NYM,ATL,2017-06-10T17:00Z,6,1,Atlanta
370610230,OAK,TB,2017-06-10T18:10Z,5,6,St. Petersburg
370610124,PHI,STL,2017-06-10T18:15Z,0,7,St. Louis
370610116,COL,CHC,2017-06-10T18:20Z,9,1,Chicago
370610123,MIA,PIT,2017-06-10T20:05Z,6,7,Pittsburgh
370610126,MIN,SF,2017-06-10T20:05Z,3,2,San Francisco
370610118,LAA,HOU,2017-06-10T20:10Z,1,3,Houston
370610125,KC,SD,2017-06-10T20:10Z,12,6,San Diego
370610315,NYM,ATL,2017-06-10T22:00Z,8,1,Atlanta
370610330,OAK,TB,2017-06-10T22:50Z,7,2,St. Petersburg
370610102,DET,BOS,2017-06-10T23:15Z,3,11,Boston
370610105,CHW,CLE,2017-06-10T23:15Z,5,3,Cleveland
370610110,BAL,NYY,2017-06-10T23:15Z,3,16,Bronx
370610112,TOR,SEA,2017-06-11T02:10Z,4,2,Seattle
370610119,CIN,LAD,2017-06-11T02:10Z,4,5,Los Angeles
370610129,MIL,ARI,2017-06-11T02:10Z,2,3,Phoenix
370611110,BAL,NYY,2017-06-11T17:05Z,3,14,Bronx
370611105,CHW,CLE,2017-06-11T17:10Z,2,4,Cleveland
370611130,OAK,TB,2017-06-11T17:10Z,4,5,St. Petersburg
370611115,NYM,ATL,2017-06-11T17:35Z,2,1,Atlanta
370611123,MIA,PIT,2017-06-11T17:35Z,1,3,Pittsburgh
370611118,LAA,HOU,2017-06-11T18:10Z,12,6,Houston
370611124,PHI,STL,2017-06-11T18:15Z,5,6,St. Louis
370611116,COL,CHC,2017-06-11T18:20Z,5,7,Chicago
370611120,TEX,WSH,2017-06-11T20:05Z,5,1,Washington
370611126,MIN,SF,2017-06-11T20:05Z,8,13,San Francisco
370611112,TOR,SEA,2017-06-11T20:10Z,4,0,Seattle
370611119,CIN,LAD,2017-06-11T20:10Z,7,9,Los Angeles
370611129,MIL,ARI,2017-06-11T20:10Z,1,11,Phoenix
370611125,KC,SD,2017-06-11T20:40Z,8,3,San Diego
370611102,DET,BOS,2017-06-12T00:00Z,8,3,Boston
370612120,ATL,WSH,2017-06-12T23:05Z,11,10,Washington
370612123,COL,PIT,2017-06-12T23:05Z,2,7,Pittsburgh
370612102,PHI,BOS,2017-06-12T23:10Z,5,6,Boston
370612121,CHC,NYM,2017-06-12T23:10Z,1,6,Queens
370612104,BAL,CHW,2017-06-13T00:10Z,7,10,Chicago
370612109,SEA,MIN,2017-06-13T00:10Z,14,3,Minneapolis
370612118,TEX,HOU,2017-06-13T00:10Z,6,1,Houston
370612103,NYY,LAA,2017-06-13T02:07Z,5,3,Anaheim
370612125,CIN,SD,2017-06-13T02:10Z,3,9,San Diego
370613224,MIL,STL,2017-06-13T18:15Z,0,6,St. Louis
370613120,ATL,WSH,2017-06-13T23:05Z,5,10,Washington
370613123,COL,PIT,2017-06-13T23:05Z,2,5,Pittsburgh
370613114,TB,TOR,2017-06-13T23:07Z,8,1,Toronto
370613102,PHI,BOS,2017-06-13T23:10Z,3,4,Boston
370613105,LAD,CLE,2017-06-13T23:10Z,7,5,Cleveland
370613106,ARI,DET,2017-06-13T23:10Z,7,6,Detroit
370613121,CHC,NYM,2017-06-13T23:10Z,14,3,Queens
370613128,OAK,MIA,2017-06-13T23:10Z,1,8,Miami
370613104,BAL,CHW,2017-06-14T00:10Z,1,6,Chicago
370613109,SEA,MIN,2017-06-14T00:10Z,7,20,Minneapolis
370613118,TEX,HOU,2017-06-14T00:10Z,4,2,Houston
370613324,MIL,STL,2017-06-14T00:15Z,8,5,St. Louis
370613103,NYY,LAA,2017-06-14T02:07Z,2,3,Anaheim
370613125,CIN,SD,2017-06-14T02:10Z,2,6,San Diego
370613126,KC,SF,2017-06-14T02:15Z,8,1,San Francisco
370614128,OAK,MIA,2017-06-14T16:10Z,6,11,Miami
370614125,CIN,SD,2017-06-14T19:40Z,2,4,San Diego
370614126,KC,SF,2017-06-14T19:45Z,7,2,San Francisco
370614120,ATL,WSH,2017-06-14T20:05Z,13,2,Washington
370614122,BOS,PHI,2017-06-14T23:05Z,7,3,Philadelphia
370614123,COL,PIT,2017-06-14T23:05Z,5,1,Pittsburgh
370614114,TB,TOR,2017-06-14T23:07Z,6,7,Toronto
370614105,LAD,CLE,2017-06-14T23:10Z,6,4,Cleveland
370614106,ARI,DET,2017-06-14T23:10Z,2,1,Detroit
370614121,CHC,NYM,2017-06-14T23:10Z,4,9,Queens
370614104,BAL,CHW,2017-06-15T00:10Z,10,6,Chicago
370614109,SEA,MIN,2017-06-15T00:10Z,6,4,Minneapolis
370614118,TEX,HOU,2017-06-15T00:10Z,2,13,Houston
370614124,MIL,STL,2017-06-15T00:15Z,7,6,St. Louis
370614103,NYY,LAA,2017-06-15T02:00Z,5,7,Anaheim
370615105,LAD,CLE,2017-06-15T16:10Z,5,12,Cleveland
370615109,SEA,MIN,2017-06-15T17:10Z,2,6,Minneapolis
370615104,BAL,CHW,2017-06-15T18:10Z,2,5,Chicago
370615122,BOS,PHI,2017-06-15T23:05Z,0,1,Philadelphia
370615106,TB,DET,2017-06-15T23:10Z,3,5,Detroit
370615121,WSH,NYM,2017-06-15T23:10Z,8,3,Queens
370615124,MIL,STL,2017-06-15T23:15Z,6,4,St. Louis
370615127,SF,COL,2017-06-16T00:40Z,9,10,Denver
370615111,NYY,OAK,2017-06-16T02:05Z,7,8,Oakland
370615103,KC,LAA,2017-06-16T02:07Z,7,2,Anaheim
370616121,WSH,NYM,2017-06-16T23:00Z,7,2,Queens
370616101,STL,BAL,2017-06-16T23:05Z,11,2,Baltimore
370616122,ARI,PHI,2017-06-16T23:05Z,5,4,Philadelphia
370616123,CHC,PIT,2017-06-16T23:05Z,9,5,Pittsburgh
370616114,CHW,TOR,2017-06-16T23:07Z,11,4,Toronto
370616106,TB,DET,2017-06-16T23:10Z,4,13,Detroit
370616117,LAD,CIN,2017-06-16T23:10Z,3,1,Cincinnati
370616115,MIA,ATL,2017-06-16T23:35Z,5,0,Atlanta
370616113,SEA,TEX,2017-06-17T00:05Z,4,10,Arlington
370616108,SD,MIL,2017-06-17T00:10Z,5,6,Milwaukee
370616109,CLE,MIN,2017-06-17T00:10Z,8,1,Minneapolis
370616118,BOS,HOU,2017-06-17T00:10Z,2,1,Houston
370616127,SF,COL,2017-06-17T00:40Z,8,10,Denver
370616111,NYY,OAK,2017-06-17T01:35Z,6,7,Oakland
370616103,KC,LAA,2017-06-17T02:07Z,3,1,Anaheim
370617114,CHW,TOR,2017-06-17T17:07Z,5,2,Toronto
370617209,CLE,MIN,2017-06-17T18:10Z,9,3,Minneapolis
370617127,SF,COL,2017-06-17T19:10Z,1,5,Denver
370617101,STL,BAL,2017-06-17T20:05Z,7,15,Baltimore
370617111,NYY,OAK,2017-06-17T20:05Z,2,5,Oakland
370617122,ARI,PHI,2017-06-17T20:05Z,5,1,Philadelphia
370617106,TB,DET,2017-06-17T20:10Z,3,2,Detroit
370617108,SD,MIL,2017-06-17T20:10Z,7,5,Milwaukee
370617115,MIA,ATL,2017-06-17T20:10Z,7,8,Atlanta
370617117,LAD,CIN,2017-06-17T20:10Z,10,2,Cincinnati
370617121,WSH,NYM,2017-06-17T20:10Z,7,4,Queens
370617113,SEA,TEX,2017-06-17T21:05Z,4,10,Arlington
370617309,CLE,MIN,2017-06-18T00:10Z,6,2,Minneapolis
370617103,KC,LAA,2017-06-18T00:15Z,0,9,Anaheim
370617118,BOS,HOU,2017-06-18T00:15Z,1,7,Houston
370617123,CHC,PIT,2017-06-18T00:15Z,3,4,Pittsburgh
370618114,CHW,TOR,2017-06-18T17:07Z,3,7,Toronto
370618106,TB,DET,2017-06-18T17:10Z,9,1,Detroit
370618117,LAD,CIN,2017-06-18T17:10Z,8,7,Cincinnati
370618121,WSH,NYM,2017-06-18T17:10Z,1,5,Queens
370618101,STL,BAL,2017-06-18T17:35Z,5,8,Baltimore
370618115,MIA,ATL,2017-06-18T17:35Z,4,5,Atlanta
370618122,ARI,PHI,2017-06-18T17:35Z,5,4,Philadelphia
370618123,CHC,PIT,2017-06-18T17:35Z,7,1,Pittsburgh
370618108,SD,MIL,2017-06-18T18:10Z,1,2,Milwaukee
370618109,CLE,MIN,2017-06-18T18:10Z,5,2,Minneapolis
370618113,SEA,TEX,2017-06-18T19:05Z,7,3,Arlington
370618127,SF,COL,2017-06-18T19:10Z,5,7,Denver
370618103,KC,LAA,2017-06-18T19:37Z,7,3,Anaheim
370618111,NYY,OAK,2017-06-18T20:05Z,3,4,Oakland
370618118,BOS,HOU,2017-06-19T00:00Z,6,5,Houston
370619101,CLE,BAL,2017-06-19T23:05Z,12,0,Baltimore
370619128,WSH,MIA,2017-06-19T23:10Z,7,8,Miami
370619130,CIN,TB,2017-06-19T23:10Z,7,3,St. Petersburg
370619115,SF,ATL,2017-06-19T23:35Z,0,9,Atlanta
370619108,PIT,MIL,2017-06-19T23:40Z,8,1,Milwaukee
370619113,TOR,TEX,2017-06-20T00:05Z,7,6,Arlington
370619116,SD,CHC,2017-06-20T00:05Z,2,3,Chicago
370619107,BOS,KC,2017-06-20T00:15Z,2,4,Kansas City
370619112,DET,SEA,2017-06-20T02:00Z,2,6,Seattle
370619111,HOU,OAK,2017-06-20T02:05Z,4,1,Oakland
370619119,NYM,LAD,2017-06-20T02:10Z,6,10,Los Angeles
370620101,CLE,BAL,2017-06-20T23:05Z,5,6,Baltimore
370620110,LAA,NYY,2017-06-20T23:05Z,8,3,Bronx
370620122,STL,PHI,2017-06-20T23:05Z,8,1,Philadelphia
370620128,WSH,MIA,2017-06-20T23:10Z,12,3,Miami
370620130,CIN,TB,2017-06-20T23:10Z,5,6,St. Petersburg
370620115,SF,ATL,2017-06-20T23:35Z,6,3,Atlanta
370620108,PIT,MIL,2017-06-20T23:40Z,7,3,Milwaukee
370620113,TOR,TEX,2017-06-21T00:05Z,1,6,Arlington
370620116,SD,CHC,2017-06-21T00:05Z,0,4,Chicago
370620109,CHW,MIN,2017-06-21T00:10Z,7,9,Minneapolis
370620107,BOS,KC,2017-06-21T00:15Z,8,3,Kansas City
370620127,ARI,COL,2017-06-21T00:40Z,3,4,Denver
370620119,NYM,LAD,2017-06-21T02:00Z,0,12,Los Angeles
370620111,HOU,OAK,2017-06-21T02:05Z,8,4,Oakland
370620112,DET,SEA,2017-06-21T02:10Z,4,5,Seattle
370621128,WSH,MIA,2017-06-21T16:10Z,1,2,Miami
370621130,CIN,TB,2017-06-21T16:10Z,3,8,St. Petersburg
370621107,BOS,KC,2017-06-21T18:15Z,4,6,Kansas City
370621116,SD,CHC,2017-06-21T18:20Z,3,2,Chicago
370621101,CLE,BAL,2017-06-21T23:05Z,5,1,Baltimore
370621110,LAA,NYY,2017-06-21T23:05Z,4,8,Bronx
370621122,STL,PHI,2017-06-21T23:05Z,7,6,Philadelphia
370621115,SF,ATL,2017-06-21T23:35Z,3,5,Atlanta
370621113,TOR,TEX,2017-06-22T00:05Z,7,5,Arlington
370621108,PIT,MIL,2017-06-22T00:10Z,3,4,Milwaukee
370621109,CHW,MIN,2017-06-22T00:10Z,2,4,Minneapolis
370621127,ARI,COL,2017-06-22T00:40Z,16,5,Denver
370621119,NYM,LAD,2017-06-22T02:00Z,2,8,Los Angeles
370621111,HOU,OAK,2017-06-22T02:05Z,5,1,Oakland
370621112,DET,SEA,2017-06-22T02:10Z,5,7,Seattle
370622122,STL,PHI,2017-06-22T17:05Z,1,5,Philadelphia
370622109,CHW,MIN,2017-06-22T17:10Z,9,0,Minneapolis
370622113,TOR,TEX,2017-06-22T18:05Z,4,11,Arlington
370622108,PIT,MIL,2017-06-22T18:10Z,2,4,Milwaukee
370622127,ARI,COL,2017-06-22T19:10Z,10,3,Denver
370622111,HOU,OAK,2017-06-22T19:35Z,12,9,Oakland
370622101,CLE,BAL,2017-06-22T23:05Z,6,3,Baltimore
370622110,LAA,NYY,2017-06-22T23:05Z,10,5,Bronx
370622128,CHC,MIA,2017-06-22T23:10Z,11,1,Miami
370622115,SF,ATL,2017-06-22T23:35Z,11,12,Atlanta
400906847,SF,ATL,2017-06-22T23:35Z,11,12,Atlanta
370622112,DET,SEA,2017-06-23T02:10Z,6,9,Seattle
370622119,NYM,LAD,2017-06-23T02:10Z,3,6,Los Angeles
370623120,CIN,WSH,2017-06-23T23:05Z,5,6,Washington
370623102,LAA,BOS,2017-06-23T23:10Z,4,9,Boston
370623105,MIN,CLE,2017-06-23T23:10Z,5,0,Cleveland
370623128,CHC,MIA,2017-06-23T23:10Z,0,2,Miami
370623130,BAL,TB,2017-06-23T23:10Z,5,15,St. Petersburg
370623115,MIL,ATL,2017-06-23T23:35Z,4,5,Atlanta
370623104,OAK,CHW,2017-06-24T00:10Z,3,0,Chicago
370623107,TOR,KC,2017-06-24T00:15Z,4,5,Kansas City
370623124,PIT,STL,2017-06-24T00:15Z,4,3,St. Louis
370623110,TEX,NYY,2017-06-24T00:45Z,1,2,Bronx
370623129,PHI,ARI,2017-06-24T01:40Z,6,1,Phoenix
370623112,HOU,SEA,2017-06-24T02:10Z,3,13,Seattle
370623119,COL,LAD,2017-06-24T02:10Z,1,6,Los Angeles
370623125,DET,SD,2017-06-24T02:10Z,0,1,San Diego
370623126,NYM,SF,2017-06-24T02:15Z,11,4,San Francisco
370624110,TEX,NYY,2017-06-24T17:05Z,8,1,Bronx
370624104,OAK,CHW,2017-06-24T18:10Z,10,2,Chicago
370624107,TOR,KC,2017-06-24T18:15Z,2,3,Kansas City
370624120,CIN,WSH,2017-06-24T20:05Z,3,18,Washington
370624105,MIN,CLE,2017-06-24T20:10Z,4,2,Cleveland
370624115,MIL,ATL,2017-06-24T20:10Z,1,3,Atlanta
370624128,CHC,MIA,2017-06-24T20:10Z,5,3,Miami
370624130,BAL,TB,2017-06-24T20:10Z,8,3,St. Petersburg
370624102,LAA,BOS,2017-06-24T23:15Z,6,3,Boston
370624124,PIT,STL,2017-06-24T23:15Z,7,3,St. Louis
370624126,NYM,SF,2017-06-24T23:15Z,5,2,San Francisco
370624112,HOU,SEA,2017-06-25T02:10Z,5,2,Seattle
370624119,COL,LAD,2017-06-25T02:10Z,0,4,Los Angeles
370624125,DET,SD,2017-06-25T02:10Z,3,7,San Diego
370624129,PHI,ARI,2017-06-25T02:10Z,2,9,Phoenix
370625105,MIN,CLE,2017-06-25T17:10Z,4,0,Cleveland
370625128,CHC,MIA,2017-06-25T17:10Z,2,4,Miami
370625130,BAL,TB,2017-06-25T17:10Z,8,5,St. Petersburg
370625102,LAA,BOS,2017-06-25T17:35Z,4,2,Boston
370625115,MIL,ATL,2017-06-25T17:35Z,7,0,Atlanta
370625120,CIN,WSH,2017-06-25T17:35Z,6,2,Washington
370625110,TEX,NYY,2017-06-25T18:05Z,7,6,Bronx
370625104,OAK,CHW,2017-06-25T18:10Z,5,3,Chicago
370625107,TOR,KC,2017-06-25T18:15Z,8,2,Kansas City
370625126,NYM,SF,2017-06-25T20:05Z,8,2,San Francisco
370625112,HOU,SEA,2017-06-25T20:10Z,8,2,Seattle
370625119,COL,LAD,2017-06-25T20:10Z,6,12,Los Angeles
370625129,PHI,ARI,2017-06-25T20:10Z,1,2,Phoenix
370625125,DET,SD,2017-06-25T20:40Z,7,5,San Diego
370625124,PIT,STL,2017-06-26T00:00Z,4,8,St. Louis
370626129,PHI,ARI,2017-06-26T19:40Z,1,6,Phoenix
370626124,CIN,STL,2017-06-26T20:15Z,2,8,St. Louis
370626120,CHC,WSH,2017-06-26T23:05Z,5,4,Washington
370626102,MIN,BOS,2017-06-26T23:10Z,1,4,Boston
370626105,TEX,CLE,2017-06-26T23:10Z,9,15,Cleveland
370626104,NYY,CHW,2017-06-27T00:10Z,6,5,Chicago
370626126,COL,SF,2017-06-27T02:00Z,2,9,San Francisco
370626119,LAA,LAD,2017-06-27T02:10Z,4,0,Los Angeles
370627120,CHC,WSH,2017-06-27T23:05Z,1,6,Washington
370627123,TB,PIT,2017-06-27T23:05Z,4,2,Pittsburgh
370627114,BAL,TOR,2017-06-27T23:07Z,3,1,Toronto
370627102,MIN,BOS,2017-06-27T23:10Z,2,9,Boston
370627105,TEX,CLE,2017-06-27T23:10Z,2,1,Cleveland
370627106,KC,DET,2017-06-27T23:10Z,3,5,Detroit
370627117,MIL,CIN,2017-06-27T23:10Z,6,8,Cincinnati
370627128,NYM,MIA,2017-06-27T23:10Z,3,6,Miami
370627104,NYY,CHW,2017-06-28T00:10Z,3,4,Chicago
370627118,OAK,HOU,2017-06-28T00:10Z,6,4,Houston
370627129,STL,ARI,2017-06-28T01:40Z,5,6,Phoenix
370627112,PHI,SEA,2017-06-28T02:10Z,8,2,Seattle
370627119,LAA,LAD,2017-06-28T02:10Z,0,4,Los Angeles
370627125,ATL,SD,2017-06-28T02:10Z,3,0,San Diego
370627126,COL,SF,2017-06-28T02:15Z,3,4,San Francisco
370628112,PHI,SEA,2017-06-28T19:40Z,5,4,Seattle
370628126,COL,SF,2017-06-28T19:45Z,3,5,San Francisco
370628120,CHC,WSH,2017-06-28T23:05Z,4,8,Washington
370628123,TB,PIT,2017-06-28T23:05Z,2,6,Pittsburgh
370628114,BAL,TOR,2017-06-28T23:07Z,0,4,Toronto
370628102,MIN,BOS,2017-06-28T23:10Z,4,1,Boston
370628105,TEX,CLE,2017-06-28T23:10Z,3,5,Cleveland
370628106,KC,DET,2017-06-28T23:10Z,8,2,Detroit
370628117,MIL,CIN,2017-06-28T23:10Z,3,4,Cincinnati
370628128,NYM,MIA,2017-06-28T23:10Z,8,0,Miami
370628104,NYY,CHW,2017-06-29T00:10Z,12,3,Chicago
370628118,OAK,HOU,2017-06-29T00:10Z,8,11,Houston
370628129,STL,ARI,2017-06-29T01:40Z,4,3,Phoenix
370628103,LAD,LAA,2017-06-29T02:07Z,2,3,Anaheim
370628125,ATL,SD,2017-06-29T02:10Z,4,7,San Diego
370629105,TEX,CLE,2017-06-29T16:10Z,1,5,Cleveland
370629106,KC,DET,2017-06-29T17:10Z,3,7,Detroit
370629118,OAK,HOU,2017-06-29T18:10Z,1,6,Houston
370629129,STL,ARI,2017-06-29T19:40Z,10,4,Phoenix
370629120,CHC,WSH,2017-06-29T20:05Z,5,4,Washington
370629102,MIN,BOS,2017-06-29T23:00Z,3,6,Boston
370629123,TB,PIT,2017-06-29T23:05Z,0,4,Pittsburgh
370629114,BAL,TOR,2017-06-29T23:07Z,2,0,Toronto
370629117,MIL,CIN,2017-06-29T23:10Z,11,3,Cincinnati
370629128,NYM,MIA,2017-06-29T23:10Z,6,3,Miami
370629104,NYY,CHW,2017-06-30T00:10Z,3,4,Chicago
370629125,ATL,SD,2017-06-30T01:10Z,0,6,San Diego
370629103,LAD,LAA,2017-06-30T02:07Z,6,2,Anaheim
370630101,TB,BAL,2017-06-30T23:05Z,6,4,Baltimore
370630123,SF,PIT,2017-06-30T23:05Z,13,5,Pittsburgh
370630114,BOS,TOR,2017-06-30T23:07Z,7,4,Toronto
370630117,CHC,CIN,2017-06-30T23:10Z,0,5,Cincinnati
370630121,PHI,NYM,2017-06-30T23:10Z,1,2,Queens
370630104,TEX,CHW,2017-07-01T00:10Z,7,8,Chicago
370630108,MIA,MIL,2017-07-01T00:10Z,2,3,Milwaukee
370630118,NYY,HOU,2017-07-01T00:10Z,13,4,Houston
370630107,MIN,KC,2017-07-01T00:15Z,1,8,Kansas City
370630124,WSH,STL,2017-07-01T00:15Z,1,8,St. Louis
370630129,COL,ARI,2017-07-01T01:40Z,6,3,Phoenix
370630111,ATL,OAK,2017-07-01T02:05Z,3,1,Oakland
370630103,SEA,LAA,2017-07-01T02:07Z,10,0,Anaheim
370630125,LAD,SD,2017-07-01T02:10Z,10,4,San Diego
370701114,BOS,TOR,2017-07-01T17:07Z,7,1,Toronto
370701206,CLE,DET,2017-07-01T17:10Z,4,7,Detroit
370701104,TEX,CHW,2017-07-01T18:10Z,10,4,Chicago
370701207,MIN,KC,2017-07-01T18:15Z,6,11,Kansas City
370701101,TB,BAL,2017-07-01T20:05Z,10,3,Baltimore
370701111,ATL,OAK,2017-07-01T20:05Z,4,3,Oakland
370701123,SF,PIT,2017-07-01T20:05Z,2,1,Pittsburgh
370701108,MIA,MIL,2017-07-01T20:10Z,4,8,Milwaukee
370701117,CHC,CIN,2017-07-01T20:10Z,3,5,Cincinnati
370701121,PHI,NYM,2017-07-01T20:10Z,6,7,Queens
370701118,NYY,HOU,2017-07-01T23:15Z,6,7,Houston
370701124,WSH,STL,2017-07-01T23:15Z,1,2,St. Louis
370701306,CLE,DET,2017-07-01T23:15Z,4,1,Detroit
370701307,MIN,KC,2017-07-02T00:35Z,10,5,Kansas City
370701103,SEA,LAA,2017-07-02T02:07Z,0,4,Anaheim
370701125,LAD,SD,2017-07-02T02:10Z,8,0,San Diego
370701129,COL,ARI,2017-07-02T02:10Z,2,6,Phoenix
370702114,BOS,TOR,2017-07-02T17:07Z,15,1,Toronto
370702106,CLE,DET,2017-07-02T17:10Z,11,8,Detroit
370702117,CHC,CIN,2017-07-02T17:10Z,6,2,Cincinnati
370702121,PHI,NYM,2017-07-02T17:10Z,7,1,Queens
370702101,TB,BAL,2017-07-02T17:35Z,1,7,Baltimore
370702123,SF,PIT,2017-07-02T17:35Z,5,3,Pittsburgh
370702104,TEX,CHW,2017-07-02T18:10Z,5,6,Chicago
370702108,MIA,MIL,2017-07-02T18:10Z,10,3,Milwaukee
370702118,NYY,HOU,2017-07-02T18:10Z,1,8,Houston
370702107,MIN,KC,2017-07-02T18:15Z,2,6,Kansas City
370702103,SEA,LAA,2017-07-02T19:37Z,5,3,Anaheim
370702111,ATL,OAK,2017-07-02T20:05Z,4,3,Oakland
370702129,COL,ARI,2017-07-02T20:10Z,3,4,Phoenix
370702125,LAD,SD,2017-07-02T20:40Z,3,5,San Diego
370702124,WSH,STL,2017-07-03T00:00Z,7,2,St. Louis
370703108,BAL,MIL,2017-07-03T18:10Z,1,8,Milwaukee
370703120,NYM,WSH,2017-07-03T22:05Z,2,3,Washington
370703110,TOR,NYY,2017-07-03T23:05Z,3,6,Bronx
370703122,PIT,PHI,2017-07-03T23:05Z,0,4,Philadelphia
370703124,MIA,STL,2017-07-03T23:15Z,6,14,St. Louis
370703113,BOS,TEX,2017-07-04T00:00Z,7,5,Arlington
370703109,LAA,MIN,2017-07-04T00:10Z,5,9,Minneapolis
370703127,CIN,COL,2017-07-04T00:10Z,3,5,Denver
370703111,CHW,OAK,2017-07-04T01:05Z,7,2,Oakland
370703112,KC,SEA,2017-07-04T02:10Z,3,1,Seattle
370704120,NYM,WSH,2017-07-04T15:05Z,4,11,Washington
370704110,TOR,NYY,2017-07-04T17:05Z,4,1,Bronx
370704106,SF,DET,2017-07-04T17:10Z,3,5,Detroit
370704109,LAA,MIN,2017-07-04T18:10Z,4,5,Minneapolis
370704124,MIA,STL,2017-07-04T18:15Z,5,2,St. Louis
370704116,TB,CHC,2017-07-04T18:20Z,6,5,Chicago
370704122,PIT,PHI,2017-07-04T20:00Z,3,0,Philadelphia
370704111,CHW,OAK,2017-07-04T20:05Z,6,7,Oakland
370704108,BAL,MIL,2017-07-04T20:10Z,2,6,Milwaukee
370704112,KC,SEA,2017-07-04T22:40Z,7,3,Seattle
370704105,SD,CLE,2017-07-04T23:10Z,1,0,Cleveland
370704115,HOU,ATL,2017-07-04T23:35Z,16,4,Atlanta
370704113,BOS,TEX,2017-07-05T00:00Z,11,4,Arlington
370704127,CIN,COL,2017-07-05T00:10Z,8,1,Denver
370704119,ARI,LAD,2017-07-05T01:10Z,3,4,Los Angeles
370705110,TOR,NYY,2017-07-05T17:05Z,7,6,Bronx
370705116,TB,CHC,2017-07-05T18:20Z,3,7,Chicago
370705111,CHW,OAK,2017-07-05T19:35Z,4,7,Oakland
370705122,PIT,PHI,2017-07-05T23:05Z,5,2,Philadelphia
370705105,SD,CLE,2017-07-05T23:10Z,6,2,Cleveland
370705106,SF,DET,2017-07-05T23:10Z,5,4,Detroit
370705108,BAL,MIL,2017-07-05T23:10Z,0,4,Milwaukee
370705115,HOU,ATL,2017-07-05T23:35Z,10,4,Atlanta
370705113,BOS,TEX,2017-07-06T00:05Z,2,8,Arlington
370705109,LAA,MIN,2017-07-06T00:10Z,2,1,Minneapolis
370705124,MIA,STL,2017-07-06T00:15Z,9,6,St. Louis
370705127,CIN,COL,2017-07-06T00:40Z,3,5,Denver
370705112,KC,SEA,2017-07-06T02:10Z,9,6,Seattle
370705119,ARI,LAD,2017-07-06T02:10Z,0,1,Los Angeles
370706106,SF,DET,2017-07-06T17:10Z,2,6,Detroit
370706124,MIA,STL,2017-07-06T17:45Z,3,4,St. Louis
370706116,MIL,CHC,2017-07-06T18:20Z,11,2,Chicago
370706127,CIN,COL,2017-07-06T19:10Z,6,3,Denver
370706122,PIT,PHI,2017-07-06T22:05Z,6,3,Philadelphia
370706114,HOU,TOR,2017-07-06T23:07Z,4,7,Toronto
370706105,SD,CLE,2017-07-06T23:10Z,2,11,Cleveland
370706130,BOS,TB,2017-07-06T23:10Z,1,4,St. Petersburg
370706109,BAL,MIN,2017-07-07T00:10Z,4,6,Minneapolis
370706112,OAK,SEA,2017-07-07T02:10Z,7,4,Seattle
370706119,ARI,LAD,2017-07-07T02:10Z,4,5,Los Angeles
370706120,ATL,WSH,2017-07-07T02:10Z,5,2,Washington
370707116,PIT,CHC,2017-07-07T18:20Z,1,6,Chicago
370707122,SD,PHI,2017-07-07T22:35Z,4,3,Philadelphia
370707110,MIL,NYY,2017-07-07T23:05Z,9,4,Bronx
370707120,ATL,WSH,2017-07-07T23:05Z,4,5,Washington
370707114,HOU,TOR,2017-07-07T23:07Z,12,2,Toronto
370707105,DET,CLE,2017-07-07T23:10Z,2,11,Cleveland
370707130,BOS,TB,2017-07-07T23:10Z,8,3,St. Petersburg
370707113,LAA,TEX,2017-07-08T00:05Z,0,10,Arlington
370707109,BAL,MIN,2017-07-08T00:10Z,6,9,Minneapolis
370707124,NYM,STL,2017-07-08T00:15Z,6,5,St. Louis
370707127,CHW,COL,2017-07-08T00:40Z,4,12,Denver
370707129,CIN,ARI,2017-07-08T01:40Z,3,6,Phoenix
370707112,OAK,SEA,2017-07-08T02:10Z,2,7,Seattle
370707119,KC,LAD,2017-07-08T02:10Z,1,4,Los Angeles
370707126,MIA,SF,2017-07-08T02:15Z,6,1,San Francisco
370708110,MIL,NYY,2017-07-08T17:05Z,3,5,Bronx
370708114,HOU,TOR,2017-07-08T17:07Z,2,7,Toronto
370708109,BAL,MIN,2017-07-08T18:10Z,5,1,Minneapolis
370708120,ATL,WSH,2017-07-08T20:05Z,13,0,Washington
370708122,SD,PHI,2017-07-08T20:05Z,2,1,Philadelphia
370708124,NYM,STL,2017-07-08T20:10Z,1,4,St. Louis
370708130,BOS,TB,2017-07-08T20:10Z,0,1,St. Petersburg
370708105,DET,CLE,2017-07-08T23:15Z,0,4,Cleveland
370708116,PIT,CHC,2017-07-08T23:15Z,4,2,Chicago
370708119,KC,LAD,2017-07-08T23:15Z,4,5,Los Angeles
370708113,LAA,TEX,2017-07-09T01:05Z,2,5,Arlington
370708127,CHW,COL,2017-07-09T01:10Z,5,4,Denver
370708126,MIA,SF,2017-07-09T02:05Z,5,4,San Francisco
370708112,OAK,SEA,2017-07-09T02:10Z,4,3,Seattle
370708129,CIN,ARI,2017-07-09T02:10Z,7,0,Phoenix
370709110,MIL,NYY,2017-07-09T17:05Z,5,3,Bronx
370709114,HOU,TOR,2017-07-09T17:07Z,19,1,Toronto
370709116,PIT,CHC,2017-07-09T17:10Z,14,3,Chicago
370709130,BOS,TB,2017-07-09T17:10Z,3,5,St. Petersburg
370709120,ATL,WSH,2017-07-09T17:35Z,5,10,Washington
370709122,SD,PHI,2017-07-09T17:35Z,1,7,Philadelphia
370709109,BAL,MIN,2017-07-09T18:10Z,11,5,Minneapolis
370709124,NYM,STL,2017-07-09T18:15Z,0,6,St. Louis
370709113,LAA,TEX,2017-07-09T19:05Z,3,0,Arlington
370709127,CHW,COL,2017-07-09T19:10Z,0,10,Denver
400907175,CHW,COL,2017-07-09T19:10Z,0,10,Denver
370709126,MIA,SF,2017-07-09T20:05Z,10,8,San Francisco
370709112,OAK,SEA,2017-07-09T20:10Z,0,4,Seattle
370709119,KC,LAD,2017-07-09T20:10Z,2,5,Los Angeles
370709129,CIN,ARI,2017-07-09T20:10Z,2,1,Phoenix
370709105,DET,CLE,2017-07-10T00:00Z,5,3,Cleveland
370711132,AL,NL,2017-07-12T00:00Z,2,1,Miami
370714101,CHC,BAL,2017-07-14T23:05Z,9,8,Baltimore
370714123,STL,PIT,2017-07-14T23:05Z,2,5,Pittsburgh
370714102,NYY,BOS,2017-07-14T23:10Z,4,5,Boston
370714106,TOR,DET,2017-07-14T23:10Z,7,2,Detroit
370714117,WSH,CIN,2017-07-14T23:10Z,5,0,Cincinnati
370714121,COL,NYM,2017-07-14T23:10Z,2,14,Queens
370714128,LAD,MIA,2017-07-14T23:10Z,6,4,Miami
370714115,ARI,ATL,2017-07-14T23:35Z,3,4,Atlanta
370714104,SEA,CHW,2017-07-15T00:10Z,4,2,Chicago
370714108,PHI,MIL,2017-07-15T00:10Z,6,9,Milwaukee
370714118,MIN,HOU,2017-07-15T00:10Z,5,10,Houston
370714107,TEX,KC,2017-07-15T00:15Z,5,3,Kansas City
370714111,CLE,OAK,2017-07-15T02:05Z,0,5,Oakland
370714103,TB,LAA,2017-07-15T02:07Z,2,1,Anaheim
370714125,SF,SD,2017-07-15T02:10Z,5,4,San Diego
370715102,NYY,BOS,2017-07-15T20:05Z,4,1,Boston
370715106,TOR,DET,2017-07-15T22:10Z,1,11,Detroit
370715101,CHC,BAL,2017-07-15T23:05Z,10,3,Baltimore
370715123,STL,PIT,2017-07-15T23:05Z,4,0,Pittsburgh
370715104,SEA,CHW,2017-07-15T23:10Z,4,3,Chicago
370715108,PHI,MIL,2017-07-15T23:10Z,2,3,Milwaukee
370715115,ARI,ATL,2017-07-15T23:10Z,5,8,Atlanta
370715117,WSH,CIN,2017-07-15T23:10Z,10,7,Cincinnati
370715118,MIN,HOU,2017-07-15T23:10Z,4,2,Houston
370715121,COL,NYM,2017-07-15T23:10Z,3,9,Queens
370715128,LAD,MIA,2017-07-15T23:10Z,7,1,Miami
370715107,TEX,KC,2017-07-15T23:15Z,1,0,Kansas City
370715125,SF,SD,2017-07-16T00:40Z,3,5,San Diego
370715111,CLE,OAK,2017-07-16T01:05Z,3,5,Oakland
370715103,TB,LAA,2017-07-16T01:07Z,6,3,Anaheim
370716202,NYY,BOS,2017-07-16T17:05Z,3,0,Boston
370716106,TOR,DET,2017-07-16T17:10Z,5,6,Detroit
370716117,WSH,CIN,2017-07-16T17:10Z,14,4,Cincinnati
370716121,COL,NYM,2017-07-16T17:10Z,13,4,Queens
370716128,LAD,MIA,2017-07-16T17:10Z,3,2,Miami
370716101,CHC,BAL,2017-07-16T17:35Z,8,0,Baltimore
370716115,ARI,ATL,2017-07-16T17:35Z,1,7,Atlanta
370716123,STL,PIT,2017-07-16T17:35Z,3,4,Pittsburgh
370716104,SEA,CHW,2017-07-16T18:10Z,7,6,Chicago
370716108,PHI,MIL,2017-07-16T18:10Z,5,2,Milwaukee
370716118,MIN,HOU,2017-07-16T18:10Z,3,5,Houston
370716107,TEX,KC,2017-07-16T18:15Z,3,4,Kansas City
370716103,TB,LAA,2017-07-16T19:37Z,3,4,Anaheim
370716111,CLE,OAK,2017-07-16T20:05Z,3,7,Oakland
370716125,SF,SD,2017-07-16T20:40Z,1,7,San Diego
370716302,NYY,BOS,2017-07-17T00:00Z,0,3,Boston
370717117,WSH,CIN,2017-07-17T16:35Z,6,1,Cincinnati
370717102,TOR,BOS,2017-07-17T23:00Z,4,3,Boston
370717101,TEX,BAL,2017-07-17T23:05Z,1,3,Baltimore
370717123,MIL,PIT,2017-07-17T23:05Z,2,4,Pittsburgh
370717121,STL,NYM,2017-07-17T23:10Z,6,3,Queens
370717128,PHI,MIA,2017-07-17T23:10Z,5,6,Miami
370717115,CHC,ATL,2017-07-17T23:35Z,4,3,Atlanta
370717109,NYY,MIN,2017-07-18T00:10Z,2,4,Minneapolis
370717118,SEA,HOU,2017-07-18T00:10Z,9,7,Houston
370717107,DET,KC,2017-07-18T00:15Z,10,2,Kansas City
370717127,SD,COL,2017-07-18T00:40Z,6,9,Denver
370717111,TB,OAK,2017-07-18T02:05Z,3,2,Oakland
370717126,CLE,SF,2017-07-18T02:15Z,5,3,San Francisco
370718101,TEX,BAL,2017-07-18T23:05Z,1,12,Baltimore
370718123,MIL,PIT,2017-07-18T23:05Z,3,4,Pittsburgh
370718117,ARI,CIN,2017-07-18T23:10Z,11,2,Cincinnati
370718121,STL,NYM,2017-07-18T23:10Z,5,0,Queens
370718128,PHI,MIA,2017-07-18T23:10Z,5,2,Miami
370718115,CHC,ATL,2017-07-18T23:35Z,5,1,Atlanta
370718109,NYY,MIN,2017-07-19T00:00Z,6,3,Minneapolis
370718102,TOR,BOS,2017-07-19T00:10Z,4,5,Boston
370718104,LAD,CHW,2017-07-19T00:10Z,1,0,Chicago
370718118,SEA,HOU,2017-07-19T00:10Z,2,6,Houston
370718107,DET,KC,2017-07-19T00:15Z,9,3,Kansas City
370718127,SD,COL,2017-07-19T00:40Z,7,9,Denver
370718111,TB,OAK,2017-07-19T02:05Z,4,3,Oakland
370718103,WSH,LAA,2017-07-19T02:07Z,4,3,Anaheim
370718126,CLE,SF,2017-07-19T02:15Z,1,2,San Francisco
370719115,CHC,ATL,2017-07-19T16:10Z,8,2,Atlanta
370719128,PHI,MIA,2017-07-19T16:10Z,10,3,Miami
370719109,NYY,MIN,2017-07-19T17:10Z,1,6,Minneapolis
370719118,SEA,HOU,2017-07-19T18:10Z,4,1,Houston
370719127,SD,COL,2017-07-19T19:10Z,4,18,Denver
370719111,TB,OAK,2017-07-19T19:35Z,2,7,Oakland
370719126,CLE,SF,2017-07-19T19:45Z,4,5,San Francisco
370719121,STL,NYM,2017-07-19T23:00Z,3,7,Queens
370719101,TEX,BAL,2017-07-19T23:05Z,2,10,Baltimore
370719123,MIL,PIT,2017-07-19T23:05Z,2,3,Pittsburgh
370719102,TOR,BOS,2017-07-19T23:10Z,1,5,Boston
370719117,ARI,CIN,2017-07-19T23:10Z,3,4,Cincinnati
370719104,LAD,CHW,2017-07-20T00:10Z,9,1,Chicago
370719107,DET,KC,2017-07-20T00:15Z,3,4,Kansas City
370719103,WSH,LAA,2017-07-20T02:00Z,0,7,Anaheim
370720121,STL,NYM,2017-07-20T16:10Z,2,3,Queens
370720117,ARI,CIN,2017-07-20T16:35Z,12,2,Cincinnati
370720123,MIL,PIT,2017-07-20T16:35Z,2,4,Pittsburgh
370720102,TOR,BOS,2017-07-20T17:35Z,8,6,Boston
370720101,TEX,BAL,2017-07-20T23:05Z,7,9,Baltimore
370720107,DET,KC,2017-07-21T00:15Z,4,16,Kansas City
370720112,NYY,SEA,2017-07-21T02:10Z,4,1,Seattle
370720119,ATL,LAD,2017-07-21T02:10Z,6,3,Los Angeles
370720126,SD,SF,2017-07-21T02:15Z,5,2,San Francisco
370721116,STL,CHC,2017-07-21T18:20Z,11,4,Chicago
370721101,HOU,BAL,2017-07-21T23:05Z,8,7,Baltimore
370721122,MIL,PHI,2017-07-21T23:05Z,1,6,Philadelphia
370721105,TOR,CLE,2017-07-21T23:10Z,3,13,Cleveland
370721117,MIA,CIN,2017-07-21T23:10Z,3,1,Cincinnati
370721121,OAK,NYM,2017-07-21T23:10Z,5,7,Queens
370721130,TEX,TB,2017-07-21T23:10Z,4,3,St. Petersburg
370721109,DET,MIN,2017-07-22T00:10Z,6,3,Minneapolis
370721107,CHW,KC,2017-07-22T00:15Z,6,7,Kansas City
370721127,PIT,COL,2017-07-22T00:40Z,13,5,Denver
370721129,WSH,ARI,2017-07-22T01:40Z,5,6,Phoenix
370721103,BOS,LAA,2017-07-22T02:07Z,6,2,Anaheim
370721112,NYY,SEA,2017-07-22T02:10Z,5,1,Seattle
370721119,ATL,LAD,2017-07-22T02:10Z,12,3,Los Angeles
370721126,SD,SF,2017-07-22T02:15Z,12,9,San Francisco
370722116,STL,CHC,2017-07-22T20:05Z,2,3,Chicago
370722126,SD,SF,2017-07-22T20:05Z,4,5,San Francisco
370722101,HOU,BAL,2017-07-22T23:05Z,8,4,Baltimore
370722122,MIL,PHI,2017-07-22T23:05Z,9,8,Philadelphia
370722105,TOR,CLE,2017-07-22T23:10Z,1,2,Cleveland
370722109,DET,MIN,2017-07-22T23:10Z,5,6,Minneapolis
370722117,MIA,CIN,2017-07-22T23:10Z,5,4,Cincinnati
370722121,OAK,NYM,2017-07-22T23:10Z,5,6,Queens
370722130,TEX,TB,2017-07-22T23:10Z,4,3,St. Petersburg
370722107,CHW,KC,2017-07-22T23:15Z,2,7,Kansas City
370722127,PIT,COL,2017-07-23T00:10Z,3,7,Denver
370722129,WSH,ARI,2017-07-23T00:10Z,4,3,Phoenix
370722103,BOS,LAA,2017-07-23T01:07Z,3,7,Anaheim
370722112,NYY,SEA,2017-07-23T01:10Z,5,6,Seattle
370722119,ATL,LAD,2017-07-23T01:10Z,2,6,Los Angeles
370723105,TOR,CLE,2017-07-23T17:10Z,1,8,Cleveland
370723117,MIA,CIN,2017-07-23T17:10Z,3,6,Cincinnati
370723121,OAK,NYM,2017-07-23T17:10Z,3,2,Queens
370723130,TEX,TB,2017-07-23T17:10Z,6,5,St. Petersburg
400907392,TEX,TB,2017-07-23T17:10Z,6,5,St. Petersburg
370723101,HOU,BAL,2017-07-23T17:35Z,7,9,Baltimore
370723122,MIL,PHI,2017-07-23T17:35Z,3,6,Philadelphia
370723109,DET,MIN,2017-07-23T18:10Z,9,6,Minneapolis
370723107,CHW,KC,2017-07-23T18:15Z,4,5,Kansas City
370723127,PIT,COL,2017-07-23T19:10Z,3,13,Denver
370723103,BOS,LAA,2017-07-23T19:37Z,2,3,Anaheim
370723126,SD,SF,2017-07-23T20:05Z,5,2,San Francisco
370723112,NYY,SEA,2017-07-23T20:10Z,6,4,Seattle
370723119,ATL,LAD,2017-07-23T20:10Z,4,5,Los Angeles
370723129,WSH,ARI,2017-07-23T20:10Z,6,2,Phoenix
370723116,STL,CHC,2017-07-24T00:00Z,3,5,Chicago
370724116,CHW,CHC,2017-07-24T18:20Z,3,1,Chicago
370724122,HOU,PHI,2017-07-24T23:05Z,13,4,Philadelphia
370724114,OAK,TOR,2017-07-24T23:07Z,2,4,Toronto
370724105,CIN,CLE,2017-07-24T23:10Z,2,6,Cleveland
370724106,KC,DET,2017-07-24T23:10Z,5,3,Detroit
370724130,BAL,TB,2017-07-24T23:10Z,5,0,St. Petersburg
370724124,COL,STL,2017-07-25T00:00Z,2,8,St. Louis
370724113,MIA,TEX,2017-07-25T00:05Z,4,0,Arlington
370724129,ATL,ARI,2017-07-25T01:40Z,2,10,Phoenix
370724112,BOS,SEA,2017-07-25T02:10Z,0,4,Seattle
370724119,MIN,LAD,2017-07-25T02:10Z,4,6,Los Angeles
370724125,NYM,SD,2017-07-25T02:10Z,5,3,San Diego
370724126,PIT,SF,2017-07-25T02:15Z,10,3,San Francisco
370725116,CHW,CHC,2017-07-25T18:20Z,2,7,Chicago
370725110,CIN,NYY,2017-07-25T23:05Z,2,4,Bronx
370725120,MIL,WSH,2017-07-25T23:05Z,8,0,Washington
370725122,HOU,PHI,2017-07-25T23:05Z,5,0,Philadelphia
370725114,OAK,TOR,2017-07-25T23:07Z,1,4,Toronto
370725105,LAA,CLE,2017-07-25T23:10Z,7,11,Cleveland
370725106,KC,DET,2017-07-25T23:10Z,3,1,Detroit
370725130,BAL,TB,2017-07-25T23:10Z,4,5,St. Petersburg
370725113,MIA,TEX,2017-07-26T00:05Z,4,10,Arlington
370725124,COL,STL,2017-07-26T00:15Z,2,3,St. Louis
370725129,ATL,ARI,2017-07-26T01:40Z,8,3,Phoenix
370725112,BOS,SEA,2017-07-26T02:10Z,5,6,Seattle
370725119,MIN,LAD,2017-07-26T02:10Z,2,6,Los Angeles
370725125,NYM,SD,2017-07-26T02:10Z,6,5,San Diego
370725126,PIT,SF,2017-07-26T02:15Z,3,11,San Francisco
370726130,BAL,TB,2017-07-26T16:10Z,1,5,St. Petersburg
370726110,CIN,NYY,2017-07-26T17:05Z,5,9,Bronx
370726112,BOS,SEA,2017-07-26T19:40Z,4,0,Seattle
370726129,ATL,ARI,2017-07-26T19:40Z,3,10,Phoenix
370726126,PIT,SF,2017-07-26T19:45Z,1,2,San Francisco
370726120,MIL,WSH,2017-07-26T23:05Z,5,8,Washington
370726122,HOU,PHI,2017-07-26T23:05Z,0,9,Philadelphia
400907449,MIL,WSH,2017-07-26T23:05Z,5,8,
370726114,OAK,TOR,2017-07-26T23:07Z,2,3,Toronto
370726105,LAA,CLE,2017-07-26T23:10Z,4,10,Cleveland
370726106,KC,DET,2017-07-26T23:10Z,16,2,Detroit
400907437,LAA,CLE,2017-07-26T23:10Z,4,10,Cleveland
370726104,CHC,CHW,2017-07-27T00:00Z,8,3,Chicago
370726113,MIA,TEX,2017-07-27T00:05Z,22,10,Arlington
370726124,COL,STL,2017-07-27T00:15Z,5,10,St. Louis
370726119,MIN,LAD,2017-07-27T02:10Z,5,6,Los Angeles
370726125,NYM,SD,2017-07-27T02:10Z,3,6,San Diego
370727120,MIL,WSH,2017-07-27T16:05Z,2,15,Washington
370727105,LAA,CLE,2017-07-27T16:10Z,1,2,Cleveland
370727114,OAK,TOR,2017-07-27T16:37Z,4,8,Toronto
370727110,TB,NYY,2017-07-27T23:05Z,5,6,Bronx
370727128,CIN,MIA,2017-07-27T23:10Z,1,4,Miami
370727104,CHC,CHW,2017-07-28T00:10Z,6,3,Chicago
370727124,ARI,STL,2017-07-28T00:15Z,4,0,St. Louis
370727125,NYM,SD,2017-07-28T01:10Z,5,7,San Diego
370728110,TB,NYY,2017-07-28T23:05Z,1,6,Bronx
370728122,ATL,PHI,2017-07-28T23:05Z,3,10,Philadelphia
370728114,LAA,TOR,2017-07-28T23:07Z,7,2,Toronto
370728102,KC,BOS,2017-07-28T23:10Z,4,2,Boston
370728106,HOU,DET,2017-07-28T23:10Z,6,5,Detroit
370728128,CIN,MIA,2017-07-28T23:10Z,4,7,Miami
370728113,BAL,TEX,2017-07-29T00:05Z,2,8,Arlington
370728104,CLE,CHW,2017-07-29T00:10Z,9,3,Chicago
370728108,CHC,MIL,2017-07-29T00:10Z,1,2,Milwaukee
370728124,ARI,STL,2017-07-29T00:15Z,0,1,St. Louis
370728111,MIN,OAK,2017-07-29T02:05Z,6,3,Oakland
370728112,NYM,SEA,2017-07-29T02:10Z,7,5,Seattle
370728119,SF,LAD,2017-07-29T02:10Z,4,6,Los Angeles
370728125,PIT,SD,2017-07-29T02:10Z,2,3,San Diego
370729110,TB,NYY,2017-07-29T17:05Z,4,5,Bronx
370729114,LAA,TOR,2017-07-29T17:07Z,6,5,Toronto
370729119,SF,LAD,2017-07-29T20:05Z,1,2,Los Angeles
370729112,NYM,SEA,2017-07-29T20:10Z,2,3,Seattle
370729106,HOU,DET,2017-07-29T22:10Z,3,5,Detroit
370729120,COL,WSH,2017-07-29T23:05Z,4,2,Washington
370729122,ATL,PHI,2017-07-29T23:05Z,3,4,Philadelphia
370729102,KC,BOS,2017-07-29T23:10Z,8,9,Boston
370729104,CLE,CHW,2017-07-29T23:10Z,5,4,Chicago
370729108,CHC,MIL,2017-07-29T23:10Z,2,1,Milwaukee
370729128,CIN,MIA,2017-07-29T23:10Z,3,7,Miami
370729124,ARI,STL,2017-07-29T23:15Z,7,1,St. Louis
370729113,BAL,TEX,2017-07-30T00:05Z,4,0,Arlington
370729125,PIT,SD,2017-07-30T00:40Z,2,4,San Diego
370729111,MIN,OAK,2017-07-30T01:05Z,4,5,Oakland
370730110,TB,NYY,2017-07-30T17:05Z,5,3,Bronx
370730114,LAA,TOR,2017-07-30T17:07Z,10,11,Toronto
370730106,HOU,DET,2017-07-30T17:10Z,1,13,Detroit
370730128,CIN,MIA,2017-07-30T17:10Z,6,4,Miami
370730102,KC,BOS,2017-07-30T17:35Z,5,3,Boston
370730122,ATL,PHI,2017-07-30T17:35Z,1,2,Philadelphia
370730220,COL,WSH,2017-07-30T17:35Z,10,6,Washington
370730104,CLE,CHW,2017-07-30T18:10Z,1,3,Chicago
370730108,CHC,MIL,2017-07-30T18:10Z,4,2,Milwaukee
370730124,ARI,STL,2017-07-30T18:15Z,2,3,St. Louis
370730113,BAL,TEX,2017-07-30T19:05Z,10,6,Arlington
370730111,MIN,OAK,2017-07-30T20:05Z,5,6,Oakland
370730112,NYM,SEA,2017-07-30T20:10Z,1,9,Seattle
370730125,PIT,SD,2017-07-30T20:40Z,7,1,San Diego
370730320,COL,WSH,2017-07-30T23:40Z,1,3,Washington
370730119,SF,LAD,2017-07-31T00:00Z,2,3,Los Angeles
370731122,ATL,PHI,2017-07-31T16:35Z,6,7,Philadelphia
370731102,CLE,BOS,2017-07-31T23:00Z,2,6,Boston
370731101,KC,BAL,2017-07-31T23:05Z,1,2,Baltimore
370731110,DET,NYY,2017-07-31T23:05Z,3,7,Bronx
370731128,WSH,MIA,2017-07-31T23:10Z,1,0,Miami
370731113,SEA,TEX,2017-08-01T00:05Z,6,4,Arlington
370731104,TOR,CHW,2017-08-01T00:10Z,6,7,Chicago
370731118,TB,HOU,2017-08-01T00:10Z,7,14,Houston
370731111,SF,OAK,2017-08-01T02:05Z,5,8,Oakland
370801101,KC,BAL,2017-08-01T23:05Z,2,7,Baltimore
370801110,DET,NYY,2017-08-01T23:05Z,4,3,Bronx
370801123,CIN,PIT,2017-08-01T23:05Z,9,1,Pittsburgh
370801102,CLE,BOS,2017-08-01T23:10Z,10,12,Boston
370801128,WSH,MIA,2017-08-01T23:10Z,6,7,Miami
370801115,LAD,ATL,2017-08-01T23:35Z,3,2,Atlanta
370801108,STL,MIL,2017-08-01T23:40Z,2,3,Milwaukee
370801113,SEA,TEX,2017-08-02T00:05Z,8,7,Arlington
370801116,ARI,CHC,2017-08-02T00:05Z,4,16,Chicago
370801104,TOR,CHW,2017-08-02T00:10Z,8,4,Chicago
370801118,TB,HOU,2017-08-02T00:10Z,6,4,Houston
370801127,NYM,COL,2017-08-02T00:40Z,4,5,Denver
370801111,SF,OAK,2017-08-02T02:05Z,10,4,Oakland
370801103,PHI,LAA,2017-08-02T02:07Z,1,7,Anaheim
370801125,MIN,SD,2017-08-02T02:10Z,0,3,San Diego
370802110,DET,NYY,2017-08-02T17:05Z,2,0,Bronx
370802104,TOR,CHW,2017-08-02T18:10Z,5,1,Chicago
370802125,MIN,SD,2017-08-02T19:40Z,5,2,San Diego
370802101,KC,BAL,2017-08-02T23:05Z,0,6,Baltimore
370802123,CIN,PIT,2017-08-02T23:05Z,5,2,Pittsburgh
370802128,WSH,MIA,2017-08-02T23:10Z,0,7,Miami
370802115,LAD,ATL,2017-08-02T23:35Z,3,5,Atlanta
370802113,SEA,TEX,2017-08-03T00:05Z,1,5,Arlington
370802116,ARI,CHC,2017-08-03T00:05Z,3,0,Chicago
370802108,STL,MIL,2017-08-03T00:10Z,5,4,Milwaukee
370802118,TB,HOU,2017-08-03T00:10Z,3,0,Houston
370802127,NYM,COL,2017-08-03T00:40Z,10,5,Denver
370802103,PHI,LAA,2017-08-03T02:07Z,0,7,Anaheim
370802126,OAK,SF,2017-08-03T02:15Z,6,1,San Francisco
370803108,STL,MIL,2017-08-03T18:10Z,1,2,Milwaukee
370803116,ARI,CHC,2017-08-03T18:20Z,10,8,Chicago
370803127,NYM,COL,2017-08-03T19:10Z,4,5,Denver
370803101,DET,BAL,2017-08-03T23:05Z,7,5,Baltimore
370803123,CIN,PIT,2017-08-03T23:05Z,0,6,Pittsburgh
370803102,CHW,BOS,2017-08-03T23:10Z,5,9,Boston
370803105,NYY,CLE,2017-08-03T23:10Z,1,5,Cleveland
370803115,LAD,ATL,2017-08-03T23:35Z,7,4,Atlanta
370803109,TEX,MIN,2017-08-04T00:10Z,4,1,Minneapolis
370803118,TB,HOU,2017-08-04T00:10Z,5,3,Houston
370803107,SEA,KC,2017-08-04T00:15Z,4,6,Kansas City
370803103,PHI,LAA,2017-08-04T02:07Z,4,5,Anaheim
370803126,OAK,SF,2017-08-04T02:15Z,2,11,San Francisco
370804116,WSH,CHC,2017-08-04T18:20Z,4,2,Chicago
370804117,STL,CIN,2017-08-04T22:40Z,2,3,Cincinnati
370804101,DET,BAL,2017-08-04T23:05Z,5,2,Baltimore
370804123,SD,PIT,2017-08-04T23:05Z,6,10,Pittsburgh
370804102,CHW,BOS,2017-08-04T23:10Z,2,3,Boston
370804105,NYY,CLE,2017-08-04T23:10Z,2,7,Cleveland
370804121,LAD,NYM,2017-08-04T23:10Z,6,0,Queens
370804130,MIL,TB,2017-08-04T23:10Z,2,0,St. Petersburg
370804115,MIA,ATL,2017-08-04T23:35Z,3,5,Atlanta
370804109,TEX,MIN,2017-08-05T00:10Z,4,8,Minneapolis
370804118,TOR,HOU,2017-08-05T00:10Z,7,16,Houston
370804107,SEA,KC,2017-08-05T00:15Z,5,2,Kansas City
370804127,PHI,COL,2017-08-05T00:40Z,3,4,Denver
370804103,OAK,LAA,2017-08-05T02:07Z,6,8,Anaheim
370804126,ARI,SF,2017-08-05T02:15Z,2,1,San Francisco
370805116,WSH,CHC,2017-08-05T18:20Z,4,7,Chicago
370805121,LAD,NYM,2017-08-05T20:05Z,7,4,Queens
370805130,MIL,TB,2017-08-05T22:10Z,3,0,St. Petersburg
370805101,DET,BAL,2017-08-05T23:05Z,2,5,Baltimore
370805123,SD,PIT,2017-08-05T23:05Z,5,2,Pittsburgh
370805102,CHW,BOS,2017-08-05T23:10Z,1,4,Boston
370805105,NYY,CLE,2017-08-05T23:10Z,2,1,Cleveland
370805109,TEX,MIN,2017-08-05T23:10Z,4,1,Minneapolis
370805115,MIA,ATL,2017-08-05T23:10Z,2,7,Atlanta
370805117,STL,CIN,2017-08-05T23:10Z,4,1,Cincinnati
370805118,TOR,HOU,2017-08-05T23:10Z,4,3,Houston
370805127,PHI,COL,2017-08-06T00:10Z,5,8,Denver
370805126,ARI,SF,2017-08-06T01:05Z,4,5,San Francisco
370805103,OAK,LAA,2017-08-06T01:07Z,5,0,Anaheim
370806105,NYY,CLE,2017-08-06T17:10Z,8,1,Cleveland
370806117,STL,CIN,2017-08-06T17:10Z,13,4,Cincinnati
370806130,MIL,TB,2017-08-06T17:10Z,1,2,St. Petersburg
370806101,DET,BAL,2017-08-06T17:35Z,3,12,Baltimore
370806102,CHW,BOS,2017-08-06T17:35Z,3,6,Boston
370806115,MIA,ATL,2017-08-06T17:35Z,4,1,Atlanta
370806123,SD,PIT,2017-08-06T17:35Z,4,5,Pittsburgh
370806109,TEX,MIN,2017-08-06T18:10Z,5,6,Minneapolis
370806118,TOR,HOU,2017-08-06T18:10Z,6,7,Houston
370806207,SEA,KC,2017-08-06T18:15Z,8,7,Kansas City
370806116,WSH,CHC,2017-08-06T18:20Z,9,4,Chicago
370806127,PHI,COL,2017-08-06T19:10Z,3,2,Denver
370806103,OAK,LAA,2017-08-06T19:37Z,11,10,Anaheim
370806126,ARI,SF,2017-08-06T20:05Z,3,6,San Francisco
370806307,SEA,KC,2017-08-06T21:51Z,1,9,Kansas City
370806121,LAD,NYM,2017-08-07T00:00Z,8,0,Queens
370807120,MIA,WSH,2017-08-07T23:05Z,2,3,Washington
370807123,DET,PIT,2017-08-07T23:05Z,0,3,Pittsburgh
370807117,SD,CIN,2017-08-07T23:10Z,3,11,Cincinnati
370807109,MIL,MIN,2017-08-08T00:10Z,4,5,Minneapolis
370807107,STL,KC,2017-08-08T00:15Z,11,3,Kansas City
370807126,CHC,SF,2017-08-08T02:00Z,5,3,San Francisco
370807103,BAL,LAA,2017-08-08T02:07Z,6,2,Anaheim
370808120,MIA,WSH,2017-08-08T23:05Z,7,3,Washington
370808123,DET,PIT,2017-08-08T23:05Z,3,6,Pittsburgh
370808114,NYY,TOR,2017-08-08T23:07Z,2,4,Toronto
370808105,COL,CLE,2017-08-08T23:10Z,1,4,Cleveland
370808117,SD,CIN,2017-08-08T23:10Z,7,3,Cincinnati
370808121,TEX,NYM,2017-08-08T23:10Z,4,5,Queens
370808130,BOS,TB,2017-08-08T23:10Z,2,0,St. Petersburg
370808115,PHI,ATL,2017-08-08T23:35Z,5,2,Atlanta
370808104,HOU,CHW,2017-08-09T00:10Z,5,8,Chicago
370808109,MIL,MIN,2017-08-09T00:10Z,4,11,Minneapolis
370808107,STL,KC,2017-08-09T00:15Z,10,3,Kansas City
370808129,LAD,ARI,2017-08-09T01:40Z,3,6,Phoenix
370808111,SEA,OAK,2017-08-09T02:05Z,7,6,Oakland
370808103,BAL,LAA,2017-08-09T02:07Z,2,3,Anaheim
370808126,CHC,SF,2017-08-09T02:15Z,3,6,San Francisco
370809105,COL,CLE,2017-08-09T16:10Z,3,2,Cleveland
370809121,TEX,NYM,2017-08-09T16:10Z,5,1,Queens
370809111,SEA,OAK,2017-08-09T19:35Z,6,3,Oakland
370809103,BAL,LAA,2017-08-09T19:37Z,1,5,Anaheim
370809126,CHC,SF,2017-08-09T19:45Z,1,3,San Francisco
370809130,BOS,TB,2017-08-09T23:00Z,8,2,St. Petersburg
370809120,MIA,WSH,2017-08-09T23:05Z,1,10,Washington
370809114,NYY,TOR,2017-08-09T23:07Z,11,5,Toronto
370809106,PIT,DET,2017-08-09T23:10Z,0,10,Detroit
370809117,SD,CIN,2017-08-09T23:10Z,3,8,Cincinnati
370809115,PHI,ATL,2017-08-09T23:35Z,3,2,Atlanta
370809104,HOU,CHW,2017-08-10T00:10Z,1,7,Chicago
370809108,MIN,MIL,2017-08-10T00:10Z,4,0,Milwaukee
370809124,KC,STL,2017-08-10T00:15Z,5,8,St. Louis
370809129,LAD,ARI,2017-08-10T01:40Z,3,2,Phoenix
370810117,SD,CIN,2017-08-10T16:35Z,3,10,Cincinnati
370810106,PIT,DET,2017-08-10T17:10Z,7,5,Detroit
370810120,MIA,WSH,2017-08-10T23:05Z,2,3,Washington
370810122,NYM,PHI,2017-08-10T23:05Z,10,0,Philadelphia
370810114,NYY,TOR,2017-08-10T23:07Z,0,4,Toronto
370810130,CLE,TB,2017-08-10T23:10Z,1,4,St. Petersburg
370810124,KC,STL,2017-08-10T23:15Z,6,8,St. Louis
370810104,HOU,CHW,2017-08-11T00:10Z,2,3,Chicago
370810108,MIN,MIL,2017-08-11T00:10Z,7,2,Milwaukee
370810129,LAD,ARI,2017-08-11T01:40Z,8,6,Phoenix
370810111,BAL,OAK,2017-08-11T02:05Z,7,2,Oakland
370810112,LAA,SEA,2017-08-11T02:10Z,6,3,Seattle
370811110,BOS,NYY,2017-08-11T23:05Z,4,5,Bronx
370811122,NYM,PHI,2017-08-11T23:05Z,7,6,Philadelphia
370811114,PIT,TOR,2017-08-11T23:07Z,4,2,Toronto
370811106,MIN,DET,2017-08-11T23:10Z,9,4,Detroit
370811128,COL,MIA,2017-08-11T23:10Z,3,6,Miami
370811130,CLE,TB,2017-08-11T23:10Z,5,0,St. Petersburg
370811113,HOU,TEX,2017-08-12T00:05Z,4,6,Arlington
370811104,KC,CHW,2017-08-12T00:10Z,3,6,Chicago
370811108,CIN,MIL,2017-08-12T00:10Z,11,10,Milwaukee
370811124,ATL,STL,2017-08-12T00:15Z,5,8,St. Louis
370811129,CHC,ARI,2017-08-12T01:40Z,8,3,Phoenix
370811111,BAL,OAK,2017-08-12T02:05Z,4,5,Oakland
370811112,LAA,SEA,2017-08-12T02:10Z,6,5,Seattle
370811119,SD,LAD,2017-08-12T02:10Z,4,3,Los Angeles
370812114,PIT,TOR,2017-08-12T17:07Z,2,7,Toronto
370812110,BOS,NYY,2017-08-12T20:05Z,10,5,Bronx
370812106,MIN,DET,2017-08-12T22:10Z,11,12,Detroit
370812130,CLE,TB,2017-08-12T22:10Z,3,0,St. Petersburg
370812120,SF,WSH,2017-08-12T23:05Z,1,3,Washington
370812122,NYM,PHI,2017-08-12T23:05Z,1,3,Philadelphia
370812104,KC,CHW,2017-08-12T23:10Z,5,4,Chicago
370812108,CIN,MIL,2017-08-12T23:10Z,5,6,Milwaukee
370812128,COL,MIA,2017-08-12T23:10Z,3,4,Miami
370812124,ATL,STL,2017-08-12T23:15Z,5,6,St. Louis
370812113,HOU,TEX,2017-08-13T00:05Z,3,8,Arlington
370812129,CHC,ARI,2017-08-13T00:10Z,2,6,Phoenix
370812111,BAL,OAK,2017-08-13T01:05Z,12,5,Oakland
370812112,LAA,SEA,2017-08-13T01:10Z,6,3,Seattle
370812119,SD,LAD,2017-08-13T01:10Z,3,6,Los Angeles
370813220,SF,WSH,2017-08-13T17:05Z,4,2,Washington
370813114,PIT,TOR,2017-08-13T17:07Z,1,7,Toronto
370813106,MIN,DET,2017-08-13T17:10Z,6,4,Detroit
370813128,COL,MIA,2017-08-13T17:10Z,3,5,Miami
370813130,CLE,TB,2017-08-13T17:10Z,4,3,St. Petersburg
370813122,NYM,PHI,2017-08-13T17:35Z,6,2,Philadelphia
370813104,KC,CHW,2017-08-13T18:10Z,14,6,Chicago
370813108,CIN,MIL,2017-08-13T18:10Z,4,7,Milwaukee
370813124,ATL,STL,2017-08-13T18:15Z,6,3,St. Louis
370813113,HOU,TEX,2017-08-13T19:05Z,2,1,Arlington
370813111,BAL,OAK,2017-08-13T20:05Z,3,9,Oakland
370813112,LAA,SEA,2017-08-13T20:10Z,4,2,Seattle
370813119,SD,LAD,2017-08-13T20:10Z,4,6,Los Angeles
370813129,CHC,ARI,2017-08-13T20:10Z,7,2,Phoenix
370813320,SF,WSH,2017-08-13T23:05Z,2,6,Washington
370813110,BOS,NYY,2017-08-14T00:00Z,3,2,Bronx
370814102,CLE,BOS,2017-08-14T22:10Z,7,3,Boston
370814110,NYM,NYY,2017-08-14T23:00Z,2,4,Bronx
370814114,TB,TOR,2017-08-14T23:07Z,1,2,Toronto
370814128,SF,MIA,2017-08-14T23:10Z,3,8,Miami
370814113,DET,TEX,2017-08-15T00:05Z,2,6,Arlington
370814116,CIN,CHC,2017-08-15T00:05Z,5,15,Chicago
370814127,ATL,COL,2017-08-15T00:40Z,0,3,Denver
370814129,HOU,ARI,2017-08-15T01:40Z,0,2,Phoenix
370814111,KC,OAK,2017-08-15T02:05Z,6,2,Oakland
370814112,BAL,SEA,2017-08-15T02:10Z,11,3,Seattle
370814125,PHI,SD,2017-08-15T02:10Z,4,7,San Diego
370815129,HOU,ARI,2017-08-15T19:40Z,9,4,Phoenix
370815110,NYM,NYY,2017-08-15T23:05Z,4,5,Bronx
370815120,LAA,WSH,2017-08-15T23:05Z,1,3,Washington
370815114,TB,TOR,2017-08-15T23:07Z,6,4,Toronto
400907837,TB,TOR,2017-08-15T23:07Z,6,4,Toronto
370815102,STL,BOS,2017-08-15T23:10Z,4,10,Boston
370815128,SF,MIA,2017-08-15T23:10Z,9,4,Miami
370815108,PIT,MIL,2017-08-15T23:40Z,1,3,Milwaukee
370815113,DET,TEX,2017-08-16T00:05Z,4,10,Arlington
370815116,CIN,CHC,2017-08-16T00:05Z,2,1,Chicago
370815109,CLE,MIN,2017-08-16T00:10Z,8,1,Minneapolis
370815127,ATL,COL,2017-08-16T00:40Z,4,3,Denver
370815111,KC,OAK,2017-08-16T02:05Z,8,10,Oakland
370815112,BAL,SEA,2017-08-16T02:10Z,1,3,Seattle
370815119,CHW,LAD,2017-08-16T02:10Z,1,6,Los Angeles
370815125,PHI,SD,2017-08-16T02:10Z,4,8,San Diego
370816120,LAA,WSH,2017-08-16T17:05Z,3,2,Washington
370816128,SF,MIA,2017-08-16T17:10Z,1,8,Miami
370816108,PIT,MIL,2017-08-16T18:10Z,6,7,Milwaukee
370816111,KC,OAK,2017-08-16T19:35Z,7,6,Oakland
370816112,BAL,SEA,2017-08-16T19:40Z,6,7,Seattle
370816125,PHI,SD,2017-08-16T19:40Z,0,3,San Diego
370816121,NYY,NYM,2017-08-16T23:00Z,5,3,Queens
370816114,TB,TOR,2017-08-16T23:07Z,2,3,Toronto
370816102,STL,BOS,2017-08-16T23:10Z,4,5,Boston
370816113,DET,TEX,2017-08-17T00:05Z,6,12,Arlington
370816116,CIN,CHC,2017-08-17T00:05Z,6,7,Chicago
370816118,ARI,HOU,2017-08-17T00:10Z,5,9,Houston
370816127,ATL,COL,2017-08-17T00:40Z,2,17,Denver
370816119,CHW,LAD,2017-08-17T02:10Z,4,5,Los Angeles
370817209,CLE,MIN,2017-08-17T17:10Z,9,3,Minneapolis
370817118,ARI,HOU,2017-08-17T18:10Z,4,0,Houston
370817116,CIN,CHC,2017-08-17T18:20Z,13,10,Chicago
370817127,ATL,COL,2017-08-17T19:10Z,10,4,Denver
370817114,TB,TOR,2017-08-17T20:07Z,3,5,Toronto
370817123,STL,PIT,2017-08-17T23:05Z,11,7,Pittsburgh
370817121,NYY,NYM,2017-08-17T23:10Z,7,5,Queens
370817309,CLE,MIN,2017-08-17T23:10Z,2,4,Minneapolis
370817113,CHW,TEX,2017-08-18T00:05Z,8,9,Arlington
370817125,WSH,SD,2017-08-18T02:10Z,2,1,San Diego
370817126,PHI,SF,2017-08-18T02:15Z,4,5,San Francisco
370818116,TOR,CHC,2017-08-18T18:20Z,4,7,Chicago
370818101,LAA,BAL,2017-08-18T23:05Z,7,9,Baltimore
370818123,STL,PIT,2017-08-18T23:05Z,11,10,Pittsburgh
370818102,NYY,BOS,2017-08-18T23:10Z,6,9,Boston
370818106,LAD,DET,2017-08-18T23:10Z,8,5,Detroit
370818121,MIA,NYM,2017-08-18T23:10Z,3,1,Queens
370818130,SEA,TB,2017-08-18T23:10Z,7,1,St. Petersburg
370818115,CIN,ATL,2017-08-18T23:35Z,5,3,Atlanta
370818113,CHW,TEX,2017-08-19T00:05Z,4,3,Arlington
370818109,ARI,MIN,2017-08-19T00:10Z,3,10,Minneapolis
370818118,OAK,HOU,2017-08-19T00:10Z,1,3,Houston
370818107,CLE,KC,2017-08-19T00:15Z,10,1,Kansas City
370818127,MIL,COL,2017-08-19T00:40Z,4,8,Denver
370818125,WSH,SD,2017-08-19T02:10Z,7,1,San Diego
370818126,PHI,SF,2017-08-19T02:15Z,2,10,San Francisco
370819116,TOR,CHC,2017-08-19T18:20Z,3,4,Chicago
370819106,LAD,DET,2017-08-19T20:05Z,3,0,Detroit
370819123,STL,PIT,2017-08-19T20:05Z,4,6,Pittsburgh
370819130,SEA,TB,2017-08-19T22:10Z,7,6,St. Petersburg
370819101,LAA,BAL,2017-08-19T23:05Z,5,1,Baltimore
370819102,NYY,BOS,2017-08-19T23:10Z,4,3,Boston
370819109,ARI,MIN,2017-08-19T23:10Z,0,5,Minneapolis
370819115,CIN,ATL,2017-08-19T23:10Z,11,8,Atlanta
370819118,OAK,HOU,2017-08-19T23:10Z,0,3,Houston
370819121,MIA,NYM,2017-08-19T23:10Z,1,8,Queens
370819107,CLE,KC,2017-08-19T23:15Z,5,0,Kansas City
370819113,CHW,TEX,2017-08-20T00:05Z,7,17,Arlington
370819127,MIL,COL,2017-08-20T00:10Z,6,3,Denver
370819125,WSH,SD,2017-08-20T00:40Z,1,3,San Diego
370819126,PHI,SF,2017-08-20T01:05Z,12,9,San Francisco
370820106,LAD,DET,2017-08-20T17:10Z,1,6,Detroit
370820121,MIA,NYM,2017-08-20T17:10Z,6,4,Queens
370820130,SEA,TB,2017-08-20T17:10Z,0,3,St. Petersburg
370820102,NYY,BOS,2017-08-20T17:30Z,1,5,Boston
370820101,LAA,BAL,2017-08-20T17:35Z,5,4,Baltimore
370820115,CIN,ATL,2017-08-20T17:35Z,1,8,Atlanta
370820109,ARI,MIN,2017-08-20T18:10Z,5,12,Minneapolis
370820118,OAK,HOU,2017-08-20T18:10Z,3,2,Houston
370820107,CLE,KC,2017-08-20T18:15Z,4,7,Kansas City
370820116,TOR,CHC,2017-08-20T18:20Z,5,6,Chicago
370820113,CHW,TEX,2017-08-20T19:05Z,3,2,Arlington
370820127,MIL,COL,2017-08-20T19:10Z,8,4,Denver
370820126,PHI,SF,2017-08-20T20:05Z,5,2,San Francisco
370820125,WSH,SD,2017-08-20T20:40Z,4,1,San Diego
370820123,STL,PIT,2017-08-20T23:00Z,3,6,Williamsport
370821204,MIN,CHW,2017-08-21T21:10Z,6,7,Chicago
370821101,OAK,BAL,2017-08-21T23:05Z,3,7,Baltimore
370821123,LAD,PIT,2017-08-21T23:05Z,6,5,Pittsburgh
370821105,BOS,CLE,2017-08-21T23:10Z,4,5,Cleveland
370821121,ARI,NYM,2017-08-21T23:10Z,3,2,Queens
370821115,SEA,ATL,2017-08-21T23:35Z,6,5,Atlanta
370821304,MIN,CHW,2017-08-22T01:20Z,10,2,Chicago
370821103,TEX,LAA,2017-08-22T02:07Z,5,3,Anaheim
370821126,MIL,SF,2017-08-22T02:15Z,0,2,San Francisco
370822222,MIA,PHI,2017-08-22T20:05Z,12,8,Philadelphia
370822101,OAK,BAL,2017-08-22T23:05Z,6,4,Baltimore
370822123,LAD,PIT,2017-08-22T23:05Z,8,5,Pittsburgh
370822105,BOS,CLE,2017-08-22T23:10Z,9,1,Cleveland
370822106,NYY,DET,2017-08-22T23:10Z,13,4,Detroit
370822117,CHC,CIN,2017-08-22T23:10Z,13,9,Cincinnati
370822121,ARI,NYM,2017-08-22T23:10Z,7,4,Queens
370822130,TOR,TB,2017-08-22T23:10Z,5,6,St. Petersburg
370822115,SEA,ATL,2017-08-22T23:35Z,0,4,Atlanta
370822322,MIA,PHI,2017-08-22T23:50Z,7,4,Philadelphia
370822104,MIN,CHW,2017-08-23T00:10Z,4,1,Chicago
370822118,WSH,HOU,2017-08-23T00:10Z,4,3,Houston
370822107,COL,KC,2017-08-23T00:15Z,2,3,Kansas City
370822124,SD,STL,2017-08-23T00:15Z,12,4,St. Louis
370822103,TEX,LAA,2017-08-23T02:00Z,1,10,Anaheim
370822126,MIL,SF,2017-08-23T02:15Z,4,3,San Francisco
370823101,OAK,BAL,2017-08-23T19:05Z,7,8,Baltimore
370823126,MIL,SF,2017-08-23T19:45Z,2,4,San Francisco
370823122,MIA,PHI,2017-08-23T23:05Z,0,8,Philadelphia
370823123,LAD,PIT,2017-08-23T23:05Z,0,1,Pittsburgh
370823105,BOS,CLE,2017-08-23T23:10Z,6,1,Cleveland
370823106,NYY,DET,2017-08-23T23:10Z,10,2,Detroit
370823117,CHC,CIN,2017-08-23T23:10Z,9,3,Cincinnati
370823121,ARI,NYM,2017-08-23T23:10Z,2,4,Queens
370823130,TOR,TB,2017-08-23T23:10Z,7,6,St. Petersburg
370823115,SEA,ATL,2017-08-23T23:35Z,9,6,Atlanta
370823104,MIN,CHW,2017-08-24T00:10Z,3,4,Chicago
370823118,WSH,HOU,2017-08-24T00:10Z,1,6,Houston
370823107,COL,KC,2017-08-24T00:15Z,4,6,Kansas City
370823124,SD,STL,2017-08-24T00:15Z,2,6,St. Louis
370823103,TEX,LAA,2017-08-24T02:00Z,7,5,Anaheim
370824121,ARI,NYM,2017-08-24T16:10Z,3,2,Queens
370824122,MIA,PHI,2017-08-24T17:05Z,9,8,Philadelphia
370824106,NYY,DET,2017-08-24T17:10Z,6,10,Detroit
370824130,TOR,TB,2017-08-24T17:10Z,0,2,St. Petersburg
370824107,COL,KC,2017-08-24T18:15Z,3,2,Kansas City
370824123,LAD,PIT,2017-08-24T20:05Z,5,2,Pittsburgh
370824105,BOS,CLE,2017-08-24T23:10Z,6,13,Cleveland
370824117,CHC,CIN,2017-08-24T23:10Z,2,4,Cincinnati
370824124,SD,STL,2017-08-24T23:15Z,4,3,St. Louis
370824104,MIN,CHW,2017-08-25T00:10Z,1,5,Chicago
370824118,WSH,HOU,2017-08-25T00:10Z,5,4,Houston
370824103,TEX,LAA,2017-08-25T02:07Z,3,0,Anaheim
370825110,SEA,NYY,2017-08-25T23:05Z,2,1,Bronx
370825120,NYM,WSH,2017-08-25T23:05Z,4,2,Washington
370825122,CHC,PHI,2017-08-25T23:05Z,1,7,Philadelphia
370825114,MIN,TOR,2017-08-25T23:07Z,6,1,Toronto
370825102,BAL,BOS,2017-08-25T23:10Z,16,3,Boston
370825105,KC,CLE,2017-08-25T23:10Z,0,4,Cleveland
370825117,PIT,CIN,2017-08-25T23:10Z,5,9,Cincinnati
370825128,SD,MIA,2017-08-25T23:10Z,6,8,Miami
370825115,COL,ATL,2017-08-25T23:35Z,2,5,Atlanta
370825104,DET,CHW,2017-08-26T00:10Z,2,3,Chicago
370825124,TB,STL,2017-08-26T00:15Z,7,3,St. Louis
370825129,SF,ARI,2017-08-26T01:40Z,3,4,Phoenix
370825111,TEX,OAK,2017-08-26T02:05Z,1,3,Oakland
370825103,HOU,LAA,2017-08-26T02:07Z,2,1,Anaheim
370825119,MIL,LAD,2017-08-26T02:10Z,1,3,Los Angeles
370826110,SEA,NYY,2017-08-26T17:05Z,3,6,Bronx
370826114,MIN,TOR,2017-08-26T17:07Z,9,10,Toronto
370826102,BAL,BOS,2017-08-26T20:05Z,7,0,Boston
370826111,TEX,OAK,2017-08-26T20:05Z,3,8,Oakland
370826120,NYM,WSH,2017-08-26T20:05Z,4,9,Washington
370826117,PIT,CIN,2017-08-26T22:40Z,1,0,Cincinnati
370826122,CHC,PHI,2017-08-26T23:05Z,17,2,Philadelphia
370826104,DET,CHW,2017-08-26T23:10Z,6,3,Chicago
370826115,COL,ATL,2017-08-26T23:10Z,7,6,Atlanta
370826128,SD,MIA,2017-08-26T23:10Z,1,2,Miami
370826105,KC,CLE,2017-08-26T23:15Z,0,4,Cleveland
370826124,TB,STL,2017-08-26T23:15Z,4,6,St. Louis
370826129,SF,ARI,2017-08-27T00:10Z,1,2,Phoenix
370826103,HOU,LAA,2017-08-27T01:07Z,6,7,Anaheim
370826119,MIL,LAD,2017-08-27T01:10Z,3,0,Los Angeles
370827110,SEA,NYY,2017-08-27T17:05Z,1,10,Bronx
370827114,MIN,TOR,2017-08-27T17:07Z,7,2,Toronto
370827105,KC,CLE,2017-08-27T17:10Z,0,12,Cleveland
370827117,PIT,CIN,2017-08-27T17:10Z,5,2,Cincinnati
370827128,SD,MIA,2017-08-27T17:10Z,2,6,Miami
370827102,BAL,BOS,2017-08-27T17:35Z,2,1,Boston
370827115,COL,ATL,2017-08-27T17:35Z,3,0,Atlanta
370827122,CHC,PHI,2017-08-27T17:35Z,3,6,Philadelphia
370827220,NYM,WSH,2017-08-27T17:35Z,6,5,Washington
370827104,DET,CHW,2017-08-27T18:10Z,1,7,Chicago
370827124,TB,STL,2017-08-27T18:15Z,3,2,St. Louis
370827103,HOU,LAA,2017-08-27T19:37Z,7,5,Anaheim
370827111,TEX,OAK,2017-08-27T20:05Z,3,8,Oakland
370827119,MIL,LAD,2017-08-27T20:10Z,3,2,Los Angeles
370827129,SF,ARI,2017-08-27T20:10Z,0,11,Phoenix
370827320,NYM,WSH,2017-08-28T00:00Z,4,5,Washington
370828110,CLE,NYY,2017-08-28T23:00Z,6,2,Bronx
370828101,SEA,BAL,2017-08-28T23:05Z,6,7,Baltimore
370828120,MIA,WSH,2017-08-28T23:05Z,2,11,Washington
370828122,ATL,PHI,2017-08-28T23:05Z,1,6,Philadelphia
370828114,BOS,TOR,2017-08-28T23:07Z,6,5,Toronto
370828116,PIT,CHC,2017-08-29T00:05Z,1,6,Chicago
370828107,TB,KC,2017-08-29T00:15Z,12,0,Kansas City
370828127,DET,COL,2017-08-29T00:40Z,4,3,Denver
370828103,OAK,LAA,2017-08-29T02:07Z,1,3,Anaheim
370828125,SF,SD,2017-08-29T02:10Z,3,0,San Diego
370829101,SEA,BAL,2017-08-29T23:05Z,0,4,Baltimore
370829120,MIA,WSH,2017-08-29T23:05Z,3,8,Washington
370829114,BOS,TOR,2017-08-29T23:07Z,3,0,Toronto
370829117,NYM,CIN,2017-08-29T23:10Z,4,14,Cincinnati
370829118,TEX,HOU,2017-08-29T23:10Z,12,2,St. Petersburg
370829108,STL,MIL,2017-08-29T23:40Z,10,2,Milwaukee
370829116,PIT,CHC,2017-08-30T00:05Z,1,4,Chicago
370829109,CHW,MIN,2017-08-30T00:10Z,4,6,Minneapolis
370829107,TB,KC,2017-08-30T00:15Z,2,6,Kansas City
370829127,DET,COL,2017-08-30T00:40Z,3,7,Denver
370829129,LAD,ARI,2017-08-30T01:40Z,6,7,Phoenix
370829103,OAK,LAA,2017-08-30T02:07Z,2,8,Anaheim
370829125,SF,SD,2017-08-30T02:10Z,3,6,San Diego
370830222,ATL,PHI,2017-08-30T16:05Z,9,1,Philadelphia
370830210,CLE,NYY,2017-08-30T17:05Z,2,1,Bronx
370830108,STL,MIL,2017-08-30T18:10Z,5,6,Milwaukee
370830101,SEA,BAL,2017-08-30T19:05Z,7,8,Baltimore
370830127,DET,COL,2017-08-30T19:10Z,6,2,Denver
370830322,ATL,PHI,2017-08-30T19:30Z,5,2,Philadelphia
370830120,MIA,WSH,2017-08-30T20:05Z,0,4,Washington
370830310,CLE,NYY,2017-08-30T21:05Z,9,4,Bronx
370830118,TEX,HOU,2017-08-30T23:00Z,8,1,St. Petersburg
370830114,BOS,TOR,2017-08-30T23:07Z,7,1,Toronto
370830117,NYM,CIN,2017-08-30T23:10Z,2,0,Cincinnati
370830116,PIT,CHC,2017-08-31T00:05Z,3,17,Chicago
370830109,CHW,MIN,2017-08-31T00:10Z,1,11,Minneapolis
370830107,TB,KC,2017-08-31T00:15Z,5,3,Kansas City
370830125,SF,SD,2017-08-31T01:10Z,0,5,San Diego
370830129,LAD,ARI,2017-08-31T01:40Z,4,6,Phoenix
370830103,OAK,LAA,2017-08-31T02:07Z,8,10,Anaheim
370831117,NYM,CIN,2017-08-31T16:35Z,2,7,Cincinnati
370831109,CHW,MIN,2017-08-31T17:10Z,4,5,Minneapolis
370831118,TEX,HOU,2017-08-31T17:10Z,1,5,St. Petersburg
370831129,LAD,ARI,2017-08-31T19:40Z,1,8,Phoenix
370831101,TOR,BAL,2017-08-31T23:05Z,11,8,Baltimore
370831110,BOS,NYY,2017-08-31T23:05Z,2,6,Bronx
370831128,PHI,MIA,2017-08-31T23:10Z,3,2,Miami
370831116,ATL,CHC,2017-09-01T00:05Z,2,6,Chicago
370831108,WSH,MIL,2017-09-01T00:10Z,3,6,Milwaukee
370831126,STL,SF,2017-09-01T02:15Z,5,2,San Francisco
370901206,CLE,DET,2017-09-01T17:10Z,3,2,Detroit
370901116,ATL,CHC,2017-09-01T18:20Z,0,2,Chicago
370901101,TOR,BAL,2017-09-01T23:05Z,0,1,Baltimore
370901110,BOS,NYY,2017-09-01T23:05Z,4,1,Bronx
370901123,CIN,PIT,2017-09-01T23:05Z,7,3,Pittsburgh
370901128,PHI,MIA,2017-09-01T23:10Z,2,1,Miami
370901306,CLE,DET,2017-09-01T23:10Z,10,0,Detroit
370901113,LAA,TEX,2017-09-02T00:05Z,9,10,Arlington
370901104,TB,CHW,2017-09-02T00:10Z,3,1,Chicago
370901108,WSH,MIL,2017-09-02T00:10Z,0,1,Milwaukee
370901109,KC,MIN,2017-09-02T00:10Z,7,6,Minneapolis
370901127,ARI,COL,2017-09-02T00:40Z,9,5,Denver
370901112,OAK,SEA,2017-09-02T02:10Z,2,3,Seattle
370901125,LAD,SD,2017-09-02T02:10Z,1,0,San Diego
370901126,STL,SF,2017-09-02T02:15Z,11,6,San Francisco
370902110,BOS,NYY,2017-09-02T17:05Z,1,5,Bronx
370902218,NYM,HOU,2017-09-02T18:10Z,8,12,Houston
370902116,ATL,CHC,2017-09-02T18:20Z,12,14,Chicago
370902225,LAD,SD,2017-09-02T19:40Z,5,6,San Diego
370902126,STL,SF,2017-09-02T20:05Z,1,2,San Francisco
370902106,CLE,DET,2017-09-02T22:10Z,5,2,Detroit
370902101,TOR,BAL,2017-09-02T23:05Z,7,2,Baltimore
370902123,CIN,PIT,2017-09-02T23:05Z,0,5,Pittsburgh
370902104,TB,CHW,2017-09-02T23:10Z,4,5,Chicago
370902108,WSH,MIL,2017-09-02T23:10Z,3,2,Milwaukee
370902109,KC,MIN,2017-09-02T23:10Z,0,17,Minneapolis
370902128,PHI,MIA,2017-09-02T23:10Z,9,10,Miami
370902113,LAA,TEX,2017-09-02T23:15Z,7,4,Arlington
370902127,ARI,COL,2017-09-03T00:10Z,6,2,Denver
370902318,NYM,HOU,2017-09-03T00:10Z,1,4,Houston
370902112,OAK,SEA,2017-09-03T01:10Z,6,7,Seattle
370902325,LAD,SD,2017-09-03T02:10Z,2,7,San Diego
370903106,CLE,DET,2017-09-03T17:10Z,11,1,Detroit
370903128,PHI,MIA,2017-09-03T17:10Z,3,1,Miami
370903101,TOR,BAL,2017-09-03T17:35Z,4,5,Baltimore
370903123,CIN,PIT,2017-09-03T17:35Z,1,3,Pittsburgh
370903104,TB,CHW,2017-09-03T18:10Z,2,6,Chicago
370903108,WSH,MIL,2017-09-03T18:10Z,2,7,Milwaukee
370903109,KC,MIN,2017-09-03T18:10Z,5,4,Minneapolis
370903118,NYM,HOU,2017-09-03T18:10Z,6,8,Houston
370903116,ATL,CHC,2017-09-03T18:20Z,5,1,Chicago
370903113,LAA,TEX,2017-09-03T19:05Z,6,7,Arlington
370903127,ARI,COL,2017-09-03T19:10Z,5,1,Denver
370903126,STL,SF,2017-09-03T20:05Z,7,3,San Francisco
370903112,OAK,SEA,2017-09-03T20:10Z,2,10,Seattle
400908203,OAK,SEA,2017-09-03T20:10Z,2,10,Seattle
370903125,LAD,SD,2017-09-03T20:40Z,4,6,San Diego
370903110,BOS,NYY,2017-09-03T23:30Z,2,9,Bronx
370904117,MIL,CIN,2017-09-04T17:00Z,4,5,Cincinnati
370904106,KC,DET,2017-09-04T17:10Z,7,6,Detroit
370904121,PHI,NYM,2017-09-04T17:10Z,7,11,Queens
370904101,NYY,BAL,2017-09-04T18:05Z,7,4,Baltimore
370904104,CLE,CHW,2017-09-04T18:10Z,5,3,Chicago
370904127,SF,COL,2017-09-04T19:10Z,3,4,Denver
370904123,CHC,PIT,2017-09-04T20:00Z,0,12,Pittsburgh
370904111,LAA,OAK,2017-09-04T20:05Z,11,9,Oakland
370904125,STL,SD,2017-09-04T20:40Z,2,0,San Diego
370904112,HOU,SEA,2017-09-04T22:40Z,6,2,Seattle
370904102,TOR,BOS,2017-09-04T23:10Z,10,4,Boston
370904128,WSH,MIA,2017-09-04T23:10Z,7,2,Miami
370904130,MIN,TB,2017-09-04T23:10Z,4,11,St. Petersburg
370904115,TEX,ATL,2017-09-04T23:35Z,8,2,Atlanta
370904119,ARI,LAD,2017-09-05T00:10Z,13,0,Los Angeles
370905123,CHC,PIT,2017-09-05T23:05Z,3,4,Pittsburgh
370905102,TOR,BOS,2017-09-05T23:10Z,2,3,Boston
370905106,KC,DET,2017-09-05T23:10Z,2,13,Detroit
370905117,MIL,CIN,2017-09-05T23:10Z,3,9,Cincinnati
370905121,PHI,NYM,2017-09-05T23:10Z,9,1,Queens
370905128,WSH,MIA,2017-09-05T23:10Z,2,1,Miami
370905130,MIN,TB,2017-09-05T23:10Z,1,2,St. Petersburg
370905104,CLE,CHW,2017-09-06T00:10Z,9,4,Chicago
370905127,SF,COL,2017-09-06T00:40Z,6,9,Denver
370905101,NYY,BAL,2017-09-06T01:15Z,6,7,Baltimore
370905111,LAA,OAK,2017-09-06T02:05Z,8,7,Oakland
370905112,HOU,SEA,2017-09-06T02:10Z,3,1,Seattle
370905119,ARI,LAD,2017-09-06T02:10Z,3,1,Los Angeles
370905125,STL,SD,2017-09-06T02:10Z,8,4,San Diego
370906117,MIL,CIN,2017-09-06T16:35Z,1,7,Cincinnati
370906130,MIN,TB,2017-09-06T17:10Z,10,6,St. Petersburg
370906215,TEX,ATL,2017-09-06T17:35Z,12,8,Atlanta
370906111,LAA,OAK,2017-09-06T19:35Z,1,3,Oakland
370906123,CHC,PIT,2017-09-06T23:05Z,1,0,Pittsburgh
370906102,TOR,BOS,2017-09-06T23:10Z,1,6,Boston
370906106,KC,DET,2017-09-06T23:10Z,13,2,Detroit
370906121,PHI,NYM,2017-09-06T23:10Z,3,6,Queens
370906128,WSH,MIA,2017-09-06T23:10Z,8,1,Miami
370906315,TEX,ATL,2017-09-06T23:35Z,4,5,Atlanta
370906104,CLE,CHW,2017-09-07T00:10Z,5,1,Chicago
370906127,SF,COL,2017-09-07T00:40Z,11,3,Denver
370906112,HOU,SEA,2017-09-07T02:10Z,5,3,Seattle
370906119,ARI,LAD,2017-09-07T02:10Z,3,1,Los Angeles
370906125,STL,SD,2017-09-07T02:10Z,3,1,San Diego
370907101,NYY,BAL,2017-09-07T17:35Z,9,1,Baltimore
370907120,PHI,WSH,2017-09-07T23:05Z,3,4,Washington
370907123,CHC,PIT,2017-09-07T23:05Z,8,2,Pittsburgh
370907121,CIN,NYM,2017-09-07T23:10Z,2,7,Queens
370907115,MIA,ATL,2017-09-07T23:35Z,5,6,Atlanta
370907104,CLE,CHW,2017-09-08T00:10Z,11,2,Chicago
370907107,MIN,KC,2017-09-08T00:15Z,4,2,Kansas City
370907125,STL,SD,2017-09-08T01:10Z,0,3,San Diego
370907119,COL,LAD,2017-09-08T02:10Z,9,1,Los Angeles
370908120,PHI,WSH,2017-09-08T23:05Z,10,11,Washington
370908114,DET,TOR,2017-09-08T23:07Z,5,4,Toronto
370908102,TB,BOS,2017-09-08T23:10Z,3,9,Boston
370908105,BAL,CLE,2017-09-08T23:10Z,0,5,Cleveland
370908121,CIN,NYM,2017-09-08T23:10Z,1,5,Queens
370908115,MIA,ATL,2017-09-08T23:35Z,7,1,Atlanta
370908113,NYY,TEX,2017-09-09T00:05Z,5,11,Arlington
370908116,MIL,CHC,2017-09-09T00:05Z,2,0,Chicago
370908104,SF,CHW,2017-09-09T00:10Z,9,2,Chicago
370908107,MIN,KC,2017-09-09T00:15Z,8,5,Kansas City
370908124,PIT,STL,2017-09-09T00:15Z,1,4,St. Louis
370908129,SD,ARI,2017-09-09T01:40Z,10,6,Phoenix
370908111,HOU,OAK,2017-09-09T02:05Z,8,9,Oakland
370908112,LAA,SEA,2017-09-09T02:10Z,3,4,Seattle
370908119,COL,LAD,2017-09-09T02:10Z,5,4,Los Angeles
370909105,BAL,CLE,2017-09-09T17:05Z,2,4,Cleveland
370909113,NYY,TEX,2017-09-09T17:05Z,3,1,Arlington
370909116,MIL,CHC,2017-09-09T20:05Z,15,2,Chicago
370909211,HOU,OAK,2017-09-09T20:05Z,1,11,Oakland
370909114,DET,TOR,2017-09-09T20:07Z,4,5,Toronto
370909120,PHI,WSH,2017-09-09T23:05Z,5,4,Washington
370909102,TB,BOS,2017-09-09T23:10Z,0,9,Boston
370909104,SF,CHW,2017-09-09T23:10Z,1,13,Chicago
370909115,MIA,ATL,2017-09-09T23:10Z,5,6,Atlanta
370909121,CIN,NYM,2017-09-09T23:10Z,1,6,Queens
370909107,MIN,KC,2017-09-09T23:15Z,2,5,Kansas City
370909124,PIT,STL,2017-09-09T23:15Z,3,4,St. Louis
370909311,HOU,OAK,2017-09-09T23:30Z,4,11,Oakland
370909129,SD,ARI,2017-09-10T00:10Z,8,7,Phoenix
370909112,LAA,SEA,2017-09-10T01:10Z,1,8,Seattle
370909119,COL,LAD,2017-09-10T01:10Z,6,5,Los Angeles
370910114,DET,TOR,2017-09-10T17:07Z,2,8,Toronto
370910121,CIN,NYM,2017-09-10T17:10Z,10,5,Queens
370910102,TB,BOS,2017-09-10T17:35Z,4,1,Boston
370910115,MIA,ATL,2017-09-10T17:35Z,8,10,Atlanta
370910120,PHI,WSH,2017-09-10T17:35Z,2,3,Washington
370910104,SF,CHW,2017-09-10T18:10Z,1,8,Chicago
370910107,MIN,KC,2017-09-10T18:15Z,3,11,Kansas City
370910124,PIT,STL,2017-09-10T18:15Z,0,7,St. Louis
370910116,MIL,CHC,2017-09-10T18:20Z,3,1,Chicago
370910113,NYY,TEX,2017-09-10T19:05Z,16,7,Arlington
370910111,HOU,OAK,2017-09-10T20:05Z,2,10,Oakland
370910112,LAA,SEA,2017-09-10T20:10Z,5,3,Seattle
370910119,COL,LAD,2017-09-10T20:10Z,8,1,Los Angeles
370910129,SD,ARI,2017-09-10T20:10Z,2,3,Phoenix
370910105,BAL,CLE,2017-09-11T00:00Z,2,3,Cleveland
370911114,BAL,TOR,2017-09-11T23:07Z,3,4,Toronto
370911105,DET,CLE,2017-09-11T23:10Z,0,11,Cleveland
370911130,NYY,TB,2017-09-11T23:10Z,5,1,Queens
370911108,PIT,MIL,2017-09-11T23:40Z,7,0,Milwaukee
370911113,SEA,TEX,2017-09-12T00:05Z,3,5,Arlington
370911107,CHW,KC,2017-09-12T00:15Z,11,3,Kansas City
370911129,COL,ARI,2017-09-12T01:40Z,5,4,Phoenix
370911126,LAD,SF,2017-09-12T02:15Z,6,8,San Francisco
370912107,CHW,KC,2017-09-12T17:15Z,3,4,Kansas City
370912120,ATL,WSH,2017-09-12T23:05Z,8,0,Washington
370912122,MIA,PHI,2017-09-12T23:05Z,8,9,Philadelphia
370912114,BAL,TOR,2017-09-12T23:07Z,2,3,Toronto
370912102,OAK,BOS,2017-09-12T23:10Z,1,11,Boston
370912105,DET,CLE,2017-09-12T23:10Z,0,2,Cleveland
370912130,NYY,TB,2017-09-12T23:10Z,1,2,Queens
370912108,PIT,MIL,2017-09-12T23:40Z,2,5,Milwaukee
370912113,SEA,TEX,2017-09-13T00:05Z,10,3,Arlington
370912116,NYM,CHC,2017-09-13T00:05Z,3,8,Chicago
370912109,SD,MIN,2017-09-13T00:10Z,0,16,Minneapolis
370912124,CIN,STL,2017-09-13T00:15Z,4,13,St. Louis
370912129,COL,ARI,2017-09-13T01:40Z,4,2,Phoenix
370912103,HOU,LAA,2017-09-13T02:07Z,1,0,Anaheim
370912126,LAD,SF,2017-09-13T02:15Z,5,3,San Francisco
370913105,DET,CLE,2017-09-13T16:10Z,3,5,Cleveland
370913130,NYY,TB,2017-09-13T17:10Z,3,2,Queens
370913107,CHW,KC,2017-09-13T18:15Z,5,3,Kansas City
370913102,OAK,BOS,2017-09-13T23:00Z,7,3,Boston
370913120,ATL,WSH,2017-09-13T23:05Z,8,2,Washington
370913122,MIA,PHI,2017-09-13T23:05Z,1,8,Philadelphia
370913114,BAL,TOR,2017-09-13T23:07Z,2,1,Toronto
370913113,SEA,TEX,2017-09-14T00:05Z,8,1,Arlington
370913116,NYM,CHC,2017-09-14T00:05Z,5,17,Chicago
370913108,PIT,MIL,2017-09-14T00:10Z,2,8,Milwaukee
370913109,SD,MIN,2017-09-14T00:10Z,1,3,Minneapolis
370913124,CIN,STL,2017-09-14T00:15Z,6,0,St. Louis
370913129,COL,ARI,2017-09-14T01:40Z,2,8,Phoenix
370913126,LAD,SF,2017-09-14T02:00Z,4,1,San Francisco
370913103,HOU,LAA,2017-09-14T02:07Z,1,9,Anaheim
370914106,CHW,DET,2017-09-14T17:10Z,17,7,Detroit
370914102,OAK,BOS,2017-09-14T17:35Z,2,6,Boston
370914124,CIN,STL,2017-09-14T17:45Z,2,5,St. Louis
370914129,COL,ARI,2017-09-14T19:40Z,0,7,Phoenix
370914110,BAL,NYY,2017-09-14T23:05Z,5,13,Bronx
370914120,ATL,WSH,2017-09-14T23:05Z,2,5,Washington
370914122,MIA,PHI,2017-09-14T23:05Z,0,10,Philadelphia
370914105,KC,CLE,2017-09-14T23:10Z,2,3,Cleveland
370914113,SEA,TEX,2017-09-15T00:05Z,10,4,Arlington
370914116,NYM,CHC,2017-09-15T00:05Z,6,14,Chicago
370914109,TOR,MIN,2017-09-15T00:10Z,2,3,Minneapolis
370914103,HOU,LAA,2017-09-15T02:07Z,5,2,Anaheim
370915116,STL,CHC,2017-09-15T18:20Z,2,8,Chicago
370915110,BAL,NYY,2017-09-15T23:05Z,2,8,Bronx
370915120,LAD,WSH,2017-09-15T23:05Z,7,0,Washington
370915122,OAK,PHI,2017-09-15T23:05Z,4,0,Philadelphia
370915105,KC,CLE,2017-09-15T23:10Z,4,3,Cleveland
370915106,CHW,DET,2017-09-15T23:10Z,2,3,Detroit
370915117,PIT,CIN,2017-09-15T23:10Z,2,4,Cincinnati
370915130,BOS,TB,2017-09-15T23:10Z,13,6,St. Petersburg
370915115,NYM,ATL,2017-09-15T23:35Z,2,3,Atlanta
370915109,TOR,MIN,2017-09-16T00:10Z,4,3,Minneapolis
370915118,SEA,HOU,2017-09-16T00:10Z,2,5,Houston
370915128,MIL,MIA,2017-09-16T00:10Z,10,2,Milwaukee
370915127,SD,COL,2017-09-16T00:40Z,1,6,Denver
370915103,TEX,LAA,2017-09-16T02:07Z,6,7,Anaheim
370915126,ARI,SF,2017-09-16T02:15Z,3,2,San Francisco
370916118,SEA,HOU,2017-09-16T17:05Z,6,8,Houston
370916120,LAD,WSH,2017-09-16T17:05Z,3,2,Washington
370916110,BAL,NYY,2017-09-16T20:05Z,3,9,Bronx
370916116,STL,CHC,2017-09-16T20:05Z,1,4,Chicago
370916105,KC,CLE,2017-09-16T20:10Z,4,8,Cleveland
370916117,PIT,CIN,2017-09-16T20:10Z,1,2,Cincinnati
370916106,CHW,DET,2017-09-16T22:10Z,10,4,Detroit
370916130,BOS,TB,2017-09-16T22:10Z,3,1,St. Petersburg
370916122,OAK,PHI,2017-09-16T23:05Z,3,5,Philadelphia
370916109,TOR,MIN,2017-09-16T23:10Z,7,2,Minneapolis
370916115,NYM,ATL,2017-09-16T23:10Z,7,3,Atlanta
370916128,MIL,MIA,2017-09-16T23:10Z,4,7,Milwaukee
370916127,SD,COL,2017-09-17T00:10Z,0,16,Denver
370916126,ARI,SF,2017-09-17T01:05Z,2,0,San Francisco
370916103,TEX,LAA,2017-09-17T01:07Z,0,2,Anaheim
370917110,BAL,NYY,2017-09-17T17:05Z,6,4,Bronx
370917105,KC,CLE,2017-09-17T17:10Z,2,3,Cleveland
370917106,CHW,DET,2017-09-17T17:10Z,0,12,Detroit
370917117,PIT,CIN,2017-09-17T17:10Z,2,5,Cincinnati
370917130,BOS,TB,2017-09-17T17:10Z,2,3,St. Petersburg
370917115,NYM,ATL,2017-09-17T17:35Z,5,1,Atlanta
370917122,OAK,PHI,2017-09-17T17:35Z,6,3,Philadelphia
370917109,TOR,MIN,2017-09-17T18:10Z,7,13,Minneapolis
370917118,SEA,HOU,2017-09-17T18:10Z,1,7,Houston
370917128,MIL,MIA,2017-09-17T18:10Z,10,3,Milwaukee
370917116,STL,CHC,2017-09-17T18:20Z,3,4,Chicago
370917127,SD,COL,2017-09-17T19:10Z,4,3,Denver
370917103,TEX,LAA,2017-09-17T19:37Z,4,2,Anaheim
370917126,ARI,SF,2017-09-17T20:05Z,2,7,San Francisco
370917120,LAD,WSH,2017-09-18T00:00Z,1,7,Washington
370918101,BOS,BAL,2017-09-18T23:05Z,10,8,Baltimore
370918110,MIN,NYY,2017-09-18T23:05Z,1,2,Bronx
370918122,LAD,PHI,2017-09-18T23:05Z,3,4,Philadelphia
370918123,MIL,PIT,2017-09-18T23:05Z,3,0,Pittsburgh
370918106,OAK,DET,2017-09-18T23:10Z,8,3,Detroit
370918128,NYM,MIA,2017-09-18T23:10Z,1,13,Miami
370918125,ARI,SD,2017-09-19T02:10Z,2,4,San Diego
370919110,MIN,NYY,2017-09-19T23:00Z,2,5,Bronx
370919101,BOS,BAL,2017-09-19T23:05Z,1,0,Baltimore
370919122,LAD,PHI,2017-09-19T23:05Z,2,6,Philadelphia
370919123,MIL,PIT,2017-09-19T23:05Z,1,0,Pittsburgh
370919114,KC,TOR,2017-09-19T23:07Z,2,5,Toronto
370919106,OAK,DET,2017-09-19T23:10Z,9,8,Detroit
370919117,STL,CIN,2017-09-19T23:10Z,8,7,Cincinnati
370919128,NYM,MIA,2017-09-19T23:10Z,4,5,Miami
370919130,CHC,TB,2017-09-19T23:10Z,2,1,St. Petersburg
370919115,WSH,ATL,2017-09-19T23:35Z,4,2,Atlanta
370919118,CHW,HOU,2017-09-20T00:10Z,1,3,Houston
370919103,CLE,LAA,2017-09-20T02:00Z,6,3,Anaheim
370919112,TEX,SEA,2017-09-20T02:10Z,3,1,Seattle
370919125,ARI,SD,2017-09-20T02:10Z,2,6,San Diego
370919126,COL,SF,2017-09-20T02:15Z,3,4,San Francisco
370920110,MIN,NYY,2017-09-20T17:00Z,3,11,Bronx
370920106,OAK,DET,2017-09-20T17:10Z,3,2,Detroit
370920128,NYM,MIA,2017-09-20T17:10Z,2,9,Miami
370920126,COL,SF,2017-09-20T19:45Z,0,4,San Francisco
370920101,BOS,BAL,2017-09-20T23:00Z,9,0,Baltimore
370920122,LAD,PHI,2017-09-20T23:05Z,5,7,Philadelphia
370920123,MIL,PIT,2017-09-20T23:05Z,4,6,Pittsburgh
370920114,KC,TOR,2017-09-20T23:07Z,15,5,Toronto
370920117,STL,CIN,2017-09-20T23:10Z,9,2,Cincinnati
370920130,CHC,TB,2017-09-20T23:10Z,1,8,St. Petersburg
370920115,WSH,ATL,2017-09-20T23:35Z,7,3,Atlanta
370920118,CHW,HOU,2017-09-21T00:10Z,3,4,Houston
370920125,ARI,SD,2017-09-21T01:10Z,13,7,San Diego
370920103,CLE,LAA,2017-09-21T02:00Z,6,5,Anaheim
370920112,TEX,SEA,2017-09-21T02:10Z,8,6,Seattle
370921122,LAD,PHI,2017-09-21T17:05Z,5,4,Philadelphia
370921103,CLE,LAA,2017-09-21T20:07Z,4,1,Anaheim
370921101,TB,BAL,2017-09-21T23:05Z,1,3,Baltimore
370921114,KC,TOR,2017-09-21T23:07Z,1,0,Toronto
370921106,MIN,DET,2017-09-21T23:10Z,12,1,Detroit
370921117,STL,CIN,2017-09-21T23:10Z,8,5,Cincinnati
370921115,WSH,ATL,2017-09-21T23:35Z,2,3,Atlanta
370921108,CHC,MIL,2017-09-22T00:10Z,5,3,Milwaukee
370921118,CHW,HOU,2017-09-22T00:10Z,3,1,Houston
370921112,TEX,SEA,2017-09-22T02:10Z,4,2,Seattle
370921125,COL,SD,2017-09-22T02:10Z,0,3,San Diego
370922101,TB,BAL,2017-09-22T23:05Z,8,3,Baltimore
370922123,STL,PIT,2017-09-22T23:05Z,4,3,Pittsburgh
370922114,NYY,TOR,2017-09-22T23:07Z,1,8,Toronto
370922106,MIN,DET,2017-09-22T23:10Z,7,3,Detroit
370922117,BOS,CIN,2017-09-22T23:10Z,5,4,Cincinnati
370922121,WSH,NYM,2017-09-22T23:10Z,6,7,Queens
370922108,CHC,MIL,2017-09-22T23:30Z,5,4,Milwaukee
370922115,PHI,ATL,2017-09-22T23:35Z,2,7,Atlanta
370922104,KC,CHW,2017-09-23T00:10Z,6,7,Chicago
370922118,LAA,HOU,2017-09-23T00:10Z,0,3,Houston
370922129,MIA,ARI,2017-09-23T01:40Z,11,13,Phoenix
370922111,TEX,OAK,2017-09-23T02:05Z,1,4,Oakland
370922112,CLE,SEA,2017-09-23T02:10Z,1,3,Seattle
370922119,SF,LAD,2017-09-23T02:10Z,2,4,Los Angeles
370922125,COL,SD,2017-09-23T02:10Z,4,1,San Diego
370923108,CHC,MIL,2017-09-23T17:05Z,3,4,Milwaukee
370923118,LAA,HOU,2017-09-23T17:05Z,2,6,Houston
370923114,NYY,TOR,2017-09-23T20:07Z,5,1,Toronto
370923112,CLE,SEA,2017-09-23T20:10Z,11,4,Seattle
370923117,BOS,CIN,2017-09-23T20:10Z,5,0,Cincinnati
370923106,MIN,DET,2017-09-23T22:10Z,10,4,Detroit
400910076,MIN,DET,2017-09-23T22:10Z,10,4,Detroit
370923101,TB,BAL,2017-09-23T23:05Z,9,6,Baltimore
370923123,STL,PIT,2017-09-23T23:05Z,6,11,Pittsburgh
370923104,KC,CHW,2017-09-23T23:10Z,8,2,Chicago
370923115,PHI,ATL,2017-09-23T23:10Z,2,4,Atlanta
370923121,WSH,NYM,2017-09-23T23:10Z,4,3,Queens
370923129,MIA,ARI,2017-09-24T00:10Z,12,6,Phoenix
370923125,COL,SD,2017-09-24T00:40Z,0,5,San Diego
370923111,TEX,OAK,2017-09-24T01:05Z,0,1,Oakland
370923119,SF,LAD,2017-09-24T01:10Z,2,1,Los Angeles
370924106,MIN,DET,2017-09-24T16:10Z,10,4,Detroit
370924114,NYY,TOR,2017-09-24T17:07Z,5,9,Toronto
370924117,BOS,CIN,2017-09-24T17:10Z,5,4,Cincinnati
370924121,WSH,NYM,2017-09-24T17:10Z,3,2,Queens
370924101,TB,BAL,2017-09-24T17:35Z,4,9,Baltimore
370924115,PHI,ATL,2017-09-24T17:35Z,2,0,Atlanta
370924123,STL,PIT,2017-09-24T17:35Z,1,4,Pittsburgh
370924104,KC,CHW,2017-09-24T18:10Z,1,8,Chicago
370924108,CHC,MIL,2017-09-24T18:10Z,5,0,Milwaukee
370924111,TEX,OAK,2017-09-24T20:05Z,1,8,Oakland
370924112,CLE,SEA,2017-09-24T20:10Z,4,2,Seattle
370924119,SF,LAD,2017-09-24T20:10Z,1,3,Los Angeles
370924129,MIA,ARI,2017-09-24T20:10Z,2,3,Phoenix
370924125,COL,SD,2017-09-24T20:40Z,8,4,San Diego
370924118,LAA,HOU,2017-09-25T00:00Z,7,5,Houston
370925110,KC,NYY,2017-09-25T17:05Z,3,11,Bronx
370925221,ATL,NYM,2017-09-25T20:10Z,9,2,Queens
370925122,WSH,PHI,2017-09-25T23:05Z,3,1,Philadelphia
370925102,TOR,BOS,2017-09-25T23:10Z,6,4,Boston
370925321,ATL,NYM,2017-09-25T23:45Z,2,3,Queens
370925113,HOU,TEX,2017-09-26T00:05Z,11,2,Arlington
370925104,LAA,CHW,2017-09-26T00:10Z,2,4,Chicago
370925124,CHC,STL,2017-09-26T00:15Z,10,2,St. Louis
370925127,MIA,COL,2017-09-26T00:40Z,5,4,Denver
370925129,SF,ARI,2017-09-26T01:40Z,9,2,Phoenix
370925111,SEA,OAK,2017-09-26T02:05Z,7,1,Oakland
370925119,SD,LAD,2017-09-26T02:10Z,3,9,Los Angeles
370926110,TB,NYY,2017-09-26T23:05Z,1,6,Bronx
370926122,WSH,PHI,2017-09-26T23:05Z,1,4,Philadelphia
370926123,BAL,PIT,2017-09-26T23:05Z,1,10,Pittsburgh
370926102,TOR,BOS,2017-09-26T23:10Z,9,4,Boston
370926105,MIN,CLE,2017-09-26T23:10Z,8,6,Cleveland
370926121,ATL,NYM,2017-09-26T23:10Z,3,4,Queens
370926108,CIN,MIL,2017-09-26T23:40Z,6,7,Milwaukee
370926124,CHC,STL,2017-09-27T00:00Z,7,8,St. Louis
400910112,CHC,STL,2017-09-27T00:00Z,7,8,St. Louis
370926113,HOU,TEX,2017-09-27T00:05Z,14,3,Arlington
370926104,LAA,CHW,2017-09-27T00:10Z,9,3,Chicago
370926107,DET,KC,2017-09-27T00:15Z,1,2,Kansas City
370926127,MIA,COL,2017-09-27T00:40Z,0,6,Denver
370926129,SF,ARI,2017-09-27T01:40Z,4,11,Phoenix
370926111,SEA,OAK,2017-09-27T02:05Z,6,3,Oakland
370926119,SD,LAD,2017-09-27T02:10Z,2,9,Los Angeles
370927113,HOU,TEX,2017-09-27T18:00Z,12,2,Arlington
370927127,MIA,COL,2017-09-27T19:10Z,9,15,Denver
370927111,SEA,OAK,2017-09-27T19:35Z,5,6,Oakland
370927129,SF,ARI,2017-09-27T19:40Z,3,4,Phoenix
370927124,CHC,STL,2017-09-27T23:00Z,5,1,St. Louis
370927110,TB,NYY,2017-09-27T23:05Z,1,6,Bronx
370927122,WSH,PHI,2017-09-27T23:05Z,5,7,Philadelphia
370927123,BAL,PIT,2017-09-27T23:05Z,3,5,Pittsburgh
370927102,TOR,BOS,2017-09-27T23:10Z,7,10,Boston
370927105,MIN,CLE,2017-09-27T23:10Z,2,4,Cleveland
370927121,ATL,NYM,2017-09-27T23:10Z,1,7,Queens
370927104,LAA,CHW,2017-09-28T00:10Z,4,6,Chicago
370927108,CIN,MIL,2017-09-28T00:10Z,6,0,Milwaukee
370927107,DET,KC,2017-09-28T00:15Z,4,7,Kansas City
370927119,SD,LAD,2017-09-28T02:00Z,0,10,Los Angeles
370928105,MIN,CLE,2017-09-28T16:10Z,2,5,Cleveland
370928108,CIN,MIL,2017-09-28T20:10Z,3,4,Milwaukee
370928110,TB,NYY,2017-09-28T23:05Z,9,6,Bronx
370928120,PIT,WSH,2017-09-28T23:05Z,4,5,Washington
370928102,HOU,BOS,2017-09-28T23:10Z,12,2,Boston
370928128,ATL,MIA,2017-09-28T23:10Z,1,7,Miami
370928124,CHC,STL,2017-09-28T23:15Z,2,1,St. Louis
370928113,OAK,TEX,2017-09-29T00:05Z,4,1,Arlington
370928104,LAA,CHW,2017-09-29T00:10Z,4,5,Chicago
370928107,DET,KC,2017-09-29T00:15Z,4,1,Kansas City
370929110,TOR,NYY,2017-09-29T17:05Z,0,4,Bronx
370929116,CIN,CHC,2017-09-29T18:20Z,4,5,Chicago
370929120,PIT,WSH,2017-09-29T23:05Z,1,6,Washington
370929122,NYM,PHI,2017-09-29T23:05Z,2,6,Philadelphia
370929102,HOU,BOS,2017-09-29T23:10Z,3,2,Boston
370929105,CHW,CLE,2017-09-29T23:10Z,1,10,Cleveland
370929128,ATL,MIA,2017-09-29T23:10Z,5,6,Miami
370929130,BAL,TB,2017-09-29T23:10Z,0,7,St. Petersburg
370929113,OAK,TEX,2017-09-30T00:05Z,3,5,Arlington
370929109,DET,MIN,2017-09-30T00:10Z,3,6,Minneapolis
370929127,LAD,COL,2017-09-30T00:10Z,1,9,Denver
370929107,ARI,KC,2017-09-30T00:15Z,1,2,Kansas City
370929124,MIL,STL,2017-09-30T00:15Z,5,3,St. Louis
370929103,SEA,LAA,2017-09-30T02:07Z,5,6,Anaheim
370929126,SD,SF,2017-09-30T02:15Z,0,8,San Francisco
370930102,HOU,BOS,2017-09-30T17:05Z,3,6,Boston
370930110,TOR,NYY,2017-09-30T17:05Z,1,2,Bronx
370930116,CIN,CHC,2017-09-30T20:05Z,0,9,Chicago
370930126,SD,SF,2017-09-30T20:05Z,3,2,San Francisco
370930124,MIL,STL,2017-09-30T20:15Z,6,7,St. Louis
370930130,BAL,TB,2017-09-30T22:10Z,3,4,St. Petersburg
370930120,PIT,WSH,2017-09-30T23:05Z,4,1,Washington
370930122,NYM,PHI,2017-09-30T23:05Z,7,4,Philadelphia
370930105,CHW,CLE,2017-09-30T23:10Z,2,1,Cleveland
370930109,DET,MIN,2017-09-30T23:10Z,3,2,Minneapolis
370930128,ATL,MIA,2017-09-30T23:10Z,2,10,Miami
370930107,ARI,KC,2017-09-30T23:15Z,3,4,Kansas City
370930113,OAK,TEX,2017-10-01T00:05Z,4,8,Arlington
370930127,LAD,COL,2017-10-01T00:10Z,5,3,Denver
370930103,SEA,LAA,2017-10-01T01:07Z,6,4,Anaheim
371001102,HOU,BOS,2017-10-01T19:05Z,4,3,Boston
371001110,TOR,NYY,2017-10-01T19:05Z,2,1,Bronx
371001113,OAK,TEX,2017-10-01T19:05Z,5,2,Arlington
371001120,PIT,WSH,2017-10-01T19:05Z,11,8,Washington
371001122,NYM,PHI,2017-10-01T19:05Z,0,11,Philadelphia
371001126,SD,SF,2017-10-01T19:05Z,4,5,San Francisco
371001103,SEA,LAA,2017-10-01T19:07Z,2,6,Anaheim
371001105,CHW,CLE,2017-10-01T19:10Z,1,3,Cleveland
371001109,DET,MIN,2017-10-01T19:10Z,1,5,Minneapolis
371001127,LAD,COL,2017-10-01T19:10Z,6,3,Denver
371001128,ATL,MIA,2017-10-01T19:10Z,8,5,Miami
371001130,BAL,TB,2017-10-01T19:10Z,0,6,St. Petersburg
400910181,BAL,TB,2017-10-01T19:10Z,0,6,St. Petersburg
371001107,ARI,KC,2017-10-01T19:15Z,14,2,Kansas City
371001124,MIL,STL,2017-10-01T19:15Z,6,1,St. Louis
371001116,CIN,CHC,2017-10-01T19:20Z,3,1,Chicago
371003110,MIN,NYY,2017-10-04T00:00Z,4,8,Bronx
371004129,COL,ARI,2017-10-05T00:00Z,8,11,Phoenix
371005118,BOS,HOU,2017-10-05T20:08Z,2,8,Houston
371005105,NYY,CLE,2017-10-05T23:30Z,0,4,Cleveland
371006118,BOS,HOU,2017-10-06T18:05Z,2,8,Houston
371006105,NYY,CLE,2017-10-06T21:08Z,8,9,Cleveland
371006120,CHC,WSH,2017-10-06T23:30Z,3,0,Washington
371006119,ARI,LAD,2017-10-07T02:30Z,5,9,Los Angeles
371007120,CHC,WSH,2017-10-07T21:38Z,3,6,Washington
371007119,ARI,LAD,2017-10-08T01:08Z,5,8,Los Angeles
371008102,HOU,BOS,2017-10-08T18:38Z,3,10,Boston
371008110,CLE,NYY,2017-10-08T23:38Z,0,1,Bronx
371009102,HOU,BOS,2017-10-09T17:08Z,5,4,Boston
371009116,WSH,CHC,2017-10-09T20:08Z,1,2,Chicago
371009110,CLE,NYY,2017-10-09T23:08Z,3,7,Bronx
371009129,LAD,ARI,2017-10-10T02:08Z,3,1,Phoenix
371011116,WSH,CHC,2017-10-11T20:08Z,5,0,Chicago
371011105,NYY,CLE,2017-10-12T00:08Z,5,2,Cleveland
371012120,CHC,WSH,2017-10-13T00:08Z,9,8,Washington
371013118,NYY,HOU,2017-10-14T00:08Z,1,2,Houston
371014118,NYY,HOU,2017-10-14T20:08Z,1,2,Houston
371014119,CHC,LAD,2017-10-15T00:08Z,2,5,Los Angeles
371015119,CHC,LAD,2017-10-15T23:38Z,1,4,Los Angeles
371016110,HOU,NYY,2017-10-17T00:08Z,1,8,Bronx
371017110,HOU,NYY,2017-10-17T21:08Z,4,6,Bronx
371017116,LAD,CHC,2017-10-18T01:00Z,6,1,Chicago
371018110,HOU,NYY,2017-10-18T21:08Z,0,5,Bronx
371018116,LAD,CHC,2017-10-19T01:01Z,2,3,Chicago
371019116,LAD,CHC,2017-10-20T00:08Z,11,1,Chicago
371020118,NYY,HOU,2017-10-21T00:08Z,1,7,Houston
371021118,NYY,HOU,2017-10-22T00:08Z,0,4,Houston
371024119,HOU,LAD,2017-10-25T00:09Z,1,3,Los Angeles
371025119,HOU,LAD,2017-10-26T00:09Z,7,6,Los Angeles
371027118,LAD,HOU,2017-10-28T00:20Z,3,5,Houston
371028118,LAD,HOU,2017-10-29T00:20Z,6,2,Houston
371029118,LAD,HOU,2017-10-30T00:20Z,12,13,Houston
371031119,HOU,LAD,2017-11-01T00:20Z,1,3,Los Angeles
371101119,HOU,LAD,2017-11-02T00:20Z,5,1,Los Angeles
380329128,CHC,MIA,2018-03-29T16:30Z,8,4,Miami
380329121,STL,NYM,2018-03-29T17:10Z,4,9,Queens
380329101,MIN,BAL,2018-03-29T19:05Z,2,3,Baltimore
380329113,HOU,TEX,2018-03-29T19:30Z,4,1,Arlington
380329114,NYY,TOR,2018-03-29T19:37Z,6,1,Toronto
380329130,BOS,TB,2018-03-29T20:00Z,4,6,St. Petersburg
380329111,LAA,OAK,2018-03-29T20:05Z,5,6,Oakland
380329115,PHI,ATL,2018-03-29T20:10Z,5,8,Atlanta
380329125,MIL,SD,2018-03-29T20:10Z,2,1,San Diego
380329107,CHW,KC,2018-03-29T20:15Z,14,7,Kansas City
380329119,SF,LAD,2018-03-29T23:00Z,1,0,Los Angeles
380329112,CLE,SEA,2018-03-30T02:00Z,1,2,Seattle
380329129,COL,ARI,2018-03-30T02:10Z,2,8,Phoenix
380330106,PIT,DET,2018-03-30T17:10Z,13,10,Detroit
380330117,WSH,CIN,2018-03-30T20:10Z,2,0,Cincinnati
380330114,NYY,TOR,2018-03-30T23:07Z,4,2,Toronto
380330128,CHC,MIA,2018-03-30T23:10Z,1,2,Miami
380330130,BOS,TB,2018-03-30T23:10Z,1,0,St. Petersburg
380330115,PHI,ATL,2018-03-30T23:35Z,5,4,Atlanta
380330113,HOU,TEX,2018-03-31T00:05Z,1,5,Arlington
380330129,COL,ARI,2018-03-31T01:40Z,8,9,Phoenix
380330119,SF,LAD,2018-03-31T02:10Z,1,0,Los Angeles
380330125,MIL,SD,2018-03-31T02:10Z,8,6,San Diego
380330111,LAA,OAK,2018-03-31T02:30Z,2,1,Oakland
380331121,STL,NYM,2018-03-31T17:10Z,2,6,Queens
380331117,WSH,CIN,2018-03-31T18:10Z,13,7,Cincinnati
380331111,LAA,OAK,2018-03-31T20:05Z,8,3,Oakland
380331113,HOU,TEX,2018-03-31T20:05Z,9,3,Arlington
380331114,NYY,TOR,2018-03-31T20:07Z,3,5,Toronto
380331112,CLE,SEA,2018-03-31T20:10Z,6,5,Seattle
380331130,BOS,TB,2018-03-31T22:10Z,3,2,St. Petersburg
380331101,MIN,BAL,2018-03-31T23:05Z,6,2,Baltimore
380331115,PHI,ATL,2018-03-31T23:10Z,2,15,Atlanta
380331128,CHC,MIA,2018-03-31T23:10Z,10,6,Miami
380331107,CHW,KC,2018-03-31T23:15Z,4,3,Kansas City
380331129,COL,ARI,2018-04-01T00:10Z,2,1,Phoenix
380331125,MIL,SD,2018-04-01T00:40Z,7,3,San Diego
380331119,SF,LAD,2018-04-01T01:10Z,0,5,Los Angeles
380401101,MIN,BAL,2018-04-01T17:05Z,7,0,Baltimore
380401114,NYY,TOR,2018-04-01T17:07Z,4,7,Toronto
380401121,STL,NYM,2018-04-01T17:10Z,5,1,Queens
380401128,CHC,MIA,2018-04-01T17:10Z,0,6,Miami
380401130,BOS,TB,2018-04-01T17:10Z,2,1,St. Petersburg
380401206,PIT,DET,2018-04-01T17:10Z,1,0,Detroit
380401113,HOU,TEX,2018-04-01T19:05Z,8,2,Arlington
380401111,LAA,OAK,2018-04-01T20:05Z,7,4,Oakland
380401112,CLE,SEA,2018-04-01T20:10Z,4,5,Seattle
380401117,WSH,CIN,2018-04-01T20:10Z,6,5,Cincinnati
380401306,PIT,DET,2018-04-01T22:10Z,8,6,Detroit
380401119,SF,LAD,2018-04-02T00:37Z,0,9,Los Angeles
380402123,MIN,PIT,2018-04-02T17:05Z,4,5,Pittsburgh
380402106,KC,DET,2018-04-02T17:10Z,1,6,Detroit
380402108,STL,MIL,2018-04-02T18:10Z,8,4,Milwaukee
380402117,CHC,CIN,2018-04-02T20:10Z,0,1,Cincinnati
380402118,BAL,HOU,2018-04-02T23:00Z,1,6,Houston
380402114,CHW,TOR,2018-04-02T23:07Z,2,4,Toronto
380402128,BOS,MIA,2018-04-02T23:10Z,7,3,Miami
380402115,WSH,ATL,2018-04-02T23:35Z,8,1,Atlanta
380402129,LAD,ARI,2018-04-03T01:40Z,7,8,Phoenix
380402111,TEX,OAK,2018-04-03T02:05Z,1,3,Oakland
380402103,CLE,LAA,2018-04-03T02:07Z,6,0,Anaheim
380402125,COL,SD,2018-04-03T02:10Z,7,4,San Diego
380403106,KC,DET,2018-04-03T17:10Z,1,0,Detroit
380403110,TB,NYY,2018-04-03T20:00Z,4,11,Bronx
380403126,SEA,SF,2018-04-03T20:35Z,6,4,San Francisco
380403128,BOS,MIA,2018-04-03T22:10Z,4,2,Miami
380403114,CHW,TOR,2018-04-03T23:07Z,5,14,Toronto
380403121,PHI,NYM,2018-04-03T23:10Z,0,2,Queens
380403115,WSH,ATL,2018-04-03T23:35Z,6,13,Atlanta
380403108,STL,MIL,2018-04-03T23:40Z,4,5,Milwaukee
380403118,BAL,HOU,2018-04-04T00:10Z,6,10,Houston
380403129,LAD,ARI,2018-04-04T01:40Z,1,6,Phoenix
380403103,CLE,LAA,2018-04-04T02:00Z,2,13,Anaheim
380403111,TEX,OAK,2018-04-04T02:05Z,4,1,Oakland
380403125,COL,SD,2018-04-04T02:10Z,4,8,San Diego
380404115,WSH,ATL,2018-04-04T16:10Z,1,7,Atlanta
380404110,TB,NYY,2018-04-04T17:05Z,2,7,Bronx
380404121,PHI,NYM,2018-04-04T17:10Z,2,4,Queens
380404118,BAL,HOU,2018-04-04T18:10Z,2,3,Houston
380404129,LAD,ARI,2018-04-04T19:40Z,0,3,Phoenix
380404103,CLE,LAA,2018-04-04T20:07Z,2,3,Anaheim
380404123,MIN,PIT,2018-04-04T22:05Z,7,3,Pittsburgh
380404114,CHW,TOR,2018-04-04T23:07Z,4,3,Toronto
380404126,SEA,SF,2018-04-04T23:15Z,1,10,San Francisco
380404108,STL,MIL,2018-04-04T23:40Z,6,0,Milwaukee
380404111,TEX,OAK,2018-04-05T02:05Z,2,6,Oakland
380404125,COL,SD,2018-04-05T02:10Z,5,2,San Diego
380405120,NYM,WSH,2018-04-05T17:05Z,8,2,Washington
380405102,TB,BOS,2018-04-05T18:05Z,2,3,Boston
380405122,MIA,PHI,2018-04-05T19:05Z,0,5,Philadelphia
380405111,TEX,OAK,2018-04-05T19:35Z,6,3,Oakland
380405125,COL,SD,2018-04-05T19:40Z,3,1,San Diego
380405104,DET,CHW,2018-04-05T20:10Z,9,7,Chicago
380405109,SEA,MIN,2018-04-05T20:10Z,2,4,Minneapolis
380405110,BAL,NYY,2018-04-05T22:35Z,5,2,Bronx
380405123,CIN,PIT,2018-04-05T23:05Z,2,5,Pittsburgh
380405124,ARI,STL,2018-04-05T23:15Z,3,1,St. Louis
380405108,CHC,MIL,2018-04-06T00:10Z,8,0,Milwaukee
380406105,KC,CLE,2018-04-06T20:10Z,2,3,Cleveland
380406127,ATL,COL,2018-04-06T20:10Z,8,3,Denver
380406110,BAL,NYY,2018-04-06T23:05Z,7,3,Bronx
380406123,CIN,PIT,2018-04-06T23:05Z,3,14,Pittsburgh
380406113,TOR,TEX,2018-04-07T00:05Z,8,5,Arlington
380406108,CHC,MIL,2018-04-07T00:10Z,4,5,Milwaukee
380406118,SD,HOU,2018-04-07T00:10Z,4,1,Houston
380406103,OAK,LAA,2018-04-07T02:07Z,9,13,Anaheim
380407102,TB,BOS,2018-04-07T17:05Z,3,10,Boston
380407110,BAL,NYY,2018-04-07T17:05Z,3,8,Bronx
380407120,NYM,WSH,2018-04-07T17:05Z,3,2,Washington
380407104,DET,CHW,2018-04-07T18:10Z,6,1,Chicago
380407109,SEA,MIN,2018-04-07T18:10Z,11,4,Minneapolis
380407124,ARI,STL,2018-04-07T18:15Z,3,5,St. Louis
380407108,CHC,MIL,2018-04-07T20:05Z,5,2,Milwaukee
380407105,KC,CLE,2018-04-07T20:10Z,1,0,Cleveland
380407122,MIA,PHI,2018-04-07T22:05Z,1,20,Philadelphia
380407126,LAD,SF,2018-04-07T22:05Z,5,7,San Francisco
380407123,CIN,PIT,2018-04-07T23:05Z,7,4,Pittsburgh
380407118,SD,HOU,2018-04-07T23:10Z,0,1,Houston
380407113,TOR,TEX,2018-04-08T00:05Z,1,5,Arlington
380407127,ATL,COL,2018-04-08T00:10Z,2,3,Denver
380407103,OAK,LAA,2018-04-08T01:07Z,7,3,Anaheim
380408102,TB,BOS,2018-04-08T17:05Z,7,8,Boston
380408110,BAL,NYY,2018-04-08T17:05Z,8,7,Bronx
380408105,KC,CLE,2018-04-08T17:10Z,1,3,Cleveland
380408122,MIA,PHI,2018-04-08T17:35Z,6,3,Philadelphia
380408123,CIN,PIT,2018-04-08T17:35Z,0,5,Pittsburgh
380408104,DET,CHW,2018-04-08T18:10Z,1,0,Chicago
380408108,CHC,MIL,2018-04-08T18:10Z,3,0,Milwaukee
380408118,SD,HOU,2018-04-08T18:10Z,1,4,Houston
380408124,ARI,STL,2018-04-08T18:15Z,4,1,St. Louis
380408113,TOR,TEX,2018-04-08T19:05Z,7,4,Arlington
380408127,ATL,COL,2018-04-08T19:10Z,4,0,Denver
380408126,LAD,SF,2018-04-08T20:05Z,2,1,San Francisco
380408103,OAK,LAA,2018-04-08T20:07Z,1,6,Anaheim
380408120,NYM,WSH,2018-04-09T00:08Z,6,5,Washington
380409104,TB,CHW,2018-04-09T18:30Z,5,4,Chicago
380409105,DET,CLE,2018-04-09T22:10Z,0,2,Cleveland
380409124,MIL,STL,2018-04-09T23:00Z,5,4,St. Louis
380409101,TOR,BAL,2018-04-09T23:05Z,7,1,Baltimore
380409120,ATL,WSH,2018-04-09T23:05Z,0,2,Washington
380409122,CIN,PHI,2018-04-09T23:05Z,5,6,Philadelphia
380409128,NYM,MIA,2018-04-09T23:10Z,4,2,Miami
380409113,LAA,TEX,2018-04-10T00:05Z,8,3,Arlington
380409109,HOU,MIN,2018-04-10T00:10Z,2,0,Minneapolis
380409107,SEA,KC,2018-04-10T00:15Z,0,10,Kansas City
380409127,SD,COL,2018-04-10T00:40Z,7,6,Denver
380409126,ARI,SF,2018-04-10T02:15Z,2,1,San Francisco
380410104,TB,CHW,2018-04-10T18:10Z,6,5,Chicago
380410116,PIT,CHC,2018-04-10T18:20Z,8,5,Chicago
380410105,DET,CLE,2018-04-10T22:10Z,1,2,Cleveland
380410102,NYY,BOS,2018-04-10T23:00Z,1,14,Boston
380410101,TOR,BAL,2018-04-10T23:05Z,2,1,Baltimore
380410120,ATL,WSH,2018-04-10T23:05Z,1,4,Washington
380410122,CIN,PHI,2018-04-10T23:05Z,1,6,Philadelphia
380410128,NYM,MIA,2018-04-10T23:10Z,8,6,Miami
380410113,LAA,TEX,2018-04-11T00:05Z,11,1,Arlington
380410109,HOU,MIN,2018-04-11T00:10Z,1,4,Minneapolis
380410107,SEA,KC,2018-04-11T00:15Z,8,3,Kansas City
380410124,MIL,STL,2018-04-11T00:15Z,3,5,St. Louis
380410127,SD,COL,2018-04-11T00:40Z,5,2,Denver
380410119,OAK,LAD,2018-04-11T02:10Z,0,4,Los Angeles
380410126,ARI,SF,2018-04-11T02:15Z,4,5,San Francisco
380411120,ATL,WSH,2018-04-11T17:05Z,5,3,Washington
380411109,HOU,MIN,2018-04-11T17:10Z,8,9,Minneapolis
380411124,MIL,STL,2018-04-11T17:15Z,3,2,St. Louis
380411104,TB,CHW,2018-04-11T18:10Z,1,2,Chicago
380411107,SEA,KC,2018-04-11T18:15Z,4,2,Kansas City
380411127,SD,COL,2018-04-11T19:10Z,4,6,Denver
380411126,ARI,SF,2018-04-11T19:45Z,7,3,San Francisco
380411105,DET,CLE,2018-04-11T22:10Z,1,5,Cleveland
380411101,TOR,BAL,2018-04-11T23:05Z,3,5,Baltimore
380411122,CIN,PHI,2018-04-11T23:05Z,3,4,Philadelphia
380411102,NYY,BOS,2018-04-11T23:10Z,10,7,Boston
380411128,NYM,MIA,2018-04-11T23:10Z,4,1,Miami
380411113,LAA,TEX,2018-04-12T00:05Z,7,2,Arlington
380411116,PIT,CHC,2018-04-12T00:05Z,5,13,Chicago
380411119,OAK,LAD,2018-04-12T02:10Z,16,6,Los Angeles
380412116,PIT,CHC,2018-04-12T18:20Z,6,1,Chicago
380412105,DET,CLE,2018-04-12T22:10Z,3,9,Cleveland
380412117,STL,CIN,2018-04-12T22:40Z,13,4,Cincinnati
380412120,COL,WSH,2018-04-12T23:05Z,5,1,Washington
380412102,NYY,BOS,2018-04-12T23:10Z,3,6,Boston
380412109,CHW,MIN,2018-04-13T00:10Z,0,4,Minneapolis
380412107,LAA,KC,2018-04-13T00:15Z,7,1,Kansas City
380412125,SF,SD,2018-04-13T02:10Z,7,0,San Diego
380413116,ATL,CHC,2018-04-13T18:20Z,4,0,Chicago
380413117,STL,CIN,2018-04-13T22:40Z,5,3,Cincinnati
380413120,COL,WSH,2018-04-13T23:05Z,2,1,Washington
380413102,BAL,BOS,2018-04-13T23:10Z,3,7,Boston
380413105,TOR,CLE,2018-04-13T23:10Z,8,4,Cleveland
380413106,NYY,DET,2018-04-13T23:10Z,8,6,Detroit
380413121,MIL,NYM,2018-04-13T23:10Z,5,6,Queens
380413128,PIT,MIA,2018-04-13T23:10Z,2,7,Miami
380413130,PHI,TB,2018-04-13T23:10Z,2,1,St. Petersburg
380413118,TEX,HOU,2018-04-14T00:10Z,2,3,Houston
380413107,LAA,KC,2018-04-14T00:15Z,5,4,Kansas City
380413112,OAK,SEA,2018-04-14T02:10Z,4,7,Seattle
380413119,ARI,LAD,2018-04-14T02:10Z,8,7,Los Angeles
380413125,SF,SD,2018-04-14T02:10Z,1,5,San Diego
380414102,BAL,BOS,2018-04-14T17:05Z,3,10,Boston
380414120,COL,WSH,2018-04-14T17:05Z,2,6,Washington
380414117,STL,CIN,2018-04-14T17:10Z,6,1,Cincinnati
380414116,ATL,CHC,2018-04-14T18:20Z,10,14,Chicago
380414118,TEX,HOU,2018-04-14T20:05Z,6,5,Houston
380414130,PHI,TB,2018-04-14T22:10Z,9,4,St. Petersburg
380414121,MIL,NYM,2018-04-14T23:10Z,5,1,Queens
380414128,PIT,MIA,2018-04-14T23:10Z,1,0,Miami
380414107,LAA,KC,2018-04-14T23:15Z,5,3,Kansas City
380414125,SF,SD,2018-04-15T00:40Z,4,5,San Diego
380414112,OAK,SEA,2018-04-15T01:10Z,8,10,Seattle
380414119,ARI,LAD,2018-04-15T01:10Z,9,1,Los Angeles
380415102,BAL,BOS,2018-04-15T17:05Z,1,3,Boston
380415117,STL,CIN,2018-04-15T17:10Z,3,2,Cincinnati
380415121,MIL,NYM,2018-04-15T17:10Z,2,3,Queens
380415128,PIT,MIA,2018-04-15T17:10Z,7,3,Miami
380415130,PHI,TB,2018-04-15T17:10Z,10,4,St. Petersburg
380415120,COL,WSH,2018-04-15T17:35Z,6,5,Washington
380415112,OAK,SEA,2018-04-15T20:10Z,2,1,Seattle
380415119,ARI,LAD,2018-04-15T20:10Z,2,7,Los Angeles
380415125,SF,SD,2018-04-15T20:10Z,1,10,San Diego
380415118,TEX,HOU,2018-04-16T00:00Z,3,1,Houston
380416110,MIA,NYY,2018-04-16T22:35Z,1,12,Bronx
380416123,COL,PIT,2018-04-16T23:05Z,6,2,Pittsburgh
380416121,WSH,NYM,2018-04-16T23:10Z,8,6,Queens
380416130,TEX,TB,2018-04-16T23:10Z,4,8,St. Petersburg
380416115,PHI,ATL,2018-04-16T23:35Z,1,2,Atlanta
380416108,CIN,MIL,2018-04-16T23:40Z,10,4,Milwaukee
380416111,CHW,OAK,2018-04-17T02:05Z,1,8,Oakland
380416112,HOU,SEA,2018-04-17T02:10Z,1,2,Seattle
380416125,LAD,SD,2018-04-17T02:10Z,10,3,San Diego
380417214,KC,TOR,2018-04-17T19:07Z,3,11,Toronto
380417110,MIA,NYY,2018-04-17T22:35Z,9,1,Bronx
380417106,BAL,DET,2018-04-17T22:40Z,2,4,Detroit
380417123,COL,PIT,2018-04-17T23:05Z,2,0,Pittsburgh
380417314,KC,TOR,2018-04-17T23:07Z,4,5,Toronto
380417109,CLE,MIN,2018-04-17T23:10Z,6,1,San Juan
380417121,WSH,NYM,2018-04-17T23:10Z,5,2,Queens
380417130,TEX,TB,2018-04-17T23:10Z,7,2,St. Petersburg
380417115,PHI,ATL,2018-04-17T23:35Z,5,1,Atlanta
380417108,CIN,MIL,2018-04-17T23:40Z,0,2,Milwaukee
380417116,STL,CHC,2018-04-18T00:05Z,5,3,Chicago
380417129,SF,ARI,2018-04-18T01:40Z,0,1,Phoenix
380417111,CHW,OAK,2018-04-18T02:05Z,2,10,Oakland
380417103,BOS,LAA,2018-04-18T02:07Z,10,1,Anaheim
380417112,HOU,SEA,2018-04-18T02:10Z,4,1,Seattle
380417125,LAD,SD,2018-04-18T02:10Z,7,3,San Diego
380418123,COL,PIT,2018-04-18T16:35Z,2,10,Pittsburgh
380418106,BAL,DET,2018-04-18T17:10Z,5,6,Detroit
380418130,TEX,TB,2018-04-18T17:10Z,2,4,St. Petersburg
380418108,CIN,MIL,2018-04-18T17:40Z,0,2,Milwaukee
380418111,CHW,OAK,2018-04-18T19:35Z,11,12,Oakland
380418114,KC,TOR,2018-04-18T20:07Z,5,15,Toronto
380418109,CLE,MIN,2018-04-18T23:00Z,1,2,San Juan
380418121,WSH,NYM,2018-04-18T23:10Z,5,11,Queens
380418115,PHI,ATL,2018-04-18T23:35Z,3,7,Atlanta
380418129,SF,ARI,2018-04-19T01:40Z,4,3,Phoenix
380418103,BOS,LAA,2018-04-19T02:07Z,9,0,Anaheim
380418112,HOU,SEA,2018-04-19T02:10Z,7,1,Seattle
380418125,LAD,SD,2018-04-19T02:10Z,13,4,San Diego
380419106,BAL,DET,2018-04-19T17:10Z,8,13,Detroit
380419116,STL,CHC,2018-04-19T18:20Z,5,8,Chicago
380419112,HOU,SEA,2018-04-19T19:40Z,9,2,Seattle
380419110,TOR,NYY,2018-04-19T22:35Z,3,4,Bronx
380419122,PIT,PHI,2018-04-19T23:05Z,0,7,Philadelphia
380419115,NYM,ATL,2018-04-19T23:35Z,4,12,Atlanta
380419108,MIA,MIL,2018-04-20T00:10Z,3,12,Milwaukee
380419129,SF,ARI,2018-04-20T01:40Z,1,3,Phoenix
380419103,BOS,LAA,2018-04-20T02:07Z,8,2,Anaheim
380420206,KC,DET,2018-04-20T17:10Z,2,3,Detroit
380420101,CLE,BAL,2018-04-20T23:05Z,1,3,Baltimore
380420110,TOR,NYY,2018-04-20T23:05Z,8,5,Bronx
380420122,PIT,PHI,2018-04-20T23:05Z,1,2,Philadelphia
380420130,MIN,TB,2018-04-20T23:10Z,7,8,St. Petersburg
380420306,KC,DET,2018-04-20T23:10Z,3,2,Detroit
380420115,NYM,ATL,2018-04-20T23:35Z,5,3,Atlanta
380420113,SEA,TEX,2018-04-21T00:05Z,6,2,Arlington
380420104,HOU,CHW,2018-04-21T00:10Z,10,0,Chicago
380420108,MIA,MIL,2018-04-21T00:10Z,0,8,Milwaukee
380420124,CIN,STL,2018-04-21T00:15Z,2,4,St. Louis
380420127,CHC,COL,2018-04-21T00:40Z,16,5,Denver
380420129,SD,ARI,2018-04-21T01:40Z,4,1,Phoenix
380420111,BOS,OAK,2018-04-21T02:05Z,7,3,Oakland
380420103,SF,LAA,2018-04-21T02:07Z,8,1,Anaheim
380420119,WSH,LAD,2018-04-21T02:10Z,5,2,Los Angeles
380421110,TOR,NYY,2018-04-21T17:05Z,1,9,Bronx
380421106,KC,DET,2018-04-21T17:10Z,4,12,Detroit
380421124,CIN,STL,2018-04-21T18:15Z,3,4,St. Louis
380421101,CLE,BAL,2018-04-21T20:05Z,4,0,Baltimore
380421122,PIT,PHI,2018-04-21T20:05Z,2,6,Philadelphia
380421130,MIN,TB,2018-04-21T22:10Z,1,10,St. Petersburg
380421104,HOU,CHW,2018-04-21T23:10Z,10,1,Chicago
380421108,MIA,MIL,2018-04-21T23:10Z,5,6,Milwaukee
380421115,NYM,ATL,2018-04-21T23:10Z,3,4,Atlanta
380421113,SEA,TEX,2018-04-22T00:05Z,9,7,Arlington
380421127,CHC,COL,2018-04-22T00:10Z,2,5,Denver
380421129,SD,ARI,2018-04-22T00:10Z,2,6,Phoenix
380421111,BOS,OAK,2018-04-22T01:05Z,0,3,Oakland
380421103,SF,LAA,2018-04-22T01:07Z,3,4,Anaheim
380421119,WSH,LAD,2018-04-22T01:10Z,0,4,Los Angeles
380422101,CLE,BAL,2018-04-22T17:05Z,7,3,Baltimore
380422110,TOR,NYY,2018-04-22T17:05Z,1,5,Bronx
380422106,KC,DET,2018-04-22T17:10Z,8,5,Detroit
380422130,MIN,TB,2018-04-22T17:10Z,6,8,St. Petersburg
380422122,PIT,PHI,2018-04-22T17:35Z,2,3,Philadelphia
380422104,HOU,CHW,2018-04-22T18:10Z,7,1,Chicago
380422108,MIA,MIL,2018-04-22T18:10Z,2,4,Milwaukee
380422124,CIN,STL,2018-04-22T18:15Z,2,9,St. Louis
380422113,SEA,TEX,2018-04-22T19:05Z,4,7,Arlington
380422127,CHC,COL,2018-04-22T19:10Z,9,7,Denver
380422111,BOS,OAK,2018-04-22T20:05Z,1,4,Oakland
380422103,SF,LAA,2018-04-22T20:07Z,4,2,Anaheim
380422129,SD,ARI,2018-04-22T20:10Z,2,4,Phoenix
380422119,WSH,LAD,2018-04-23T00:00Z,3,4,Los Angeles
380423117,ATL,CIN,2018-04-23T22:40Z,4,10,Cincinnati
380423110,MIN,NYY,2018-04-23T23:00Z,1,14,Bronx
380423101,CLE,BAL,2018-04-23T23:05Z,2,1,Baltimore
380423113,OAK,TEX,2018-04-24T00:05Z,9,4,Arlington
380423104,SEA,CHW,2018-04-24T00:10Z,4,10,Chicago
380423118,LAA,HOU,2018-04-24T00:10Z,2,0,Houston
380423127,SD,COL,2018-04-24T00:40Z,13,5,Denver
380423119,MIA,LAD,2018-04-24T02:10Z,1,2,Los Angeles
380423126,WSH,SF,2018-04-24T02:15Z,2,4,San Francisco
380424104,SEA,CHW,2018-04-24T21:10Z,1,0,Chicago
380424105,CHC,CLE,2018-04-24T22:10Z,10,3,Cleveland
380424110,MIN,NYY,2018-04-24T22:35Z,3,8,Bronx
380424117,ATL,CIN,2018-04-24T22:40Z,7,9,Cincinnati
380424122,ARI,PHI,2018-04-24T23:05Z,8,4,Philadelphia
380424114,BOS,TOR,2018-04-24T23:07Z,3,4,Toronto
380424113,OAK,TEX,2018-04-25T00:05Z,3,2,Arlington
380424118,LAA,HOU,2018-04-25T00:10Z,8,7,Houston
380424107,MIL,KC,2018-04-25T00:15Z,5,2,Kansas City
380424124,NYM,STL,2018-04-25T00:15Z,6,5,St. Louis
380424127,SD,COL,2018-04-25T00:40Z,0,8,Denver
380424119,MIA,LAD,2018-04-25T02:10Z,3,2,Los Angeles
380424126,WSH,SF,2018-04-25T02:15Z,3,4,San Francisco
380425104,SEA,CHW,2018-04-25T18:10Z,4,3,Chicago
380425118,LAA,HOU,2018-04-25T18:10Z,2,5,Houston
380425127,SD,COL,2018-04-25T19:10Z,2,5,Denver
380425126,WSH,SF,2018-04-25T19:45Z,15,2,San Francisco
380425223,DET,PIT,2018-04-25T20:05Z,13,10,Pittsburgh
380425110,MIN,NYY,2018-04-25T22:35Z,4,7,Bronx
380425117,ATL,CIN,2018-04-25T22:40Z,5,4,Cincinnati
380425105,CHC,CLE,2018-04-25T23:00Z,1,4,Cleveland
380425101,TB,BAL,2018-04-25T23:05Z,8,4,Baltimore
380425122,ARI,PHI,2018-04-25T23:05Z,3,5,Philadelphia
380425114,BOS,TOR,2018-04-25T23:07Z,4,3,Toronto
380425119,MIA,LAD,2018-04-25T23:35Z,8,6,Los Angeles
380425113,OAK,TEX,2018-04-26T00:05Z,2,4,Arlington
380425107,MIL,KC,2018-04-26T00:15Z,6,2,Kansas City
380425124,NYM,STL,2018-04-26T00:15Z,1,9,St. Louis
380425323,DET,PIT,2018-04-26T00:35Z,3,8,Pittsburgh
380426117,ATL,CIN,2018-04-26T16:35Z,7,4,Cincinnati
380426123,DET,PIT,2018-04-26T16:35Z,0,1,Pittsburgh
380426110,MIN,NYY,2018-04-26T17:05Z,3,4,Bronx
380426122,ARI,PHI,2018-04-26T17:05Z,8,2,Philadelphia
380426124,NYM,STL,2018-04-26T17:15Z,3,4,St. Louis
380426105,SEA,CLE,2018-04-26T22:10Z,5,4,Cleveland
380426101,TB,BAL,2018-04-26T23:05Z,9,5,Baltimore
380426114,BOS,TOR,2018-04-26T23:07Z,5,4,Toronto
380426116,MIL,CHC,2018-04-27T00:05Z,0,1,Chicago
380426107,CHW,KC,2018-04-27T00:15Z,6,3,Kansas City
380427116,MIL,CHC,2018-04-27T18:20Z,2,3,Chicago
380427101,DET,BAL,2018-04-27T23:05Z,0,6,Baltimore
380427120,ARI,WSH,2018-04-27T23:05Z,5,4,Washington
380427122,ATL,PHI,2018-04-27T23:05Z,3,7,Philadelphia
380427123,STL,PIT,2018-04-27T23:05Z,5,6,Pittsburgh
380427114,TEX,TOR,2018-04-27T23:07Z,6,4,Toronto
380427102,TB,BOS,2018-04-27T23:10Z,4,3,Boston
380427105,SEA,CLE,2018-04-27T23:10Z,5,6,Cleveland
380427128,COL,MIA,2018-04-27T23:10Z,1,0,Miami
380427109,CIN,MIN,2018-04-28T00:10Z,15,9,Minneapolis
380427118,OAK,HOU,2018-04-28T00:10Z,8,1,Houston
380427107,CHW,KC,2018-04-28T00:15Z,7,4,Kansas City
380427103,NYY,LAA,2018-04-28T02:07Z,4,3,Anaheim
380427125,NYM,SD,2018-04-28T02:10Z,5,1,San Diego
380427126,LAD,SF,2018-04-28T02:15Z,4,6,San Francisco
380428109,CIN,MIN,2018-04-28T18:10Z,1,3,Minneapolis
380428207,CHW,KC,2018-04-28T18:15Z,8,0,Kansas City
380428116,MIL,CHC,2018-04-28T18:20Z,0,3,Chicago
380428102,TB,BOS,2018-04-28T20:05Z,12,6,Boston
380428120,ARI,WSH,2018-04-28T20:05Z,4,3,Washington
380428226,LAD,SF,2018-04-28T20:05Z,15,6,San Francisco
380428114,TEX,TOR,2018-04-28T20:07Z,7,4,Toronto
380428105,SEA,CLE,2018-04-28T20:10Z,12,4,Cleveland
380428122,ATL,PHI,2018-04-28T22:05Z,4,1,Philadelphia
380428101,DET,BAL,2018-04-28T23:05Z,9,5,Baltimore
380428123,STL,PIT,2018-04-28T23:05Z,2,6,Pittsburgh
380428118,OAK,HOU,2018-04-28T23:10Z,0,11,Houston
380428128,COL,MIA,2018-04-28T23:10Z,1,4,Miami
380428307,CHW,KC,2018-04-29T00:15Z,2,5,Kansas City
380428125,NYM,SD,2018-04-29T00:40Z,2,12,San Diego
380428103,NYY,LAA,2018-04-29T01:07Z,11,1,Anaheim
380428326,LAD,SF,2018-04-29T02:15Z,3,8,San Francisco
380429101,DET,BAL,2018-04-29T17:05Z,3,5,Baltimore
380429102,TB,BOS,2018-04-29T17:05Z,3,4,Boston
380429114,TEX,TOR,2018-04-29T17:07Z,2,7,Toronto
380429105,SEA,CLE,2018-04-29T17:10Z,10,4,Cleveland
380429128,COL,MIA,2018-04-29T17:10Z,0,3,Miami
380429120,ARI,WSH,2018-04-29T17:35Z,1,3,Washington
380429122,ATL,PHI,2018-04-29T17:35Z,10,1,Philadelphia
380429123,STL,PIT,2018-04-29T17:35Z,0,5,Pittsburgh
380429109,CIN,MIN,2018-04-29T18:10Z,8,2,Minneapolis
380429118,OAK,HOU,2018-04-29T18:10Z,4,8,Houston
380429107,CHW,KC,2018-04-29T18:15Z,4,5,Kansas City
380429116,MIL,CHC,2018-04-29T18:20Z,0,2,Chicago
380429125,NYM,SD,2018-04-29T20:10Z,14,2,San Diego
380429126,LAD,SF,2018-04-29T21:05Z,2,4,San Francisco
380429103,NYY,LAA,2018-04-30T00:00Z,2,1,Anaheim
380430105,TEX,CLE,2018-04-30T22:10Z,5,7,Cleveland
380430116,COL,CHC,2018-04-30T23:00Z,2,3,Chicago
380430120,PIT,WSH,2018-04-30T23:05Z,2,3,Washington
380430102,KC,BOS,2018-04-30T23:10Z,6,10,Boston
380430106,TB,DET,2018-04-30T23:10Z,3,2,Detroit
380430117,MIL,CIN,2018-04-30T23:10Z,6,5,Cincinnati
380430128,PHI,MIA,2018-04-30T23:10Z,4,8,Miami
380430109,TOR,MIN,2018-05-01T00:10Z,7,5,Minneapolis
380430118,NYY,HOU,2018-05-01T00:10Z,1,2,Houston
380430129,LAD,ARI,2018-05-01T01:40Z,5,8,Phoenix
380430126,SD,SF,2018-05-01T02:15Z,5,6,San Francisco
380501105,TEX,CLE,2018-05-01T22:10Z,8,6,Cleveland
380501120,PIT,WSH,2018-05-01T23:05Z,4,12,Washington
380501102,KC,BOS,2018-05-01T23:10Z,7,6,Boston
380501106,TB,DET,2018-05-01T23:10Z,1,2,Detroit
380501117,MIL,CIN,2018-05-01T23:10Z,7,6,Cincinnati
380501121,ATL,NYM,2018-05-01T23:10Z,3,2,Queens
380501128,PHI,MIA,2018-05-01T23:10Z,1,2,Miami
380501116,COL,CHC,2018-05-02T00:05Z,3,1,Chicago
380501109,TOR,MIN,2018-05-02T00:10Z,7,4,Minneapolis
380501118,NYY,HOU,2018-05-02T00:10Z,4,0,Houston
380501124,CHW,STL,2018-05-02T00:15Z,2,3,St. Louis
380501129,LAD,ARI,2018-05-02T01:40Z,3,4,Phoenix
380501103,BAL,LAA,2018-05-02T02:07Z,2,3,Anaheim
380501112,OAK,SEA,2018-05-02T02:10Z,3,6,Seattle
380501126,SD,SF,2018-05-02T02:15Z,3,2,San Francisco
380502102,KC,BOS,2018-05-02T17:05Z,4,5,Boston
380502105,TEX,CLE,2018-05-02T17:10Z,4,12,Cleveland
380502106,TB,DET,2018-05-02T17:10Z,2,3,Detroit
380502109,TOR,MIN,2018-05-02T17:10Z,0,4,Minneapolis
380502124,CHW,STL,2018-05-02T17:15Z,2,3,St. Louis
380502116,COL,CHC,2018-05-02T18:20Z,11,2,Chicago
380502126,SD,SF,2018-05-02T19:45Z,4,9,San Francisco
380502120,PIT,WSH,2018-05-02T23:05Z,3,9,Washington
380502117,MIL,CIN,2018-05-02T23:10Z,3,1,Cincinnati
380502121,ATL,NYM,2018-05-02T23:10Z,7,0,Queens
380502128,PHI,MIA,2018-05-02T23:10Z,6,0,Miami
380502118,NYY,HOU,2018-05-03T00:00Z,4,0,Houston
380502129,LAD,ARI,2018-05-03T01:40Z,2,1,Phoenix
380502103,BAL,LAA,2018-05-03T02:07Z,7,10,Anaheim
380502112,OAK,SEA,2018-05-03T02:10Z,3,2,Seattle
380503120,PIT,WSH,2018-05-03T17:05Z,1,3,Washington
380503121,ATL,NYM,2018-05-03T17:10Z,11,0,Queens
380503205,TOR,CLE,2018-05-03T17:10Z,13,11,Cleveland
380503118,NYY,HOU,2018-05-03T18:10Z,6,5,Houston
380503107,DET,KC,2018-05-03T18:15Z,6,10,Kansas City
380503129,LAD,ARI,2018-05-03T19:40Z,5,2,Phoenix
380503113,BOS,TEX,2018-05-04T00:05Z,5,11,Arlington
380503104,MIN,CHW,2018-05-04T00:10Z,5,6,Chicago
380503305,TOR,CLE,2018-05-04T00:30Z,4,13,Cleveland
380503103,BAL,LAA,2018-05-04T02:07Z,3,12,Anaheim
380503112,OAK,SEA,2018-05-04T02:10Z,1,4,Seattle
380504110,CLE,NYY,2018-05-04T23:05Z,6,7,Bronx
380504120,PHI,WSH,2018-05-04T23:05Z,3,7,Washington
380504117,MIA,CIN,2018-05-04T23:10Z,1,4,Cincinnati
380504121,COL,NYM,2018-05-04T23:10Z,8,7,Queens
380504130,TOR,TB,2018-05-04T23:10Z,2,6,St. Petersburg
380504115,SF,ATL,2018-05-04T23:35Z,9,4,Atlanta
380504113,BOS,TEX,2018-05-05T00:05Z,5,1,Arlington
380504104,MIN,CHW,2018-05-05T00:10Z,6,4,Chicago
380504108,PIT,MIL,2018-05-05T00:10Z,6,4,Milwaukee
380504107,DET,KC,2018-05-05T00:15Z,2,4,Kansas City
380504124,CHC,STL,2018-05-05T00:15Z,2,3,St. Louis
380504125,LAD,SD,2018-05-05T01:10Z,4,0,Monterrey
380504129,HOU,ARI,2018-05-05T01:40Z,8,0,Phoenix
380504111,BAL,OAK,2018-05-05T02:05Z,4,6,Oakland
380504112,LAA,SEA,2018-05-05T02:10Z,5,0,Seattle
380505110,CLE,NYY,2018-05-05T17:05Z,2,5,Bronx
380505124,CHC,STL,2018-05-05T18:15Z,6,8,St. Louis
380505120,PHI,WSH,2018-05-05T20:05Z,3,1,Washington
380505107,DET,KC,2018-05-05T20:15Z,3,2,Kansas City
380505130,TOR,TB,2018-05-05T22:10Z,3,5,St. Petersburg
380505104,MIN,CHW,2018-05-05T23:10Z,8,4,Chicago
380505108,PIT,MIL,2018-05-05T23:10Z,3,5,Milwaukee
380505115,SF,ATL,2018-05-05T23:10Z,11,2,Atlanta
380505117,MIA,CIN,2018-05-05T23:10Z,6,0,Cincinnati
380505121,COL,NYM,2018-05-05T23:10Z,2,0,Queens
380505125,LAD,SD,2018-05-05T23:10Z,4,7,Monterrey
380505113,BOS,TEX,2018-05-06T00:05Z,6,5,Arlington
380505129,HOU,ARI,2018-05-06T00:10Z,3,4,Phoenix
380505111,BAL,OAK,2018-05-06T01:05Z,0,2,Oakland
380505112,LAA,SEA,2018-05-06T01:10Z,8,9,Seattle
380506110,CLE,NYY,2018-05-06T17:05Z,4,7,Bronx
380506121,COL,NYM,2018-05-06T17:10Z,3,2,Queens
380506130,TOR,TB,2018-05-06T17:10Z,2,1,St. Petersburg
380506115,SF,ATL,2018-05-06T17:35Z,4,3,Atlanta
380506120,PHI,WSH,2018-05-06T17:35Z,4,5,Washington
380506104,MIN,CHW,2018-05-06T18:10Z,5,3,Chicago
380506108,PIT,MIL,2018-05-06T18:10Z,9,0,Milwaukee
380506107,DET,KC,2018-05-06T18:15Z,2,4,Kansas City
380506113,BOS,TEX,2018-05-06T19:05Z,6,1,Arlington
380506125,LAD,SD,2018-05-06T20:00Z,0,3,Monterrey
380506111,BAL,OAK,2018-05-06T20:05Z,1,2,Oakland
380506112,LAA,SEA,2018-05-06T20:10Z,8,2,Seattle
380506117,MIA,CIN,2018-05-06T20:10Z,8,5,Cincinnati
380506129,HOU,ARI,2018-05-06T20:10Z,1,3,Phoenix
380506124,CHC,STL,2018-05-07T00:00Z,3,4,St. Louis
380507122,SF,PHI,2018-05-07T23:05Z,0,11,Philadelphia
380507117,NYM,CIN,2018-05-07T23:10Z,7,6,Cincinnati
380507124,MIN,STL,2018-05-08T00:00Z,6,0,St. Louis
380507113,DET,TEX,2018-05-08T00:05Z,6,7,Arlington
380507116,MIA,CHC,2018-05-08T00:05Z,2,14,Chicago
380507111,HOU,OAK,2018-05-08T02:05Z,16,2,Oakland
380507125,WSH,SD,2018-05-08T02:10Z,8,5,San Diego
380508124,MIN,STL,2018-05-08T17:15Z,7,1,St. Louis
380508101,KC,BAL,2018-05-08T23:05Z,15,7,Baltimore
380508110,BOS,NYY,2018-05-08T23:05Z,2,3,Bronx
380508122,SF,PHI,2018-05-08T23:05Z,2,4,Philadelphia
380508114,SEA,TOR,2018-05-08T23:07Z,5,0,Toronto
380508117,NYM,CIN,2018-05-08T23:10Z,2,7,Cincinnati
380508130,ATL,TB,2018-05-08T23:10Z,1,0,St. Petersburg
380508108,CLE,MIL,2018-05-08T23:40Z,2,3,Milwaukee
380508113,DET,TEX,2018-05-09T00:05Z,7,4,Arlington
380508116,MIA,CHC,2018-05-09T00:05Z,3,4,Chicago
380508104,PIT,CHW,2018-05-09T00:10Z,10,6,Chicago
380508127,LAA,COL,2018-05-09T00:40Z,2,4,Denver
380508111,HOU,OAK,2018-05-09T02:05Z,4,2,Oakland
380508119,ARI,LAD,2018-05-09T02:10Z,8,5,Los Angeles
380508125,WSH,SD,2018-05-09T02:10Z,4,0,San Diego
380509117,NYM,CIN,2018-05-09T16:35Z,1,2,Cincinnati
380509108,CLE,MIL,2018-05-09T17:10Z,6,2,Milwaukee
380509113,DET,TEX,2018-05-09T18:05Z,4,5,Arlington
380509104,PIT,CHW,2018-05-09T18:10Z,6,5,Chicago
380509116,MIA,CHC,2018-05-09T18:20Z,4,13,Chicago
380509127,LAA,COL,2018-05-09T19:10Z,8,0,Denver
380509111,HOU,OAK,2018-05-09T19:35Z,4,1,Oakland
380509110,BOS,NYY,2018-05-09T23:00Z,6,9,Bronx
380509101,KC,BAL,2018-05-09T23:05Z,3,5,Baltimore
380509122,SF,PHI,2018-05-09T23:05Z,3,11,Philadelphia
380509114,SEA,TOR,2018-05-09T23:07Z,2,5,Toronto
380509130,ATL,TB,2018-05-09T23:10Z,5,2,St. Petersburg
380509125,WSH,SD,2018-05-10T01:10Z,1,2,San Diego
380509119,ARI,LAD,2018-05-10T02:10Z,3,6,Los Angeles
380510122,SF,PHI,2018-05-10T17:05Z,3,6,Philadelphia
380510101,KC,BAL,2018-05-10T23:05Z,6,11,Baltimore
380510110,BOS,NYY,2018-05-10T23:05Z,5,4,Bronx
380510114,SEA,TOR,2018-05-10T23:07Z,9,3,Toronto
380510128,ATL,MIA,2018-05-10T23:10Z,9,2,Miami
380510127,MIL,COL,2018-05-11T00:40Z,5,2,Denver
380510129,WSH,ARI,2018-05-11T01:40Z,2,1,Phoenix
380510103,MIN,LAA,2018-05-11T02:07Z,4,7,Anaheim
380510119,CIN,LAD,2018-05-11T02:10Z,4,1,Los Angeles
380510125,STL,SD,2018-05-11T02:10Z,2,1,San Diego
380511116,CHW,CHC,2018-05-11T18:20Z,2,11,Chicago
380511101,TB,BAL,2018-05-11T23:05Z,4,9,Baltimore
380511110,OAK,NYY,2018-05-11T23:05Z,10,5,Bronx
380511122,NYM,PHI,2018-05-11T23:05Z,3,1,Philadelphia
380511123,SF,PIT,2018-05-11T23:05Z,2,11,Pittsburgh
380511114,BOS,TOR,2018-05-11T23:07Z,3,5,Toronto
380511105,KC,CLE,2018-05-11T23:10Z,10,9,Cleveland
380511128,ATL,MIA,2018-05-11T23:10Z,3,6,Miami
380511118,TEX,HOU,2018-05-12T00:10Z,1,0,Houston
380511127,MIL,COL,2018-05-12T00:40Z,11,10,Denver
380511129,WSH,ARI,2018-05-12T01:40Z,3,1,Phoenix
380511103,MIN,LAA,2018-05-12T02:07Z,5,4,Anaheim
380511119,CIN,LAD,2018-05-12T02:10Z,6,2,Los Angeles
380511125,STL,SD,2018-05-12T02:10Z,9,5,San Diego
380512110,OAK,NYY,2018-05-12T17:05Z,6,7,Bronx
380512116,CHW,CHC,2018-05-12T18:20Z,4,8,Chicago
380512201,TB,BAL,2018-05-12T19:05Z,3,6,Baltimore
380512129,WSH,ARI,2018-05-12T20:05Z,2,1,Phoenix
380512114,BOS,TOR,2018-05-12T20:07Z,5,2,Toronto
380512105,KC,CLE,2018-05-12T20:10Z,2,6,Cleveland
380512206,SEA,DET,2018-05-12T20:10Z,3,4,Detroit
380512301,TB,BAL,2018-05-12T22:35Z,10,3,Baltimore
380512123,SF,PIT,2018-05-12T23:05Z,5,6,Pittsburgh
380512118,TEX,HOU,2018-05-12T23:10Z,1,6,Houston
380512128,ATL,MIA,2018-05-12T23:10Z,10,5,Miami
380512306,SEA,DET,2018-05-12T23:40Z,9,5,Detroit
380512127,MIL,COL,2018-05-13T00:10Z,0,4,Denver
380512125,STL,SD,2018-05-13T00:40Z,1,2,San Diego
380512103,MIN,LAA,2018-05-13T01:07Z,5,3,Anaheim
380512119,CIN,LAD,2018-05-13T01:10Z,5,3,Los Angeles
380513101,TB,BAL,2018-05-13T17:05Z,1,17,Baltimore
380513110,OAK,NYY,2018-05-13T17:05Z,2,6,Bronx
380513114,BOS,TOR,2018-05-13T17:07Z,5,3,Toronto
380513105,KC,CLE,2018-05-13T17:10Z,2,11,Cleveland
380513106,SEA,DET,2018-05-13T17:10Z,4,5,Detroit
380513128,ATL,MIA,2018-05-13T17:10Z,4,3,Miami
380513122,NYM,PHI,2018-05-13T17:35Z,2,4,Philadelphia
380513123,SF,PIT,2018-05-13T17:35Z,5,0,Pittsburgh
380513118,TEX,HOU,2018-05-13T18:10Z,1,6,Houston
380513116,CHW,CHC,2018-05-13T18:20Z,5,3,Chicago
380513127,MIL,COL,2018-05-13T19:10Z,7,3,Denver
380513103,MIN,LAA,2018-05-13T20:07Z,1,2,Anaheim
380513119,CIN,LAD,2018-05-13T20:10Z,5,3,Los Angeles
380513125,STL,SD,2018-05-13T20:10Z,3,5,San Diego
380513129,WSH,ARI,2018-05-14T00:00Z,6,4,Phoenix
380514116,ATL,CHC,2018-05-14T18:20Z,6,5,Chicago
380514107,TB,KC,2018-05-14T23:00Z,2,1,Kansas City
380514102,OAK,BOS,2018-05-14T23:10Z,6,5,Boston
380514106,CLE,DET,2018-05-14T23:10Z,3,6,Detroit
380514109,SEA,MIN,2018-05-14T23:10Z,1,0,Minneapolis
380514129,MIL,ARI,2018-05-15T01:40Z,7,2,Phoenix
380514103,HOU,LAA,2018-05-15T02:07Z,1,2,Anaheim
380514125,COL,SD,2018-05-15T02:10Z,6,4,San Diego
380514126,CIN,SF,2018-05-15T02:15Z,7,10,San Francisco
380515125,COL,SD,2018-05-15T19:40Z,0,4,San Diego
380515120,NYY,WSH,2018-05-15T23:05Z,3,5,Washington
380515123,CHW,PIT,2018-05-15T23:05Z,0,7,Pittsburgh
380515102,OAK,BOS,2018-05-15T23:10Z,5,3,Boston
380515106,CLE,DET,2018-05-15T23:10Z,8,9,Detroit
380515121,TOR,NYM,2018-05-15T23:10Z,2,12,Queens
380515128,LAD,MIA,2018-05-15T23:10Z,2,4,Miami
380515115,CHC,ATL,2018-05-15T23:35Z,3,2,Atlanta
380515109,STL,MIN,2018-05-16T00:10Z,1,4,Minneapolis
380515107,TB,KC,2018-05-16T00:15Z,6,5,Kansas City
380515129,MIL,ARI,2018-05-16T01:40Z,1,2,Phoenix
380515103,HOU,LAA,2018-05-16T02:07Z,5,3,Anaheim
380515112,TEX,SEA,2018-05-16T02:10Z,8,9,Seattle
380515126,CIN,SF,2018-05-16T02:15Z,3,5,San Francisco
380516101,PHI,BAL,2018-05-16T16:05Z,4,1,Baltimore
380516123,CHW,PIT,2018-05-16T16:35Z,2,3,Pittsburgh
380516106,CLE,DET,2018-05-16T17:10Z,6,0,Detroit
380516109,STL,MIN,2018-05-16T17:10Z,7,5,Minneapolis
380516121,TOR,NYM,2018-05-16T17:10Z,12,1,Queens
380516107,TB,KC,2018-05-16T18:15Z,5,3,Kansas City
380516112,TEX,SEA,2018-05-16T19:40Z,5,1,Seattle
380516129,MIL,ARI,2018-05-16T19:40Z,8,2,Phoenix
380516126,CIN,SF,2018-05-16T19:45Z,6,3,San Francisco
380516102,OAK,BOS,2018-05-16T23:10Z,4,6,Boston
380516128,LAD,MIA,2018-05-16T23:10Z,5,6,Miami
380516115,CHC,ATL,2018-05-16T23:35Z,1,4,Atlanta
380516103,HOU,LAA,2018-05-17T01:40Z,2,0,Anaheim
380517128,LAD,MIA,2018-05-17T16:10Z,7,0,Miami
380517123,SD,PIT,2018-05-17T23:05Z,4,5,Pittsburgh
380517114,OAK,TOR,2018-05-17T23:07Z,10,5,Toronto
380517102,BAL,BOS,2018-05-17T23:10Z,2,6,Boston
380517124,PHI,STL,2018-05-17T23:15Z,6,2,St. Louis
380517104,TEX,CHW,2018-05-18T00:10Z,2,4,Chicago
380517103,TB,LAA,2018-05-18T02:07Z,7,1,Anaheim
380517112,DET,SEA,2018-05-18T02:10Z,3,2,Seattle
380517126,COL,SF,2018-05-18T02:15Z,5,3,San Francisco
380518123,SD,PIT,2018-05-18T23:05Z,3,2,Pittsburgh
380518114,OAK,TOR,2018-05-18T23:07Z,3,1,Toronto
380518102,BAL,BOS,2018-05-18T23:10Z,7,4,Boston
380518117,CHC,CIN,2018-05-18T23:10Z,8,1,Cincinnati
380518121,ARI,NYM,2018-05-18T23:10Z,1,3,Queens
380518115,MIA,ATL,2018-05-18T23:35Z,2,0,Atlanta
380518104,TEX,CHW,2018-05-19T00:10Z,12,5,Chicago
380518109,MIL,MIN,2018-05-19T00:10Z,8,3,Minneapolis
380518118,CLE,HOU,2018-05-19T00:10Z,1,4,Houston
380518107,NYY,KC,2018-05-19T00:15Z,2,5,Kansas City
380518124,PHI,STL,2018-05-19T00:15Z,4,12,St. Louis
380518103,TB,LAA,2018-05-19T02:07Z,8,3,Anaheim
380518112,DET,SEA,2018-05-19T02:10Z,4,5,Seattle
380518126,COL,SF,2018-05-19T02:15Z,6,1,San Francisco
380519114,OAK,TOR,2018-05-19T17:07Z,5,4,Toronto
380519217,CHC,CIN,2018-05-19T17:10Z,4,5,Cincinnati
380519220,LAD,WSH,2018-05-19T18:05Z,4,1,Washington
380519124,PHI,STL,2018-05-19T18:15Z,7,6,St. Louis
380519126,COL,SF,2018-05-19T20:05Z,4,9,San Francisco
380519118,CLE,HOU,2018-05-19T20:10Z,5,4,Houston
380519123,SD,PIT,2018-05-19T23:05Z,6,2,Pittsburgh
380519102,BAL,BOS,2018-05-19T23:10Z,3,6,Boston
380519104,TEX,CHW,2018-05-19T23:10Z,3,5,Chicago
380519109,MIL,MIN,2018-05-19T23:10Z,5,4,Minneapolis
380519115,MIA,ATL,2018-05-19T23:10Z,1,8,Atlanta
380519121,ARI,NYM,2018-05-19T23:10Z,4,5,Queens
380519317,CHC,CIN,2018-05-19T23:10Z,10,0,Cincinnati
380519107,NYY,KC,2018-05-19T23:15Z,8,3,Kansas City
380519320,LAD,WSH,2018-05-20T00:05Z,5,4,Washington
380519103,TB,LAA,2018-05-20T01:07Z,5,3,Anaheim
380519112,DET,SEA,2018-05-20T01:10Z,2,7,Seattle
380520102,BAL,BOS,2018-05-20T17:05Z,0,5,Boston
380520114,OAK,TOR,2018-05-20T17:07Z,9,2,Toronto
380520117,CHC,CIN,2018-05-20T17:10Z,6,1,Cincinnati
380520121,ARI,NYM,2018-05-20T17:10Z,1,4,Queens
380520115,MIA,ATL,2018-05-20T17:35Z,9,10,Atlanta
380520120,LAD,WSH,2018-05-20T17:35Z,7,2,Washington
380520123,SD,PIT,2018-05-20T17:35Z,8,5,Pittsburgh
380520104,TEX,CHW,2018-05-20T18:10Z,0,3,Chicago
380520109,MIL,MIN,2018-05-20T18:10Z,1,3,Minneapolis
380520107,NYY,KC,2018-05-20T18:15Z,10,1,Kansas City
380520124,PHI,STL,2018-05-20T18:15Z,1,5,St. Louis
380520126,COL,SF,2018-05-20T20:05Z,5,9,San Francisco
380520103,TB,LAA,2018-05-20T20:07Z,2,5,Anaheim
380520112,DET,SEA,2018-05-20T20:10Z,2,3,Seattle
380520118,CLE,HOU,2018-05-21T00:00Z,1,3,Houston
380521120,SD,WSH,2018-05-21T23:05Z,2,10,Washington
380521122,ATL,PHI,2018-05-21T23:05Z,0,3,Philadelphia
380521121,MIA,NYM,2018-05-21T23:10Z,0,2,Queens
380521108,ARI,MIL,2018-05-21T23:40Z,2,4,Milwaukee
380521113,NYY,TEX,2018-05-22T00:05Z,10,5,Arlington
380521104,BAL,CHW,2018-05-22T00:10Z,3,2,Chicago
380521109,DET,MIN,2018-05-22T00:10Z,2,4,Minneapolis
380521124,KC,STL,2018-05-22T00:15Z,0,6,St. Louis
380521119,COL,LAD,2018-05-22T02:10Z,2,1,Los Angeles
380522116,CLE,CHC,2018-05-22T23:00Z,10,1,Chicago
380522120,SD,WSH,2018-05-22T23:05Z,1,2,Washington
380522122,ATL,PHI,2018-05-22T23:05Z,3,1,Philadelphia
380522114,LAA,TOR,2018-05-22T23:07Z,3,5,Toronto
380522117,PIT,CIN,2018-05-22T23:10Z,2,7,Cincinnati
380522121,MIA,NYM,2018-05-22T23:10Z,5,1,Queens
380522130,BOS,TB,2018-05-22T23:10Z,4,2,St. Petersburg
380522108,ARI,MIL,2018-05-22T23:40Z,0,1,Milwaukee
380522113,NYY,TEX,2018-05-23T00:05Z,4,6,Arlington
380522104,BAL,CHW,2018-05-23T00:10Z,2,3,Chicago
380522109,DET,MIN,2018-05-23T00:10Z,0,6,Minneapolis
380522118,SF,HOU,2018-05-23T00:10Z,2,11,Houston
380522124,KC,STL,2018-05-23T00:15Z,5,1,St. Louis
380522119,COL,LAD,2018-05-23T02:00Z,3,5,Los Angeles
380522111,SEA,OAK,2018-05-23T02:05Z,3,2,Oakland
380523108,ARI,MIL,2018-05-23T17:10Z,2,9,Milwaukee
380523109,DET,MIN,2018-05-23T17:10Z,4,1,Minneapolis
380523124,KC,STL,2018-05-23T17:15Z,5,2,St. Louis
380523118,SF,HOU,2018-05-23T18:10Z,1,4,Houston
380523120,SD,WSH,2018-05-23T20:05Z,3,1,Washington
380523113,NYY,TEX,2018-05-23T23:05Z,10,12,Arlington
380523122,ATL,PHI,2018-05-23T23:05Z,0,4,Philadelphia
380523114,LAA,TOR,2018-05-23T23:07Z,5,4,Toronto
380523117,PIT,CIN,2018-05-23T23:10Z,5,4,Cincinnati
380523121,MIA,NYM,2018-05-23T23:10Z,2,1,Queens
380523130,BOS,TB,2018-05-23T23:10Z,4,1,St. Petersburg
380523116,CLE,CHC,2018-05-24T00:05Z,1,0,Chicago
380523104,BAL,CHW,2018-05-24T00:10Z,1,11,Chicago
380523111,SEA,OAK,2018-05-24T02:05Z,1,0,Oakland
380523119,COL,LAD,2018-05-24T02:10Z,0,3,Los Angeles
380524117,PIT,CIN,2018-05-24T16:35Z,4,5,Cincinnati
380524114,LAA,TOR,2018-05-24T16:37Z,8,1,Toronto
380524104,BAL,CHW,2018-05-24T18:10Z,9,3,Chicago
380524111,SEA,OAK,2018-05-24T19:35Z,3,4,Oakland
380524105,HOU,CLE,2018-05-24T22:10Z,8,2,Cleveland
380524130,BOS,TB,2018-05-24T23:10Z,3,6,St. Petersburg
380524113,KC,TEX,2018-05-25T00:05Z,8,2,Arlington
380524108,NYM,MIL,2018-05-25T00:10Z,5,0,Milwaukee
380525116,SF,CHC,2018-05-25T18:20Z,2,6,Chicago
380525110,LAA,NYY,2018-05-25T23:05Z,1,2,Bronx
380525122,TOR,PHI,2018-05-25T23:05Z,6,5,Philadelphia
380525123,STL,PIT,2018-05-25T23:05Z,1,8,Pittsburgh
380525102,ATL,BOS,2018-05-25T23:10Z,2,6,Boston
380525105,HOU,CLE,2018-05-25T23:10Z,11,2,Cleveland
380525106,CHW,DET,2018-05-25T23:10Z,4,5,Detroit
380525128,WSH,MIA,2018-05-25T23:10Z,9,5,Miami
380525130,BAL,TB,2018-05-25T23:10Z,2,0,St. Petersburg
380525113,KC,TEX,2018-05-26T00:05Z,4,8,Arlington
380525108,NYM,MIL,2018-05-26T00:10Z,3,4,Milwaukee
380525127,CIN,COL,2018-05-26T00:40Z,4,5,Denver
380525111,ARI,OAK,2018-05-26T01:35Z,7,1,Oakland
380525112,MIN,SEA,2018-05-26T02:10Z,1,2,Seattle
380525119,SD,LAD,2018-05-26T02:10Z,1,4,Los Angeles
380526102,ATL,BOS,2018-05-26T17:05Z,6,8,Boston
380526111,ARI,OAK,2018-05-26T20:05Z,0,3,Oakland
380526113,KC,TEX,2018-05-26T20:05Z,3,4,Arlington
380526122,TOR,PHI,2018-05-26T20:05Z,1,2,Philadelphia
380526123,STL,PIT,2018-05-26T20:05Z,4,1,Pittsburgh
380526106,CHW,DET,2018-05-26T20:10Z,8,4,Detroit
380526108,NYM,MIL,2018-05-26T20:10Z,6,17,Milwaukee
380526128,WSH,MIA,2018-05-26T20:10Z,4,1,Miami
380526130,BAL,TB,2018-05-26T20:10Z,1,5,St. Petersburg
380526105,HOU,CLE,2018-05-26T23:15Z,6,8,Cleveland
380526110,LAA,NYY,2018-05-26T23:15Z,11,4,Bronx
380526116,SF,CHC,2018-05-26T23:15Z,5,4,Chicago
380526127,CIN,COL,2018-05-27T01:10Z,6,5,Denver
380526112,MIN,SEA,2018-05-27T02:10Z,3,4,Seattle
380526119,SD,LAD,2018-05-27T02:10Z,7,5,Los Angeles
380527102,ATL,BOS,2018-05-27T17:05Z,7,1,Boston
380527110,LAA,NYY,2018-05-27T17:05Z,1,3,Bronx
380527105,HOU,CLE,2018-05-27T17:10Z,9,10,Cleveland
380527106,CHW,DET,2018-05-27T17:10Z,2,3,Detroit
380527128,WSH,MIA,2018-05-27T17:10Z,5,2,Miami
380527130,BAL,TB,2018-05-27T17:10Z,3,8,St. Petersburg
380527122,TOR,PHI,2018-05-27T17:35Z,5,3,Philadelphia
380527123,STL,PIT,2018-05-27T17:35Z,6,4,Pittsburgh
380527108,NYM,MIL,2018-05-27T18:10Z,7,8,Milwaukee
380527113,KC,TEX,2018-05-27T19:05Z,5,3,Arlington
380527127,CIN,COL,2018-05-27T19:10Z,2,8,Denver
380527111,ARI,OAK,2018-05-27T20:05Z,1,2,Oakland
380527112,MIN,SEA,2018-05-27T20:10Z,1,3,Seattle
380527119,SD,LAD,2018-05-27T20:10Z,1,6,Los Angeles
380527116,SF,CHC,2018-05-28T00:00Z,3,8,Chicago
380528110,HOU,NYY,2018-05-28T17:00Z,5,1,Bronx
380528101,WSH,BAL,2018-05-28T17:05Z,6,0,Baltimore
380528102,TOR,BOS,2018-05-28T17:05Z,3,8,Boston
380528106,LAA,DET,2018-05-28T17:10Z,3,9,Detroit
380528215,NYM,ATL,2018-05-28T17:10Z,3,4,Atlanta
380528123,CHC,PIT,2018-05-28T17:35Z,7,0,Pittsburgh
380528108,STL,MIL,2018-05-28T18:10Z,3,8,Milwaukee
380528105,CHW,CLE,2018-05-28T20:00Z,6,9,Cleveland
380528111,TB,OAK,2018-05-28T20:05Z,1,0,Oakland
380528112,TEX,SEA,2018-05-28T20:10Z,1,2,Seattle
380528125,MIA,SD,2018-05-28T20:10Z,7,2,San Diego
380528129,CIN,ARI,2018-05-28T20:10Z,5,12,Phoenix
380528127,SF,COL,2018-05-28T23:00Z,5,6,Denver
380528315,NYM,ATL,2018-05-28T23:10Z,8,5,Atlanta
380528107,MIN,KC,2018-05-28T23:15Z,8,5,Kansas City
380528119,PHI,LAD,2018-05-29T00:10Z,4,5,Los Angeles
380529105,CHW,CLE,2018-05-29T22:10Z,3,7,Cleveland
380529101,WSH,BAL,2018-05-29T23:05Z,3,2,Baltimore
380529110,HOU,NYY,2018-05-29T23:05Z,5,6,Bronx
380529123,CHC,PIT,2018-05-29T23:05Z,8,6,Pittsburgh
380529102,TOR,BOS,2018-05-29T23:10Z,3,8,Boston
380529106,LAA,DET,2018-05-29T23:10Z,9,2,Detroit
380529115,NYM,ATL,2018-05-29T23:35Z,6,7,Atlanta
380529108,STL,MIL,2018-05-29T23:40Z,6,1,Milwaukee
400983705,STL,MIL,2018-05-29T23:40Z,6,1,Milwaukee
380529107,MIN,KC,2018-05-30T00:15Z,1,2,Kansas City
380529127,SF,COL,2018-05-30T00:40Z,4,11,Denver
380529129,CIN,ARI,2018-05-30T01:40Z,2,5,Phoenix
380529111,TB,OAK,2018-05-30T02:05Z,4,3,Oakland
380529112,TEX,SEA,2018-05-30T02:10Z,9,5,Seattle
380529119,PHI,LAD,2018-05-30T02:10Z,6,1,Los Angeles
380529125,MIA,SD,2018-05-30T02:10Z,5,9,San Diego
380530102,TOR,BOS,2018-05-30T17:05Z,4,6,Boston
380530105,CHW,CLE,2018-05-30T17:10Z,1,9,Cleveland
380530108,STL,MIL,2018-05-30T17:10Z,2,3,Milwaukee
380530129,CIN,ARI,2018-05-30T19:40Z,7,4,Phoenix
380530110,HOU,NYY,2018-05-30T22:30Z,3,5,Bronx
380530101,WSH,BAL,2018-05-30T23:05Z,2,0,Baltimore
380530123,CHC,PIT,2018-05-30T23:05Z,1,2,Pittsburgh
380530106,LAA,DET,2018-05-30T23:10Z,1,6,Detroit
380530115,NYM,ATL,2018-05-30T23:35Z,4,1,Atlanta
380530107,MIN,KC,2018-05-31T00:15Z,8,11,Kansas City
380530127,SF,COL,2018-05-31T00:40Z,7,4,Denver
380530111,TB,OAK,2018-05-31T02:05Z,6,0,Oakland
380530112,TEX,SEA,2018-05-31T02:10Z,7,6,Seattle
380530119,PHI,LAD,2018-05-31T02:10Z,2,8,Los Angeles
380530125,MIA,SD,2018-05-31T02:10Z,2,3,San Diego
380531106,LAA,DET,2018-05-31T17:10Z,2,6,Detroit
380531111,TB,OAK,2018-05-31T19:35Z,3,7,Oakland
380531121,CHC,NYM,2018-05-31T23:10Z,5,1,Queens
380531124,PIT,STL,2018-05-31T23:15Z,8,10,St. Louis
380531115,WSH,ATL,2018-05-31T23:35Z,2,4,Atlanta
380531119,PHI,LAD,2018-05-31T23:35Z,2,1,Los Angeles
380531109,CLE,MIN,2018-06-01T00:10Z,9,8,Minneapolis
380531118,BOS,HOU,2018-06-01T00:10Z,2,4,Houston
380531125,MIA,SD,2018-06-01T01:10Z,3,8,San Diego
380531112,TEX,SEA,2018-06-01T02:10Z,1,6,Seattle
380601101,NYY,BAL,2018-06-01T23:05Z,4,1,Baltimore
380601106,TOR,DET,2018-06-01T23:10Z,2,5,Detroit
380601121,CHC,NYM,2018-06-01T23:10Z,7,4,Queens
380601115,WSH,ATL,2018-06-01T23:35Z,0,4,Atlanta
380601104,MIL,CHW,2018-06-02T00:10Z,3,8,Chicago
380601109,CLE,MIN,2018-06-02T00:10Z,4,7,Minneapolis
380601118,BOS,HOU,2018-06-02T00:10Z,3,7,Houston
380601107,OAK,KC,2018-06-02T00:15Z,16,0,Kansas City
380601124,PIT,STL,2018-06-02T00:15Z,4,0,St. Louis
380601127,LAD,COL,2018-06-02T00:40Z,11,8,Denver
380601129,MIA,ARI,2018-06-02T01:40Z,1,9,Phoenix
380601103,TEX,LAA,2018-06-02T02:07Z,0,6,Anaheim
380601112,TB,SEA,2018-06-02T02:10Z,3,4,Seattle
380601125,CIN,SD,2018-06-02T02:10Z,7,2,San Diego
380601126,PHI,SF,2018-06-02T02:15Z,0,4,San Francisco
380602104,MIL,CHW,2018-06-02T18:10Z,5,0,Chicago
380602107,OAK,KC,2018-06-02T18:15Z,4,5,Kansas City
380602124,PIT,STL,2018-06-02T18:15Z,2,3,St. Louis
380602101,NYY,BAL,2018-06-02T20:05Z,8,5,Baltimore
380602106,TOR,DET,2018-06-02T20:10Z,4,7,Detroit
380602109,CLE,MIN,2018-06-02T20:10Z,1,7,Minneapolis
380602115,WSH,ATL,2018-06-02T20:10Z,5,3,Atlanta
380602118,BOS,HOU,2018-06-02T23:15Z,5,4,Houston
380602121,CHC,NYM,2018-06-02T23:15Z,7,1,Queens
380602127,LAD,COL,2018-06-02T23:15Z,12,4,Denver
380602125,CIN,SD,2018-06-03T00:40Z,2,8,San Diego
380602103,TEX,LAA,2018-06-03T01:07Z,3,2,Anaheim
380602126,PHI,SF,2018-06-03T02:05Z,0,2,San Francisco
380602112,TB,SEA,2018-06-03T02:10Z,1,3,Seattle
380602129,MIA,ARI,2018-06-03T02:10Z,2,6,Phoenix
380603106,TOR,DET,2018-06-03T17:10Z,8,4,Detroit
380603121,CHC,NYM,2018-06-03T17:10Z,2,0,Queens
380603115,WSH,ATL,2018-06-03T17:35Z,2,4,Atlanta
380603104,MIL,CHW,2018-06-03T18:10Z,1,6,Chicago
380603109,CLE,MIN,2018-06-03T18:10Z,5,7,Minneapolis
380603107,OAK,KC,2018-06-03T18:15Z,5,1,Kansas City
380603124,PIT,STL,2018-06-03T18:15Z,0,5,St. Louis
380603127,LAD,COL,2018-06-03T19:10Z,10,7,Denver
380603126,PHI,SF,2018-06-03T20:05Z,1,6,San Francisco
380603103,TEX,LAA,2018-06-03T20:07Z,1,3,Anaheim
380603112,TB,SEA,2018-06-03T20:10Z,1,2,Seattle
380603129,MIA,ARI,2018-06-03T20:10Z,1,6,Phoenix
380603125,CIN,SD,2018-06-03T22:10Z,3,6,San Diego
380603118,BOS,HOU,2018-06-03T23:30Z,9,3,Houston
380604210,NYY,DET,2018-06-04T17:10Z,7,4,Detroit
380604310,NYY,DET,2018-06-04T23:10Z,2,4,Detroit
380604126,ARI,SF,2018-06-05T02:00Z,3,10,San Francisco
380604103,KC,LAA,2018-06-05T02:07Z,6,9,Anaheim
380604125,ATL,SD,2018-06-05T02:10Z,4,11,San Diego
380605209,CHW,MIN,2018-06-05T20:10Z,2,4,Minneapolis
380605120,TB,WSH,2018-06-05T23:05Z,2,4,Washington
380605123,LAD,PIT,2018-06-05T23:05Z,5,0,Pittsburgh
380605114,NYY,TOR,2018-06-05T23:07Z,7,2,Toronto
380605102,DET,BOS,2018-06-05T23:10Z,0,6,Boston
380605105,MIL,CLE,2018-06-05T23:10Z,2,3,Cleveland
380605117,COL,CIN,2018-06-05T23:10Z,9,6,Cincinnati
380605121,BAL,NYM,2018-06-05T23:10Z,2,1,Queens
380605309,CHW,MIN,2018-06-05T23:30Z,6,3,Minneapolis
380605113,OAK,TEX,2018-06-06T00:05Z,4,7,Arlington
380605116,PHI,CHC,2018-06-06T00:05Z,6,1,Chicago
380605118,SEA,HOU,2018-06-06T00:10Z,7,1,Houston
380605124,MIA,STL,2018-06-06T00:15Z,7,4,St. Louis
380605103,KC,LAA,2018-06-06T02:07Z,0,1,Anaheim
380605125,ATL,SD,2018-06-06T02:10Z,14,1,San Diego
380605126,ARI,SF,2018-06-06T02:15Z,3,2,San Francisco
380606120,TB,WSH,2018-06-06T17:05Z,2,11,Washington
380606105,MIL,CLE,2018-06-06T17:10Z,1,3,Cleveland
380606121,BAL,NYM,2018-06-06T17:10Z,1,0,Queens
380606125,ATL,SD,2018-06-06T19:40Z,1,3,San Diego
380606126,ARI,SF,2018-06-06T19:45Z,4,5,San Francisco
380606123,LAD,PIT,2018-06-06T23:05Z,9,11,Pittsburgh
380606114,NYY,TOR,2018-06-06T23:07Z,3,0,Toronto
380606102,DET,BOS,2018-06-06T23:10Z,1,7,Boston
380606117,COL,CIN,2018-06-06T23:10Z,6,3,Cincinnati
380606113,OAK,TEX,2018-06-07T00:05Z,2,8,Arlington
380606116,PHI,CHC,2018-06-07T00:05Z,5,7,Chicago
380606109,CHW,MIN,2018-06-07T00:10Z,5,2,Minneapolis
380606118,SEA,HOU,2018-06-07T00:10Z,5,7,Houston
380606124,MIA,STL,2018-06-07T00:15Z,11,3,St. Louis
380606103,KC,LAA,2018-06-07T02:07Z,3,4,Anaheim
380607117,COL,CIN,2018-06-07T16:35Z,5,7,Cincinnati
380607123,LAD,PIT,2018-06-07T16:35Z,8,7,Pittsburgh
380607109,CHW,MIN,2018-06-07T17:10Z,2,7,Minneapolis
380607124,MIA,STL,2018-06-07T17:15Z,1,4,St. Louis
380607116,PHI,CHC,2018-06-07T18:20Z,3,4,Chicago
400983822,PHI,CHC,2018-06-07T18:20Z,3,4,Chicago
380607102,DET,BOS,2018-06-07T23:00Z,7,2,Boston
380607114,BAL,TOR,2018-06-07T23:07Z,4,5,Toronto
380607130,SEA,TB,2018-06-07T23:10Z,5,4,St. Petersburg
380607113,HOU,TEX,2018-06-08T00:05Z,5,2,Arlington
380607111,KC,OAK,2018-06-08T02:05Z,1,4,Oakland
380608116,PIT,CHC,2018-06-08T18:20Z,1,3,Chicago
380608120,SF,WSH,2018-06-08T23:05Z,9,5,Washington
380608122,MIL,PHI,2018-06-08T23:05Z,12,4,Philadelphia
380608114,BAL,TOR,2018-06-08T23:07Z,1,5,Toronto
380608102,CHW,BOS,2018-06-08T23:10Z,1,0,Boston
380608106,CLE,DET,2018-06-08T23:10Z,4,1,Detroit
380608117,STL,CIN,2018-06-08T23:10Z,7,6,Cincinnati
380608121,NYY,NYM,2018-06-08T23:10Z,4,1,Queens
380608128,SD,MIA,2018-06-08T23:10Z,0,4,Miami
380608130,SEA,TB,2018-06-08T23:10Z,4,3,St. Petersburg
380608113,HOU,TEX,2018-06-09T00:05Z,7,3,Arlington
380608109,LAA,MIN,2018-06-09T00:10Z,4,2,Minneapolis
380608127,ARI,COL,2018-06-09T00:40Z,9,4,Denver
380608111,KC,OAK,2018-06-09T02:05Z,2,7,Oakland
380608119,ATL,LAD,2018-06-09T02:10Z,3,7,Los Angeles
380609120,SF,WSH,2018-06-09T16:05Z,5,7,Washington
380609122,MIL,PHI,2018-06-09T17:05Z,12,3,Philadelphia
380609114,BAL,TOR,2018-06-09T17:07Z,3,4,Toronto
380609109,LAA,MIN,2018-06-09T18:10Z,2,1,Minneapolis
380609116,PIT,CHC,2018-06-09T18:20Z,0,2,Chicago
380609102,CHW,BOS,2018-06-09T20:05Z,2,4,Boston
380609111,KC,OAK,2018-06-09T20:05Z,2,0,Oakland
380609106,CLE,DET,2018-06-09T20:10Z,2,4,Detroit
380609117,STL,CIN,2018-06-09T20:10Z,6,4,Cincinnati
380609128,SD,MIA,2018-06-09T20:10Z,5,4,Miami
380609130,SEA,TB,2018-06-09T20:10Z,3,7,St. Petersburg
380609113,HOU,TEX,2018-06-09T23:15Z,4,3,Arlington
380609121,NYY,NYM,2018-06-09T23:15Z,4,3,Queens
380609127,ARI,COL,2018-06-09T23:15Z,12,7,Denver
380609119,ATL,LAD,2018-06-10T01:10Z,5,3,Los Angeles
380610102,CHW,BOS,2018-06-10T17:05Z,5,2,Boston
380610114,BAL,TOR,2018-06-10T17:07Z,3,13,Toronto
380610106,CLE,DET,2018-06-10T17:10Z,9,2,Detroit
380610117,STL,CIN,2018-06-10T17:10Z,3,6,Cincinnati
380610128,SD,MIA,2018-06-10T17:10Z,3,1,Miami
380610130,SEA,TB,2018-06-10T17:10Z,5,4,St. Petersburg
380610122,MIL,PHI,2018-06-10T17:35Z,3,4,Philadelphia
380610109,LAA,MIN,2018-06-10T18:10Z,5,7,Minneapolis
380610116,PIT,CHC,2018-06-10T18:20Z,7,1,Chicago
380610113,HOU,TEX,2018-06-10T19:05Z,8,7,Arlington
380610127,ARI,COL,2018-06-10T19:10Z,8,3,Denver
380610111,KC,OAK,2018-06-10T20:05Z,2,3,Oakland
380610120,SF,WSH,2018-06-10T20:05Z,2,0,Washington
380610119,ATL,LAD,2018-06-10T20:10Z,2,7,Los Angeles
380610121,NYY,NYM,2018-06-11T00:00Z,0,2,Queens
380611101,BOS,BAL,2018-06-11T23:05Z,2,0,Baltimore
380611128,SF,MIA,2018-06-11T23:10Z,5,7,Miami
380611130,TOR,TB,2018-06-11T23:10Z,4,8,St. Petersburg
380611104,CLE,CHW,2018-06-12T00:10Z,4,0,Chicago
380611108,CHC,MIL,2018-06-12T00:10Z,7,2,Milwaukee
380611124,SD,STL,2018-06-12T00:15Z,2,5,St. Louis
380611129,PIT,ARI,2018-06-12T01:40Z,5,9,Phoenix
380611112,LAA,SEA,2018-06-12T02:10Z,3,5,Seattle
380612101,BOS,BAL,2018-06-12T23:05Z,6,4,Baltimore
380612110,WSH,NYY,2018-06-12T23:05Z,0,3,Bronx
380612122,COL,PHI,2018-06-12T23:05Z,4,5,Philadelphia
380612106,MIN,DET,2018-06-12T23:10Z,6,4,Detroit
380612128,SF,MIA,2018-06-12T23:10Z,1,3,Miami
380612130,TOR,TB,2018-06-12T23:10Z,1,4,St. Petersburg
380612115,NYM,ATL,2018-06-12T23:30Z,2,8,Atlanta
380612104,CLE,CHW,2018-06-13T00:10Z,1,5,Chicago
380612108,CHC,MIL,2018-06-13T00:10Z,0,4,Milwaukee
380612107,CIN,KC,2018-06-13T00:15Z,5,1,Kansas City
380612124,SD,STL,2018-06-13T00:15Z,4,2,St. Louis
380612129,PIT,ARI,2018-06-13T01:40Z,8,13,Phoenix
380612111,HOU,OAK,2018-06-13T02:05Z,6,3,Oakland
380612112,LAA,SEA,2018-06-13T02:10Z,3,6,Seattle
380612119,TEX,LAD,2018-06-13T02:10Z,5,12,Los Angeles
380613115,NYM,ATL,2018-06-13T16:10Z,0,2,Atlanta
380613130,TOR,TB,2018-06-13T17:10Z,0,1,St. Petersburg
380613108,CHC,MIL,2018-06-13T18:10Z,0,1,Milwaukee
380613101,BOS,BAL,2018-06-13T19:05Z,5,1,Baltimore
380613129,PIT,ARI,2018-06-13T19:40Z,5,4,Phoenix
380613112,LAA,SEA,2018-06-13T20:10Z,6,8,Seattle
380613110,WSH,NYY,2018-06-13T23:00Z,5,4,Bronx
380613122,COL,PHI,2018-06-13T23:05Z,7,2,Philadelphia
380613106,MIN,DET,2018-06-13T23:10Z,2,5,Detroit
380613128,SF,MIA,2018-06-13T23:10Z,4,5,Miami
380613104,CLE,CHW,2018-06-14T00:10Z,2,3,Chicago
380613107,CIN,KC,2018-06-14T00:15Z,7,0,Kansas City
380613124,SD,STL,2018-06-14T00:15Z,4,2,St. Louis
380613111,HOU,OAK,2018-06-14T02:05Z,13,5,Oakland
380613119,TEX,LAD,2018-06-14T02:10Z,2,3,Los Angeles
380614128,SF,MIA,2018-06-14T16:10Z,6,3,Miami
380614122,COL,PHI,2018-06-14T17:05Z,3,9,Philadelphia
380614106,MIN,DET,2018-06-14T17:10Z,1,3,Detroit
380614104,CLE,CHW,2018-06-14T18:10Z,5,2,Chicago
380614111,HOU,OAK,2018-06-14T19:35Z,7,3,Oakland
380614110,TB,NYY,2018-06-14T23:05Z,3,4,Bronx
380614115,SD,ATL,2018-06-14T23:35Z,2,4,Atlanta
380614129,NYM,ARI,2018-06-15T01:40Z,3,6,Phoenix
380614112,BOS,SEA,2018-06-15T02:10Z,2,1,Seattle
380615101,MIA,BAL,2018-06-15T23:05Z,2,0,Baltimore
380615110,TB,NYY,2018-06-15T23:05Z,0,5,Bronx
380615123,CIN,PIT,2018-06-15T23:05Z,2,3,Pittsburgh
380615114,WSH,TOR,2018-06-15T23:07Z,5,6,Toronto
380615105,MIN,CLE,2018-06-15T23:10Z,6,3,Cleveland
380615115,SD,ATL,2018-06-15T23:35Z,9,3,Atlanta
380615113,COL,TEX,2018-06-16T00:05Z,9,5,Arlington
380615104,DET,CHW,2018-06-16T00:10Z,4,3,Chicago
380615108,PHI,MIL,2018-06-16T00:10Z,2,13,Milwaukee
380615107,HOU,KC,2018-06-16T00:15Z,7,3,Kansas City
380615124,CHC,STL,2018-06-16T00:15Z,13,5,St. Louis
380615111,LAA,OAK,2018-06-16T01:35Z,8,4,Oakland
380615129,NYM,ARI,2018-06-16T01:40Z,3,7,Phoenix
380615112,BOS,SEA,2018-06-16T02:10Z,6,7,Seattle
380615119,SF,LAD,2018-06-16T02:10Z,2,3,Los Angeles
380616110,TB,NYY,2018-06-16T17:05Z,1,4,Bronx
380616104,DET,CHW,2018-06-16T18:10Z,7,5,Chicago
380616107,HOU,KC,2018-06-16T18:15Z,10,2,Kansas City
380616101,MIA,BAL,2018-06-16T20:05Z,5,4,Baltimore
380616111,LAA,OAK,2018-06-16T20:05Z,4,6,Oakland
380616113,COL,TEX,2018-06-16T20:05Z,2,5,Arlington
380616123,CIN,PIT,2018-06-16T20:05Z,2,6,Pittsburgh
380616114,WSH,TOR,2018-06-16T20:07Z,0,2,Toronto
380616105,MIN,CLE,2018-06-16T20:10Z,9,3,Cleveland
380616108,PHI,MIL,2018-06-16T20:10Z,4,1,Milwaukee
380616115,SD,ATL,2018-06-16T21:10Z,0,1,Atlanta
380616112,BOS,SEA,2018-06-17T00:15Z,0,1,Seattle
380616119,SF,LAD,2018-06-17T00:15Z,1,3,Los Angeles
380616124,CHC,STL,2018-06-17T00:15Z,6,3,St. Louis
380616129,NYM,ARI,2018-06-17T02:10Z,5,1,Phoenix
380617101,MIA,BAL,2018-06-17T17:05Z,4,10,Baltimore
380617114,WSH,TOR,2018-06-17T17:07Z,6,8,Toronto
380617105,MIN,CLE,2018-06-17T17:10Z,1,4,Cleveland
380617115,SD,ATL,2018-06-17T17:35Z,1,4,Atlanta
380617123,CIN,PIT,2018-06-17T17:35Z,8,6,Pittsburgh
380617110,TB,NYY,2018-06-17T18:05Z,3,1,Bronx
380617104,DET,CHW,2018-06-17T18:10Z,3,1,Chicago
380617108,PHI,MIL,2018-06-17T18:10Z,10,9,Milwaukee
380617107,HOU,KC,2018-06-17T18:15Z,7,4,Kansas City
380617113,COL,TEX,2018-06-17T19:05Z,12,13,Arlington
380617111,LAA,OAK,2018-06-17T20:05Z,5,6,Oakland
380617112,BOS,SEA,2018-06-17T20:10Z,9,3,Seattle
380617119,SF,LAD,2018-06-17T20:10Z,4,1,Los Angeles
380617129,NYM,ARI,2018-06-17T20:10Z,5,3,Phoenix
380617124,CHC,STL,2018-06-18T00:00Z,0,5,St. Louis
380618120,NYY,WSH,2018-06-18T22:45Z,4,2,Washington
380618122,STL,PHI,2018-06-18T23:05Z,5,6,Philadelphia
380618123,MIL,PIT,2018-06-18T23:05Z,0,1,Pittsburgh
380618105,CHW,CLE,2018-06-18T23:10Z,2,6,Cleveland
380618118,TB,HOU,2018-06-19T00:10Z,4,5,Houston
380618107,TEX,KC,2018-06-19T00:15Z,6,3,Kansas City
380618127,NYM,COL,2018-06-19T00:40Z,12,2,Denver
380618103,ARI,LAA,2018-06-19T02:00Z,7,4,Anaheim
380618126,MIA,SF,2018-06-19T02:15Z,5,4,San Francisco
380619216,LAD,CHC,2018-06-19T17:05Z,4,3,Chicago
380619110,SEA,NYY,2018-06-19T23:05Z,2,7,Bronx
380619120,BAL,WSH,2018-06-19T23:05Z,7,9,Washington
380619122,STL,PHI,2018-06-19T23:05Z,7,6,Philadelphia
380619123,MIL,PIT,2018-06-19T23:05Z,3,2,Pittsburgh
380619114,ATL,TOR,2018-06-19T23:07Z,11,4,Toronto
380619105,CHW,CLE,2018-06-19T23:10Z,3,6,Cleveland
380619117,DET,CIN,2018-06-19T23:10Z,5,9,Cincinnati
380619316,LAD,CHC,2018-06-20T00:05Z,1,2,Chicago
380619109,BOS,MIN,2018-06-20T00:10Z,2,6,Minneapolis
380619118,TB,HOU,2018-06-20T00:10Z,2,1,Houston
380619107,TEX,KC,2018-06-20T00:15Z,4,1,Kansas City
380619127,NYM,COL,2018-06-20T00:40Z,8,10,Denver
380619103,ARI,LAA,2018-06-20T02:00Z,4,5,Anaheim
400983970,ARI,LAA,2018-06-20T02:00Z,4,5,Anaheim
380619125,OAK,SD,2018-06-20T02:10Z,4,2,San Diego
380619126,MIA,SF,2018-06-20T02:15Z,3,6,San Francisco
380620117,DET,CIN,2018-06-20T16:35Z,3,5,Cincinnati
380620114,ATL,TOR,2018-06-20T16:37Z,4,5,Toronto
380620122,STL,PHI,2018-06-20T17:05Z,3,4,Philadelphia
380620105,CHW,CLE,2018-06-20T17:10Z,0,12,Cleveland
380620116,LAD,CHC,2018-06-20T18:20Z,0,4,Chicago
380620125,OAK,SD,2018-06-20T19:40Z,12,4,San Diego
380620126,MIA,SF,2018-06-20T19:45Z,5,6,San Francisco
380620110,SEA,NYY,2018-06-20T23:05Z,5,7,Bronx
380620120,BAL,WSH,2018-06-20T23:05Z,3,0,Washington
380620109,BOS,MIN,2018-06-21T00:10Z,1,4,Minneapolis
380620118,TB,HOU,2018-06-21T00:10Z,1,5,Houston
380620107,TEX,KC,2018-06-21T00:15Z,3,2,Kansas City
380620127,NYM,COL,2018-06-21T00:40Z,8,10,Denver
380621110,SEA,NYY,2018-06-21T17:05Z,3,4,Bronx
380621109,BOS,MIN,2018-06-21T17:10Z,9,2,Minneapolis
380621127,NYM,COL,2018-06-21T19:10Z,4,6,Denver
380621120,BAL,WSH,2018-06-21T23:05Z,2,4,Washington
380621123,ARI,PIT,2018-06-21T23:05Z,9,3,Pittsburgh
380621117,CHC,CIN,2018-06-21T23:10Z,2,6,Cincinnati
380621108,STL,MIL,2018-06-22T00:10Z,3,11,Milwaukee
380621103,TOR,LAA,2018-06-22T02:07Z,5,8,Anaheim
380621126,SD,SF,2018-06-22T02:15Z,0,3,San Francisco
380622204,OAK,CHW,2018-06-22T20:10Z,11,2,
380622120,PHI,WSH,2018-06-22T23:05Z,12,2,Washington
380622123,ARI,PIT,2018-06-22T23:05Z,2,1,Pittsburgh
380622102,SEA,BOS,2018-06-22T23:10Z,10,14,Boston
380622105,DET,CLE,2018-06-22T23:10Z,0,10,Cleveland
380622117,CHC,CIN,2018-06-22T23:10Z,3,6,Cincinnati
380622121,LAD,NYM,2018-06-22T23:10Z,5,2,Queens
380622130,NYY,TB,2018-06-22T23:10Z,1,2,St. Petersburg
380622115,BAL,ATL,2018-06-22T23:35Z,10,7,Atlanta
380622304,OAK,CHW,2018-06-23T00:00Z,4,6,
380622108,STL,MIL,2018-06-23T00:10Z,1,2,Milwaukee
380622109,TEX,MIN,2018-06-23T00:10Z,8,1,Minneapolis
380622118,KC,HOU,2018-06-23T00:10Z,1,0,Houston
380622127,MIA,COL,2018-06-23T00:40Z,3,11,Denver
380622103,TOR,LAA,2018-06-23T02:07Z,1,2,Anaheim
380622126,SD,SF,2018-06-23T02:15Z,6,2,San Francisco
380623104,OAK,CHW,2018-06-23T18:10Z,7,6,Chicago
380623109,TEX,MIN,2018-06-23T18:10Z,9,6,Minneapolis
380623127,MIA,COL,2018-06-23T19:10Z,6,2,Denver
380623120,PHI,WSH,2018-06-23T20:05Z,5,3,Washington
380623123,ARI,PIT,2018-06-23T20:05Z,7,2,Pittsburgh
380623126,SD,SF,2018-06-23T20:05Z,3,5,San Francisco
380623108,STL,MIL,2018-06-23T20:10Z,3,2,Milwaukee
380623115,BAL,ATL,2018-06-23T20:10Z,7,5,Atlanta
380623117,CHC,CIN,2018-06-23T20:10Z,2,11,Cincinnati
380623130,NYY,TB,2018-06-23T20:10Z,0,4,St. Petersburg
380623105,DET,CLE,2018-06-23T22:10Z,1,4,Cleveland
380623102,SEA,BOS,2018-06-23T23:15Z,7,2,Boston
380623118,KC,HOU,2018-06-23T23:15Z,3,4,Houston
380623121,LAD,NYM,2018-06-23T23:15Z,8,3,Queens
380623103,TOR,LAA,2018-06-24T01:07Z,4,1,Anaheim
380624102,SEA,BOS,2018-06-24T17:05Z,0,5,Boston
380624105,DET,CLE,2018-06-24T17:10Z,2,12,Cleveland
380624117,CHC,CIN,2018-06-24T17:10Z,6,8,Cincinnati
380624121,LAD,NYM,2018-06-24T17:10Z,8,7,Queens
380624130,NYY,TB,2018-06-24T17:10Z,6,7,St. Petersburg
380624115,BAL,ATL,2018-06-24T17:35Z,3,7,Atlanta
380624123,ARI,PIT,2018-06-24T17:35Z,3,0,Pittsburgh
380624104,OAK,CHW,2018-06-24T18:10Z,3,10,Chicago
380624108,STL,MIL,2018-06-24T18:10Z,8,2,Milwaukee
380624109,TEX,MIN,2018-06-24T18:10Z,0,2,Minneapolis
380624118,KC,HOU,2018-06-24T18:10Z,3,11,Houston
380624127,MIA,COL,2018-06-24T19:10Z,8,5,Denver
380624126,SD,SF,2018-06-24T20:05Z,2,3,San Francisco
380624103,TOR,LAA,2018-06-24T20:07Z,7,6,Anaheim
380624120,PHI,WSH,2018-06-25T00:00Z,6,8,Washington
380625106,OAK,DET,2018-06-25T19:10Z,5,4,Detroit
380625107,LAA,KC,2018-06-25T20:15Z,0,2,Kansas City
380625101,SEA,BAL,2018-06-25T23:05Z,5,3,Baltimore
380625122,NYY,PHI,2018-06-25T23:05Z,4,2,Philadelphia
380625121,PIT,NYM,2018-06-25T23:10Z,6,4,Queens
380625128,ARI,MIA,2018-06-25T23:10Z,5,9,Miami
380625130,WSH,TB,2018-06-25T23:10Z,0,11,St. Petersburg
380625115,CIN,ATL,2018-06-25T23:35Z,4,5,Atlanta
380625113,SD,TEX,2018-06-26T00:05Z,4,7,Arlington
380625118,TOR,HOU,2018-06-26T00:10Z,6,3,Houston
380625124,CLE,STL,2018-06-26T00:15Z,0,4,St. Louis
380625119,CHC,LAD,2018-06-26T02:00Z,1,2,Los Angeles
380626130,WSH,TB,2018-06-26T16:10Z,0,1,St. Petersburg
380626101,SEA,BAL,2018-06-26T23:05Z,3,2,Baltimore
380626122,NYY,PHI,2018-06-26T23:05Z,6,0,Philadelphia
380626102,LAA,BOS,2018-06-26T23:10Z,1,9,Boston
380626106,OAK,DET,2018-06-26T23:10Z,9,7,Detroit
380626121,PIT,NYM,2018-06-26T23:10Z,3,4,Queens
380626128,ARI,MIA,2018-06-26T23:10Z,5,3,Miami
380626115,CIN,ATL,2018-06-26T23:35Z,5,3,Atlanta
380626113,SD,TEX,2018-06-27T00:05Z,3,2,Arlington
380626104,MIN,CHW,2018-06-27T00:10Z,4,8,Chicago
380626108,KC,MIL,2018-06-27T00:10Z,1,5,Milwaukee
380626118,TOR,HOU,2018-06-27T00:10Z,0,7,Houston
380626124,CLE,STL,2018-06-27T00:15Z,2,11,St. Louis
380626119,CHC,LAD,2018-06-27T02:00Z,9,4,Los Angeles
380626126,COL,SF,2018-06-27T02:15Z,2,3,San Francisco
380627115,CIN,ATL,2018-06-27T16:10Z,6,5,Atlanta
380627108,KC,MIL,2018-06-27T18:10Z,5,4,Milwaukee
380627118,TOR,HOU,2018-06-27T18:10Z,6,7,Houston
400984093,TOR,HOU,2018-06-27T18:10Z,6,7,Houston
380627101,SEA,BAL,2018-06-27T23:05Z,8,7,Baltimore
380627122,NYY,PHI,2018-06-27T23:05Z,0,3,Philadelphia
380627102,LAA,BOS,2018-06-27T23:10Z,6,9,Boston
380627106,OAK,DET,2018-06-27T23:10Z,3,0,Detroit
380627121,PIT,NYM,2018-06-27T23:10Z,5,3,Queens
380627128,ARI,MIA,2018-06-27T23:10Z,2,1,Miami
380627113,SD,TEX,2018-06-28T00:05Z,2,5,Arlington
380627104,MIN,CHW,2018-06-28T00:10Z,1,6,Chicago
380627124,CLE,STL,2018-06-28T00:15Z,5,1,St. Louis
380627119,CHC,LAD,2018-06-28T02:00Z,5,7,Los Angeles
380627126,COL,SF,2018-06-28T02:15Z,0,1,San Francisco
380628128,ARI,MIA,2018-06-28T16:10Z,4,0,Miami
380628106,OAK,DET,2018-06-28T17:10Z,4,2,Detroit
380628104,MIN,CHW,2018-06-28T18:10Z,2,1,Chicago
380628101,SEA,BAL,2018-06-28T19:05Z,4,2,Baltimore
380628119,CHC,LAD,2018-06-28T19:10Z,11,5,Los Angeles
380628126,COL,SF,2018-06-28T19:45Z,9,8,San Francisco
380628102,LAA,BOS,2018-06-28T23:00Z,2,4,Boston
380628122,WSH,PHI,2018-06-28T23:05Z,3,4,Philadelphia
380628117,MIL,CIN,2018-06-28T23:10Z,6,4,Cincinnati
380628130,HOU,TB,2018-06-28T23:10Z,1,0,St. Petersburg
380629116,MIN,CHC,2018-06-29T21:05Z,6,10,Chicago
380629101,LAA,BAL,2018-06-29T23:05Z,7,1,Baltimore
380629110,BOS,NYY,2018-06-29T23:05Z,1,8,Bronx
380629122,WSH,PHI,2018-06-29T23:05Z,17,7,Philadelphia
380629114,DET,TOR,2018-06-29T23:07Z,2,3,Toronto
380629117,MIL,CIN,2018-06-29T23:10Z,8,2,Cincinnati
380629128,NYM,MIA,2018-06-29T23:10Z,2,8,Miami
380629130,HOU,TB,2018-06-29T23:10Z,2,3,St. Petersburg
380629113,CHW,TEX,2018-06-30T00:05Z,3,11,Arlington
380629124,ATL,STL,2018-06-30T00:15Z,5,1,St. Louis
380629129,SF,ARI,2018-06-30T01:40Z,2,1,Phoenix
380629111,CLE,OAK,2018-06-30T02:05Z,1,3,Oakland
380629112,KC,SEA,2018-06-30T02:10Z,1,4,Seattle
380629119,COL,LAD,2018-06-30T02:10Z,3,1,Los Angeles
380629125,PIT,SD,2018-06-30T02:10Z,6,3,San Diego
380630114,DET,TOR,2018-06-30T17:07Z,3,4,Toronto
380630116,MIN,CHC,2018-06-30T18:20Z,9,14,Chicago
380630101,LAA,BAL,2018-06-30T20:05Z,6,2,Baltimore
380630111,CLE,OAK,2018-06-30T20:05Z,2,7,Oakland
380630117,MIL,CIN,2018-06-30T20:10Z,3,12,Cincinnati
380630128,NYM,MIA,2018-06-30T20:10Z,2,5,Miami
380630130,HOU,TB,2018-06-30T20:10Z,2,5,St. Petersburg
380630122,WSH,PHI,2018-06-30T22:05Z,2,3,Philadelphia
380630110,BOS,NYY,2018-06-30T23:15Z,11,0,Bronx
380630119,COL,LAD,2018-06-30T23:15Z,3,1,Los Angeles
380630124,ATL,STL,2018-06-30T23:15Z,11,4,St. Louis
380630113,CHW,TEX,2018-07-01T01:05Z,4,13,Arlington
380630112,KC,SEA,2018-07-01T02:10Z,4,6,Seattle
380630125,PIT,SD,2018-07-01T02:10Z,3,4,San Diego
380630129,SF,ARI,2018-07-01T02:10Z,7,0,Phoenix
380701101,LAA,BAL,2018-07-01T17:05Z,2,8,Baltimore
380701114,DET,TOR,2018-07-01T17:07Z,9,1,Toronto
380701117,MIL,CIN,2018-07-01T17:10Z,2,8,Cincinnati
380701128,NYM,MIA,2018-07-01T17:10Z,5,2,Miami
380701130,HOU,TB,2018-07-01T17:10Z,2,3,St. Petersburg
380701122,WSH,PHI,2018-07-01T17:35Z,3,4,Philadelphia
380701124,ATL,STL,2018-07-01T18:15Z,6,5,St. Louis
380701116,MIN,CHC,2018-07-01T18:20Z,10,11,Chicago
380701113,CHW,TEX,2018-07-01T19:05Z,10,5,Arlington
380701111,CLE,OAK,2018-07-01T20:05Z,15,3,Oakland
380701112,KC,SEA,2018-07-01T20:10Z,0,1,Seattle
380701119,COL,LAD,2018-07-01T20:10Z,4,6,Los Angeles
380701125,PIT,SD,2018-07-01T20:10Z,7,5,San Diego
380701129,SF,ARI,2018-07-01T20:10Z,9,6,Phoenix
380701110,BOS,NYY,2018-07-02T00:00Z,1,11,Bronx
380702114,DET,TOR,2018-07-02T17:07Z,3,2,Toronto
380702120,BOS,WSH,2018-07-02T23:00Z,4,3,Washington
380702110,ATL,NYY,2018-07-02T23:05Z,5,3,Bronx
380702117,CHW,CIN,2018-07-02T23:10Z,3,5,Cincinnati
380702128,TB,MIA,2018-07-02T23:10Z,2,3,Miami
380702108,MIN,MIL,2018-07-03T00:10Z,5,6,Milwaukee
380702107,CLE,KC,2018-07-03T00:15Z,9,3,Kansas City
380702127,SF,COL,2018-07-03T00:40Z,2,5,Denver
380702129,STL,ARI,2018-07-03T01:40Z,6,3,Phoenix
380702119,PIT,LAD,2018-07-03T02:10Z,1,17,Los Angeles
380703116,DET,CHC,2018-07-03T18:20Z,3,5,Chicago
380703108,MIN,MIL,2018-07-03T20:10Z,0,2,Milwaukee
380703120,BOS,WSH,2018-07-03T22:05Z,11,4,Washington
380703110,ATL,NYY,2018-07-03T23:05Z,5,8,Bronx
380703122,BAL,PHI,2018-07-03T23:05Z,2,3,Philadelphia
380703114,NYM,TOR,2018-07-03T23:07Z,6,8,Toronto
380703117,CHW,CIN,2018-07-03T23:10Z,12,8,Cincinnati
380703128,TB,MIA,2018-07-03T23:10Z,9,6,Miami
380703113,HOU,TEX,2018-07-04T00:05Z,5,3,Arlington
380703127,SF,COL,2018-07-04T00:10Z,1,8,Denver
380703107,CLE,KC,2018-07-04T00:15Z,6,4,Kansas City
380703111,SD,OAK,2018-07-04T01:05Z,2,6,Oakland
380703129,STL,ARI,2018-07-04T01:40Z,2,4,Phoenix
380703112,LAA,SEA,2018-07-04T02:10Z,1,4,Seattle
380703119,PIT,LAD,2018-07-04T02:10Z,3,8,Los Angeles
380704120,BOS,WSH,2018-07-04T15:05Z,3,0,Washington
380704110,ATL,NYY,2018-07-04T17:05Z,2,6,Bronx
380704128,TB,MIA,2018-07-04T17:10Z,0,3,Miami
380704116,DET,CHC,2018-07-04T18:20Z,2,5,Chicago
380704122,BAL,PHI,2018-07-04T20:00Z,1,4,Philadelphia
380704111,SD,OAK,2018-07-04T20:05Z,2,4,Oakland
380704108,MIN,MIL,2018-07-04T20:10Z,2,3,Milwaukee
380704112,LAA,SEA,2018-07-04T20:10Z,7,4,Seattle
380704117,CHW,CIN,2018-07-04T23:00Z,4,7,Cincinnati
380704113,HOU,TEX,2018-07-04T23:05Z,5,4,Arlington
380704114,NYM,TOR,2018-07-04T23:07Z,6,3,Toronto
380704107,CLE,KC,2018-07-05T00:00Z,3,2,Kansas City
380704119,PIT,LAD,2018-07-05T00:10Z,4,6,Los Angeles
380704127,SF,COL,2018-07-05T00:10Z,0,1,Denver
380704129,STL,ARI,2018-07-05T02:00Z,8,4,Phoenix
380705120,MIA,WSH,2018-07-05T23:05Z,12,14,Washington
380705106,TEX,DET,2018-07-05T23:10Z,7,5,Detroit
380705108,ATL,MIL,2018-07-06T00:10Z,2,7,Milwaukee
380705109,BAL,MIN,2018-07-06T00:10Z,2,5,Minneapolis
380705118,CHW,HOU,2018-07-06T00:10Z,3,4,Houston
380705129,SD,ARI,2018-07-06T01:40Z,6,3,Phoenix
380705112,LAA,SEA,2018-07-06T02:00Z,1,4,Seattle
380705126,STL,SF,2018-07-06T02:15Z,11,2,San Francisco
380706116,CIN,CHC,2018-07-06T18:20Z,3,2,Chicago
380706106,TEX,DET,2018-07-06T23:00Z,1,3,Detroit
380706120,MIA,WSH,2018-07-06T23:05Z,2,3,Washington
380706123,PHI,PIT,2018-07-06T23:05Z,17,5,Pittsburgh
380706114,NYY,TOR,2018-07-06T23:07Z,2,6,Toronto
380706105,OAK,CLE,2018-07-06T23:10Z,4,10,Cleveland
380706121,TB,NYM,2018-07-06T23:10Z,1,5,Queens
380706108,ATL,MIL,2018-07-07T00:10Z,4,5,Milwaukee
380706109,BAL,MIN,2018-07-07T00:10Z,2,6,Minneapolis
380706118,CHW,HOU,2018-07-07T00:10Z,4,11,Houston
380706107,BOS,KC,2018-07-07T00:15Z,10,5,Kansas City
380706129,SD,ARI,2018-07-07T01:40Z,1,3,Phoenix
380706103,LAD,LAA,2018-07-07T02:07Z,2,3,Anaheim
380706112,COL,SEA,2018-07-07T02:10Z,7,1,Seattle
380706126,STL,SF,2018-07-07T02:15Z,2,3,San Francisco
380707109,BAL,MIN,2018-07-07T18:10Z,4,5,Minneapolis
380707116,CIN,CHC,2018-07-07T18:20Z,7,8,Chicago
380707123,PHI,PIT,2018-07-07T20:05Z,3,2,Pittsburgh
380707126,STL,SF,2018-07-07T20:05Z,3,2,San Francisco
380707114,NYY,TOR,2018-07-07T20:07Z,8,5,Toronto
380707105,OAK,CLE,2018-07-07T20:10Z,6,3,Cleveland
380707106,TEX,DET,2018-07-07T20:10Z,2,7,Detroit
380707108,ATL,MIL,2018-07-07T20:10Z,5,1,Milwaukee
380707112,COL,SEA,2018-07-07T20:10Z,5,1,Seattle
380707118,CHW,HOU,2018-07-07T20:10Z,6,12,Houston
380707121,TB,NYM,2018-07-07T20:10Z,3,0,Queens
380707103,LAD,LAA,2018-07-07T23:15Z,3,1,Anaheim
380707107,BOS,KC,2018-07-07T23:15Z,15,4,Kansas City
380707120,MIA,WSH,2018-07-07T23:15Z,4,18,Washington
380707129,SD,ARI,2018-07-08T02:00Z,5,20,Phoenix
380708114,NYY,TOR,2018-07-08T17:07Z,2,1,Toronto
380708105,OAK,CLE,2018-07-08T17:10Z,6,0,Cleveland
380708106,TEX,DET,2018-07-08T17:10Z,3,0,Detroit
380708121,TB,NYM,2018-07-08T17:10Z,9,0,Queens
380708120,MIA,WSH,2018-07-08T17:35Z,10,2,Washington
380708123,PHI,PIT,2018-07-08T17:35Z,1,4,Pittsburgh
380708108,ATL,MIL,2018-07-08T18:10Z,3,10,Milwaukee
380708109,BAL,MIN,2018-07-08T18:10Z,1,10,Minneapolis
380708118,CHW,HOU,2018-07-08T18:10Z,1,2,Houston
380708107,BOS,KC,2018-07-08T18:15Z,7,4,Kansas City
380708116,CIN,CHC,2018-07-08T18:20Z,5,6,Chicago
380708126,STL,SF,2018-07-08T20:05Z,8,13,San Francisco
380708112,COL,SEA,2018-07-08T20:10Z,4,6,Seattle
380708129,SD,ARI,2018-07-08T20:10Z,4,3,Phoenix
380708103,LAD,LAA,2018-07-09T00:00Z,3,4,Anaheim
380709201,NYY,BAL,2018-07-09T20:05Z,4,5,Baltimore
380709221,PHI,NYM,2018-07-09T20:10Z,3,4,Queens
380709123,WSH,PIT,2018-07-09T23:00Z,3,6,Pittsburgh
380709102,TEX,BOS,2018-07-09T23:10Z,0,5,Boston
380709105,CIN,CLE,2018-07-09T23:10Z,7,5,Cleveland
380709128,MIL,MIA,2018-07-09T23:10Z,3,4,Miami
380709130,DET,TB,2018-07-09T23:10Z,9,10,St. Petersburg
380709321,PHI,NYM,2018-07-09T23:10Z,3,1,Queens
380709301,NYY,BAL,2018-07-09T23:40Z,10,2,Baltimore
380709109,KC,MIN,2018-07-10T00:10Z,1,3,Minneapolis
380709118,OAK,HOU,2018-07-10T00:10Z,2,0,Houston
380709125,LAD,SD,2018-07-10T02:10Z,8,2,San Diego
380709126,CHC,SF,2018-07-10T02:15Z,1,2,San Francisco
380710101,NYY,BAL,2018-07-10T23:05Z,5,6,Baltimore
380710123,WSH,PIT,2018-07-10T23:05Z,5,1,Pittsburgh
380710102,TEX,BOS,2018-07-10T23:10Z,4,8,Boston
380710105,CIN,CLE,2018-07-10T23:10Z,7,4,Cleveland
380710121,PHI,NYM,2018-07-10T23:10Z,7,3,Queens
380710128,MIL,MIA,2018-07-10T23:10Z,8,4,Miami
380710130,DET,TB,2018-07-10T23:10Z,2,5,St. Petersburg
380710115,TOR,ATL,2018-07-10T23:35Z,6,2,Atlanta
380710104,STL,CHW,2018-07-11T00:10Z,14,2,Chicago
380710109,KC,MIN,2018-07-11T00:10Z,9,4,Minneapolis
380710118,OAK,HOU,2018-07-11T00:10Z,5,6,Houston
380710127,ARI,COL,2018-07-11T00:40Z,5,3,Denver
380710126,CHC,SF,2018-07-11T02:00Z,2,0,San Francisco
380710103,SEA,LAA,2018-07-11T02:07Z,3,9,Anaheim
380710125,LAD,SD,2018-07-11T02:10Z,1,4,San Diego
380711130,DET,TB,2018-07-11T16:10Z,2,4,St. Petersburg
380711123,WSH,PIT,2018-07-11T16:35Z,0,2,Pittsburgh
380711109,KC,MIN,2018-07-11T17:00Z,5,8,Minneapolis
380711126,CHC,SF,2018-07-11T19:45Z,4,5,San Francisco
380711102,TEX,BOS,2018-07-11T23:00Z,2,4,Boston
380711101,NYY,BAL,2018-07-11T23:05Z,9,0,Baltimore
380711105,CIN,CLE,2018-07-11T23:10Z,4,19,Cleveland
380711121,PHI,NYM,2018-07-11T23:10Z,0,3,Queens
380711128,MIL,MIA,2018-07-11T23:10Z,4,5,Miami
380711115,TOR,ATL,2018-07-11T23:35Z,5,9,Atlanta
380711104,STL,CHW,2018-07-12T00:10Z,0,4,Chicago
380711118,OAK,HOU,2018-07-12T00:10Z,8,3,Houston
380711127,ARI,COL,2018-07-12T00:40Z,2,19,Denver
380711103,SEA,LAA,2018-07-12T02:07Z,3,0,Anaheim
380711125,LAD,SD,2018-07-12T02:10Z,4,2,San Diego
380712118,OAK,HOU,2018-07-12T18:10Z,6,4,Houston
380712127,ARI,COL,2018-07-12T19:10Z,1,5,Denver
380712101,PHI,BAL,2018-07-12T22:05Z,5,4,Baltimore
380712123,MIL,PIT,2018-07-12T23:05Z,3,6,Pittsburgh
380712102,TOR,BOS,2018-07-12T23:10Z,4,6,Boston
380712105,NYY,CLE,2018-07-12T23:10Z,7,4,Cleveland
380712121,WSH,NYM,2018-07-12T23:10Z,5,4,Queens
380712109,TB,MIN,2018-07-13T00:10Z,1,5,Minneapolis
380712125,LAD,SD,2018-07-13T02:00Z,3,2,San Diego
380712103,SEA,LAA,2018-07-13T02:07Z,2,11,Anaheim
380713101,TEX,BAL,2018-07-13T23:05Z,5,4,Baltimore
380713123,MIL,PIT,2018-07-13T23:05Z,3,7,Pittsburgh
380713102,TOR,BOS,2018-07-13T23:10Z,13,7,Boston
380713105,NYY,CLE,2018-07-13T23:10Z,5,6,Cleveland
380713121,WSH,NYM,2018-07-13T23:10Z,2,4,Queens
380713128,PHI,MIA,2018-07-13T23:10Z,2,0,Miami
380713115,ARI,ATL,2018-07-13T23:35Z,2,1,Atlanta
380713104,KC,CHW,2018-07-14T00:10Z,6,9,Chicago
380713109,TB,MIN,2018-07-14T00:10Z,8,11,Minneapolis
380713118,DET,HOU,2018-07-14T00:10Z,0,3,Houston
380713124,CIN,STL,2018-07-14T00:15Z,9,1,St. Louis
380713127,SEA,COL,2018-07-14T00:40Z,7,10,Denver
380713125,CHC,SD,2018-07-14T02:00Z,5,4,San Diego
380713119,LAA,LAD,2018-07-14T02:10Z,2,3,Los Angeles
380713126,OAK,SF,2018-07-14T02:15Z,1,7,San Francisco
380714223,MIL,PIT,2018-07-14T16:35Z,1,2,Pittsburgh
380714102,TOR,BOS,2018-07-14T17:05Z,2,6,Boston
380714104,KC,CHW,2018-07-14T18:10Z,5,0,Chicago
380714109,TB,MIN,2018-07-14T18:10Z,19,6,Minneapolis
380714323,MIL,PIT,2018-07-14T20:05Z,2,6,Pittsburgh
380714115,ARI,ATL,2018-07-14T20:10Z,3,0,Atlanta
380714118,DET,HOU,2018-07-14T20:10Z,1,9,Houston
380714121,WSH,NYM,2018-07-14T20:10Z,4,7,Queens
380714124,CIN,STL,2018-07-14T20:10Z,8,2,St. Louis
380714128,PHI,MIA,2018-07-14T20:10Z,0,2,Miami
380714101,TEX,BAL,2018-07-14T23:15Z,0,1,Baltimore
380714105,NYY,CLE,2018-07-14T23:15Z,5,4,Cleveland
380714119,LAA,LAD,2018-07-14T23:15Z,5,4,Los Angeles
380714127,SEA,COL,2018-07-15T01:10Z,1,4,Denver
380714126,OAK,SF,2018-07-15T02:05Z,4,3,San Francisco
380714125,CHC,SD,2018-07-15T02:10Z,11,6,San Diego
380715101,TEX,BAL,2018-07-15T17:05Z,5,6,Baltimore
380715102,TOR,BOS,2018-07-15T17:05Z,2,5,Boston
380715105,NYY,CLE,2018-07-15T17:10Z,2,5,Cleveland
380715121,WSH,NYM,2018-07-15T17:10Z,6,1,Queens
380715128,PHI,MIA,2018-07-15T17:10Z,5,10,Miami
380715115,ARI,ATL,2018-07-15T17:35Z,1,5,Atlanta
380715123,MIL,PIT,2018-07-15T17:35Z,6,7,Pittsburgh
380715104,KC,CHW,2018-07-15T18:10Z,1,10,Chicago
380715109,TB,MIN,2018-07-15T18:10Z,7,11,Minneapolis
380715118,DET,HOU,2018-07-15T18:10Z,6,3,Houston
380715124,CIN,STL,2018-07-15T18:15Z,4,6,St. Louis
380715127,SEA,COL,2018-07-15T19:10Z,3,4,Denver
380715119,LAA,LAD,2018-07-15T20:00Z,3,5,Los Angeles
380715126,OAK,SF,2018-07-15T20:05Z,6,2,San Francisco
380715125,CHC,SD,2018-07-15T20:10Z,7,4,San Diego
380717132,AL,NL,2018-07-18T00:00Z,8,6,
380719116,STL,CHC,2018-07-19T23:00Z,6,9,Chicago
380720116,STL,CHC,2018-07-20T18:20Z,18,5,Chicago
380720110,NYM,NYY,2018-07-20T23:05Z,7,5,Bronx
380720120,ATL,WSH,2018-07-20T23:05Z,8,5,Washington
380720122,SD,PHI,2018-07-20T23:05Z,5,11,Philadelphia
380720114,BAL,TOR,2018-07-20T23:07Z,7,8,Toronto
380720106,BOS,DET,2018-07-20T23:10Z,1,0,Detroit
380720117,PIT,CIN,2018-07-20T23:10Z,12,1,Cincinnati
380720130,MIA,TB,2018-07-20T23:10Z,6,5,St. Petersburg
380720113,CLE,TEX,2018-07-21T00:05Z,9,8,Arlington
380720108,LAD,MIL,2018-07-21T00:10Z,6,4,Milwaukee
380720107,MIN,KC,2018-07-21T00:15Z,5,6,Kansas City
380720111,SF,OAK,2018-07-21T01:35Z,5,1,Oakland
380720129,COL,ARI,2018-07-21T01:40Z,11,10,Phoenix
380720112,CHW,SEA,2018-07-21T02:00Z,1,3,Seattle
380720103,HOU,LAA,2018-07-21T02:07Z,3,1,Anaheim
380721110,NYM,NYY,2018-07-21T17:05Z,6,7,Bronx
380721216,STL,CHC,2018-07-21T17:05Z,2,7,Chicago
380721114,BAL,TOR,2018-07-21T17:07Z,1,4,Toronto
380721106,BOS,DET,2018-07-21T22:10Z,0,5,Detroit
380721130,MIA,TB,2018-07-21T22:10Z,3,2,St. Petersburg
380721108,LAD,MIL,2018-07-21T23:10Z,2,4,Milwaukee
380721117,PIT,CIN,2018-07-21T23:10Z,6,2,Cincinnati
380721103,HOU,LAA,2018-07-21T23:15Z,7,0,Anaheim
380721107,MIN,KC,2018-07-21T23:15Z,2,4,Kansas City
380721316,STL,CHC,2018-07-21T23:15Z,6,3,Chicago
380721113,CLE,TEX,2018-07-22T00:05Z,16,3,Arlington
380721129,COL,ARI,2018-07-22T00:10Z,6,5,Phoenix
380721111,SF,OAK,2018-07-22T01:00Z,3,4,Oakland
380721112,CHW,SEA,2018-07-22T02:10Z,5,0,Seattle
380722222,SD,PHI,2018-07-22T16:05Z,10,2,Philadelphia
380722114,BAL,TOR,2018-07-22T17:07Z,4,5,Toronto
380722106,BOS,DET,2018-07-22T17:10Z,9,1,Detroit
380722117,PIT,CIN,2018-07-22T17:10Z,9,2,Cincinnati
380722130,MIA,TB,2018-07-22T17:10Z,4,6,St. Petersburg
380722120,ATL,WSH,2018-07-22T17:35Z,2,6,Washington
380722108,LAD,MIL,2018-07-22T18:10Z,11,2,Milwaukee
380722107,MIN,KC,2018-07-22T18:15Z,3,5,Kansas City
380722116,STL,CHC,2018-07-22T18:20Z,2,7,Chicago
380722113,CLE,TEX,2018-07-22T19:05Z,0,5,Arlington
380722103,HOU,LAA,2018-07-22T20:00Z,5,14,Anaheim
380722111,SF,OAK,2018-07-22T20:05Z,5,6,Oakland
380722112,CHW,SEA,2018-07-22T20:10Z,2,8,Seattle
380722129,COL,ARI,2018-07-22T20:10Z,1,6,Phoenix
380722322,SD,PHI,2018-07-22T22:05Z,0,5,Philadelphia
380723101,BOS,BAL,2018-07-23T23:05Z,5,3,Baltimore
380723122,LAD,PHI,2018-07-23T23:05Z,7,6,Philadelphia
380723114,MIN,TOR,2018-07-23T23:07Z,8,3,Toronto
380723105,PIT,CLE,2018-07-23T23:10Z,7,0,Cleveland
380723117,STL,CIN,2018-07-23T23:10Z,1,2,Cincinnati
380723121,SD,NYM,2018-07-23T23:10Z,3,2,Queens
380723128,ATL,MIA,2018-07-23T23:10Z,12,1,Miami
380723130,NYY,TB,2018-07-23T23:10Z,6,7,St. Petersburg
380723116,ARI,CHC,2018-07-24T00:00Z,7,1,Chicago
380723113,OAK,TEX,2018-07-24T00:05Z,15,3,Arlington
380723107,DET,KC,2018-07-24T00:10Z,5,4,Kansas City
380723108,WSH,MIL,2018-07-24T00:10Z,1,6,Milwaukee
380723103,CHW,LAA,2018-07-24T02:07Z,5,3,Anaheim
380724128,ATL,MIA,2018-07-24T16:10Z,3,9,Miami
380724117,STL,CIN,2018-07-24T23:00Z,4,2,Cincinnati
380724101,BOS,BAL,2018-07-24T23:05Z,6,7,Baltimore
380724122,LAD,PHI,2018-07-24T23:05Z,4,7,Philadelphia
380724114,MIN,TOR,2018-07-24T23:07Z,5,0,Toronto
380724105,PIT,CLE,2018-07-24T23:10Z,9,4,Cleveland
380724121,SD,NYM,2018-07-24T23:10Z,3,6,Queens
380724130,NYY,TB,2018-07-24T23:10Z,4,0,St. Petersburg
380724113,OAK,TEX,2018-07-25T00:05Z,13,10,Arlington
380724116,ARI,CHC,2018-07-25T00:05Z,5,1,Chicago
380724108,WSH,MIL,2018-07-25T00:10Z,4,5,Milwaukee
380724107,DET,KC,2018-07-25T00:15Z,4,5,Kansas City
380724127,HOU,COL,2018-07-25T00:40Z,8,2,Denver
380724103,CHW,LAA,2018-07-25T02:07Z,4,2,Anaheim
380724112,SF,SEA,2018-07-25T02:10Z,4,3,Seattle
380725121,SD,NYM,2018-07-25T16:10Z,4,6,Queens
380725130,NYY,TB,2018-07-25T16:10Z,2,3,St. Petersburg
380725117,STL,CIN,2018-07-25T16:35Z,3,7,Cincinnati
380725122,LAD,PHI,2018-07-25T16:35Z,3,7,Philadelphia
380725105,PIT,CLE,2018-07-25T17:10Z,0,4,Cleveland
380725108,WSH,MIL,2018-07-25T18:10Z,7,3,Milwaukee
380725107,DET,KC,2018-07-25T18:15Z,8,4,Kansas City
380725116,ARI,CHC,2018-07-25T18:20Z,1,2,Chicago
380725114,MIN,TOR,2018-07-25T20:07Z,12,6,Toronto
380725112,SF,SEA,2018-07-25T20:10Z,2,3,Seattle
380725113,OAK,TEX,2018-07-26T00:00Z,6,5,Arlington
380725127,HOU,COL,2018-07-26T00:40Z,2,3,Denver
380725103,CHW,LAA,2018-07-26T02:07Z,3,11,Anaheim
380726116,ARI,CHC,2018-07-26T18:20Z,6,7,Chicago
380726103,CHW,LAA,2018-07-26T20:07Z,8,12,Anaheim
380726117,PHI,CIN,2018-07-26T23:00Z,9,4,Cincinnati
380726101,TB,BAL,2018-07-26T23:05Z,4,3,Baltimore
380726110,KC,NYY,2018-07-26T23:05Z,2,7,Bronx
380726123,NYM,PIT,2018-07-26T23:05Z,12,6,Pittsburgh
380726102,MIN,BOS,2018-07-26T23:10Z,2,1,Boston
380726128,WSH,MIA,2018-07-26T23:10Z,10,3,Miami
380726115,LAD,ATL,2018-07-26T23:35Z,8,2,Atlanta
380726113,OAK,TEX,2018-07-27T00:05Z,7,6,Arlington
380726126,MIL,SF,2018-07-27T02:15Z,7,5,San Francisco
380727106,CLE,DET,2018-07-27T23:00Z,8,3,Detroit
380727101,TB,BAL,2018-07-27T23:05Z,5,15,Baltimore
380727123,NYM,PIT,2018-07-27T23:05Z,4,5,Pittsburgh
380727102,MIN,BOS,2018-07-27T23:10Z,3,4,Boston
380727117,PHI,CIN,2018-07-27T23:10Z,4,6,Cincinnati
380727128,WSH,MIA,2018-07-27T23:10Z,9,1,Miami
380727115,LAD,ATL,2018-07-27T23:35Z,4,1,Atlanta
380727104,TOR,CHW,2018-07-28T00:10Z,10,5,Chicago
380727118,TEX,HOU,2018-07-28T00:10Z,11,2,Houston
380727124,CHC,STL,2018-07-28T00:15Z,2,5,St. Louis
380727127,OAK,COL,2018-07-28T00:40Z,1,3,Denver
380727103,SEA,LAA,2018-07-28T02:07Z,3,4,Anaheim
380727125,ARI,SD,2018-07-28T02:10Z,6,2,San Diego
380727126,MIL,SF,2018-07-28T02:15Z,3,1,San Francisco
380728210,KC,NYY,2018-07-28T17:00Z,10,5,Bronx
380728124,CHC,STL,2018-07-28T20:05Z,2,6,St. Louis
380728106,CLE,DET,2018-07-28T22:10Z,1,2,Detroit
380728117,PHI,CIN,2018-07-28T22:40Z,2,6,Cincinnati
380728101,TB,BAL,2018-07-28T23:05Z,2,11,Baltimore
380728123,NYM,PIT,2018-07-28T23:05Z,0,5,Pittsburgh
380728310,KC,NYY,2018-07-28T23:05Z,4,5,Bronx
380728102,MIN,BOS,2018-07-28T23:10Z,4,10,Boston
380728104,TOR,CHW,2018-07-28T23:10Z,5,9,Chicago
380728115,LAD,ATL,2018-07-28T23:10Z,5,1,Atlanta
380728118,TEX,HOU,2018-07-28T23:10Z,7,3,Houston
380728128,WSH,MIA,2018-07-28T23:10Z,1,2,Miami
380728127,OAK,COL,2018-07-29T00:10Z,1,4,Denver
380728125,ARI,SD,2018-07-29T00:40Z,9,4,San Diego
380728126,MIL,SF,2018-07-29T01:05Z,7,1,San Francisco
380728103,SEA,LAA,2018-07-29T01:07Z,5,11,Anaheim
380729101,TB,BAL,2018-07-29T17:05Z,5,11,Baltimore
380729102,MIN,BOS,2018-07-29T17:05Z,0,3,Boston
380729110,KC,NYY,2018-07-29T17:05Z,3,6,Bronx
380729106,CLE,DET,2018-07-29T17:10Z,8,1,Detroit
380729117,PHI,CIN,2018-07-29T17:10Z,0,4,Cincinnati
380729128,WSH,MIA,2018-07-29T17:10Z,0,5,Miami
380729115,LAD,ATL,2018-07-29T17:35Z,1,4,Atlanta
380729123,NYM,PIT,2018-07-29T17:35Z,1,0,Pittsburgh
380729104,TOR,CHW,2018-07-29T18:10Z,7,4,Chicago
380729118,TEX,HOU,2018-07-29T18:10Z,4,3,Houston
380729127,OAK,COL,2018-07-29T19:10Z,2,3,Denver
380729103,SEA,LAA,2018-07-29T20:00Z,8,5,Anaheim
380729126,MIL,SF,2018-07-29T20:05Z,5,8,San Francisco
380729125,ARI,SD,2018-07-29T20:10Z,5,4,San Diego
380729124,CHC,STL,2018-07-30T00:00Z,5,2,St. Louis
380730102,PHI,BOS,2018-07-30T23:00Z,1,2,Boston
380730115,MIA,ATL,2018-07-30T23:35Z,3,5,Atlanta
380730109,CLE,MIN,2018-07-31T00:00Z,4,5,Minneapolis
380730124,COL,STL,2018-07-31T00:10Z,4,5,St. Louis
380730129,TEX,ARI,2018-07-31T01:40Z,9,5,Phoenix
380730119,MIL,LAD,2018-07-31T02:00Z,5,2,Los Angeles
380730111,TOR,OAK,2018-07-31T02:05Z,1,10,Oakland
380730112,HOU,SEA,2018-07-31T02:10Z,0,2,Seattle
380730125,SF,SD,2018-07-31T02:10Z,5,3,San Diego
380731125,SF,SD,2018-07-31T20:10Z,3,2,San Diego
380731102,PHI,BOS,2018-07-31T23:00Z,3,1,Boston
380731110,BAL,NYY,2018-07-31T23:05Z,3,6,Bronx
380731120,NYM,WSH,2018-07-31T23:05Z,4,25,Washington
380731123,CHC,PIT,2018-07-31T23:05Z,4,5,Pittsburgh
380731106,CIN,DET,2018-07-31T23:10Z,1,2,Detroit
380731130,LAA,TB,2018-07-31T23:10Z,6,10,St. Petersburg
380731115,MIA,ATL,2018-07-31T23:35Z,6,11,Atlanta
380731104,KC,CHW,2018-08-01T00:10Z,4,2,Chicago
380731109,CLE,MIN,2018-08-01T00:10Z,6,2,Minneapolis
380731124,COL,STL,2018-08-01T00:15Z,6,3,St. Louis
380731129,TEX,ARI,2018-08-01T01:40Z,0,6,Phoenix
380731111,TOR,OAK,2018-08-01T02:05Z,2,6,Oakland
380731112,HOU,SEA,2018-08-01T02:10Z,5,2,Seattle
380731119,MIL,LAD,2018-08-01T02:10Z,1,0,Los Angeles
380801120,NYM,WSH,2018-08-01T16:05Z,3,5,Washington
380801110,BAL,NYY,2018-08-01T17:05Z,7,5,Bronx
380801106,CIN,DET,2018-08-01T17:10Z,4,7,Detroit
380801109,CLE,MIN,2018-08-01T17:10Z,2,0,Minneapolis
380801111,TOR,OAK,2018-08-01T19:35Z,3,8,Oakland
380801112,HOU,SEA,2018-08-01T20:10Z,8,3,Seattle
380801123,CHC,PIT,2018-08-01T23:05Z,9,2,Pittsburgh
380801130,LAA,TB,2018-08-01T23:10Z,2,7,St. Petersburg
380801104,KC,CHW,2018-08-02T00:10Z,10,5,Chicago
380801124,COL,STL,2018-08-02T00:15Z,3,6,St. Louis
380801119,MIL,LAD,2018-08-02T02:10Z,4,6,Los Angeles
380802130,LAA,TB,2018-08-02T17:10Z,2,4,St. Petersburg
380802124,COL,STL,2018-08-02T17:15Z,2,3,St. Louis
380802104,KC,CHW,2018-08-02T18:10Z,4,6,Chicago
380802122,MIA,PHI,2018-08-02T23:00Z,2,5,Philadelphia
380802120,CIN,WSH,2018-08-02T23:05Z,4,10,Washington
380802102,NYY,BOS,2018-08-02T23:10Z,7,15,Boston
380802121,ATL,NYM,2018-08-02T23:10Z,4,2,Queens
380802113,BAL,TEX,2018-08-03T00:05Z,8,17,Arlington
380802116,SD,CHC,2018-08-03T00:05Z,6,1,Chicago
380802119,MIL,LAD,2018-08-03T01:00Z,5,21,Los Angeles
380802129,SF,ARI,2018-08-03T01:40Z,8,1,Phoenix
380802112,TOR,SEA,2018-08-03T02:10Z,7,3,Seattle
380803116,SD,CHC,2018-08-03T18:20Z,4,5,Chicago
380803122,MIA,PHI,2018-08-03T23:05Z,1,5,Philadelphia
380803123,STL,PIT,2018-08-03T23:05Z,6,7,Pittsburgh
380803102,NYY,BOS,2018-08-03T23:10Z,1,4,Boston
380803105,LAA,CLE,2018-08-03T23:10Z,7,4,Cleveland
380803121,ATL,NYM,2018-08-03T23:10Z,2,1,Queens
380803130,CHW,TB,2018-08-03T23:10Z,3,2,St. Petersburg
380803113,BAL,TEX,2018-08-04T00:05Z,3,11,Arlington
380803108,COL,MIL,2018-08-04T00:10Z,3,5,Milwaukee
380803109,KC,MIN,2018-08-04T00:10Z,4,6,Minneapolis
380803129,SF,ARI,2018-08-04T01:40Z,3,6,Phoenix
380803119,HOU,LAD,2018-08-04T02:00Z,2,1,Los Angeles
380803111,DET,OAK,2018-08-04T02:05Z,0,1,Oakland
380803112,TOR,SEA,2018-08-04T02:10Z,7,2,Seattle
380804220,CIN,WSH,2018-08-04T17:05Z,7,1,Washington
380804116,SD,CHC,2018-08-04T18:20Z,4,5,Chicago
380804102,NYY,BOS,2018-08-04T20:05Z,1,4,Boston
380804130,CHW,TB,2018-08-04T22:10Z,2,1,St. Petersburg
380804122,MIA,PHI,2018-08-04T23:05Z,3,8,Philadelphia
380804123,STL,PIT,2018-08-04T23:05Z,8,4,Pittsburgh
380804320,CIN,WSH,2018-08-04T23:05Z,2,6,Washington
380804105,LAA,CLE,2018-08-04T23:10Z,0,3,Cleveland
380804108,COL,MIL,2018-08-04T23:10Z,4,8,Milwaukee
380804109,KC,MIN,2018-08-04T23:10Z,2,8,Minneapolis
380804121,ATL,NYM,2018-08-04T23:10Z,0,3,Queens
380804113,BAL,TEX,2018-08-05T00:05Z,1,3,Arlington
380804129,SF,ARI,2018-08-05T00:10Z,3,9,Phoenix
380804111,DET,OAK,2018-08-05T01:05Z,1,2,Oakland
380804119,HOU,LAD,2018-08-05T01:10Z,14,0,Los Angeles
380804112,TOR,SEA,2018-08-05T02:00Z,5,1,Seattle
380805105,LAA,CLE,2018-08-05T17:10Z,3,4,Cleveland
380805121,ATL,NYM,2018-08-05T17:10Z,5,4,Queens
380805130,CHW,TB,2018-08-05T17:10Z,8,7,St. Petersburg
380805120,CIN,WSH,2018-08-05T17:35Z,1,2,Washington
380805122,MIA,PHI,2018-08-05T17:35Z,3,5,Philadelphia
380805123,STL,PIT,2018-08-05T17:35Z,2,1,Pittsburgh
380805108,COL,MIL,2018-08-05T18:10Z,5,4,Milwaukee
380805109,KC,MIN,2018-08-05T18:10Z,5,6,Minneapolis
380805116,SD,CHC,2018-08-05T18:20Z,10,6,Chicago
400984570,SD,CHC,2018-08-05T18:20Z,10,6,Chicago
380805113,BAL,TEX,2018-08-05T19:05Z,9,6,Arlington
380805129,SF,ARI,2018-08-05T20:00Z,3,2,Phoenix
380805111,DET,OAK,2018-08-05T20:05Z,0,6,Oakland
380805112,TOR,SEA,2018-08-05T20:10Z,3,6,Seattle
380805119,HOU,LAD,2018-08-05T20:10Z,2,3,Los Angeles
380805102,NYY,BOS,2018-08-06T00:00Z,4,5,Boston
380806105,MIN,CLE,2018-08-06T23:00Z,0,10,Cleveland
380806121,CIN,NYM,2018-08-06T23:10Z,4,6,Queens
380806128,STL,MIA,2018-08-06T23:10Z,1,2,Miami
400984583,STL,MIA,2018-08-06T23:10Z,1,2,Miami
380806104,NYY,CHW,2018-08-07T00:00Z,7,0,Chicago
380806113,SEA,TEX,2018-08-07T00:05Z,4,3,Arlington
380806107,CHC,KC,2018-08-07T00:15Z,3,1,Kansas City
380806127,PIT,COL,2018-08-07T00:40Z,0,2,Denver
380806129,PHI,ARI,2018-08-07T01:40Z,2,3,Phoenix
380806103,DET,LAA,2018-08-07T02:07Z,2,6,Anaheim
380806126,HOU,SF,2018-08-07T02:15Z,3,1,San Francisco
380807220,ATL,WSH,2018-08-07T17:05Z,3,8,Washington
380807126,HOU,SF,2018-08-07T19:45Z,2,1,San Francisco
380807114,BOS,TOR,2018-08-07T23:00Z,10,7,Toronto
380807320,ATL,WSH,2018-08-07T23:05Z,3,1,Washington
380807105,MIN,CLE,2018-08-07T23:10Z,3,2,Cleveland
380807121,CIN,NYM,2018-08-07T23:10Z,6,1,Queens
380807128,STL,MIA,2018-08-07T23:10Z,3,2,Miami
380807130,BAL,TB,2018-08-07T23:10Z,3,4,St. Petersburg
380807113,SEA,TEX,2018-08-08T00:05Z,4,11,Arlington
380807104,NYY,CHW,2018-08-08T00:10Z,4,3,Chicago
380807108,SD,MIL,2018-08-08T00:10Z,11,5,Milwaukee
380807107,CHC,KC,2018-08-08T00:15Z,5,0,Kansas City
380807127,PIT,COL,2018-08-08T00:40Z,10,2,Denver
380807129,PHI,ARI,2018-08-08T01:40Z,5,2,Phoenix
380807111,LAD,OAK,2018-08-08T02:05Z,4,2,Oakland
380807103,DET,LAA,2018-08-08T02:07Z,5,11,Anaheim
380808121,CIN,NYM,2018-08-08T16:10Z,0,8,Queens
380808113,SEA,TEX,2018-08-08T18:05Z,7,11,Arlington
380808127,PIT,COL,2018-08-08T19:10Z,4,3,Denver
380808129,PHI,ARI,2018-08-08T19:40Z,0,6,Phoenix
380808103,DET,LAA,2018-08-08T20:07Z,0,6,Anaheim
380808120,ATL,WSH,2018-08-08T23:00Z,8,3,Washington
380808130,BAL,TB,2018-08-08T23:00Z,5,4,St. Petersburg
380808114,BOS,TOR,2018-08-08T23:07Z,10,5,Toronto
380808105,MIN,CLE,2018-08-08T23:10Z,2,5,Cleveland
380808128,STL,MIA,2018-08-08T23:10Z,7,1,Miami
380808104,NYY,CHW,2018-08-09T00:10Z,7,3,Chicago
380808108,SD,MIL,2018-08-09T00:10Z,4,8,Milwaukee
380808107,CHC,KC,2018-08-09T00:15Z,0,9,Kansas City
380808111,LAD,OAK,2018-08-09T02:05Z,2,3,Oakland
380809120,ATL,WSH,2018-08-09T17:05Z,3,6,Washington
380809105,MIN,CLE,2018-08-09T17:10Z,4,5,Cleveland
380809108,SD,MIL,2018-08-09T18:00Z,8,4,Milwaukee
380809110,TEX,NYY,2018-08-09T23:05Z,3,7,Bronx
380809114,BOS,TOR,2018-08-09T23:07Z,5,8,Toronto
380809130,BAL,TB,2018-08-09T23:10Z,4,5,St. Petersburg
380809118,SEA,HOU,2018-08-10T00:10Z,8,6,Houston
380809127,LAD,COL,2018-08-10T00:40Z,8,5,Denver
380809126,PIT,SF,2018-08-10T02:15Z,10,5,San Francisco
380810116,WSH,CHC,2018-08-10T18:20Z,2,3,Chicago
380810101,BOS,BAL,2018-08-10T23:05Z,19,12,Baltimore
380810110,TEX,NYY,2018-08-10T23:05Z,12,7,Bronx
380810114,TB,TOR,2018-08-10T23:07Z,7,0,Toronto
380810106,MIN,DET,2018-08-10T23:10Z,3,5,Detroit
380810117,ARI,CIN,2018-08-10T23:10Z,0,3,Cincinnati
380810128,NYM,MIA,2018-08-10T23:10Z,6,2,Miami
380810115,MIL,ATL,2018-08-10T23:35Z,1,10,Atlanta
380810104,CLE,CHW,2018-08-11T00:10Z,0,1,Chicago
380810118,SEA,HOU,2018-08-11T00:10Z,5,2,Houston
380810107,STL,KC,2018-08-11T00:15Z,7,0,Kansas City
380810127,LAD,COL,2018-08-11T00:40Z,4,5,Denver
380810103,OAK,LAA,2018-08-11T02:07Z,3,4,Anaheim
380810125,PHI,SD,2018-08-11T02:10Z,0,2,San Diego
380810126,PIT,SF,2018-08-11T02:15Z,10,13,San Francisco
380811201,BOS,BAL,2018-08-11T17:00Z,5,0,Baltimore
380811110,TEX,NYY,2018-08-11T17:05Z,3,5,Bronx
380811116,WSH,CHC,2018-08-11T20:05Z,9,4,Chicago
380811114,TB,TOR,2018-08-11T20:07Z,3,1,Toronto
380811106,MIN,DET,2018-08-11T22:10Z,4,3,Detroit
380811117,ARI,CIN,2018-08-11T22:40Z,3,6,Cincinnati
380811104,CLE,CHW,2018-08-11T23:10Z,3,1,Chicago
380811115,MIL,ATL,2018-08-11T23:10Z,4,2,Atlanta
380811118,SEA,HOU,2018-08-11T23:10Z,3,2,Houston
380811128,NYM,MIA,2018-08-11T23:10Z,3,4,Miami
380811107,STL,KC,2018-08-11T23:15Z,8,3,Kansas City
380811301,BOS,BAL,2018-08-11T23:20Z,6,4,Baltimore
380811127,LAD,COL,2018-08-12T00:10Z,2,3,Denver
380811125,PHI,SD,2018-08-12T00:40Z,5,1,San Diego
380811126,PIT,SF,2018-08-12T01:05Z,4,0,San Francisco
380811103,OAK,LAA,2018-08-12T01:07Z,7,0,Anaheim
380812101,BOS,BAL,2018-08-12T17:05Z,4,1,Baltimore
380812110,TEX,NYY,2018-08-12T17:05Z,2,7,Bronx
380812114,TB,TOR,2018-08-12T17:07Z,1,2,Toronto
380812106,MIN,DET,2018-08-12T17:10Z,2,4,Detroit
380812117,ARI,CIN,2018-08-12T17:10Z,9,2,Cincinnati
380812128,NYM,MIA,2018-08-12T17:10Z,4,3,Miami
380812115,MIL,ATL,2018-08-12T17:35Z,7,8,Atlanta
380812104,CLE,CHW,2018-08-12T18:10Z,9,7,Chicago
380812118,SEA,HOU,2018-08-12T18:10Z,4,3,Houston
380812107,STL,KC,2018-08-12T18:15Z,8,2,Kansas City
380812127,LAD,COL,2018-08-12T19:10Z,3,4,Denver
380812125,PHI,SD,2018-08-12T19:40Z,3,9,San Diego
380812126,PIT,SF,2018-08-12T20:00Z,3,4,San Francisco
380812103,OAK,LAA,2018-08-12T20:07Z,8,7,Anaheim
380812116,WSH,CHC,2018-08-13T00:00Z,3,4,Chicago
380813215,MIA,ATL,2018-08-13T17:35Z,1,9,Atlanta
380813110,NYM,NYY,2018-08-13T23:00Z,8,5,Bronx
380813106,CHW,DET,2018-08-13T23:10Z,5,9,Detroit
380813117,CLE,CIN,2018-08-13T23:10Z,10,3,Cincinnati
380813315,MIA,ATL,2018-08-13T23:35Z,1,6,Atlanta
380813124,WSH,STL,2018-08-14T00:00Z,6,7,St. Louis
380813113,ARI,TEX,2018-08-14T00:05Z,3,5,Arlington
380813107,TOR,KC,2018-08-14T00:15Z,1,3,Kansas City
380813111,SEA,OAK,2018-08-14T02:05Z,6,7,Oakland
380813119,SF,LAD,2018-08-14T02:10Z,5,2,Los Angeles
380813125,LAA,SD,2018-08-14T02:10Z,6,3,San Diego
380814116,MIL,CHC,2018-08-14T18:20Z,7,0,Chicago
380814101,NYM,BAL,2018-08-14T23:05Z,3,6,Baltimore
380814110,TB,NYY,2018-08-14T23:05Z,1,4,Bronx
380814122,BOS,PHI,2018-08-14T23:05Z,2,1,Philadelphia
380814106,CHW,DET,2018-08-14T23:10Z,6,3,Detroit
380814117,CLE,CIN,2018-08-14T23:10Z,8,1,Cincinnati
380814115,MIA,ATL,2018-08-14T23:35Z,6,10,Atlanta
380814113,ARI,TEX,2018-08-15T00:05Z,6,4,Arlington
380814109,PIT,MIN,2018-08-15T00:10Z,2,5,Minneapolis
380814118,COL,HOU,2018-08-15T00:10Z,5,1,Houston
380814107,TOR,KC,2018-08-15T00:15Z,6,5,Kansas City
380814124,WSH,STL,2018-08-15T00:15Z,4,6,St. Louis
380814111,SEA,OAK,2018-08-15T02:05Z,2,3,Oakland
380814119,SF,LAD,2018-08-15T02:10Z,2,1,Los Angeles
380814125,LAA,SD,2018-08-15T02:10Z,7,3,San Diego
380815106,CHW,DET,2018-08-15T17:10Z,6,5,Detroit
380815109,PIT,MIN,2018-08-15T17:10Z,4,6,Minneapolis
380815116,MIL,CHC,2018-08-15T18:20Z,4,8,Chicago
380815111,SEA,OAK,2018-08-15T19:35Z,2,0,Oakland
380815122,BOS,PHI,2018-08-15T23:00Z,4,7,Philadelphia
380815101,NYM,BAL,2018-08-15T23:05Z,16,5,Baltimore
380815110,TB,NYY,2018-08-15T23:05Z,6,1,Bronx
380815117,CLE,CIN,2018-08-15T23:10Z,4,3,Cincinnati
380815115,MIA,ATL,2018-08-15T23:35Z,2,5,Atlanta
380815118,COL,HOU,2018-08-16T00:10Z,1,12,Houston
380815107,TOR,KC,2018-08-16T00:15Z,6,5,Kansas City
380815124,WSH,STL,2018-08-16T00:15Z,2,4,St. Louis
380815125,LAA,SD,2018-08-16T01:00Z,3,2,San Diego
380815119,SF,LAD,2018-08-16T02:10Z,3,4,Los Angeles
380816110,TB,NYY,2018-08-16T17:05Z,3,1,Bronx
380816222,NYM,PHI,2018-08-16T20:05Z,24,4,Philadelphia
380816123,CHC,PIT,2018-08-16T23:05Z,1,0,Pittsburgh
380816124,WSH,STL,2018-08-16T23:15Z,5,4,St. Louis
380816115,COL,ATL,2018-08-16T23:30Z,5,3,Atlanta
380816322,NYM,PHI,2018-08-16T23:35Z,6,9,Philadelphia
380816113,LAA,TEX,2018-08-17T00:05Z,6,8,Arlington
380816109,DET,MIN,2018-08-17T00:10Z,8,15,Minneapolis
380816107,TOR,KC,2018-08-17T00:15Z,2,6,Kansas City
380816125,ARI,SD,2018-08-17T02:10Z,5,1,San Diego
380817122,NYM,PHI,2018-08-17T22:05Z,2,4,Philadelphia
380817102,TB,BOS,2018-08-17T23:00Z,3,7,Boston
380817110,TOR,NYY,2018-08-17T23:05Z,5,7,Bronx
380817120,MIA,WSH,2018-08-17T23:05Z,2,8,Washington
380817123,CHC,PIT,2018-08-17T23:05Z,1,0,Pittsburgh
380817105,BAL,CLE,2018-08-17T23:10Z,1,2,Cleveland
380817117,SF,CIN,2018-08-17T23:10Z,1,2,Cincinnati
380817115,COL,ATL,2018-08-17T23:35Z,11,5,Atlanta
380817113,LAA,TEX,2018-08-18T00:05Z,4,6,Arlington
380817104,KC,CHW,2018-08-18T00:10Z,3,9,Chicago
380817109,DET,MIN,2018-08-18T00:10Z,4,5,Minneapolis
380817124,MIL,STL,2018-08-18T00:15Z,2,5,St. Louis
380817111,HOU,OAK,2018-08-18T02:05Z,3,4,Oakland
380817112,LAD,SEA,2018-08-18T02:10Z,11,1,Seattle
380817125,ARI,SD,2018-08-18T02:10Z,9,4,San Diego
380818110,TOR,NYY,2018-08-18T17:00Z,6,11,Bronx
380818105,BAL,CLE,2018-08-18T20:05Z,4,2,Cleveland
380818111,HOU,OAK,2018-08-18T20:05Z,1,7,Oakland
380818122,NYM,PHI,2018-08-18T20:05Z,3,1,Philadelphia
380818120,MIA,WSH,2018-08-18T23:05Z,7,5,Washington
380818123,CHC,PIT,2018-08-18T23:05Z,1,3,Pittsburgh
380818102,TB,BOS,2018-08-18T23:10Z,2,5,Boston
380818104,KC,CHW,2018-08-18T23:10Z,3,1,Chicago
380818109,DET,MIN,2018-08-18T23:10Z,7,5,Minneapolis
380818115,COL,ATL,2018-08-18T23:10Z,5,3,Atlanta
380818117,SF,CIN,2018-08-18T23:10Z,1,7,Cincinnati
380818124,MIL,STL,2018-08-18T23:15Z,2,7,St. Louis
380818113,LAA,TEX,2018-08-19T00:05Z,11,7,Arlington
380818125,ARI,SD,2018-08-19T00:40Z,6,7,San Diego
380818112,LAD,SEA,2018-08-19T02:10Z,4,5,Seattle
380819102,TB,BOS,2018-08-19T17:05Z,2,0,Boston
380819110,TOR,NYY,2018-08-19T17:05Z,2,10,Bronx
380819105,BAL,CLE,2018-08-19T17:10Z,0,8,Cleveland
380819117,SF,CIN,2018-08-19T17:10Z,4,11,Cincinnati
380819115,COL,ATL,2018-08-19T17:35Z,4,2,Atlanta
380819120,MIA,WSH,2018-08-19T17:35Z,12,1,Washington
380819123,CHC,PIT,2018-08-19T17:35Z,1,2,Pittsburgh
380819104,KC,CHW,2018-08-19T18:10Z,6,7,Chicago
380819109,DET,MIN,2018-08-19T18:10Z,4,5,Minneapolis
380819124,MIL,STL,2018-08-19T18:15Z,2,1,St. Louis
380819113,LAA,TEX,2018-08-19T19:05Z,2,4,Arlington
380819111,HOU,OAK,2018-08-19T20:05Z,9,4,Oakland
380819112,LAD,SEA,2018-08-19T20:10Z,12,1,Seattle
380819125,ARI,SD,2018-08-19T20:10Z,4,3,San Diego
380819122,NYM,PHI,2018-08-19T23:00Z,8,2,Williamsport
380820114,BAL,TOR,2018-08-20T23:00Z,3,5,Toronto
380820123,ATL,PIT,2018-08-20T23:05Z,1,0,Pittsburgh
380820102,CLE,BOS,2018-08-20T23:10Z,5,4,Boston
380820109,CHW,MIN,2018-08-20T23:10Z,8,5,Minneapolis
380820121,SF,NYM,2018-08-20T23:10Z,2,1,Queens
380820130,KC,TB,2018-08-20T23:10Z,0,1,St. Petersburg
380820108,CIN,MIL,2018-08-21T00:10Z,2,5,Milwaukee
380820111,TEX,OAK,2018-08-21T02:05Z,0,9,Oakland
380820112,HOU,SEA,2018-08-21T02:10Z,4,7,Seattle
380820119,STL,LAD,2018-08-21T02:10Z,5,3,Los Angeles
380821120,PHI,WSH,2018-08-21T23:05Z,4,10,Washington
380821123,ATL,PIT,2018-08-21T23:05Z,6,1,Pittsburgh
380821114,BAL,TOR,2018-08-21T23:07Z,2,8,Toronto
380821102,CLE,BOS,2018-08-21T23:10Z,6,3,Boston
380821106,CHC,DET,2018-08-21T23:10Z,1,2,Detroit
380821121,SF,NYM,2018-08-21T23:10Z,3,6,Queens
380821128,NYY,MIA,2018-08-21T23:10Z,2,1,Miami
380821130,KC,TB,2018-08-21T23:10Z,1,4,St. Petersburg
380821108,CIN,MIL,2018-08-22T00:00Z,9,7,Milwaukee
380821104,MIN,CHW,2018-08-22T00:10Z,5,2,Chicago
380821127,SD,COL,2018-08-22T00:40Z,4,3,Denver
380821129,LAA,ARI,2018-08-22T01:40Z,4,5,Phoenix
380821119,STL,LAD,2018-08-22T02:00Z,5,2,Los Angeles
380821111,TEX,OAK,2018-08-22T02:05Z,0,6,Oakland
380821112,HOU,SEA,2018-08-22T02:10Z,3,2,Seattle
380822114,BAL,TOR,2018-08-22T16:37Z,0,6,Toronto
380822104,MIN,CHW,2018-08-22T18:10Z,3,7,Chicago
380822108,CIN,MIL,2018-08-22T18:10Z,0,4,Milwaukee
380822111,TEX,OAK,2018-08-22T19:35Z,4,2,Oakland
380822112,HOU,SEA,2018-08-22T20:00Z,10,7,Seattle
380822120,PHI,WSH,2018-08-22T23:05Z,7,8,Washington
380822123,ATL,PIT,2018-08-22T23:05Z,2,1,Pittsburgh
380822102,CLE,BOS,2018-08-22T23:10Z,4,10,Boston
380822106,CHC,DET,2018-08-22T23:10Z,8,2,Detroit
380822121,SF,NYM,2018-08-22T23:10Z,3,5,Queens
380822128,NYY,MIA,2018-08-22T23:10Z,3,9,Miami
380822130,KC,TB,2018-08-22T23:10Z,3,6,St. Petersburg
380822127,SD,COL,2018-08-23T00:40Z,2,6,Denver
380822129,LAA,ARI,2018-08-23T01:40Z,1,5,Phoenix
380822119,STL,LAD,2018-08-23T02:00Z,3,1,Los Angeles
380823120,PHI,WSH,2018-08-23T17:00Z,2,0,Washington
380823102,CLE,BOS,2018-08-23T17:05Z,0,7,Boston
380823106,CHW,DET,2018-08-23T17:10Z,2,7,Detroit
380823121,SF,NYM,2018-08-23T17:10Z,3,1,Queens
380823127,SD,COL,2018-08-23T19:10Z,3,4,Denver
380823128,ATL,MIA,2018-08-23T23:10Z,5,0,Miami
380823130,KC,TB,2018-08-23T23:10Z,3,4,St. Petersburg
380823116,CIN,CHC,2018-08-24T00:05Z,1,7,Chicago
380823109,OAK,MIN,2018-08-24T00:10Z,4,6,Minneapolis
380824116,CIN,CHC,2018-08-24T18:20Z,2,3,Chicago
380824101,NYY,BAL,2018-08-24T23:05Z,7,5,Baltimore
380824114,PHI,TOR,2018-08-24T23:07Z,2,4,Toronto
380824106,CHW,DET,2018-08-24T23:10Z,6,3,Detroit
380824121,WSH,NYM,2018-08-24T23:10Z,0,3,Queens
380824128,ATL,MIA,2018-08-24T23:10Z,0,1,Miami
380824130,BOS,TB,2018-08-24T23:10Z,3,10,St. Petersburg
380824108,PIT,MIL,2018-08-25T00:10Z,6,7,Milwaukee
380824109,OAK,MIN,2018-08-25T00:10Z,7,1,Minneapolis
380824107,CLE,KC,2018-08-25T00:15Z,4,5,Kansas City
380824127,STL,COL,2018-08-25T00:40Z,7,5,Denver
380824129,SEA,ARI,2018-08-25T01:40Z,6,3,Phoenix
380824103,HOU,LAA,2018-08-25T02:07Z,9,3,Anaheim
380824119,SD,LAD,2018-08-25T02:10Z,1,11,Los Angeles
380824126,TEX,SF,2018-08-25T02:15Z,7,6,San Francisco
380825201,NYY,BAL,2018-08-25T17:00Z,10,3,Baltimore
380825116,CIN,CHC,2018-08-25T18:20Z,6,10,Chicago
380825121,WSH,NYM,2018-08-25T20:05Z,0,3,Queens
380825126,TEX,SF,2018-08-25T20:05Z,3,5,San Francisco
380825114,PHI,TOR,2018-08-25T20:07Z,6,8,Toronto
380825106,CHW,DET,2018-08-25T22:10Z,6,1,Detroit
380825130,BOS,TB,2018-08-25T22:10Z,1,5,St. Petersburg
380825301,NYY,BAL,2018-08-25T23:05Z,5,1,Baltimore
380825108,PIT,MIL,2018-08-25T23:10Z,9,1,Milwaukee
380825109,OAK,MIN,2018-08-25T23:10Z,6,2,Minneapolis
380825128,ATL,MIA,2018-08-25T23:10Z,1,3,Miami
380825107,CLE,KC,2018-08-25T23:15Z,1,7,Kansas City
380825127,STL,COL,2018-08-26T00:10Z,1,9,Denver
380825129,SEA,ARI,2018-08-26T00:10Z,4,3,Phoenix
380825103,HOU,LAA,2018-08-26T01:07Z,8,3,Anaheim
380825119,SD,LAD,2018-08-26T01:10Z,4,5,Los Angeles
380826114,PHI,TOR,2018-08-26T17:07Z,8,3,Toronto
380826106,CHW,DET,2018-08-26T17:10Z,7,2,Detroit
380826121,WSH,NYM,2018-08-26T17:10Z,15,0,Queens
380826128,ATL,MIA,2018-08-26T17:10Z,4,0,Miami
380826130,BOS,TB,2018-08-26T17:10Z,1,9,St. Petersburg
380826108,PIT,MIL,2018-08-26T18:10Z,4,7,Milwaukee
380826109,OAK,MIN,2018-08-26T18:10Z,6,2,Minneapolis
380826107,CLE,KC,2018-08-26T18:15Z,12,5,Kansas City
380826116,CIN,CHC,2018-08-26T18:20Z,0,9,Chicago
380826127,STL,COL,2018-08-26T19:10Z,12,3,Denver
380826126,TEX,SF,2018-08-26T20:00Z,1,3,San Francisco
380826103,HOU,LAA,2018-08-26T20:07Z,3,1,Anaheim
380826119,SD,LAD,2018-08-26T20:10Z,3,7,Los Angeles
380826129,SEA,ARI,2018-08-26T20:10Z,2,5,Phoenix
380826101,NYY,BAL,2018-08-27T00:00Z,5,3,Baltimore
380827110,CHW,NYY,2018-08-27T23:00Z,6,2,Bronx
380827101,TOR,BAL,2018-08-27T23:05Z,0,7,Baltimore
380827122,WSH,PHI,2018-08-27T23:05Z,5,3,Philadelphia
380827118,OAK,HOU,2018-08-28T00:00Z,4,11,Houston
380827116,NYM,CHC,2018-08-28T00:05Z,4,7,Chicago
380827103,COL,LAA,2018-08-28T02:00Z,7,10,Anaheim
380827126,ARI,SF,2018-08-28T02:15Z,0,2,San Francisco
380828102,MIA,BOS,2018-08-28T23:00Z,7,8,Boston
380828101,TOR,BAL,2018-08-28T23:05Z,5,12,Baltimore
380828110,CHW,NYY,2018-08-28T23:05Z,4,5,Bronx
380828122,WSH,PHI,2018-08-28T23:05Z,5,4,Philadelphia
380828105,MIN,CLE,2018-08-28T23:10Z,1,8,Cleveland
380828117,MIL,CIN,2018-08-28T23:10Z,7,9,Cincinnati
380828115,TB,ATL,2018-08-28T23:35Z,5,9,Atlanta
380828113,LAD,TEX,2018-08-29T00:05Z,8,4,Arlington
380828116,NYM,CHC,2018-08-29T00:05Z,1,2,Chicago
380828118,OAK,HOU,2018-08-29T00:10Z,4,3,Houston
380828107,DET,KC,2018-08-29T00:15Z,2,6,Kansas City
380828124,PIT,STL,2018-08-29T00:15Z,2,5,St. Louis
380828103,COL,LAA,2018-08-29T02:07Z,3,2,Anaheim
380828125,SEA,SD,2018-08-29T02:10Z,1,2,San Diego
380828126,ARI,SF,2018-08-29T02:15Z,0,1,San Francisco
380829118,OAK,HOU,2018-08-29T18:10Z,4,5,Houston
380829107,DET,KC,2018-08-29T18:15Z,2,9,Kansas City
380829116,NYM,CHC,2018-08-29T18:30Z,10,3,Chicago
380829125,SEA,SD,2018-08-29T19:40Z,3,8,San Diego
380829102,MIA,BOS,2018-08-29T22:35Z,6,14,Boston
380829101,TOR,BAL,2018-08-29T23:05Z,5,10,Baltimore
380829110,CHW,NYY,2018-08-29T23:05Z,4,1,Bronx
380829122,WSH,PHI,2018-08-29T23:05Z,6,8,Philadelphia
380829105,MIN,CLE,2018-08-29T23:10Z,4,3,Cleveland
380829117,MIL,CIN,2018-08-29T23:10Z,13,12,Cincinnati
380829115,TB,ATL,2018-08-29T23:35Z,8,5,Atlanta
380829113,LAD,TEX,2018-08-30T00:05Z,3,1,Arlington
380829124,PIT,STL,2018-08-30T00:15Z,2,0,St. Louis
380829126,ARI,SF,2018-08-30T02:15Z,3,1,San Francisco
380830117,MIL,CIN,2018-08-30T16:35Z,2,1,Cincinnati
380830105,MIN,CLE,2018-08-30T17:10Z,3,5,Cleveland
380830110,DET,NYY,2018-08-30T23:05Z,8,7,Bronx
380830124,PIT,STL,2018-08-30T23:15Z,0,5,St. Louis
380830115,CHC,ATL,2018-08-30T23:35Z,5,4,Atlanta
380830104,BOS,CHW,2018-08-31T00:10Z,9,4,Chicago
380830118,LAA,HOU,2018-08-31T00:10Z,5,2,Houston
380830111,SEA,OAK,2018-08-31T02:05Z,7,1,Oakland
380830119,ARI,LAD,2018-08-31T02:10Z,3,1,Los Angeles
380830125,COL,SD,2018-08-31T02:10Z,2,3,San Diego
380831110,DET,NYY,2018-08-31T23:00Z,5,7,Bronx
380831120,MIL,WSH,2018-08-31T23:05Z,4,1,Washington
380831122,CHC,PHI,2018-08-31T23:05Z,1,2,Philadelphia
380831105,TB,CLE,2018-08-31T23:10Z,0,3,Cleveland
380831128,TOR,MIA,2018-08-31T23:10Z,6,5,Miami
380831115,PIT,ATL,2018-08-31T23:35Z,3,2,Atlanta
380831113,MIN,TEX,2018-09-01T00:05Z,10,7,Arlington
380831104,BOS,CHW,2018-09-01T00:10Z,1,6,Chicago
380831118,LAA,HOU,2018-09-01T00:10Z,3,0,Houston
380831107,BAL,KC,2018-09-01T00:15Z,2,9,Kansas City
380831124,CIN,STL,2018-09-01T00:15Z,5,12,St. Louis
380831111,SEA,OAK,2018-09-01T02:05Z,5,7,Oakland
380831119,ARI,LAD,2018-09-01T02:10Z,2,3,Los Angeles
380831125,COL,SD,2018-09-01T02:10Z,0,7,San Diego
380831126,NYM,SF,2018-09-01T02:15Z,0,7,San Francisco
380901110,DET,NYY,2018-09-01T20:05Z,1,2,Bronx
380901126,NYM,SF,2018-09-01T20:05Z,2,1,San Francisco
380901120,MIL,WSH,2018-09-01T23:05Z,4,5,Washington
380901122,CHC,PHI,2018-09-01T23:05Z,7,1,Philadelphia
380901104,BOS,CHW,2018-09-01T23:10Z,6,1,Chicago
380901105,TB,CLE,2018-09-01T23:10Z,5,3,Cleveland
380901115,PIT,ATL,2018-09-01T23:10Z,3,5,Atlanta
380901118,LAA,HOU,2018-09-01T23:10Z,3,7,Houston
380901128,TOR,MIA,2018-09-01T23:10Z,3,6,Miami
380901107,BAL,KC,2018-09-01T23:15Z,4,5,Kansas City
380901124,CIN,STL,2018-09-01T23:15Z,4,0,St. Louis
380901113,MIN,TEX,2018-09-02T00:05Z,4,7,Arlington
380901125,COL,SD,2018-09-02T00:40Z,4,2,San Diego
380901111,SEA,OAK,2018-09-02T01:05Z,8,7,Oakland
380901119,ARI,LAD,2018-09-02T01:10Z,2,3,Los Angeles
380902110,DET,NYY,2018-09-02T17:05Z,11,7,Bronx
380902128,TOR,MIA,2018-09-02T17:10Z,6,1,Miami
380902120,MIL,WSH,2018-09-02T17:35Z,9,4,Washington
380902122,CHC,PHI,2018-09-02T17:35Z,8,1,Philadelphia
380902104,BOS,CHW,2018-09-02T18:10Z,0,8,Chicago
380902107,BAL,KC,2018-09-02T18:15Z,1,9,Kansas City
380902124,CIN,STL,2018-09-02T18:15Z,6,4,St. Louis
380902113,MIN,TEX,2018-09-02T19:05Z,4,18,Arlington
380902111,SEA,OAK,2018-09-02T20:05Z,2,8,Oakland
380902126,NYM,SF,2018-09-02T20:05Z,4,1,San Francisco
380902105,TB,CLE,2018-09-02T20:10Z,6,4,Cleveland
380902119,ARI,LAD,2018-09-02T20:10Z,2,3,Los Angeles
380902125,COL,SD,2018-09-02T20:10Z,7,3,San Diego
380902115,PIT,ATL,2018-09-02T21:05Z,1,5,Atlanta
380902118,LAA,HOU,2018-09-03T00:00Z,2,4,Houston
380903115,BOS,ATL,2018-09-03T17:00Z,8,2,Atlanta
380903120,STL,WSH,2018-09-03T17:05Z,3,4,Washington
380903128,PHI,MIA,2018-09-03T17:10Z,1,3,Miami
380903123,CIN,PIT,2018-09-03T17:35Z,1,5,Pittsburgh
380903104,DET,CHW,2018-09-03T18:10Z,2,4,Chicago
380903108,CHC,MIL,2018-09-03T18:10Z,3,4,Milwaukee
380903118,MIN,HOU,2018-09-03T18:10Z,1,4,Houston
380903127,SF,COL,2018-09-03T19:10Z,8,9,Denver
380903111,NYY,OAK,2018-09-03T20:00Z,3,6,Oakland
380903105,KC,CLE,2018-09-03T20:10Z,5,1,Cleveland
380903114,TB,TOR,2018-09-03T23:07Z,7,1,Toronto
380903113,LAA,TEX,2018-09-04T00:05Z,3,1,Arlington
380903119,NYM,LAD,2018-09-04T00:10Z,4,2,Los Angeles
380903129,SD,ARI,2018-09-04T00:10Z,6,2,Phoenix
380903112,BAL,SEA,2018-09-04T01:10Z,1,2,Seattle
380904120,STL,WSH,2018-09-04T23:05Z,11,8,Washington
380904123,CIN,PIT,2018-09-04T23:05Z,3,7,Pittsburgh
380904114,TB,TOR,2018-09-04T23:07Z,4,0,Toronto
380904105,KC,CLE,2018-09-04T23:10Z,3,9,Cleveland
380904128,PHI,MIA,2018-09-04T23:10Z,9,4,Miami
380904115,BOS,ATL,2018-09-04T23:35Z,5,1,Atlanta
380904113,LAA,TEX,2018-09-05T00:05Z,2,4,Arlington
380904104,DET,CHW,2018-09-05T00:10Z,8,3,Chicago
380904108,CHC,MIL,2018-09-05T00:10Z,1,11,Milwaukee
380904118,MIN,HOU,2018-09-05T00:10Z,2,5,Houston
380904127,SF,COL,2018-09-05T00:40Z,2,6,Denver
380904129,SD,ARI,2018-09-05T01:40Z,0,6,Phoenix
380904111,NYY,OAK,2018-09-05T02:05Z,5,1,Oakland
380904112,BAL,SEA,2018-09-05T02:10Z,5,3,Seattle
380904119,NYM,LAD,2018-09-05T02:10Z,4,11,Los Angeles
380905115,BOS,ATL,2018-09-05T16:10Z,9,8,Atlanta
380905105,KC,CLE,2018-09-05T17:10Z,1,3,Cleveland
380905120,STL,WSH,2018-09-05T23:05Z,7,6,Washington
380905123,CIN,PIT,2018-09-05T23:05Z,2,3,Pittsburgh
380905114,TB,TOR,2018-09-05T23:07Z,3,10,Toronto
380905128,PHI,MIA,2018-09-05T23:10Z,1,2,Miami
380905119,NYM,LAD,2018-09-05T23:35Z,7,3,Los Angeles
380905108,CHC,MIL,2018-09-06T00:00Z,6,4,Milwaukee
380905113,LAA,TEX,2018-09-06T00:05Z,9,3,Arlington
380905104,DET,CHW,2018-09-06T00:10Z,10,2,Chicago
380905118,MIN,HOU,2018-09-06T00:10Z,1,9,Houston
380905127,SF,COL,2018-09-06T00:40Z,3,5,Denver
380905111,NYY,OAK,2018-09-06T02:05Z,2,8,Oakland
380905112,BAL,SEA,2018-09-06T02:10Z,2,5,Seattle
380906117,SD,CIN,2018-09-06T22:40Z,6,2,Cincinnati
380906120,CHC,WSH,2018-09-06T23:05Z,6,4,Washington
380906114,CLE,TOR,2018-09-06T23:07Z,9,4,Toronto
380906129,ATL,ARI,2018-09-07T01:30Z,7,6,Phoenix
380907117,SD,CIN,2018-09-07T22:40Z,6,12,Cincinnati
380907114,CLE,TOR,2018-09-07T23:00Z,2,3,Toronto
380907123,MIA,PIT,2018-09-07T23:05Z,3,5,Pittsburgh
380907102,HOU,BOS,2018-09-07T23:10Z,6,3,Boston
380907106,STL,DET,2018-09-07T23:10Z,3,5,Detroit
380907121,PHI,NYM,2018-09-07T23:10Z,4,3,Queens
380907130,BAL,TB,2018-09-07T23:10Z,2,14,St. Petersburg
380907104,LAA,CHW,2018-09-08T00:10Z,5,2,Chicago
380907108,SF,MIL,2018-09-08T00:10Z,2,4,Milwaukee
380907109,KC,MIN,2018-09-08T00:10Z,6,10,Minneapolis
380907127,LAD,COL,2018-09-08T00:40Z,4,2,Denver
380907129,ATL,ARI,2018-09-08T01:40Z,3,5,Phoenix
380907111,TEX,OAK,2018-09-08T02:05Z,4,8,Oakland
380907112,NYY,SEA,2018-09-08T02:10Z,4,0,Seattle
380908123,MIA,PIT,2018-09-08T17:05Z,1,5,Pittsburgh
380908220,CHC,WSH,2018-09-08T19:05Z,3,10,Washington
380908117,SD,CIN,2018-09-08T19:10Z,2,7,Cincinnati
380908102,HOU,BOS,2018-09-08T20:05Z,5,3,Boston
380908111,TEX,OAK,2018-09-08T20:05Z,6,8,Oakland
380908114,CLE,TOR,2018-09-08T20:07Z,9,8,Toronto
380908106,STL,DET,2018-09-08T22:10Z,3,4,Detroit
380908130,BAL,TB,2018-09-08T22:10Z,5,10,St. Petersburg
380908320,CHC,WSH,2018-09-08T23:05Z,5,6,Washington
380908104,LAA,CHW,2018-09-08T23:10Z,12,3,Chicago
380908108,SF,MIL,2018-09-08T23:10Z,3,4,Milwaukee
380908109,KC,MIN,2018-09-08T23:10Z,4,1,Minneapolis
380908121,PHI,NYM,2018-09-08T23:10Z,5,10,Queens
380908127,LAD,COL,2018-09-09T00:00Z,2,4,Denver
380908129,ATL,ARI,2018-09-09T00:10Z,5,4,Phoenix
380908112,NYY,SEA,2018-09-09T01:10Z,4,2,Seattle
380909114,CLE,TOR,2018-09-09T17:07Z,2,6,Toronto
380909106,STL,DET,2018-09-09T17:10Z,5,2,Detroit
380909121,PHI,NYM,2018-09-09T17:10Z,4,6,Queens
380909130,BAL,TB,2018-09-09T17:10Z,3,8,St. Petersburg
380909104,LAA,CHW,2018-09-09T18:10Z,1,0,Chicago
380909108,SF,MIL,2018-09-09T18:10Z,3,6,Milwaukee
380909109,KC,MIN,2018-09-09T18:10Z,1,3,Minneapolis
380909127,LAD,COL,2018-09-09T19:10Z,9,6,Denver
380909112,NYY,SEA,2018-09-09T20:00Z,2,3,Seattle
380909111,TEX,OAK,2018-09-09T20:05Z,3,7,Oakland
380909117,SD,CIN,2018-09-09T20:10Z,7,6,Cincinnati
380909129,ATL,ARI,2018-09-09T20:10Z,9,5,Phoenix
400985021,ATL,ARI,2018-09-09T20:10Z,9,5,Phoenix
380909102,HOU,BOS,2018-09-10T00:00Z,5,6,Boston
380910106,HOU,DET,2018-09-10T22:10Z,3,2,Detroit
380910117,LAD,CIN,2018-09-10T22:40Z,6,10,Cincinnati
380910130,CLE,TB,2018-09-10T23:10Z,5,6,St. Petersburg
380910116,MIL,CHC,2018-09-11T00:00Z,3,2,Chicago
380910109,NYY,MIN,2018-09-11T00:10Z,7,2,Minneapolis
380910107,CHW,KC,2018-09-11T00:15Z,3,4,Kansas City
380910124,PIT,STL,2018-09-11T00:15Z,7,8,St. Louis
380910127,ARI,COL,2018-09-11T00:40Z,2,13,Denver
380910103,TEX,LAA,2018-09-11T02:07Z,5,2,Anaheim
380910126,ATL,SF,2018-09-11T02:15Z,4,1,San Francisco
380911222,WSH,PHI,2018-09-11T19:05Z,3,1,Philadelphia
380911106,HOU,DET,2018-09-11T22:40Z,5,4,Detroit
380911117,LAD,CIN,2018-09-11T22:40Z,1,3,Cincinnati
380911101,OAK,BAL,2018-09-11T23:05Z,3,2,Baltimore
380911322,WSH,PHI,2018-09-11T23:05Z,7,6,Philadelphia
380911102,TOR,BOS,2018-09-11T23:10Z,2,7,Boston
380911121,MIA,NYM,2018-09-11T23:10Z,5,3,Queens
380911130,CLE,TB,2018-09-11T23:10Z,2,0,St. Petersburg
380911109,NYY,MIN,2018-09-12T00:00Z,5,10,Minneapolis
380911116,MIL,CHC,2018-09-12T00:05Z,0,3,Chicago
380911107,CHW,KC,2018-09-12T00:15Z,3,6,Kansas City
380911124,PIT,STL,2018-09-12T00:15Z,5,11,St. Louis
380911127,ARI,COL,2018-09-12T00:40Z,6,3,Denver
380911103,TEX,LAA,2018-09-12T02:07Z,0,1,Anaheim
380911112,SD,SEA,2018-09-12T02:10Z,2,1,Seattle
380911126,ATL,SF,2018-09-12T02:15Z,4,1,San Francisco
380912117,LAD,CIN,2018-09-12T16:35Z,8,1,Cincinnati
380912106,HOU,DET,2018-09-12T17:10Z,5,4,Detroit
380912130,CLE,TB,2018-09-12T17:10Z,1,3,St. Petersburg
380912124,PIT,STL,2018-09-12T17:15Z,4,3,St. Louis
380912126,ATL,SF,2018-09-12T19:45Z,2,1,San Francisco
380912221,MIA,NYM,2018-09-12T20:10Z,0,13,Queens
380912112,SD,SEA,2018-09-12T22:40Z,5,4,Seattle
380912122,WSH,PHI,2018-09-12T23:00Z,5,1,Philadelphia
380912101,OAK,BAL,2018-09-12T23:05Z,10,0,Baltimore
380912102,TOR,BOS,2018-09-12T23:10Z,0,1,Boston
380912116,MIL,CHC,2018-09-13T00:00Z,5,1,Chicago
380912109,NYY,MIN,2018-09-13T00:10Z,1,3,Minneapolis
380912107,CHW,KC,2018-09-13T00:15Z,4,2,Kansas City
380912127,ARI,COL,2018-09-13T00:40Z,4,5,Denver
380912103,TEX,LAA,2018-09-13T02:07Z,1,8,Anaheim
380913127,ARI,COL,2018-09-13T19:10Z,3,10,Denver
380913221,MIA,NYM,2018-09-13T19:10Z,3,4,Queens
380913120,CHC,WSH,2018-09-13T20:05Z,4,3,Washington
380913321,MIA,NYM,2018-09-13T22:15Z,2,5,Queens
380913102,TOR,BOS,2018-09-13T23:00Z,3,4,Boston
380913101,OAK,BAL,2018-09-13T23:05Z,3,5,Baltimore
380913124,LAD,STL,2018-09-13T23:15Z,9,7,St. Louis
380913107,MIN,KC,2018-09-14T00:15Z,4,6,Kansas City
380913103,SEA,LAA,2018-09-14T02:07Z,8,2,Anaheim
380914101,CHW,BAL,2018-09-14T23:05Z,8,6,Baltimore
380914110,TOR,NYY,2018-09-14T23:05Z,0,11,Bronx
380914122,MIA,PHI,2018-09-14T23:05Z,2,14,Philadelphia
380914102,NYM,BOS,2018-09-14T23:10Z,8,0,Boston
380914105,DET,CLE,2018-09-14T23:10Z,5,4,Cleveland
380914130,OAK,TB,2018-09-14T23:10Z,2,1,St. Petersburg
380914115,WSH,ATL,2018-09-14T23:35Z,5,10,Atlanta
380914124,LAD,STL,2018-09-15T00:00Z,3,0,St. Louis
380914116,CIN,CHC,2018-09-15T00:05Z,2,3,Chicago
380914108,PIT,MIL,2018-09-15T00:10Z,4,7,Milwaukee
380914118,ARI,HOU,2018-09-15T00:10Z,4,2,Houston
380914107,MIN,KC,2018-09-15T00:15Z,4,8,Kansas City
380914103,SEA,LAA,2018-09-15T02:07Z,5,0,Anaheim
380914125,TEX,SD,2018-09-15T02:10Z,4,0,San Diego
380914126,COL,SF,2018-09-15T02:15Z,0,2,San Francisco
380915115,WSH,ATL,2018-09-15T17:05Z,7,1,Atlanta
380915124,LAD,STL,2018-09-15T17:05Z,17,4,St. Louis
380915105,DET,CLE,2018-09-15T19:10Z,0,15,Cleveland
380915110,TOR,NYY,2018-09-15T20:00Z,8,7,Bronx
380915102,NYM,BOS,2018-09-15T20:05Z,3,5,Boston
380915116,CIN,CHC,2018-09-15T20:05Z,0,1,Chicago
380915130,OAK,TB,2018-09-15T22:10Z,5,7,St. Petersburg
380915101,CHW,BAL,2018-09-15T23:05Z,2,0,Baltimore
380915122,MIA,PHI,2018-09-15T23:05Z,4,5,Philadelphia
380915108,PIT,MIL,2018-09-15T23:10Z,3,1,Milwaukee
380915118,ARI,HOU,2018-09-15T23:10Z,4,10,Houston
380915107,MIN,KC,2018-09-15T23:15Z,3,10,Kansas City
380915125,TEX,SD,2018-09-16T00:40Z,6,3,San Diego
380915126,COL,SF,2018-09-16T01:05Z,0,3,San Francisco
380915103,SEA,LAA,2018-09-16T01:07Z,6,5,Anaheim
380916101,CHW,BAL,2018-09-16T17:05Z,4,8,Baltimore
380916102,NYM,BOS,2018-09-16T17:05Z,3,4,Boston
380916110,TOR,NYY,2018-09-16T17:05Z,3,2,Bronx
380916105,DET,CLE,2018-09-16T17:10Z,6,4,Cleveland
380916130,OAK,TB,2018-09-16T17:10Z,4,5,St. Petersburg
380916115,WSH,ATL,2018-09-16T17:35Z,6,4,Atlanta
380916122,MIA,PHI,2018-09-16T17:35Z,6,4,Philadelphia
380916108,PIT,MIL,2018-09-16T18:10Z,3,2,Milwaukee
380916118,ARI,HOU,2018-09-16T18:10Z,4,5,Houston
380916107,MIN,KC,2018-09-16T18:15Z,9,6,Kansas City
380916116,CIN,CHC,2018-09-16T18:20Z,2,1,Chicago
380916126,COL,SF,2018-09-16T20:00Z,3,2,San Francisco
380916103,SEA,LAA,2018-09-16T20:07Z,3,4,Anaheim
380916125,TEX,SD,2018-09-16T20:10Z,3,7,San Diego
380916124,LAD,STL,2018-09-17T00:00Z,0,5,St. Louis
380917101,TOR,BAL,2018-09-17T23:05Z,5,0,Baltimore
380917122,NYM,PHI,2018-09-17T23:05Z,9,4,Philadelphia
380917123,KC,PIT,2018-09-17T23:05Z,6,7,Pittsburgh
380917106,MIN,DET,2018-09-17T23:10Z,6,1,Detroit
380917128,WSH,MIA,2018-09-17T23:10Z,5,8,Miami
380917115,STL,ATL,2018-09-17T23:35Z,11,6,Atlanta
380917108,CIN,MIL,2018-09-17T23:40Z,0,8,Milwaukee
380917113,TB,TEX,2018-09-18T00:05Z,3,0,Arlington
380917118,SEA,HOU,2018-09-18T00:10Z,4,1,Houston
380917129,CHC,ARI,2018-09-18T01:40Z,5,1,Phoenix
380917119,COL,LAD,2018-09-18T02:00Z,2,8,Los Angeles
380917125,SF,SD,2018-09-18T02:10Z,4,2,San Diego
380918101,TOR,BAL,2018-09-18T23:05Z,6,4,Baltimore
380918110,BOS,NYY,2018-09-18T23:05Z,2,3,Bronx
380918122,NYM,PHI,2018-09-18T23:05Z,2,5,Philadelphia
380918123,KC,PIT,2018-09-18T23:05Z,1,2,Pittsburgh
380918105,CHW,CLE,2018-09-18T23:10Z,3,5,Cleveland
380918106,MIN,DET,2018-09-18T23:10Z,5,3,Detroit
380918128,WSH,MIA,2018-09-18T23:10Z,4,2,Miami
380918115,STL,ATL,2018-09-18T23:30Z,8,1,Atlanta
380918108,CIN,MIL,2018-09-18T23:40Z,3,1,Milwaukee
380918113,TB,TEX,2018-09-19T00:05Z,4,0,Arlington
380918118,SEA,HOU,2018-09-19T00:10Z,0,7,Houston
380918129,CHC,ARI,2018-09-19T01:40Z,9,1,Phoenix
380918111,LAA,OAK,2018-09-19T02:05Z,9,7,Oakland
380918119,COL,LAD,2018-09-19T02:10Z,2,3,Los Angeles
380918125,SF,SD,2018-09-19T02:10Z,5,4,San Diego
380919115,STL,ATL,2018-09-19T16:10Z,3,7,Atlanta
380919106,MIN,DET,2018-09-19T17:10Z,8,2,Detroit
380919113,TB,TEX,2018-09-19T18:05Z,9,3,Arlington
380919122,NYM,PHI,2018-09-19T22:05Z,0,4,Philadelphia
380919110,BOS,NYY,2018-09-19T23:00Z,1,10,Bronx
380919101,TOR,BAL,2018-09-19T23:05Z,1,2,Baltimore
380919123,KC,PIT,2018-09-19T23:05Z,1,2,Pittsburgh
380919105,CHW,CLE,2018-09-19T23:10Z,1,4,Cleveland
380919108,CIN,MIL,2018-09-19T23:40Z,0,7,Milwaukee
380919118,SEA,HOU,2018-09-20T00:10Z,9,0,Houston
380919125,SF,SD,2018-09-20T01:10Z,4,8,San Diego
380919129,CHC,ARI,2018-09-20T01:40Z,0,9,Phoenix
380919119,COL,LAD,2018-09-20T02:00Z,2,5,Los Angeles
380919111,LAA,OAK,2018-09-20T02:05Z,0,10,Oakland
380920111,LAA,OAK,2018-09-20T19:35Z,3,21,Oakland
400985170,LAA,OAK,2018-09-20T19:35Z,3,21,Oakland
380920110,BOS,NYY,2018-09-20T23:05Z,11,6,Bronx
380920120,NYM,WSH,2018-09-20T23:05Z,5,4,Washington
380920114,TB,TOR,2018-09-20T23:07Z,8,9,Toronto
380920105,CHW,CLE,2018-09-20T23:10Z,5,4,Cleveland
380920106,KC,DET,2018-09-20T23:10Z,8,11,Detroit
380920128,CIN,MIA,2018-09-20T23:10Z,4,2,Miami
380920115,PHI,ATL,2018-09-20T23:30Z,3,8,Atlanta
380921104,CHC,CHW,2018-09-21T20:10Z,4,10,Chicago
380921105,BOS,CLE,2018-09-21T23:00Z,7,5,Cleveland
380921110,BAL,NYY,2018-09-21T23:05Z,8,10,Bronx
380921120,NYM,WSH,2018-09-21T23:05Z,4,2,Washington
380921123,MIL,PIT,2018-09-21T23:05Z,8,3,Pittsburgh
380921114,TB,TOR,2018-09-21T23:07Z,11,3,Toronto
380921106,KC,DET,2018-09-21T23:10Z,4,3,Detroit
380921128,CIN,MIA,2018-09-21T23:10Z,0,1,Miami
380921115,PHI,ATL,2018-09-21T23:35Z,5,6,Atlanta
380921113,SEA,TEX,2018-09-22T00:05Z,3,8,Arlington
380921118,LAA,HOU,2018-09-22T00:10Z,3,11,Houston
380921124,SF,STL,2018-09-22T00:15Z,3,5,St. Louis
380921129,COL,ARI,2018-09-22T01:40Z,6,2,Phoenix
380921111,MIN,OAK,2018-09-22T02:05Z,6,7,Oakland
380921119,SD,LAD,2018-09-22T02:10Z,5,3,Los Angeles
380922115,PHI,ATL,2018-09-22T17:05Z,3,5,Atlanta
380922124,SF,STL,2018-09-22T17:05Z,4,5,St. Louis
380922120,NYM,WSH,2018-09-22T20:00Z,0,6,Washington
380922110,BAL,NYY,2018-09-22T20:05Z,2,3,Bronx
380922114,TB,TOR,2018-09-22T20:07Z,2,5,Toronto
380922106,KC,DET,2018-09-22T22:10Z,4,5,Detroit
380922123,MIL,PIT,2018-09-22T23:05Z,0,3,Pittsburgh
380922104,CHC,CHW,2018-09-22T23:10Z,8,3,Chicago
380922105,BOS,CLE,2018-09-22T23:10Z,4,5,Cleveland
380922118,LAA,HOU,2018-09-22T23:10Z,5,10,Houston
380922128,CIN,MIA,2018-09-22T23:10Z,1,5,Miami
380922113,SEA,TEX,2018-09-23T00:05Z,13,0,Arlington
380922129,COL,ARI,2018-09-23T00:10Z,5,1,Phoenix
380922111,MIN,OAK,2018-09-23T01:05Z,2,3,Oakland
380922119,SD,LAD,2018-09-23T01:10Z,2,7,Los Angeles
380923110,BAL,NYY,2018-09-23T17:05Z,6,3,Bronx
380923114,TB,TOR,2018-09-23T17:07Z,5,2,Toronto
380923106,KC,DET,2018-09-23T17:10Z,3,2,Detroit
380923128,CIN,MIA,2018-09-23T17:10Z,0,6,Miami
380923115,PHI,ATL,2018-09-23T17:35Z,1,2,Atlanta
380923120,NYM,WSH,2018-09-23T17:35Z,8,6,Washington
380923123,MIL,PIT,2018-09-23T17:35Z,13,6,Pittsburgh
380923104,CHC,CHW,2018-09-23T18:10Z,6,1,Chicago
380923118,LAA,HOU,2018-09-23T18:10Z,2,6,Houston
380923124,SF,STL,2018-09-23T18:15Z,2,9,St. Louis
380923113,SEA,TEX,2018-09-23T19:05Z,1,6,Arlington
380923111,MIN,OAK,2018-09-23T20:05Z,5,1,Oakland
380923119,SD,LAD,2018-09-23T20:10Z,0,14,Los Angeles
380923129,COL,ARI,2018-09-23T20:10Z,2,0,Phoenix
380923105,BOS,CLE,2018-09-23T23:00Z,3,4,Cleveland
380924130,NYY,TB,2018-09-24T23:00Z,4,1,St. Petersburg
380924120,MIA,WSH,2018-09-24T23:05Z,3,7,Washington
380924114,HOU,TOR,2018-09-24T23:07Z,5,3,Toronto
380924102,BAL,BOS,2018-09-24T23:10Z,2,6,Boston
380924116,PIT,CHC,2018-09-25T00:05Z,5,1,Chicago
380924104,CLE,CHW,2018-09-25T00:10Z,4,0,Chicago
380924124,MIL,STL,2018-09-25T00:15Z,6,4,St. Louis
380924127,PHI,COL,2018-09-25T00:40Z,1,10,Denver
380924129,LAD,ARI,2018-09-25T01:40Z,7,4,Phoenix
380924103,TEX,LAA,2018-09-25T02:07Z,4,5,Anaheim
380924112,OAK,SEA,2018-09-25T02:10Z,7,3,Seattle
380924126,SD,SF,2018-09-25T02:15Z,5,0,San Francisco
380925117,KC,CIN,2018-09-25T22:40Z,4,3,Cincinnati
380925130,NYY,TB,2018-09-25T23:00Z,9,2,St. Petersburg
380925120,MIA,WSH,2018-09-25T23:05Z,4,9,Washington
380925114,HOU,TOR,2018-09-25T23:07Z,4,1,Toronto
380925121,ATL,NYM,2018-09-25T23:10Z,7,3,Queens
380925104,CLE,CHW,2018-09-26T00:00Z,4,5,Chicago
380925124,MIL,STL,2018-09-26T00:00Z,12,4,St. Louis
380925116,PIT,CHC,2018-09-26T00:05Z,6,0,Chicago
380925109,DET,MIN,2018-09-26T00:10Z,4,2,Minneapolis
380925127,PHI,COL,2018-09-26T00:40Z,3,10,Denver
380925129,LAD,ARI,2018-09-26T01:30Z,3,4,Phoenix
380925103,TEX,LAA,2018-09-26T02:07Z,1,4,Anaheim
380925112,OAK,SEA,2018-09-26T02:10Z,8,10,Seattle
380925126,SD,SF,2018-09-26T02:15Z,4,5,San Francisco
380926202,BAL,BOS,2018-09-26T17:05Z,3,19,Boston
380926120,MIA,WSH,2018-09-26T20:05Z,3,9,Washington
380926114,HOU,TOR,2018-09-26T20:07Z,1,3,Toronto
380926117,KC,CIN,2018-09-26T22:40Z,6,1,Cincinnati
380926124,MIL,STL,2018-09-26T23:00Z,2,1,St. Louis
380926121,ATL,NYM,2018-09-26T23:10Z,0,3,Queens
380926130,NYY,TB,2018-09-26T23:10Z,7,8,St. Petersburg
380926302,BAL,BOS,2018-09-26T23:10Z,10,3,Boston
380926116,PIT,CHC,2018-09-27T00:05Z,6,7,Chicago
380926104,CLE,CHW,2018-09-27T00:10Z,10,2,Chicago
380926109,DET,MIN,2018-09-27T00:10Z,4,11,Minneapolis
380926127,PHI,COL,2018-09-27T00:40Z,0,14,Denver
380926129,LAD,ARI,2018-09-27T01:30Z,2,7,Phoenix
380926103,TEX,LAA,2018-09-27T02:07Z,2,3,Anaheim
380926112,OAK,SEA,2018-09-27T02:10Z,9,3,Seattle
380926126,SD,SF,2018-09-27T02:15Z,3,2,San Francisco
380927130,NYY,TB,2018-09-27T17:10Z,12,1,St. Petersburg
380927127,PHI,COL,2018-09-27T19:10Z,3,5,Denver
380927121,ATL,NYM,2018-09-27T23:10Z,1,4,Queens
380927107,CLE,KC,2018-09-28T00:00Z,1,2,Kansas City
380927116,PIT,CHC,2018-09-28T00:05Z,0,3,Chicago
380927109,DET,MIN,2018-09-28T00:10Z,3,9,Minneapolis
380927112,TEX,SEA,2018-09-28T02:10Z,2,0,Seattle
380928209,CHW,MIN,2018-09-28T18:10Z,1,2,Minneapolis
380928116,STL,CHC,2018-09-28T18:20Z,4,8,Chicago
380928117,PIT,CIN,2018-09-28T22:40Z,8,4,Cincinnati
380928102,NYY,BOS,2018-09-28T23:00Z,11,6,Boston
380928101,HOU,BAL,2018-09-28T23:05Z,2,1,Baltimore
380928122,ATL,PHI,2018-09-28T23:05Z,10,2,Philadelphia
380928121,MIA,NYM,2018-09-28T23:10Z,8,1,Queens
380928130,TOR,TB,2018-09-28T23:10Z,7,6,St. Petersburg
380928107,CLE,KC,2018-09-29T00:00Z,14,6,Kansas City
400985276,CLE,KC,2018-09-29T00:00Z,14,6,Kansas City
380928108,DET,MIL,2018-09-29T00:10Z,5,6,Milwaukee
380928127,WSH,COL,2018-09-29T00:10Z,2,5,Denver
380928309,CHW,MIN,2018-09-29T00:10Z,4,12,Minneapolis
380928103,OAK,LAA,2018-09-29T02:07Z,5,8,Anaheim
380928112,TEX,SEA,2018-09-29T02:10Z,6,12,Seattle
380928125,ARI,SD,2018-09-29T02:10Z,2,3,San Diego
380928126,LAD,SF,2018-09-29T02:15Z,3,1,San Francisco
380929102,NYY,BOS,2018-09-29T17:05Z,8,5,Boston
380929116,STL,CHC,2018-09-29T17:05Z,2,1,Chicago
380929117,PIT,CIN,2018-09-29T20:00Z,0,3,Cincinnati
380929126,LAD,SF,2018-09-29T20:05Z,10,6,San Francisco
380929201,HOU,BAL,2018-09-29T20:05Z,4,3,Baltimore
380929130,TOR,TB,2018-09-29T22:10Z,3,4,St. Petersburg
380929122,ATL,PHI,2018-09-29T23:05Z,0,3,Philadelphia
380929301,HOU,BAL,2018-09-29T23:05Z,5,2,Baltimore
380929108,DET,MIL,2018-09-29T23:10Z,5,6,Milwaukee
380929109,CHW,MIN,2018-09-29T23:10Z,3,8,Minneapolis
380929121,MIA,NYM,2018-09-29T23:10Z,0,1,Queens
380929107,CLE,KC,2018-09-29T23:15Z,4,9,Kansas City
380929127,WSH,COL,2018-09-30T00:10Z,12,2,Denver
380929125,ARI,SD,2018-09-30T00:40Z,5,4,San Diego
380929103,OAK,LAA,2018-09-30T01:07Z,5,2,Anaheim
380929112,TEX,SEA,2018-09-30T01:10Z,1,4,Seattle
380930101,HOU,BAL,2018-09-30T19:05Z,0,4,Baltimore
380930102,NYY,BOS,2018-09-30T19:05Z,2,10,Boston
380930122,ATL,PHI,2018-09-30T19:05Z,1,3,Philadelphia
380930126,LAD,SF,2018-09-30T19:05Z,15,0,San Francisco
380930103,OAK,LAA,2018-09-30T19:07Z,4,5,Anaheim
380930108,DET,MIL,2018-09-30T19:10Z,0,11,Milwaukee
380930109,CHW,MIN,2018-09-30T19:10Z,4,5,Minneapolis
380930112,TEX,SEA,2018-09-30T19:10Z,1,3,Seattle
380930117,PIT,CIN,2018-09-30T19:10Z,6,5,Cincinnati
380930121,MIA,NYM,2018-09-30T19:10Z,0,1,Queens
380930125,ARI,SD,2018-09-30T19:10Z,3,4,San Diego
380930127,WSH,COL,2018-09-30T19:10Z,0,12,Denver
380930130,TOR,TB,2018-09-30T19:10Z,4,9,St. Petersburg
380930107,CLE,KC,2018-09-30T19:15Z,2,1,Kansas City
380930116,STL,CHC,2018-09-30T19:20Z,5,10,Chicago
381001123,MIA,PIT,2018-10-01T04:00Z,0,0,Pittsburgh
381001116,MIL,CHC,2018-10-01T17:00Z,3,1,Chicago
381001119,COL,LAD,2018-10-01T20:00Z,2,5,Los Angeles
381002116,COL,CHC,2018-10-03T00:00Z,2,1,Chicago
381003110,OAK,NYY,2018-10-04T00:08Z,2,7,Bronx
381004108,COL,MIL,2018-10-04T21:07Z,2,3,Milwaukee
381004119,ATL,LAD,2018-10-05T00:37Z,0,6,Los Angeles
381005118,CLE,HOU,2018-10-05T18:05Z,2,7,Houston
381005108,COL,MIL,2018-10-05T20:15Z,0,4,Milwaukee
381005102,NYY,BOS,2018-10-05T23:32Z,4,5,Boston
381005119,ATL,LAD,2018-10-06T01:37Z,0,3,Los Angeles
381006118,CLE,HOU,2018-10-06T20:37Z,1,3,Houston
381006102,NYY,BOS,2018-10-07T00:15Z,6,2,Boston
381007127,MIL,COL,2018-10-07T20:37Z,6,0,Denver
381007115,LAD,ATL,2018-10-08T00:07Z,5,6,Atlanta
381008105,HOU,CLE,2018-10-08T17:30Z,11,3,Cleveland
381008115,LAD,ATL,2018-10-08T20:30Z,6,2,Atlanta
381008110,BOS,NYY,2018-10-08T23:40Z,16,1,Bronx
381009110,BOS,NYY,2018-10-10T00:07Z,4,3,Bronx
381012108,LAD,MIL,2018-10-13T00:09Z,5,6,Milwaukee
401091256,LAD,MIL,2018-10-13T00:09Z,5,6,Milwaukee
381013108,LAD,MIL,2018-10-13T20:09Z,4,3,Milwaukee
381013102,HOU,BOS,2018-10-14T00:09Z,7,2,Boston
381014102,HOU,BOS,2018-10-14T23:09Z,5,7,Boston
381015119,MIL,LAD,2018-10-15T23:39Z,4,0,Los Angeles
381016118,BOS,HOU,2018-10-16T21:09Z,8,2,Houston
381016119,MIL,LAD,2018-10-17T01:09Z,1,2,Los Angeles
381017119,MIL,LAD,2018-10-17T21:05Z,2,5,Los Angeles
381017118,BOS,HOU,2018-10-18T00:39Z,8,6,Houston
381018118,BOS,HOU,2018-10-19T00:09Z,4,1,Houston
381019108,LAD,MIL,2018-10-20T00:39Z,2,7,Milwaukee
381020108,LAD,MIL,2018-10-21T00:09Z,5,1,Milwaukee
381023102,LAD,BOS,2018-10-24T00:09Z,4,8,Boston
381024102,LAD,BOS,2018-10-25T00:09Z,2,4,Boston
381026119,BOS,LAD,2018-10-27T00:09Z,2,3,Los Angeles
381027119,BOS,LAD,2018-10-28T00:09Z,9,6,Los Angeles
381028119,BOS,LAD,2018-10-29T00:15Z,5,1,Los Angeles
401077162,SEA,OAK,2019-03-20T09:30Z,9,7,Tokyo
401079081,DET,PHI,2019-03-20T17:05Z,3,1,Clearwater
401079083,MIA,STL,2019-03-20T17:05Z,6,0,Sarasota
401079084,NYY,HOU,2019-03-20T17:05Z,1,2,Palm Beach
401079085,PIT,MIN,2019-03-20T17:05Z,6,5,Fort Myers
401079079,ATL,TOR,2019-03-20T17:07Z,8,7,Dunedin
401078849,ARI,CHW,2019-03-20T20:05Z,11,2,Phoenix
401078850,CIN,TEX,2019-03-20T20:05Z,6,1,Surprise
401078852,MIL,SD,2019-03-20T20:10Z,10,7,Peoria
401079080,BOS,BAL,2019-03-20T22:05Z,6,4,Sarasota
401078848,LAA,CLE,2019-03-21T01:05Z,2,4,Goodyear
401078851,KC,COL,2019-03-21T01:40Z,8,7,Scottsdale
401079082,LAD,CHC,2019-03-21T02:05Z,4,4,Mesa
401079142,CLE,SF,2019-03-21T02:05Z,0,13,Scottsdale
401077163,SEA,OAK,2019-03-21T09:30Z,5,4,Tokyo
401079086,ATL,TB,2019-03-21T17:05Z,1,8,Port Charlotte
401079087,BAL,PIT,2019-03-21T17:05Z,5,7,Bradenton
401079088,HOU,DET,2019-03-21T17:05Z,3,5,Lakeland
401079090,NYY,STL,2019-03-21T17:05Z,3,11,Sarasota
401079092,TOR,PHI,2019-03-21T17:05Z,6,13,Clearwater
401079089,MIA,NYM,2019-03-21T17:10Z,0,6,Port St. Lucie
401078854,CLE,TEX,2019-03-21T20:05Z,3,7,Surprise
401078855,KC,CIN,2019-03-21T20:05Z,14,6,Goodyear
401078856,LAD,MIL,2019-03-21T20:05Z,5,11,Phoenix
401079091,SF,CHC,2019-03-21T20:05Z,5,5,Mesa
401079144,TEX,CHW,2019-03-21T20:05Z,2,12,Phoenix
401078853,LAA,ARI,2019-03-21T20:10Z,2,1,Scottsdale
401079183,TB,BOS,2019-03-21T22:05Z,0,8,Fort Myers
401079182,STL,WSH,2019-03-21T22:35Z,1,7,Palm Beach
401079143,CIN,SEA,2019-03-22T01:40Z,3,6,Peoria
401079098,PIT,TB,2019-03-22T17:05Z,2,3,Port Charlotte
401079184,STL,NYM,2019-03-22T17:10Z,15,5,Port St. Lucie
401078858,ARI,LAD,2019-03-22T20:05Z,10,4,Phoenix
401078860,CIN,MIL,2019-03-22T20:05Z,4,6,Phoenix
401079185,TEX,CHC,2019-03-22T20:05Z,3,7,Mesa
401079145,CHW,LAA,2019-03-22T20:10Z,4,5,Tempe
401079094,BOS,MIN,2019-03-22T22:05Z,10,6,Fort Myers
401079095,DET,ATL,2019-03-22T22:05Z,3,4,Kissimmee
401079096,NYM,HOU,2019-03-22T22:05Z,3,7,Palm Beach
401079093,BAL,TOR,2019-03-22T22:07Z,0,4,Dunedin
401079097,PHI,NYY,2019-03-22T22:35Z,3,6,Tampa
401079099,WSH,MIA,2019-03-22T23:05Z,5,5,Sarasota
401078859,CHC,CLE,2019-03-23T01:05Z,3,8,Goodyear
401079147,SF,KC,2019-03-23T01:05Z,3,15,Surprise
401078857,LAA,SEA,2019-03-23T01:40Z,7,8,Peoria
401079146,SD,COL,2019-03-23T01:40Z,5,6,Scottsdale
401078861,COL,SF,2019-03-23T02:05Z,4,6,Scottsdale
401079102,NYM,ATL,2019-03-23T17:05Z,12,2,Kissimmee
401079103,PHI,PIT,2019-03-23T17:05Z,3,5,Bradenton
401079104,STL,WSH,2019-03-23T17:05Z,4,4,Palm Beach
401079105,TB,DET,2019-03-23T17:05Z,7,8,Lakeland
401079106,TOR,NYY,2019-03-23T17:05Z,7,3,Tampa
401079186,PIT,BOS,2019-03-23T17:05Z,3,12,Fort Myers
401078864,CHW,LAD,2019-03-23T19:05Z,5,1,Phoenix
401079148,MIL,TEX,2019-03-23T19:05Z,7,3,Surprise
401078863,ARI,SF,2019-03-23T20:05Z,2,3,Scottsdale
401078866,CIN,CLE,2019-03-23T20:05Z,5,8,Goodyear
401078867,KC,MIL,2019-03-23T20:05Z,6,4,Phoenix
401078862,LAA,SD,2019-03-23T20:10Z,4,11,Peoria
401079101,MIN,BAL,2019-03-23T22:05Z,8,7,Sarasota
401079100,HOU,MIA,2019-03-23T23:05Z,5,0,Sarasota
401078865,CHC,COL,2019-03-24T01:40Z,6,11,Scottsdale
401079188,WSH,NYM,2019-03-24T16:10Z,4,8,Port St. Lucie
401079107,BAL,PHI,2019-03-24T17:05Z,4,11,Clearwater
401079108,MIA,STL,2019-03-24T17:05Z,1,2,Sarasota
401079109,NYY,MIN,2019-03-24T17:05Z,5,3,Fort Myers
401079111,TOR,DET,2019-03-24T17:05Z,6,18,Lakeland
401079112,WSH,HOU,2019-03-24T17:05Z,3,5,Palm Beach
401079187,PIT,BAL,2019-03-24T17:05Z,1,1,Sarasota
401078870,CLE,CHW,2019-03-24T19:05Z,3,7,Phoenix
401078871,COL,CIN,2019-03-24T19:05Z,4,3,Goodyear
401078872,KC,TEX,2019-03-24T19:05Z,3,3,Surprise
401078869,CHC,SD,2019-03-24T19:10Z,24,6,Peoria
401078873,MIL,ARI,2019-03-24T19:10Z,3,2,Scottsdale
401078874,SF,OAK,2019-03-24T20:05Z,0,5,
401079110,TB,ATL,2019-03-24T20:05Z,2,4,North Port
401078868,LAD,LAA,2019-03-25T00:07Z,4,8,Anaheim
401079117,NYM,BAL,2019-03-25T17:05Z,9,7,Sarasota
401079119,TB,PHI,2019-03-25T17:05Z,2,3,Clearwater
401079116,NYY,WSH,2019-03-25T21:05Z,3,5,Washington
401079115,MIL,TOR,2019-03-25T23:05Z,10,5,Montreal
401079114,CIN,ATL,2019-03-25T23:20Z,5,8,Atlanta
401078876,CLE,TEX,2019-03-26T00:05Z,10,1,Arlington
401079118,PIT,HOU,2019-03-26T00:10Z,9,12,Houston
401079113,BOS,CHC,2019-03-26T01:05Z,2,3,Mesa
401078875,CHW,ARI,2019-03-26T01:40Z,6,3,Phoenix
401078878,OAK,SF,2019-03-26T01:45Z,5,4,San Francisco
401078877,LAD,LAA,2019-03-26T02:07Z,8,7,Anaheim
401078879,SD,SEA,2019-03-26T02:10Z,8,0,Seattle
401079123,DET,TB,2019-03-26T16:35Z,3,9,St. Petersburg
401079121,CIN,ATL,2019-03-26T17:10Z,5,7,Atlanta
401078881,CLE,TEX,2019-03-26T18:05Z,4,5,Arlington
401079122,COL,MIN,2019-03-26T18:05Z,5,5,Fort Myers
401079125,PIT,HOU,2019-03-26T18:10Z,5,1,Houston
401079120,BOS,CHC,2019-03-26T19:05Z,7,16,Mesa
401078880,CHW,ARI,2019-03-26T19:40Z,7,1,Phoenix
401078884,SD,SEA,2019-03-26T20:10Z,1,0,Seattle
401079124,MIL,TOR,2019-03-26T23:05Z,0,2,Montreal
401078883,OAK,SF,2019-03-27T01:45Z,4,2,San Francisco
401078882,LAA,LAD,2019-03-27T02:10Z,2,9,Los Angeles
401074734,BAL,NYY,2019-03-28T17:00Z,2,7,Bronx
401074739,NYM,WSH,2019-03-28T17:05Z,2,0,Washington
401074741,STL,MIL,2019-03-28T18:10Z,4,5,Milwaukee
401074742,ATL,PHI,2019-03-28T19:05Z,4,10,Philadelphia
401074737,DET,TOR,2019-03-28T19:37Z,2,0,Toronto
401074733,ARI,LAD,2019-03-28T20:00Z,5,12,Los Angeles
401074738,HOU,TB,2019-03-28T20:00Z,5,1,St. Petersburg
401074736,CHC,TEX,2019-03-28T20:05Z,12,4,Arlington
401074743,LAA,OAK,2019-03-28T20:07Z,0,4,Oakland
401074740,SF,SD,2019-03-28T20:10Z,0,2,San Diego
401074744,CLE,MIN,2019-03-28T20:10Z,0,2,Minneapolis
401074745,COL,MIA,2019-03-28T20:10Z,6,3,Miami
401074746,PIT,CIN,2019-03-28T20:10Z,3,5,Cincinnati
401074735,CHW,KC,2019-03-28T20:15Z,3,5,Kansas City
401074747,BOS,SEA,2019-03-28T23:00Z,4,12,Seattle
401074749,DET,TOR,2019-03-29T23:07Z,0,6,Toronto
401074750,HOU,TB,2019-03-29T23:10Z,2,4,St. Petersburg
401074753,COL,MIA,2019-03-29T23:10Z,6,1,Miami
401074752,STL,MIL,2019-03-30T00:10Z,9,5,Milwaukee
401074754,LAA,OAK,2019-03-30T02:07Z,6,2,Oakland
401074748,ARI,LAD,2019-03-30T02:10Z,5,4,Los Angeles
401074751,SF,SD,2019-03-30T02:10Z,1,4,San Diego
401074755,BOS,SEA,2019-03-30T02:10Z,7,6,Seattle
401074757,BAL,NYY,2019-03-30T17:05Z,5,3,Bronx
401074763,NYM,WSH,2019-03-30T17:05Z,11,8,Washington
401074760,CLE,MIN,2019-03-30T18:10Z,2,1,Minneapolis
401074758,CHW,KC,2019-03-30T18:15Z,6,8,Kansas City
401074761,DET,TOR,2019-03-30T19:07Z,0,3,Toronto
401074767,ATL,PHI,2019-03-30T20:05Z,6,8,Philadelphia
401074762,HOU,TB,2019-03-30T22:10Z,1,3,St. Petersburg
401074768,COL,MIA,2019-03-30T22:10Z,3,7,Miami
401074765,STL,MIL,2019-03-30T23:10Z,2,4,Milwaukee
401074759,CHC,TEX,2019-03-31T00:05Z,6,8,Arlington
401074764,SF,SD,2019-03-31T00:40Z,3,2,San Diego
401074769,LAA,OAK,2019-03-31T01:07Z,2,4,Oakland
401074756,ARI,LAD,2019-03-31T01:10Z,5,18,Los Angeles
401074770,BOS,SEA,2019-03-31T01:10Z,5,6,Seattle
401074772,BAL,NYY,2019-03-31T17:05Z,7,5,Bronx
401074775,DET,TOR,2019-03-31T17:07Z,4,3,Toronto
401074776,HOU,TB,2019-03-31T17:10Z,1,3,St. Petersburg
401074781,COL,MIA,2019-03-31T17:10Z,0,3,Miami
401074782,PIT,CIN,2019-03-31T17:10Z,5,0,Cincinnati
401074777,NYM,WSH,2019-03-31T17:35Z,5,6,Washington
401074779,STL,MIL,2019-03-31T18:10Z,4,5,Milwaukee
401074783,CLE,MIN,2019-03-31T18:10Z,3,9,Minneapolis
401074773,CHW,KC,2019-03-31T18:15Z,6,3,Kansas City
401074774,CHC,TEX,2019-03-31T20:00Z,10,11,Arlington
401074784,LAA,OAK,2019-03-31T20:07Z,1,2,Oakland
401074771,ARI,LAD,2019-03-31T20:10Z,7,8,Los Angeles
401074778,SF,SD,2019-03-31T20:10Z,1,3,San Diego
401074785,BOS,SEA,2019-03-31T20:10Z,8,10,Seattle
401074780,ATL,PHI,2019-03-31T23:00Z,1,5,Philadelphia
401074793,STL,PIT,2019-04-01T17:00Z,6,5,Pittsburgh
401074788,CHW,CLE,2019-04-01T20:00Z,3,5,Cleveland
401074790,DET,NYY,2019-04-01T22:35Z,1,3,Bronx
401074794,MIL,CIN,2019-04-01T22:40Z,4,3,Cincinnati
401074796,CHC,ATL,2019-04-01T23:00Z,0,8,Atlanta
401074787,BAL,TOR,2019-04-01T23:07Z,6,5,Toronto
401074789,COL,TB,2019-04-01T23:10Z,1,7,St. Petersburg
401074795,NYM,MIA,2019-04-01T23:10Z,7,3,Miami
401074791,HOU,TEX,2019-04-02T00:05Z,2,1,Arlington
401074792,SF,LAD,2019-04-02T02:00Z,4,2,Los Angeles
401074797,BOS,OAK,2019-04-02T02:07Z,0,7,Oakland
401074786,ARI,SD,2019-04-02T02:10Z,10,3,San Diego
401074798,LAA,SEA,2019-04-02T02:10Z,3,6,Seattle
401074802,DET,NYY,2019-04-02T22:35Z,3,1,Bronx
401074807,MIL,CIN,2019-04-02T22:40Z,4,3,Cincinnati
401074805,PHI,WSH,2019-04-02T23:05Z,8,2,Washington
401074800,BAL,TOR,2019-04-02T23:07Z,2,1,Toronto
401074801,COL,TB,2019-04-02T23:10Z,0,4,St. Petersburg
401074808,NYM,MIA,2019-04-02T23:10Z,6,5,Miami
401074803,HOU,TEX,2019-04-03T00:05Z,4,6,Arlington
401074804,MIN,KC,2019-04-03T00:15Z,5,4,Kansas City
401074809,BOS,OAK,2019-04-03T02:07Z,0,1,Oakland
401074799,ARI,SD,2019-04-03T02:10Z,8,5,San Diego
401074806,SF,LAD,2019-04-03T02:10Z,5,6,Los Angeles
401074810,LAA,SEA,2019-04-03T02:10Z,1,2,Seattle
401074820,MIL,CIN,2019-04-03T16:35Z,1,0,Cincinnati
401074818,PHI,WSH,2019-04-03T17:05Z,8,9,Washington
401074813,CHW,CLE,2019-04-03T17:10Z,8,3,Cleveland
401074814,COL,TB,2019-04-03T17:10Z,1,0,St. Petersburg
401074817,MIN,KC,2019-04-03T17:15Z,7,6,Kansas City
401074811,ARI,SD,2019-04-03T19:40Z,1,4,San Diego
401074815,DET,NYY,2019-04-03T20:05Z,2,1,Bronx
401074812,BAL,TOR,2019-04-03T20:07Z,3,5,Toronto
401074821,NYM,MIA,2019-04-03T22:10Z,6,4,Miami
401074823,CHC,ATL,2019-04-03T23:00Z,4,6,Atlanta
401074822,STL,PIT,2019-04-03T23:05Z,5,4,Pittsburgh
401074816,HOU,TEX,2019-04-04T00:05Z,0,4,Arlington
401074824,BOS,OAK,2019-04-04T02:07Z,6,3,Oakland
401074819,SF,LAD,2019-04-04T02:10Z,3,5,Los Angeles
401074825,KC,DET,2019-04-04T17:10Z,4,5,Detroit
401074830,WSH,NYM,2019-04-04T17:10Z,4,0,Queens
401074831,NYY,BAL,2019-04-04T19:05Z,8,4,Baltimore
401074832,BOS,OAK,2019-04-04T19:37Z,3,7,Oakland
401074829,TOR,CLE,2019-04-04T22:10Z,1,4,Cleveland
401074833,CIN,PIT,2019-04-04T23:05Z,0,2,Pittsburgh
401074834,CHC,ATL,2019-04-04T23:20Z,4,9,Atlanta
401074828,TEX,LAA,2019-04-05T02:07Z,11,4,Anaheim
401125954,SEA,CHW,2019-04-05T18:10Z,8,10,Chicago
401074841,LAD,COL,2019-04-05T20:10Z,10,6,Denver
401126011,SD,STL,2019-04-05T20:15Z,5,3,St. Louis
401074838,TB,SF,2019-04-05T20:35Z,5,2,San Francisco
401074842,CIN,PIT,2019-04-05T23:05Z,0,2,Pittsburgh
401074843,MIN,PHI,2019-04-05T23:05Z,4,10,Philadelphia
401074835,BOS,ARI,2019-04-05T23:10Z,8,15,Phoenix
401074840,TOR,CLE,2019-04-05T23:10Z,2,3,Cleveland
401074844,MIA,ATL,2019-04-05T23:20Z,0,4,Atlanta
401074836,CHC,MIL,2019-04-06T00:10Z,10,13,Milwaukee
401074837,OAK,HOU,2019-04-06T00:10Z,2,3,Houston
401074839,TEX,LAA,2019-04-06T02:07Z,1,3,Anaheim
401074847,KC,DET,2019-04-06T17:10Z,4,7,Detroit
401074855,WSH,NYM,2019-04-06T17:10Z,5,6,Queens
401074856,CIN,PIT,2019-04-06T17:35Z,5,6,Pittsburgh
401074857,MIN,PHI,2019-04-06T18:05Z,6,2,Philadelphia
401074851,SEA,CHW,2019-04-06T18:10Z,9,2,Chicago
401074850,SD,STL,2019-04-06T18:15Z,6,4,St. Louis
401074852,TB,SF,2019-04-06T20:05Z,4,6,San Francisco
401074853,TEX,LAA,2019-04-06T20:05Z,1,5,Anaheim
401074854,TOR,CLE,2019-04-06T20:10Z,2,7,Cleveland
401074858,NYY,BAL,2019-04-06T23:05Z,6,4,Baltimore
401074846,CHC,MIL,2019-04-06T23:10Z,14,8,Milwaukee
401074849,OAK,HOU,2019-04-06T23:10Z,0,6,Houston
401074848,MIA,ATL,2019-04-06T23:20Z,4,2,Atlanta
401074845,BOS,ARI,2019-04-07T00:10Z,4,5,Phoenix
401074859,LAD,COL,2019-04-07T00:10Z,7,2,Denver
401074870,MIN,PHI,2019-04-07T17:05Z,1,2,Philadelphia
401074871,NYY,BAL,2019-04-07T17:05Z,15,3,Baltimore
401074862,KC,DET,2019-04-07T17:10Z,1,3,Detroit
401074868,TOR,CLE,2019-04-07T17:10Z,1,3,Cleveland
401074869,WSH,NYM,2019-04-07T17:10Z,12,9,Queens
401074872,MIA,ATL,2019-04-07T17:20Z,3,4,Atlanta
401074873,CIN,PIT,2019-04-07T17:35Z,5,7,Pittsburgh
401074861,CHC,MIL,2019-04-07T18:10Z,2,4,Milwaukee
401074863,OAK,HOU,2019-04-07T18:10Z,8,9,Houston
401074865,SEA,CHW,2019-04-07T18:10Z,12,5,Chicago
401074864,SD,STL,2019-04-07T18:15Z,1,4,St. Louis
401074866,TB,SF,2019-04-07T20:05Z,3,0,San Francisco
401074867,TEX,LAA,2019-04-07T20:07Z,2,7,Anaheim
401074860,BOS,ARI,2019-04-07T20:10Z,1,0,Phoenix
401074874,LAD,COL,2019-04-08T00:30Z,12,6,Denver
401074881,TB,CHW,2019-04-08T18:10Z,5,1,Chicago
401074878,PIT,CHC,2019-04-08T18:20Z,0,10,Chicago
401074877,NYY,HOU,2019-04-08T23:00Z,3,4,Houston
401074882,OAK,BAL,2019-04-08T23:05Z,4,12,Baltimore
401074883,WSH,PHI,2019-04-08T23:05Z,3,4,Philadelphia
401074875,LAD,STL,2019-04-08T23:45Z,3,4,St. Louis
401074880,SEA,KC,2019-04-09T00:15Z,13,5,Kansas City
401074884,ATL,COL,2019-04-09T00:40Z,8,6,Denver
401074879,SD,SF,2019-04-09T01:45Z,6,5,San Francisco
401074876,MIL,LAA,2019-04-09T02:07Z,2,5,Anaheim
401074885,CLE,DET,2019-04-09T17:10Z,8,2,Detroit
401074894,TOR,BOS,2019-04-09T18:00Z,7,5,Boston
401074892,TB,CHW,2019-04-09T18:10Z,10,5,Chicago
401074895,MIA,CIN,2019-04-09T22:40Z,0,14,Cincinnati
401074896,OAK,BAL,2019-04-09T23:05Z,13,2,Baltimore
401074897,WSH,PHI,2019-04-09T23:05Z,10,6,Philadelphia
401074888,MIN,NYM,2019-04-09T23:10Z,14,8,Queens
401074886,LAD,STL,2019-04-09T23:45Z,0,4,St. Louis
401074889,NYY,HOU,2019-04-10T00:00Z,3,6,Houston
401074891,SEA,KC,2019-04-10T00:15Z,6,3,Kansas City
401074898,ATL,COL,2019-04-10T00:40Z,7,1,Denver
401074893,TEX,ARI,2019-04-10T01:40Z,4,5,Phoenix
401074890,SD,SF,2019-04-10T01:45Z,2,7,San Francisco
401074887,MIL,LAA,2019-04-10T02:07Z,8,11,Anaheim
401074899,CLE,DET,2019-04-10T17:10Z,1,4,Detroit
401074907,TB,CHW,2019-04-10T18:10Z,9,1,Chicago
401074905,SD,SF,2019-04-10T19:45Z,3,1,San Francisco
401074910,MIA,CIN,2019-04-10T22:40Z,1,2,Cincinnati
401074911,OAK,BAL,2019-04-10T23:05Z,10,3,Baltimore
401074912,WSH,PHI,2019-04-10T23:05Z,15,1,Philadelphia
401074902,MIN,NYM,2019-04-10T23:10Z,6,9,Queens
401074903,NYY,HOU,2019-04-10T23:40Z,6,8,Houston
401074900,LAD,STL,2019-04-10T23:45Z,2,7,St. Louis
401074904,PIT,CHC,2019-04-11T00:05Z,5,2,Chicago
401074906,SEA,KC,2019-04-11T00:15Z,6,5,Kansas City
401074908,TEX,ARI,2019-04-11T01:40Z,5,2,Phoenix
401074901,MIL,LAA,2019-04-11T02:07Z,2,4,Anaheim
401074920,MIA,CIN,2019-04-11T16:35Z,0,5,Cincinnati
401074921,OAK,BAL,2019-04-11T16:35Z,8,5,Baltimore
401074913,CLE,DET,2019-04-11T17:10Z,4,0,Detroit
401074915,LAD,STL,2019-04-11T17:15Z,7,11,St. Louis
401074918,SEA,KC,2019-04-11T17:15Z,7,6,Kansas City
401074919,TOR,BOS,2019-04-11T23:10Z,6,7,Boston
401074922,NYM,ATL,2019-04-11T23:20Z,6,3,Atlanta
401074916,PIT,CHC,2019-04-11T23:35Z,0,2,Chicago
401074917,SD,ARI,2019-04-12T01:40Z,7,6,Phoenix
401074914,COL,SF,2019-04-12T01:45Z,0,1,San Francisco
401074923,LAA,CHC,2019-04-12T18:20Z,1,5,Chicago
401074925,CHW,NYY,2019-04-12T23:05Z,9,6,Bronx
401074930,PIT,WSH,2019-04-12T23:05Z,6,3,Washington
401074932,TB,TOR,2019-04-12T23:07Z,11,7,Toronto
401074924,BAL,BOS,2019-04-12T23:10Z,4,6,Boston
401074933,PHI,MIA,2019-04-12T23:10Z,9,1,Miami
401074934,NYM,ATL,2019-04-12T23:20Z,6,2,Atlanta
401074929,OAK,TEX,2019-04-13T00:05Z,8,6,Arlington
401074926,CLE,KC,2019-04-13T00:15Z,1,8,Kansas City
401074931,SD,ARI,2019-04-13T01:40Z,2,1,Phoenix
401074928,MIL,LAD,2019-04-13T02:10Z,8,5,Los Angeles
401074936,HOU,SEA,2019-04-13T02:10Z,10,6,Seattle
401074927,COL,SF,2019-04-13T02:15Z,2,3,San Francisco
401074938,BAL,BOS,2019-04-13T17:05Z,9,5,Boston
401074939,CHW,NYY,2019-04-13T17:05Z,0,4,Bronx
401074942,DET,MIN,2019-04-13T18:10Z,3,4,Minneapolis
401074937,LAA,CHC,2019-04-13T18:20Z,6,5,Chicago
401074948,TB,TOR,2019-04-13T19:07Z,1,3,Toronto
401074941,COL,SF,2019-04-13T20:05Z,2,5,San Francisco
401074946,PIT,WSH,2019-04-13T20:05Z,2,3,Washington
401074949,PHI,MIA,2019-04-13T22:10Z,3,10,Miami
401075079,STL,CIN,2019-04-13T23:10Z,2,5,Monterrey
401074940,CLE,KC,2019-04-13T23:15Z,0,3,Kansas City
401074944,NYM,ATL,2019-04-13T23:20Z,7,11,Atlanta
401074947,SD,ARI,2019-04-14T00:10Z,5,4,Phoenix
401074943,MIL,LAD,2019-04-14T01:10Z,4,1,Los Angeles
401074950,HOU,SEA,2019-04-14T01:10Z,3,1,Seattle
401074952,BAL,BOS,2019-04-14T17:05Z,0,4,Boston
401074953,CHW,NYY,2019-04-14T17:05Z,5,2,Bronx
401074960,TB,TOR,2019-04-14T17:07Z,8,4,Toronto
401074961,PHI,MIA,2019-04-14T17:10Z,3,1,Miami
401074958,PIT,WSH,2019-04-14T17:35Z,4,3,Washington
401074963,DET,MIN,2019-04-14T18:10Z,4,6,Minneapolis
401074954,CLE,KC,2019-04-14T18:15Z,8,9,Kansas City
401074957,OAK,TEX,2019-04-14T19:05Z,7,8,Arlington
401075097,STL,CIN,2019-04-14T20:00Z,9,5,Monterrey
401074955,COL,SF,2019-04-14T20:05Z,4,0,San Francisco
401074956,MIL,LAD,2019-04-14T20:10Z,1,7,Los Angeles
401074959,SD,ARI,2019-04-14T20:10Z,4,8,Phoenix
401074964,HOU,SEA,2019-04-14T20:10Z,3,2,Seattle
401074962,NYM,ATL,2019-04-14T23:00Z,3,7,Atlanta
401074966,BAL,BOS,2019-04-15T15:05Z,8,1,Boston
401074971,NYM,PHI,2019-04-15T23:00Z,7,6,Philadelphia
401074972,CHC,MIA,2019-04-15T23:10Z,7,2,Miami
401074970,STL,MIL,2019-04-15T23:40Z,7,10,Milwaukee
401074973,TOR,MIN,2019-04-15T23:40Z,5,3,Minneapolis
401074965,LAA,TEX,2019-04-16T00:05Z,7,12,Arlington
401074969,KC,CHW,2019-04-16T00:10Z,4,5,Chicago
401074967,CIN,LAD,2019-04-16T02:00Z,3,4,Los Angeles
401074968,COL,SD,2019-04-16T02:10Z,5,2,San Diego
401074974,CLE,SEA,2019-04-16T02:10Z,6,4,Seattle
401074977,BOS,NYY,2019-04-16T22:35Z,0,8,Bronx
401074981,PIT,DET,2019-04-16T22:40Z,5,3,Detroit
401074982,SF,WSH,2019-04-16T23:05Z,7,3,Washington
401074984,NYM,PHI,2019-04-16T23:05Z,3,14,Philadelphia
401074976,BAL,TB,2019-04-16T23:10Z,2,4,St. Petersburg
401074985,CHC,MIA,2019-04-16T23:10Z,4,0,Miami
401074986,ARI,ATL,2019-04-16T23:20Z,9,6,Atlanta
401074983,STL,MIL,2019-04-16T23:40Z,4,8,Milwaukee
401074987,TOR,MIN,2019-04-16T23:40Z,6,5,Minneapolis
401074975,LAA,TEX,2019-04-17T00:05Z,0,5,Arlington
401074980,KC,CHW,2019-04-17T00:10Z,1,5,Chicago
401074979,COL,SD,2019-04-17T01:10Z,8,2,San Diego
401074988,HOU,OAK,2019-04-17T02:07Z,9,1,Oakland
401074978,CIN,LAD,2019-04-17T02:10Z,1,6,Los Angeles
401074989,CLE,SEA,2019-04-17T02:10Z,4,2,Seattle
401074999,NYM,PHI,2019-04-17T17:05Z,2,3,Philadelphia
401074998,STL,MIL,2019-04-17T17:40Z,6,3,Milwaukee
401074995,KC,CHW,2019-04-17T18:10Z,4,3,Chicago
401074993,CIN,LAD,2019-04-17T19:10Z,2,3,Los Angeles
401074992,BOS,NYY,2019-04-17T22:30Z,3,5,Bronx
401074994,CLE,SEA,2019-04-17T22:40Z,1,0,Seattle
401074996,PIT,DET,2019-04-17T22:40Z,3,2,Detroit
401074997,SF,WSH,2019-04-17T23:05Z,6,9,Washington
401074991,BAL,TB,2019-04-17T23:10Z,1,8,St. Petersburg
401075000,CHC,MIA,2019-04-17T23:10Z,6,0,Miami
401075001,ARI,ATL,2019-04-17T23:20Z,3,2,Atlanta
401075002,TOR,MIN,2019-04-17T23:40Z,1,4,Minneapolis
401074990,LAA,TEX,2019-04-18T00:05Z,4,5,Arlington
401075003,HOU,OAK,2019-04-18T02:07Z,1,2,Oakland
401075011,ARI,ATL,2019-04-18T16:10Z,4,1,Atlanta
401075010,SF,WSH,2019-04-18T17:05Z,2,4,Washington
401075005,CHW,DET,2019-04-18T17:10Z,7,9,Detroit
401075012,TOR,MIN,2019-04-18T17:10Z,7,4,Minneapolis
401075007,KC,NYY,2019-04-18T22:35Z,6,1,Bronx
401075004,BAL,TB,2019-04-18T23:10Z,6,5,St. Petersburg
401075008,LAD,MIL,2019-04-19T00:10Z,3,1,Milwaukee
401075013,PHI,COL,2019-04-19T00:40Z,2,6,Denver
401075009,SEA,LAA,2019-04-19T02:07Z,11,10,Anaheim
401075006,CIN,SD,2019-04-19T02:10Z,4,1,San Diego
401075014,ARI,CHC,2019-04-19T18:20Z,1,5,Chicago
401075020,KC,NYY,2019-04-19T23:05Z,2,6,Bronx
401075025,SF,PIT,2019-04-19T23:05Z,1,4,Pittsburgh
401075016,BOS,TB,2019-04-19T23:10Z,6,4,St. Petersburg
401075017,CHW,DET,2019-04-19T23:10Z,7,3,Detroit
401075026,WSH,MIA,2019-04-19T23:10Z,2,3,Miami
401075019,HOU,TEX,2019-04-20T00:00Z,7,2,Arlington
401075021,LAD,MIL,2019-04-20T00:10Z,5,3,Milwaukee
401075022,NYM,STL,2019-04-20T00:15Z,5,4,St. Louis
401075027,PHI,COL,2019-04-20T00:40Z,3,4,Denver
401075023,SEA,LAA,2019-04-20T02:07Z,5,3,Anaheim
401075028,TOR,OAK,2019-04-20T02:07Z,5,1,Oakland
401075018,CIN,SD,2019-04-20T02:10Z,3,2,San Diego
401075035,KC,NYY,2019-04-20T17:05Z,2,9,Bronx
401075037,NYM,STL,2019-04-20T18:15Z,2,10,St. Louis
401075029,ARI,CHC,2019-04-20T18:20Z,6,0,Chicago
401075041,MIN,BAL,2019-04-20T20:05Z,6,5,Baltimore
401075042,SF,PIT,2019-04-20T20:05Z,1,3,Pittsburgh
401075039,TOR,OAK,2019-04-20T20:07Z,10,1,Oakland
401075030,ATL,CLE,2019-04-20T20:10Z,4,8,Cleveland
401075031,BOS,TB,2019-04-20T22:10Z,6,5,St. Petersburg
401075040,WSH,MIA,2019-04-20T22:10Z,3,9,Miami
401075036,LAD,MIL,2019-04-20T23:10Z,0,5,Milwaukee
401128302,ATL,CLE,2019-04-20T23:50Z,8,7,Cleveland
401128303,MIN,BAL,2019-04-21T00:00Z,16,7,Baltimore
401075034,HOU,TEX,2019-04-21T00:05Z,4,9,Arlington
401075043,PHI,COL,2019-04-21T00:10Z,8,5,Denver
401075033,CIN,SD,2019-04-21T00:40Z,4,2,San Diego
401075038,SEA,LAA,2019-04-21T01:07Z,6,5,Anaheim
401075050,KC,NYY,2019-04-21T17:05Z,6,7,Bronx
401075054,MIN,BAL,2019-04-21T17:05Z,4,3,Baltimore
401075047,CHW,DET,2019-04-21T17:10Z,3,4,Detroit
401075055,WSH,MIA,2019-04-21T17:10Z,5,0,Miami
401075056,SF,PIT,2019-04-21T17:35Z,3,2,Pittsburgh
401075046,BOS,TB,2019-04-21T18:10Z,4,3,St. Petersburg
401075051,LAD,MIL,2019-04-21T18:10Z,6,5,Milwaukee
401075052,NYM,STL,2019-04-21T18:15Z,4,6,St. Louis
401075044,ARI,CHC,2019-04-21T18:20Z,1,2,Chicago
401075049,HOU,TEX,2019-04-21T19:05Z,10,11,Arlington
401075057,PHI,COL,2019-04-21T19:10Z,1,4,Denver
401075053,SEA,LAA,2019-04-21T20:07Z,6,8,Anaheim
401075058,TOR,OAK,2019-04-21T20:07Z,5,4,Oakland
401075048,CIN,SD,2019-04-21T20:10Z,3,4,San Diego
401075045,ATL,CLE,2019-04-21T23:00Z,11,5,Cleveland
401075064,PHI,NYM,2019-04-22T23:00Z,1,5,Queens
401075065,ARI,PIT,2019-04-22T23:05Z,12,4,Pittsburgh
401075066,CHW,BAL,2019-04-22T23:05Z,12,2,Baltimore
401075060,KC,TB,2019-04-22T23:10Z,3,6,St. Petersburg
401075061,MIL,STL,2019-04-22T23:45Z,5,13,St. Louis
401075062,MIN,HOU,2019-04-23T00:10Z,9,5,Houston
401075067,WSH,COL,2019-04-23T00:40Z,5,7,Denver
401075063,NYY,LAA,2019-04-23T02:07Z,4,3,Anaheim
401075068,TEX,OAK,2019-04-23T02:07Z,1,6,Oakland
401128897,DET,BOS,2019-04-23T17:10Z,7,4,Boston
401075072,MIA,CLE,2019-04-23T22:10Z,3,1,Cleveland
401075080,ATL,CIN,2019-04-23T22:40Z,6,7,Cincinnati
401075081,ARI,PIT,2019-04-23T23:05Z,2,1,Pittsburgh
401075082,CHW,BAL,2019-04-23T23:05Z,1,9,Baltimore
401075078,SF,TOR,2019-04-23T23:07Z,7,6,Toronto
401075069,DET,BOS,2019-04-23T23:10Z,4,2,Boston
401075070,KC,TB,2019-04-23T23:10Z,2,5,St. Petersburg
401075076,PHI,NYM,2019-04-23T23:10Z,0,9,Queens
401075073,MIL,STL,2019-04-23T23:45Z,3,4,St. Louis
401075071,LAD,CHC,2019-04-24T00:05Z,2,7,Chicago
401075074,MIN,HOU,2019-04-24T00:10Z,4,10,Houston
401075083,WSH,COL,2019-04-24T00:40Z,6,3,Denver
401075075,NYY,LAA,2019-04-24T02:07Z,7,5,Anaheim
401075084,TEX,OAK,2019-04-24T02:07Z,5,11,Oakland
401075077,SEA,SD,2019-04-24T02:10Z,3,6,San Diego
401075086,KC,TB,2019-04-24T17:10Z,10,2,St. Petersburg
401075088,MIA,CLE,2019-04-24T17:10Z,2,6,Cleveland
401075089,MIL,STL,2019-04-24T17:15Z,2,5,St. Louis
401075095,WSH,COL,2019-04-24T19:10Z,5,9,Denver
401075096,TEX,OAK,2019-04-24T19:37Z,5,6,Oakland
401075093,SEA,SD,2019-04-24T19:40Z,0,1,San Diego
401075094,SF,TOR,2019-04-24T20:07Z,4,0,Toronto
401075098,ATL,CIN,2019-04-24T22:40Z,3,1,Cincinnati
401075092,PHI,NYM,2019-04-24T23:00Z,6,0,Queens
401075099,ARI,PIT,2019-04-24T23:05Z,11,2,Pittsburgh
401075100,CHW,BAL,2019-04-24T23:05Z,3,4,Baltimore
401075085,DET,BOS,2019-04-24T23:10Z,4,11,Boston
401075087,LAD,CHC,2019-04-25T00:05Z,6,7,Chicago
401075090,MIN,HOU,2019-04-25T00:10Z,1,7,Houston
401075091,NYY,LAA,2019-04-25T02:07Z,6,5,Anaheim
401075105,ARI,PIT,2019-04-25T16:35Z,5,0,Pittsburgh
401075103,LAD,CHC,2019-04-25T18:20Z,2,1,Chicago
401075106,ATL,CIN,2019-04-25T22:40Z,2,4,Cincinnati
401075107,MIA,PHI,2019-04-25T23:05Z,3,1,Philadelphia
401075102,DET,BOS,2019-04-25T23:10Z,3,7,Boston
401075101,CLE,HOU,2019-04-26T00:10Z,2,1,Houston
401075104,NYY,LAA,2019-04-26T01:07Z,5,11,Anaheim
401075108,TEX,SEA,2019-04-26T02:10Z,2,14,Seattle
401075118,SD,WSH,2019-04-26T23:05Z,4,3,Washington
401075120,MIA,PHI,2019-04-26T23:05Z,0,4,Philadelphia
401075116,OAK,TOR,2019-04-26T23:07Z,2,4,Toronto
401075114,MIL,NYM,2019-04-26T23:10Z,10,2,Queens
401075121,COL,ATL,2019-04-26T23:20Z,8,4,Atlanta
401075112,CLE,HOU,2019-04-27T00:10Z,6,3,Houston
401075113,DET,CHW,2019-04-27T00:10Z,11,12,Chicago
401075122,BAL,MIN,2019-04-27T00:10Z,1,6,Minneapolis
401075109,LAA,KC,2019-04-27T00:15Z,5,1,Kansas City
401075111,CIN,STL,2019-04-27T00:15Z,12,1,St. Louis
401075110,CHC,ARI,2019-04-27T01:40Z,3,8,Phoenix
401075117,PIT,LAD,2019-04-27T02:10Z,2,6,Los Angeles
401075123,TEX,SEA,2019-04-27T02:10Z,4,5,Seattle
401075115,NYY,SF,2019-04-27T02:15Z,7,3,San Francisco
401075125,BAL,MIN,2019-04-27T18:10Z,2,9,Minneapolis
401075127,CIN,STL,2019-04-27T18:15Z,3,6,St. Louis
401075133,OAK,TOR,2019-04-27T19:07Z,1,7,Toronto
401075128,CLE,HOU,2019-04-27T20:05Z,3,4,Houston
401075132,NYY,SF,2019-04-27T20:05Z,6,4,San Francisco
401075135,SD,WSH,2019-04-27T20:05Z,8,3,Washington
401075136,TB,BOS,2019-04-27T20:05Z,2,1,Boston
401075137,MIA,PHI,2019-04-27T22:05Z,9,12,Philadelphia
401075131,MIL,NYM,2019-04-27T23:10Z,8,6,Queens
401075124,LAA,KC,2019-04-27T23:15Z,4,9,Kansas City
401075129,COL,ATL,2019-04-27T23:20Z,9,5,Atlanta
401075126,CHC,ARI,2019-04-28T00:10Z,9,1,Phoenix
401075134,PIT,LAD,2019-04-28T01:10Z,1,3,Los Angeles
401075138,TEX,SEA,2019-04-28T01:10Z,15,1,Seattle
401075149,TB,BOS,2019-04-28T17:05Z,5,2,Boston
401075150,MIA,PHI,2019-04-28T17:05Z,1,5,Philadelphia
401075146,OAK,TOR,2019-04-28T17:07Z,4,5,Toronto
401075144,MIL,NYM,2019-04-28T17:10Z,2,5,Queens
401075151,COL,ATL,2019-04-28T17:20Z,7,8,Atlanta
401075148,SD,WSH,2019-04-28T17:35Z,6,7,Washington
401075143,DET,CHW,2019-04-28T18:10Z,1,4,Chicago
401075152,BAL,MIN,2019-04-28T18:10Z,1,4,Minneapolis
401075139,LAA,KC,2019-04-28T18:15Z,7,3,Kansas City
401075141,CIN,STL,2019-04-28T18:15Z,2,5,St. Louis
401075145,NYY,SF,2019-04-28T20:05Z,11,5,San Francisco
401075140,CHC,ARI,2019-04-28T20:10Z,6,5,Phoenix
401075147,PIT,LAD,2019-04-28T20:10Z,6,7,Los Angeles
401075153,TEX,SEA,2019-04-28T20:10Z,14,1,Seattle
401075142,CLE,HOU,2019-04-28T23:00Z,1,4,Houston
401075158,OAK,BOS,2019-04-29T23:00Z,4,9,Boston
401075159,STL,WSH,2019-04-29T23:05Z,6,3,Washington
401075155,CIN,NYM,2019-04-29T23:10Z,5,4,Queens
401075161,SD,ATL,2019-04-29T23:20Z,1,3,Atlanta
401075156,COL,MIL,2019-04-29T23:40Z,1,5,Milwaukee
401075162,HOU,MIN,2019-04-29T23:40Z,0,1,Minneapolis
401075154,BAL,CHW,2019-04-30T00:10Z,3,5,Chicago
401075160,TB,KC,2019-04-30T00:15Z,8,5,Kansas City
401075157,LAD,SF,2019-04-30T01:45Z,2,3,San Francisco
401075170,STL,WSH,2019-04-30T23:05Z,3,2,Washington
401075173,DET,PHI,2019-04-30T23:05Z,3,1,Philadelphia
401075164,CIN,NYM,2019-04-30T23:10Z,3,4,Queens
401075168,OAK,BOS,2019-04-30T23:10Z,1,5,Boston
401075174,CLE,MIA,2019-04-30T23:10Z,7,4,Miami
401075175,SD,ATL,2019-04-30T23:20Z,4,3,Atlanta
401075165,COL,MIL,2019-04-30T23:40Z,3,4,Milwaukee
401075176,HOU,MIN,2019-04-30T23:40Z,11,0,Minneapolis
401075169,PIT,TEX,2019-05-01T00:05Z,6,4,Arlington
401075167,NYY,ARI,2019-05-01T01:40Z,1,3,Phoenix
401075166,LAD,SF,2019-05-01T01:45Z,10,3,San Francisco
401075172,TOR,LAA,2019-05-01T02:07Z,3,4,Anaheim
401075177,CHC,SEA,2019-05-01T02:10Z,6,5,Seattle
401075183,OAK,BOS,2019-05-01T17:05Z,3,7,Boston
401075186,TB,KC,2019-05-01T17:15Z,2,3,Kansas City
401075184,PIT,TEX,2019-05-01T18:05Z,7,5,Arlington
401075182,NYY,ARI,2019-05-01T19:40Z,2,3,Phoenix
401075178,BAL,CHW,2019-05-01T20:10Z,5,4,Chicago
401129794,TB,KC,2019-05-01T21:15Z,2,8,Kansas City
401075188,CHC,SEA,2019-05-01T22:40Z,11,0,Seattle
401075179,CIN,NYM,2019-05-01T23:00Z,1,0,Queens
401075185,STL,WSH,2019-05-01T23:05Z,5,1,Washington
401075189,DET,PHI,2019-05-01T23:05Z,3,7,Philadelphia
401075190,CLE,MIA,2019-05-01T23:10Z,2,4,Miami
401075191,SD,ATL,2019-05-01T23:20Z,1,5,Atlanta
401075180,COL,MIL,2019-05-01T23:40Z,11,4,Milwaukee
401075192,HOU,MIN,2019-05-02T00:00Z,2,6,Minneapolis
401129793,BAL,CHW,2019-05-02T00:10Z,6,7,Chicago
401075181,LAD,SF,2019-05-02T01:45Z,1,2,San Francisco
401075187,TOR,LAA,2019-05-02T02:07Z,3,6,Anaheim
401075194,CIN,NYM,2019-05-02T16:10Z,0,1,Queens
401075199,SD,ATL,2019-05-02T16:10Z,11,2,Atlanta
401075200,HOU,MIN,2019-05-02T17:00Z,2,8,Minneapolis
401075195,COL,MIL,2019-05-02T17:10Z,11,6,Milwaukee
401075197,TB,KC,2019-05-02T18:15Z,3,1,Kansas City
401075196,STL,WSH,2019-05-02T20:05Z,1,2,Washington
401075193,BOS,CHW,2019-05-03T00:10Z,4,6,Chicago
401075198,TOR,LAA,2019-05-03T02:07Z,2,6,Anaheim
401075207,STL,CHC,2019-05-03T18:20Z,0,4,Chicago
401075204,MIN,NYY,2019-05-03T23:05Z,3,6,Bronx
401075209,OAK,PIT,2019-05-03T23:05Z,14,1,Pittsburgh
401075210,TB,BAL,2019-05-03T23:05Z,7,0,Baltimore
401075211,WSH,PHI,2019-05-03T23:05Z,2,4,Philadelphia
401075202,KC,DET,2019-05-03T23:10Z,3,4,Detroit
401075206,SEA,CLE,2019-05-03T23:10Z,1,2,Cleveland
401075212,ATL,MIA,2019-05-03T23:10Z,7,2,Miami
401075213,SF,CIN,2019-05-03T23:10Z,12,11,Cincinnati
401075208,TOR,TEX,2019-05-04T00:05Z,1,0,Arlington
401075201,BOS,CHW,2019-05-04T00:10Z,6,1,Chicago
401075205,NYM,MIL,2019-05-04T00:10Z,1,3,Milwaukee
401075214,ARI,COL,2019-05-04T00:40Z,10,9,Denver
401075203,LAD,SD,2019-05-04T02:10Z,4,3,San Diego
401075219,MIN,NYY,2019-05-04T17:00Z,7,3,Bronx
401075222,STL,CHC,2019-05-04T20:05Z,5,6,Chicago
401075217,KC,DET,2019-05-04T20:10Z,15,3,Detroit
401075221,SEA,CLE,2019-05-04T20:10Z,4,5,Cleveland
401075224,ATL,MIA,2019-05-04T22:10Z,9,2,Miami
401075225,OAK,PIT,2019-05-04T23:05Z,4,6,Pittsburgh
401075226,TB,BAL,2019-05-04T23:05Z,0,3,Baltimore
401075227,WSH,PHI,2019-05-04T23:05Z,10,8,Philadelphia
401075215,BOS,CHW,2019-05-04T23:10Z,15,2,Chicago
401075216,HOU,LAA,2019-05-04T23:10Z,14,2,Monterrey
401075220,NYM,MIL,2019-05-04T23:10Z,3,4,Milwaukee
401075228,SF,CIN,2019-05-04T23:10Z,2,9,Cincinnati
401075223,TOR,TEX,2019-05-05T00:05Z,5,8,Arlington
401075229,ARI,COL,2019-05-05T00:10Z,9,2,Denver
401075218,LAD,SD,2019-05-05T00:40Z,7,6,San Diego
401075232,KC,DET,2019-05-05T17:00Z,2,5,Detroit
401075236,SEA,CLE,2019-05-05T17:10Z,10,0,Cleveland
401075240,ATL,MIA,2019-05-05T17:10Z,3,1,Miami
401075241,OAK,PIT,2019-05-05T17:35Z,3,5,Pittsburgh
401075242,WSH,PHI,2019-05-05T18:05Z,1,7,Philadelphia
401075230,BOS,CHW,2019-05-05T18:10Z,9,2,Chicago
401075235,NYM,MIL,2019-05-05T18:10Z,2,3,Milwaukee
401075238,TOR,TEX,2019-05-05T19:05Z,2,10,Arlington
401075243,ARI,COL,2019-05-05T19:10Z,7,8,Denver
401075231,HOU,LAA,2019-05-05T20:00Z,10,4,Monterrey
401075234,MIN,NYY,2019-05-05T20:05Z,1,4,Bronx
401075233,LAD,SD,2019-05-05T20:10Z,5,8,San Diego
401075244,SF,CIN,2019-05-05T20:10Z,6,5,Cincinnati
401075237,STL,CHC,2019-05-05T23:00Z,5,13,Chicago
401075255,SF,CIN,2019-05-06T16:35Z,4,12,Cincinnati
401075247,CHW,CLE,2019-05-06T22:10Z,9,1,Cleveland
401075253,SEA,NYY,2019-05-06T22:35Z,3,7,Bronx
401075256,BOS,BAL,2019-05-06T23:05Z,1,4,Baltimore
401075250,MIN,TOR,2019-05-06T23:07Z,8,0,Toronto
401075245,ARI,TB,2019-05-06T23:10Z,1,12,St. Petersburg
401075254,WSH,MIL,2019-05-06T23:40Z,3,5,Milwaukee
401075252,PHI,STL,2019-05-07T00:00Z,0,6,St. Louis
401075249,MIA,CHC,2019-05-07T00:05Z,6,5,Chicago
401075248,KC,HOU,2019-05-07T00:10Z,4,6,Houston
401075251,NYM,SD,2019-05-07T02:00Z,0,4,San Diego
401075246,ATL,LAD,2019-05-07T02:10Z,3,5,Los Angeles
401075260,CHW,CLE,2019-05-07T22:10Z,2,0,Cleveland
401075266,SEA,NYY,2019-05-07T22:35Z,4,5,Bronx
401075268,BOS,BAL,2019-05-07T23:05Z,8,5,Baltimore
401075269,TEX,PIT,2019-05-07T23:05Z,4,5,Pittsburgh
401075263,MIN,TOR,2019-05-07T23:07Z,3,0,Toronto
401075257,LAA,DET,2019-05-07T23:10Z,5,2,Detroit
401075258,ARI,TB,2019-05-07T23:10Z,3,6,St. Petersburg
401075267,WSH,MIL,2019-05-07T23:40Z,0,6,Milwaukee
401075265,PHI,STL,2019-05-07T23:45Z,11,1,St. Louis
401075262,MIA,CHC,2019-05-08T00:00Z,2,5,Chicago
401075261,KC,HOU,2019-05-08T00:10Z,12,2,Houston
401075270,SF,COL,2019-05-08T00:40Z,14,4,Denver
401075271,CIN,OAK,2019-05-08T02:07Z,0,2,Oakland
401075259,ATL,LAD,2019-05-08T02:10Z,0,9,Los Angeles
401075264,NYM,SD,2019-05-08T02:10Z,7,6,San Diego
401075283,TEX,PIT,2019-05-08T16:35Z,9,6,Pittsburgh
401075273,ARI,TB,2019-05-08T17:10Z,3,2,St. Petersburg
401075282,WSH,MIL,2019-05-08T17:10Z,3,7,Milwaukee
401075280,PHI,STL,2019-05-08T17:15Z,5,0,St. Louis
401075279,NYM,SD,2019-05-08T19:40Z,2,3,San Diego
401075275,CHW,CLE,2019-05-08T22:10Z,3,5,Cleveland
401075281,SEA,NYY,2019-05-08T22:30Z,10,1,Bronx
401075284,BOS,BAL,2019-05-08T23:05Z,2,1,Baltimore
401075278,MIN,TOR,2019-05-08T23:07Z,9,1,Toronto
401075272,LAA,DET,2019-05-08T23:10Z,3,10,Detroit
401075277,MIA,CHC,2019-05-08T23:35Z,2,3,Chicago
401075276,KC,HOU,2019-05-09T00:10Z,0,9,Houston
401075286,CIN,OAK,2019-05-09T02:07Z,4,5,Oakland
401075274,ATL,LAD,2019-05-09T02:10Z,4,9,Los Angeles
401075287,LAA,DET,2019-05-09T17:10Z,13,0,Detroit
401075289,CHW,CLE,2019-05-09T17:10Z,0,5,Cleveland
401075290,MIA,CHC,2019-05-09T18:20Z,1,4,Chicago
401075295,SF,COL,2019-05-09T19:10Z,11,12,Denver
401075296,CIN,OAK,2019-05-09T19:37Z,3,0,Oakland
401075292,SEA,NYY,2019-05-09T22:35Z,1,3,Bronx
401075291,PIT,STL,2019-05-09T23:45Z,4,17,St. Louis
401075293,TEX,HOU,2019-05-10T00:10Z,2,4,Houston
401075288,ATL,ARI,2019-05-10T01:40Z,2,3,Phoenix
401075294,WSH,LAD,2019-05-10T02:10Z,6,0,Los Angeles
401075301,MIL,CHC,2019-05-10T18:20Z,7,0,Chicago
401075308,LAA,BAL,2019-05-10T23:05Z,8,3,Baltimore
401075298,CHW,TOR,2019-05-10T23:07Z,3,4,Toronto
401075300,MIA,NYM,2019-05-10T23:10Z,2,11,Queens
401075302,NYY,TB,2019-05-10T23:10Z,4,3,St. Petersburg
401075305,SEA,BOS,2019-05-10T23:10Z,1,14,Boston
401075306,TEX,HOU,2019-05-11T00:10Z,0,3,Houston
401075309,DET,MIN,2019-05-11T00:10Z,0,6,Minneapolis
401075303,PHI,KC,2019-05-11T00:15Z,1,5,Kansas City
401075304,PIT,STL,2019-05-11T00:15Z,2,1,St. Louis
401075310,SD,COL,2019-05-11T00:40Z,2,12,Denver
401075311,CLE,OAK,2019-05-11T01:37Z,3,4,Oakland
401075297,ATL,ARI,2019-05-11T01:40Z,2,1,Phoenix
401075307,WSH,LAD,2019-05-11T02:10Z,0,5,Los Angeles
401075299,CIN,SF,2019-05-11T02:15Z,7,0,San Francisco
401075321,SEA,BOS,2019-05-11T17:05Z,5,9,Boston
401075315,DET,MIN,2019-05-11T18:10Z,5,3,Minneapolis
401075320,PIT,STL,2019-05-11T18:15Z,2,1,St. Louis
401075317,MIL,CHC,2019-05-11T18:20Z,1,2,Chicago
401075313,CHW,TOR,2019-05-11T19:07Z,7,2,Toronto
401075324,LAA,BAL,2019-05-11T20:05Z,7,2,Baltimore
401075326,CLE,OAK,2019-05-11T20:05Z,2,3,Oakland
401075318,NYY,TB,2019-05-11T22:10Z,2,7,St. Petersburg
401075316,MIA,NYM,2019-05-11T23:00Z,1,4,Queens
401075319,PHI,KC,2019-05-11T23:15Z,7,0,Kansas City
401075312,ATL,ARI,2019-05-12T00:10Z,6,4,Phoenix
401075322,TEX,HOU,2019-05-12T00:10Z,4,11,Houston
401075325,SD,COL,2019-05-12T00:10Z,4,3,Denver
401127133,DET,MIN,2019-05-12T00:10Z,3,8,Minneapolis
401075314,CIN,SF,2019-05-12T01:05Z,5,4,San Francisco
401075323,WSH,LAD,2019-05-12T01:10Z,5,2,Los Angeles
401075338,LAA,BAL,2019-05-12T17:00Z,1,5,Baltimore
401075335,SEA,BOS,2019-05-12T17:05Z,2,11,Boston
401075328,CHW,TOR,2019-05-12T17:07Z,5,1,Toronto
401075332,NYY,TB,2019-05-12T17:10Z,7,1,St. Petersburg
401075336,TEX,HOU,2019-05-12T18:10Z,5,15,Houston
401075339,DET,MIN,2019-05-12T18:10Z,5,3,Minneapolis
401075333,PHI,KC,2019-05-12T18:15Z,6,1,Kansas City
401075334,PIT,STL,2019-05-12T18:15Z,10,6,St. Louis
401075340,SD,COL,2019-05-12T19:10Z,7,10,Denver
401075329,CIN,SF,2019-05-12T20:05Z,5,6,San Francisco
401075341,CLE,OAK,2019-05-12T20:07Z,5,3,Oakland
401075327,ATL,ARI,2019-05-12T20:10Z,5,3,Phoenix
401075337,WSH,LAD,2019-05-12T20:10Z,0,6,Los Angeles
401075331,MIL,CHC,2019-05-12T23:00Z,1,4,Chicago
401075346,MIL,PHI,2019-05-13T23:00Z,4,7,Philadelphia
401075344,HOU,DET,2019-05-13T23:10Z,8,1,Detroit
401075347,LAA,MIN,2019-05-13T23:40Z,5,4,Minneapolis
401075343,CLE,CHW,2019-05-14T00:10Z,2,5,Chicago
401075345,PIT,ARI,2019-05-14T01:40Z,3,9,Phoenix
401075348,OAK,SEA,2019-05-14T02:10Z,5,6,Seattle
401075350,CLE,CHW,2019-05-14T18:10Z,9,0,Chicago
401075358,CHC,CIN,2019-05-14T22:40Z,3,1,Cincinnati
401075353,NYM,WSH,2019-05-14T23:05Z,6,2,Washington
401075359,MIL,PHI,2019-05-14T23:05Z,6,1,Philadelphia
401075351,COL,BOS,2019-05-14T23:10Z,5,4,Boston
401075352,HOU,DET,2019-05-14T23:10Z,11,4,Detroit
401075360,TB,MIA,2019-05-14T23:10Z,4,0,Miami
401075361,STL,ATL,2019-05-14T23:20Z,14,3,Atlanta
401075362,LAA,MIN,2019-05-14T23:40Z,3,4,Minneapolis
401075356,TEX,KC,2019-05-15T00:15Z,5,11,Kansas City
401075354,PIT,ARI,2019-05-15T01:40Z,6,2,Phoenix
401075357,TOR,SF,2019-05-15T01:45Z,7,3,San Francisco
401075355,SD,LAD,2019-05-15T02:00Z,3,6,Los Angeles
401075363,OAK,SEA,2019-05-15T02:10Z,3,4,Seattle
401075372,LAA,MIN,2019-05-15T17:10Z,7,8,Minneapolis
401132483,BAL,NYY,2019-05-15T19:05Z,3,5,Bronx
401075368,PIT,ARI,2019-05-15T19:40Z,1,11,Phoenix
401075371,TOR,SF,2019-05-15T19:45Z,3,4,San Francisco
401075364,BAL,NYY,2019-05-15T22:30Z,1,3,Bronx
401075373,CHC,CIN,2019-05-15T22:40Z,5,6,Cincinnati
401075367,NYM,WSH,2019-05-15T23:05Z,1,5,Washington
401075374,MIL,PHI,2019-05-15T23:05Z,5,2,Philadelphia
401075365,COL,BOS,2019-05-15T23:10Z,5,6,Boston
401075366,HOU,DET,2019-05-15T23:10Z,5,1,Detroit
401075375,TB,MIA,2019-05-15T23:10Z,1,0,Miami
401075376,STL,ATL,2019-05-15T23:20Z,0,4,Atlanta
401075370,TEX,KC,2019-05-16T00:00Z,6,1,Kansas City
401075369,SD,LAD,2019-05-16T02:10Z,0,2,Los Angeles
401075378,NYM,WSH,2019-05-16T17:05Z,6,7,Washington
401075383,MIL,PHI,2019-05-16T17:05Z,11,3,Philadelphia
401075379,OAK,DET,2019-05-16T17:10Z,17,3,Detroit
401075381,TEX,KC,2019-05-16T17:15Z,16,1,Kansas City
401075377,BAL,CLE,2019-05-16T22:10Z,7,14,Cleveland
401075384,CHC,CIN,2019-05-16T22:40Z,2,4,Cincinnati
401075385,STL,ATL,2019-05-16T23:20Z,2,10,Atlanta
401075382,TOR,CHW,2019-05-17T00:10Z,2,4,Chicago
401075386,MIN,SEA,2019-05-17T02:00Z,11,6,Seattle
401075380,PIT,SD,2019-05-17T02:10Z,3,4,San Diego
401075395,TB,NYY,2019-05-17T23:00Z,3,4,Bronx
401075388,CHC,WSH,2019-05-17T23:05Z,14,6,Washington
401075397,COL,PHI,2019-05-17T23:05Z,4,5,Philadelphia
401075387,BAL,CLE,2019-05-17T23:10Z,5,1,Cleveland
401075389,HOU,BOS,2019-05-17T23:10Z,3,1,Boston
401075391,OAK,DET,2019-05-17T23:10Z,7,2,Detroit
401075398,LAD,CIN,2019-05-17T23:10Z,6,0,Cincinnati
401075399,NYM,MIA,2019-05-17T23:10Z,6,8,Miami
401075400,MIL,ATL,2019-05-17T23:20Z,8,12,Atlanta
401075394,STL,TEX,2019-05-18T00:05Z,3,7,Arlington
401075396,TOR,CHW,2019-05-18T00:10Z,10,2,Chicago
401075393,SF,ARI,2019-05-18T01:40Z,0,7,Phoenix
401075390,KC,LAA,2019-05-18T02:07Z,2,5,Anaheim
401075392,PIT,SD,2019-05-18T02:10Z,5,3,San Diego
401075401,MIN,SEA,2019-05-18T02:10Z,7,1,Seattle
401075411,TB,NYY,2019-05-18T17:05Z,2,1,Bronx
401075412,TOR,CHW,2019-05-18T18:10Z,1,4,Chicago
401075410,STL,TEX,2019-05-18T20:00Z,8,2,Arlington
401075413,COL,PHI,2019-05-18T20:05Z,1,2,Philadelphia
401075402,BAL,CLE,2019-05-18T20:10Z,1,4,Cleveland
401075407,OAK,DET,2019-05-18T20:10Z,4,1,Detroit
401075414,LAD,CIN,2019-05-18T20:10Z,0,4,Cincinnati
401075415,NYM,MIA,2019-05-18T20:10Z,0,2,Miami
401075403,CHC,WSH,2019-05-18T23:15Z,2,5,Washington
401075404,HOU,BOS,2019-05-18T23:15Z,7,3,Boston
401075406,MIL,ATL,2019-05-18T23:15Z,3,4,Atlanta
401075408,PIT,SD,2019-05-19T00:40Z,7,2,San Diego
401075405,KC,LAA,2019-05-19T02:07Z,3,6,Anaheim
401075409,SF,ARI,2019-05-19T02:10Z,8,5,Phoenix
401075416,MIN,SEA,2019-05-19T02:10Z,18,4,Seattle
401075419,HOU,BOS,2019-05-19T17:05Z,3,4,Boston
401075425,TB,NYY,2019-05-19T17:05Z,5,13,Bronx
401075427,COL,PHI,2019-05-19T17:05Z,5,7,Philadelphia
401075417,BAL,CLE,2019-05-19T17:10Z,0,10,Cleveland
401075421,OAK,DET,2019-05-19T17:10Z,7,3,Detroit
401075428,LAD,CIN,2019-05-19T17:10Z,8,3,Cincinnati
401075429,NYM,MIA,2019-05-19T17:10Z,0,3,Miami
401075430,MIL,ATL,2019-05-19T17:20Z,3,2,Atlanta
401075426,TOR,CHW,2019-05-19T18:10Z,5,2,Chicago
401075424,STL,TEX,2019-05-19T19:05Z,4,5,Arlington
401075423,SF,ARI,2019-05-19T20:00Z,3,2,Phoenix
401075420,KC,LAA,2019-05-19T20:07Z,5,1,Anaheim
401075422,PIT,SD,2019-05-19T20:10Z,6,4,San Diego
401075431,MIN,SEA,2019-05-19T20:10Z,4,7,Seattle
401075418,CHC,WSH,2019-05-19T23:00Z,6,5,Washington
401075434,BOS,TOR,2019-05-20T17:07Z,12,2,Toronto
401075437,OAK,CLE,2019-05-20T22:10Z,6,4,Cleveland
401075441,NYY,BAL,2019-05-20T23:00Z,10,7,Baltimore
401075440,WSH,NYM,2019-05-20T23:10Z,3,5,Queens
401075438,PHI,CHC,2019-05-21T00:05Z,5,4,Chicago
401075439,SEA,TEX,2019-05-21T00:05Z,9,10,Arlington
401075435,CHW,HOU,2019-05-21T00:10Z,0,3,Houston
401075433,ATL,SF,2019-05-21T01:45Z,4,1,San Francisco
401075436,MIN,LAA,2019-05-21T02:07Z,3,1,Anaheim
401075432,ARI,SD,2019-05-21T02:10Z,1,2,San Diego
401075451,OAK,CLE,2019-05-21T22:10Z,5,3,Cleveland
401075452,PHI,CHC,2019-05-21T23:00Z,2,3,Chicago
401075455,COL,PIT,2019-05-21T23:00Z,5,0,Pittsburgh
401075456,NYY,BAL,2019-05-21T23:05Z,11,4,Baltimore
401075444,BOS,TOR,2019-05-21T23:07Z,3,10,Toronto
401075448,LAD,TB,2019-05-21T23:10Z,7,3,St. Petersburg
401075449,MIA,DET,2019-05-21T23:10Z,5,4,Detroit
401075454,WSH,NYM,2019-05-21T23:10Z,5,6,Queens
401075446,CIN,MIL,2019-05-21T23:40Z,3,0,Milwaukee
401075453,SEA,TEX,2019-05-22T00:05Z,3,5,Arlington
401075445,CHW,HOU,2019-05-22T00:10Z,1,5,Houston
401075443,ATL,SF,2019-05-22T01:45Z,3,4,San Francisco
401075450,MIN,LAA,2019-05-22T02:07Z,8,3,Anaheim
401075442,ARI,SD,2019-05-22T02:10Z,2,3,San Diego
401075461,CIN,MIL,2019-05-22T17:10Z,9,11,Milwaukee
401075466,OAK,CLE,2019-05-22T17:10Z,7,2,Cleveland
401075462,KC,STL,2019-05-22T17:15Z,8,2,St. Louis
401075468,SEA,TEX,2019-05-22T18:05Z,1,2,Arlington
401075457,ARI,SD,2019-05-22T19:40Z,2,5,San Diego
401075470,COL,PIT,2019-05-22T23:05Z,9,3,Pittsburgh
401075471,NYY,BAL,2019-05-22T23:05Z,7,5,Baltimore
401075459,BOS,TOR,2019-05-22T23:07Z,6,5,Toronto
401075463,LAD,TB,2019-05-22T23:10Z,1,8,St. Petersburg
401075464,MIA,DET,2019-05-22T23:10Z,6,3,Detroit
401075469,WSH,NYM,2019-05-22T23:10Z,1,6,Queens
401134861,KC,STL,2019-05-22T23:45Z,3,10,St. Louis
401075467,PHI,CHC,2019-05-23T00:05Z,4,8,Chicago
401075460,CHW,HOU,2019-05-23T00:10Z,9,4,Houston
401075458,ATL,SF,2019-05-23T01:45Z,9,2,San Francisco
401075478,WSH,NYM,2019-05-23T16:10Z,4,6,Queens
401075479,COL,PIT,2019-05-23T16:35Z,6,14,Pittsburgh
401075480,NYY,BAL,2019-05-23T16:35Z,6,5,Baltimore
401075473,BOS,TOR,2019-05-23T16:37Z,8,2,Toronto
401075475,MIA,DET,2019-05-23T17:10Z,5,2,Detroit
401075476,PHI,CHC,2019-05-23T18:20Z,9,7,Chicago
401075472,ATL,SF,2019-05-23T19:45Z,5,4,San Francisco
401135106,MIN,LAA,2019-05-23T20:00Z,16,7,Anaheim
401075477,TB,CLE,2019-05-23T22:10Z,7,2,Cleveland
401075474,CHW,HOU,2019-05-24T00:10Z,4,0,Houston
401075484,CIN,CHC,2019-05-24T18:20Z,6,5,Chicago
401075486,MIA,WSH,2019-05-24T23:05Z,10,12,Washington
401075492,LAD,PIT,2019-05-24T23:05Z,10,2,Pittsburgh
401075489,SD,TOR,2019-05-24T23:07Z,6,3,Toronto
401075485,DET,NYM,2019-05-24T23:10Z,9,8,Queens
401075490,TB,CLE,2019-05-24T23:10Z,1,3,Cleveland
401075483,BOS,HOU,2019-05-25T00:10Z,3,4,Houston
401075488,PHI,MIL,2019-05-25T00:10Z,6,4,Milwaukee
401075493,CHW,MIN,2019-05-25T00:10Z,4,11,Minneapolis
401075482,ATL,STL,2019-05-25T00:15Z,5,2,St. Louis
401075494,BAL,COL,2019-05-25T00:40Z,6,8,Denver
401075495,SEA,OAK,2019-05-25T02:00Z,2,6,Oakland
401075491,TEX,LAA,2019-05-25T02:07Z,4,3,Anaheim
401075481,ARI,SF,2019-05-25T02:15Z,18,2,San Francisco
401075500,CHW,MIN,2019-05-25T18:10Z,1,8,Minneapolis
401075504,NYY,KC,2019-05-25T18:15Z,7,3,Kansas City
401075501,CIN,CHC,2019-05-25T18:20Z,6,8,Chicago
401075506,SD,TOR,2019-05-25T19:07Z,19,4,Toronto
401075496,ARI,SF,2019-05-25T20:05Z,10,4,San Francisco
401075503,MIA,WSH,2019-05-25T20:05Z,0,5,Washington
401075510,SEA,OAK,2019-05-25T20:07Z,5,6,Oakland
401075502,DET,NYM,2019-05-25T20:10Z,4,5,Queens
401075505,PHI,MIL,2019-05-25T20:10Z,7,2,Milwaukee
401075507,TB,CLE,2019-05-25T20:10Z,6,2,Cleveland
401075497,ATL,STL,2019-05-25T23:15Z,3,6,St. Louis
401075499,BOS,HOU,2019-05-25T23:15Z,3,4,Houston
401075509,LAD,PIT,2019-05-25T23:15Z,7,2,Pittsburgh
401135422,NYY,KC,2019-05-26T00:15Z,6,5,Kansas City
401075498,BAL,COL,2019-05-26T01:10Z,9,6,Denver
401075508,TEX,LAA,2019-05-26T02:00Z,2,3,Anaheim
401075519,SD,TOR,2019-05-26T17:07Z,1,10,Toronto
401075515,DET,NYM,2019-05-26T17:10Z,3,4,Queens
401075520,TB,CLE,2019-05-26T17:10Z,6,3,Cleveland
401075516,MIA,WSH,2019-05-26T17:35Z,6,9,Washington
401075522,LAD,PIT,2019-05-26T17:35Z,11,7,Pittsburgh
401075513,BOS,HOU,2019-05-26T18:10Z,4,1,Houston
401075518,PHI,MIL,2019-05-26T18:10Z,1,9,Milwaukee
401075523,CHW,MIN,2019-05-26T18:10Z,0,7,Minneapolis
401075517,NYY,KC,2019-05-26T18:15Z,7,8,Kansas City
401075514,CIN,CHC,2019-05-26T18:20Z,10,2,Chicago
401075524,BAL,COL,2019-05-26T19:00Z,7,8,Denver
401075511,ARI,SF,2019-05-26T20:05Z,6,2,San Francisco
401075521,TEX,LAA,2019-05-26T20:07Z,6,7,Anaheim
401075525,SEA,OAK,2019-05-26T20:07Z,1,7,Oakland
401075512,ATL,STL,2019-05-26T23:00Z,4,3,St. Louis
401075530,MIA,WSH,2019-05-27T17:00Z,3,2,Washington
401075532,SD,NYY,2019-05-27T17:05Z,2,5,Bronx
401075534,DET,BAL,2019-05-27T17:05Z,3,5,Baltimore
401075533,TOR,TB,2019-05-27T17:10Z,3,8,St. Petersburg
401075535,PIT,CIN,2019-05-27T17:10Z,8,5,Cincinnati
401075527,CHC,HOU,2019-05-27T18:10Z,5,6,Houston
401075529,KC,CHW,2019-05-27T18:10Z,1,2,Chicago
401075526,ARI,COL,2019-05-27T19:10Z,3,4,Denver
401075528,CLE,BOS,2019-05-27T20:00Z,5,12,Boston
401075536,LAA,OAK,2019-05-27T20:07Z,5,8,Oakland
401075537,MIL,MIN,2019-05-27T23:10Z,5,4,Minneapolis
401125593,PIT,CIN,2019-05-27T23:10Z,1,8,Cincinnati
401075531,NYM,LAD,2019-05-28T00:00Z,5,9,Los Angeles
401075538,TEX,SEA,2019-05-28T01:10Z,2,6,Seattle
401075543,SD,NYY,2019-05-28T22:35Z,5,4,Bronx
401075545,PIT,CIN,2019-05-28T22:40Z,6,11,Cincinnati
401075546,DET,BAL,2019-05-28T23:05Z,3,0,Baltimore
401075547,STL,PHI,2019-05-28T23:05Z,3,4,Philadelphia
401075540,CLE,BOS,2019-05-28T23:10Z,7,5,Boston
401075544,TOR,TB,2019-05-28T23:10Z,1,3,St. Petersburg
401075548,SF,MIA,2019-05-28T23:10Z,3,11,Miami
401075549,WSH,ATL,2019-05-28T23:20Z,5,4,Atlanta
401075541,KC,CHW,2019-05-28T23:40Z,3,4,Chicago
401075539,CHC,HOU,2019-05-29T00:10Z,6,9,Houston
401075550,MIL,MIN,2019-05-29T00:10Z,3,5,Minneapolis
401075551,ARI,COL,2019-05-29T00:40Z,2,6,Denver
401075553,TEX,SEA,2019-05-29T02:00Z,11,4,Seattle
401075552,LAA,OAK,2019-05-29T02:07Z,6,4,Oakland
401075542,NYM,LAD,2019-05-29T02:10Z,7,3,Los Angeles
401075560,PIT,CIN,2019-05-29T16:35Z,7,2,Cincinnati
401075558,SD,NYY,2019-05-29T17:05Z,0,7,Bronx
401075561,LAA,OAK,2019-05-29T19:37Z,12,7,Oakland
401075562,TEX,SEA,2019-05-29T19:40Z,8,7,Seattle
401075555,CLE,BOS,2019-05-29T22:10Z,14,9,Boston
401075563,DET,BAL,2019-05-29T23:05Z,4,2,Baltimore
401075564,STL,PHI,2019-05-29T23:05Z,4,11,Philadelphia
401075559,TOR,TB,2019-05-29T23:10Z,3,4,St. Petersburg
401075565,SF,MIA,2019-05-29T23:10Z,2,4,Miami
401075566,WSH,ATL,2019-05-29T23:20Z,14,4,Atlanta
401075554,CHC,HOU,2019-05-30T00:00Z,2,1,Houston
401075556,KC,CHW,2019-05-30T00:10Z,7,8,Chicago
401075567,ARI,COL,2019-05-30T00:40Z,4,5,Denver
401075557,NYM,LAD,2019-05-30T02:10Z,8,9,Los Angeles
401075573,STL,PHI,2019-05-30T17:05Z,5,3,Philadelphia
401075574,SF,MIA,2019-05-30T17:10Z,3,1,Miami
401075575,ARI,COL,2019-05-30T19:10Z,10,11,Denver
401075576,MIL,PIT,2019-05-30T23:05Z,11,5,Pittsburgh
401075571,MIN,TB,2019-05-30T23:10Z,3,14,St. Petersburg
401075570,KC,TEX,2019-05-31T00:05Z,4,2,Arlington
401075569,CLE,CHW,2019-05-31T00:10Z,4,10,Chicago
401075572,NYM,LAD,2019-05-31T02:00Z,0,2,Los Angeles
401075577,LAA,SEA,2019-05-31T02:10Z,9,3,Seattle
401075587,SF,BAL,2019-05-31T23:00Z,6,9,Baltimore
401075578,BOS,NYY,2019-05-31T23:05Z,1,4,Bronx
401075586,MIL,PIT,2019-05-31T23:05Z,4,9,Pittsburgh
401075583,MIN,TB,2019-05-31T23:10Z,5,3,St. Petersburg
401075588,WSH,CIN,2019-05-31T23:10Z,3,9,Cincinnati
401075589,DET,ATL,2019-05-31T23:20Z,8,2,Atlanta
401075581,KC,TEX,2019-06-01T00:05Z,2,6,Arlington
401075580,CLE,CHW,2019-06-01T00:10Z,1,6,Chicago
401075579,CHC,STL,2019-06-01T00:15Z,1,2,St. Louis
401075590,TOR,COL,2019-06-01T00:40Z,6,13,Denver
401075584,NYM,ARI,2019-06-01T01:40Z,5,4,Phoenix
401075591,HOU,OAK,2019-06-01T02:07Z,3,2,Oakland
401075582,MIA,SD,2019-06-01T02:10Z,2,5,San Diego
401075585,PHI,LAD,2019-06-01T02:10Z,3,6,Los Angeles
401075592,LAA,SEA,2019-06-01T02:10Z,3,4,Seattle
401075599,MIN,TB,2019-06-01T17:10Z,6,2,St. Petersburg
401075595,CLE,CHW,2019-06-01T18:10Z,5,2,Chicago
401075597,KC,TEX,2019-06-01T20:05Z,2,6,Arlington
401075603,MIL,PIT,2019-06-01T20:05Z,12,10,Pittsburgh
401075604,SF,BAL,2019-06-01T20:05Z,8,2,Baltimore
401075596,DET,ATL,2019-06-01T20:10Z,5,10,Atlanta
401075605,WSH,CIN,2019-06-01T20:10Z,5,2,Cincinnati
401075593,BOS,NYY,2019-06-01T23:15Z,3,5,Bronx
401075594,CHC,STL,2019-06-01T23:15Z,4,7,St. Louis
401075607,LAA,SEA,2019-06-01T23:15Z,6,3,Seattle
401075602,TOR,COL,2019-06-02T01:10Z,2,4,Denver
401075598,MIA,SD,2019-06-02T02:00Z,9,3,San Diego
401075606,HOU,OAK,2019-06-02T02:07Z,5,1,Oakland
401075600,NYM,ARI,2019-06-02T02:10Z,5,6,Phoenix
401075601,PHI,LAD,2019-06-02T02:10Z,3,4,Los Angeles
401075616,SF,BAL,2019-06-02T17:05Z,8,1,Baltimore
401075613,MIN,TB,2019-06-02T17:10Z,9,7,St. Petersburg
401075617,WSH,CIN,2019-06-02T17:10Z,4,1,Cincinnati
401075618,DET,ATL,2019-06-02T17:20Z,4,7,Atlanta
401075619,MIL,PIT,2019-06-02T17:35Z,4,2,Pittsburgh
401075610,CLE,CHW,2019-06-02T18:10Z,0,2,Chicago
401075609,CHC,STL,2019-06-02T18:15Z,1,2,St. Louis
401075611,KC,TEX,2019-06-02T19:05Z,1,5,Arlington
401075620,TOR,COL,2019-06-02T19:10Z,1,5,Denver
401075615,PHI,LAD,2019-06-02T20:00Z,0,8,Los Angeles
401075621,HOU,OAK,2019-06-02T20:07Z,6,4,Oakland
401075614,NYM,ARI,2019-06-02T20:10Z,1,7,Phoenix
401075622,LAA,SEA,2019-06-02T20:10Z,13,3,Seattle
401075612,MIA,SD,2019-06-02T22:10Z,9,3,San Diego
401075608,BOS,NYY,2019-06-02T23:00Z,8,5,Bronx
401127733,LAA,CHC,2019-06-03T20:05Z,1,8,Chicago
401075623,LAD,ARI,2019-06-04T01:40Z,3,1,Phoenix
401075624,PHI,SD,2019-06-04T02:00Z,2,8,San Diego
401075625,HOU,SEA,2019-06-04T02:00Z,4,2,Seattle
401075628,CHW,WSH,2019-06-04T23:05Z,5,9,Washington
401075639,ATL,PIT,2019-06-04T23:05Z,12,5,Pittsburgh
401075634,NYY,TOR,2019-06-04T23:07Z,3,4,Toronto
401075633,MIN,CLE,2019-06-04T23:10Z,2,5,Cleveland
401075637,SF,NYM,2019-06-04T23:10Z,9,3,Queens
401075638,TB,DET,2019-06-04T23:10Z,6,9,Detroit
401075632,MIA,MIL,2019-06-04T23:40Z,16,0,Milwaukee
401075627,BOS,KC,2019-06-05T00:00Z,8,3,Kansas City
401075626,BAL,TEX,2019-06-05T00:05Z,12,11,Arlington
401075630,COL,CHC,2019-06-05T00:05Z,3,6,Chicago
401075629,CIN,STL,2019-06-05T00:15Z,4,1,St. Louis
401075631,LAD,ARI,2019-06-05T01:40Z,9,0,Phoenix
401075635,OAK,LAA,2019-06-05T02:07Z,4,2,Anaheim
401075636,PHI,SD,2019-06-05T02:10Z,9,6,San Diego
401075640,HOU,SEA,2019-06-05T02:10Z,11,5,Seattle
401075643,CHW,WSH,2019-06-05T17:05Z,4,6,Washington
401075646,LAD,ARI,2019-06-05T19:40Z,2,3,Phoenix
401075651,PHI,SD,2019-06-05T19:40Z,7,5,San Diego
401075654,ATL,PIT,2019-06-05T23:05Z,4,7,Pittsburgh
401075649,NYY,TOR,2019-06-05T23:07Z,7,11,Toronto
401075648,MIN,CLE,2019-06-05T23:10Z,7,9,Cleveland
401075652,SF,NYM,2019-06-05T23:10Z,0,7,Queens
401075653,TB,DET,2019-06-05T23:10Z,4,0,Detroit
401075647,MIA,MIL,2019-06-05T23:40Z,8,3,Milwaukee
401075641,BAL,TEX,2019-06-06T00:05Z,1,2,Arlington
401075645,COL,CHC,2019-06-06T00:05Z,8,9,Chicago
401075642,BOS,KC,2019-06-06T00:15Z,8,0,Kansas City
401075650,OAK,LAA,2019-06-06T02:07Z,9,10,Anaheim
401075655,HOU,SEA,2019-06-06T02:10Z,1,14,Seattle
401075664,SF,NYM,2019-06-06T16:10Z,3,7,Queens
401075667,ATL,PIT,2019-06-06T16:35Z,1,6,Pittsburgh
401075665,TB,DET,2019-06-06T17:10Z,6,1,Detroit
401075657,BOS,KC,2019-06-06T17:15Z,7,5,Kansas City
401075658,CIN,STL,2019-06-06T17:15Z,1,3,St. Louis
401075660,MIA,MIL,2019-06-06T18:10Z,1,5,Milwaukee
401075659,COL,CHC,2019-06-06T18:20Z,3,1,Chicago
401075668,HOU,SEA,2019-06-06T19:40Z,8,7,Seattle
401075661,MIN,CLE,2019-06-06T23:00Z,5,4,Cleveland
401075662,NYY,TOR,2019-06-06T23:00Z,6,2,Toronto
401075656,BAL,TEX,2019-06-07T00:05Z,3,4,Arlington
401075663,OAK,LAA,2019-06-07T02:07Z,7,4,Anaheim
401075666,WSH,SD,2019-06-07T02:10Z,4,5,San Diego
401075679,STL,CHC,2019-06-07T18:20Z,1,3,Chicago
401075682,CIN,PHI,2019-06-07T23:05Z,2,4,Philadelphia
401075669,ARI,TOR,2019-06-07T23:07Z,8,2,Toronto
401075672,COL,NYM,2019-06-07T23:10Z,5,1,Queens
401075674,MIN,DET,2019-06-07T23:10Z,6,3,Detroit
401075675,NYY,CLE,2019-06-07T23:10Z,2,5,Cleveland
401075680,TB,BOS,2019-06-07T23:10Z,5,1,Boston
401075683,ATL,MIA,2019-06-07T23:10Z,7,1,Miami
401075676,OAK,TEX,2019-06-08T00:05Z,5,3,Arlington
401075670,BAL,HOU,2019-06-08T00:10Z,3,4,Houston
401075677,PIT,MIL,2019-06-08T00:10Z,4,10,Milwaukee
401075671,CHW,KC,2019-06-08T00:15Z,4,6,Kansas City
401075678,SEA,LAA,2019-06-08T02:07Z,6,2,Anaheim
401075681,WSH,SD,2019-06-08T02:10Z,4,5,San Diego
401075673,LAD,SF,2019-06-08T02:15Z,1,2,San Francisco
401075695,TB,BOS,2019-06-08T17:05Z,9,2,Boston
401127493,OAK,TEX,2019-06-08T18:05Z,5,10,Arlington
401075686,CHW,KC,2019-06-08T18:15Z,2,0,Kansas City
401075684,ARI,TOR,2019-06-08T19:07Z,6,0,Toronto
401075697,CIN,PHI,2019-06-08T20:05Z,1,4,Philadelphia
401075685,BAL,HOU,2019-06-08T20:10Z,4,1,Houston
401075689,MIN,DET,2019-06-08T20:10Z,3,9,Detroit
401075690,NYY,CLE,2019-06-08T20:10Z,4,8,Cleveland
401075692,PIT,MIL,2019-06-08T20:10Z,3,5,Milwaukee
401075698,ATL,MIA,2019-06-08T20:10Z,1,0,Miami
401129333,TB,BOS,2019-06-08T22:10Z,1,5,Boston
401075687,COL,NYM,2019-06-08T23:15Z,3,5,Queens
401075688,LAD,SF,2019-06-08T23:15Z,7,2,San Francisco
401075694,STL,CHC,2019-06-08T23:15Z,4,9,Chicago
401075691,OAK,TEX,2019-06-09T01:05Z,1,3,Arlington
401075696,WSH,SD,2019-06-09T02:00Z,4,1,San Diego
401075693,SEA,LAA,2019-06-09T02:07Z,3,12,Anaheim
401075710,TB,BOS,2019-06-09T17:05Z,6,1,Boston
401075712,CIN,PHI,2019-06-09T17:05Z,4,3,Philadelphia
401075699,ARI,TOR,2019-06-09T17:07Z,8,2,Toronto
401075702,COL,NYM,2019-06-09T17:10Z,1,6,Queens
401075704,MIN,DET,2019-06-09T17:10Z,12,2,Detroit
401075705,NYY,CLE,2019-06-09T17:10Z,7,6,Cleveland
401075713,ATL,MIA,2019-06-09T17:10Z,7,6,Miami
401075700,BAL,HOU,2019-06-09T18:10Z,0,4,Houston
401075707,PIT,MIL,2019-06-09T18:10Z,2,5,Milwaukee
401075701,CHW,KC,2019-06-09T18:15Z,5,2,Kansas City
401075706,OAK,TEX,2019-06-09T19:05Z,9,8,Arlington
401075708,SEA,LAA,2019-06-09T20:00Z,9,3,Anaheim
401075703,LAD,SF,2019-06-09T20:05Z,1,0,San Francisco
401075711,WSH,SD,2019-06-09T20:10Z,5,2,San Diego
401075709,STL,CHC,2019-06-09T23:00Z,1,5,Chicago
401075716,OAK,TB,2019-06-10T23:00Z,2,6,St. Petersburg
401075719,ARI,PHI,2019-06-10T23:05Z,13,8,Philadelphia
401075717,TEX,BOS,2019-06-10T23:10Z,4,3,Boston
401075720,STL,MIA,2019-06-10T23:10Z,4,1,Miami
401075721,PIT,ATL,2019-06-10T23:20Z,7,13,Atlanta
401075718,WSH,CHW,2019-06-11T00:10Z,12,1,Chicago
401075722,CHC,COL,2019-06-11T00:40Z,5,6,Denver
401075714,LAD,LAA,2019-06-11T02:07Z,3,5,Anaheim
401137674,NYM,NYY,2019-06-11T17:05Z,5,12,Bronx
401075723,CIN,CLE,2019-06-11T23:00Z,1,2,Cleveland
401075727,NYM,NYY,2019-06-11T23:00Z,10,4,Bronx
401075732,ARI,PHI,2019-06-11T23:05Z,4,7,Philadelphia
401075733,TOR,BAL,2019-06-11T23:05Z,2,4,Baltimore
401075728,OAK,TB,2019-06-11T23:10Z,4,3,St. Petersburg
401075730,TEX,BOS,2019-06-11T23:10Z,9,5,Boston
401075734,STL,MIA,2019-06-11T23:10Z,7,1,Miami
401075735,PIT,ATL,2019-06-11T23:20Z,5,7,Atlanta
401075726,MIL,HOU,2019-06-12T00:10Z,8,10,Houston
401075731,WSH,CHW,2019-06-12T00:10Z,5,7,Chicago
401075736,SEA,MIN,2019-06-12T00:10Z,5,6,Minneapolis
401075724,DET,KC,2019-06-12T00:15Z,2,3,Kansas City
401075737,CHC,COL,2019-06-12T00:40Z,3,10,Denver
401075729,SD,SF,2019-06-12T01:45Z,5,6,San Francisco
401075725,LAD,LAA,2019-06-12T02:07Z,3,5,Anaheim
401075741,OAK,TB,2019-06-12T16:10Z,6,2,St. Petersburg
401075738,CIN,CLE,2019-06-12T17:10Z,7,2,Cleveland
401075744,CHC,COL,2019-06-12T19:10Z,10,1,Denver
401075743,TEX,BOS,2019-06-12T20:05Z,3,4,Boston
401075745,ARI,PHI,2019-06-12T23:05Z,2,0,Philadelphia
401075746,TOR,BAL,2019-06-12T23:05Z,8,6,Baltimore
401075747,STL,MIA,2019-06-12T23:10Z,0,9,Miami
401075748,PIT,ATL,2019-06-12T23:20Z,7,8,Atlanta
401075739,DET,KC,2019-06-13T00:00Z,3,2,Kansas City
401075740,MIL,HOU,2019-06-13T00:10Z,6,3,Houston
401075749,SEA,MIN,2019-06-13T00:10Z,9,6,Minneapolis
401075742,SD,SF,2019-06-13T01:45Z,2,4,San Francisco
401075757,PIT,ATL,2019-06-13T16:10Z,5,6,Atlanta
401075758,SEA,MIN,2019-06-13T17:10Z,5,10,Minneapolis
401075759,TOR,BAL,2019-06-13T23:00Z,12,3,Baltimore
401075751,ARI,WSH,2019-06-13T23:05Z,5,0,Washington
401075750,LAA,TB,2019-06-13T23:10Z,5,3,St. Petersburg
401075755,STL,NYM,2019-06-13T23:10Z,5,4,Queens
401075756,TEX,BOS,2019-06-13T23:10Z,6,7,Boston
401075753,DET,KC,2019-06-14T00:00Z,3,7,Omaha
401075754,NYY,CHW,2019-06-14T00:10Z,4,5,Chicago
401075760,SD,COL,2019-06-14T00:40Z,6,9,Denver
401075752,CHC,LAD,2019-06-14T02:10Z,3,7,Los Angeles
401075762,ARI,WSH,2019-06-14T23:05Z,3,7,Washington
401075769,BOS,BAL,2019-06-14T23:05Z,13,2,Baltimore
401075761,LAA,TB,2019-06-14T23:10Z,4,9,St. Petersburg
401075764,CLE,DET,2019-06-14T23:10Z,13,4,Detroit
401075767,STL,NYM,2019-06-14T23:10Z,9,5,Queens
401075770,PIT,MIA,2019-06-14T23:10Z,11,0,Miami
401075771,TEX,CIN,2019-06-14T23:10Z,7,1,Cincinnati
401075772,PHI,ATL,2019-06-14T23:20Z,8,9,Atlanta
401075766,NYY,CHW,2019-06-15T00:10Z,2,10,Chicago
401075768,TOR,HOU,2019-06-15T00:10Z,2,15,Houston
401075773,KC,MIN,2019-06-15T00:10Z,0,2,Minneapolis
401075774,SD,COL,2019-06-15T00:40Z,16,12,Denver
401075775,SEA,OAK,2019-06-15T01:37Z,9,2,Oakland
401075763,CHC,LAD,2019-06-15T02:00Z,3,5,Los Angeles
401075765,MIL,SF,2019-06-15T02:15Z,3,5,San Francisco
401075776,LAA,TB,2019-06-15T17:00Z,5,3,St. Petersburg
401075777,ARI,WSH,2019-06-15T20:05Z,10,3,Washington
401075781,MIL,SF,2019-06-15T20:05Z,7,8,San Francisco
401075787,BOS,BAL,2019-06-15T20:05Z,7,2,Baltimore
401075786,TOR,HOU,2019-06-15T20:10Z,2,7,Houston
401075779,CLE,DET,2019-06-15T22:10Z,4,2,Detroit
401075789,PIT,MIA,2019-06-15T22:10Z,3,4,Miami
401075780,KC,MIN,2019-06-15T23:10Z,4,5,Minneapolis
401075782,NYY,CHW,2019-06-15T23:10Z,8,4,Chicago
401075785,STL,NYM,2019-06-15T23:10Z,7,8,Queens
401075790,TEX,CIN,2019-06-15T23:10Z,4,3,Cincinnati
401075783,PHI,ATL,2019-06-15T23:20Z,6,5,Atlanta
401075784,SD,COL,2019-06-16T00:10Z,8,14,Denver
401075788,SEA,OAK,2019-06-16T01:07Z,2,11,Oakland
401075778,CHC,LAD,2019-06-16T01:10Z,2,1,Los Angeles
401075801,TEX,CIN,2019-06-16T17:00Z,3,11,Cincinnati
401075799,BOS,BAL,2019-06-16T17:05Z,8,6,Baltimore
401075791,LAA,TB,2019-06-16T17:10Z,5,6,St. Petersburg
401075794,CLE,DET,2019-06-16T17:10Z,8,0,Detroit
401075797,STL,NYM,2019-06-16T17:10Z,4,3,Queens
401075800,PIT,MIA,2019-06-16T17:10Z,5,4,Miami
401075802,PHI,ATL,2019-06-16T17:20Z,1,15,Atlanta
401075792,ARI,WSH,2019-06-16T17:35Z,5,15,Washington
401075796,NYY,CHW,2019-06-16T18:10Z,10,3,Chicago
401075798,TOR,HOU,2019-06-16T18:10Z,12,0,Houston
401075803,KC,MIN,2019-06-16T18:10Z,8,6,Minneapolis
401075804,SD,COL,2019-06-16T19:10Z,14,13,Denver
401075795,MIL,SF,2019-06-16T20:05Z,5,3,San Francisco
401075805,SEA,OAK,2019-06-16T20:07Z,6,3,Oakland
401075793,CHC,LAD,2019-06-16T23:00Z,2,3,Los Angeles
401075812,TB,NYY,2019-06-17T23:05Z,0,3,Bronx
401075806,LAA,TOR,2019-06-17T23:07Z,10,5,Toronto
401075813,HOU,CIN,2019-06-17T23:10Z,2,3,Cincinnati
401075814,NYM,ATL,2019-06-17T23:20Z,3,12,Atlanta
401075807,CLE,TEX,2019-06-18T00:05Z,2,7,Arlington
401075815,BOS,MIN,2019-06-18T00:10Z,2,0,Minneapolis
401075808,MIA,STL,2019-06-18T00:15Z,0,5,St. Louis
401075811,SF,LAD,2019-06-18T02:00Z,3,2,Los Angeles
401075816,BAL,OAK,2019-06-18T02:07Z,2,3,Oakland
401075809,MIL,SD,2019-06-18T02:10Z,0,2,San Diego
401075817,KC,SEA,2019-06-18T02:10Z,6,4,Seattle
401075826,TB,NYY,2019-06-18T23:05Z,3,6,Bronx
401075827,DET,PIT,2019-06-18T23:05Z,5,4,Pittsburgh
401075818,LAA,TOR,2019-06-18T23:07Z,3,1,Toronto
401075828,HOU,CIN,2019-06-18T23:10Z,3,4,Cincinnati
401075829,NYM,ATL,2019-06-18T23:20Z,10,2,Atlanta
401075819,CHW,CHC,2019-06-19T00:00Z,3,1,Chicago
401075820,CLE,TEX,2019-06-19T00:05Z,10,3,Arlington
401075830,BOS,MIN,2019-06-19T00:10Z,3,4,Minneapolis
401075822,MIA,STL,2019-06-19T00:15Z,6,0,St. Louis
401075821,COL,ARI,2019-06-19T01:40Z,8,1,Phoenix
401075831,BAL,OAK,2019-06-19T02:07Z,2,16,Oakland
401075823,MIL,SD,2019-06-19T02:10Z,1,4,San Diego
401075825,SF,LAD,2019-06-19T02:10Z,0,9,Los Angeles
401075832,KC,SEA,2019-06-19T02:10Z,9,0,Seattle
401075842,HOU,CIN,2019-06-19T16:35Z,2,3,Cincinnati
401075841,TB,NYY,2019-06-19T17:05Z,1,12,Bronx
401140507,PHI,WSH,2019-06-19T17:05Z,2,6,Washington
401075843,BAL,OAK,2019-06-19T19:37Z,3,8,Oakland
401075838,MIL,SD,2019-06-19T19:40Z,7,8,San Diego
401075844,KC,SEA,2019-06-19T22:40Z,2,8,Seattle
401075839,PHI,WSH,2019-06-19T23:05Z,0,2,Washington
401075845,DET,PIT,2019-06-19T23:05Z,7,8,Pittsburgh
401075833,LAA,TOR,2019-06-19T23:07Z,11,6,Toronto
401075846,NYM,ATL,2019-06-19T23:20Z,2,7,Atlanta
401075834,CHW,CHC,2019-06-20T00:05Z,3,7,Chicago
401075835,CLE,TEX,2019-06-20T00:05Z,10,4,Arlington
401075847,BOS,MIN,2019-06-20T00:10Z,9,4,Minneapolis
401075837,MIA,STL,2019-06-20T00:15Z,1,2,St. Louis
401075836,COL,ARI,2019-06-20T01:40Z,6,4,Phoenix
401075840,SF,LAD,2019-06-20T02:00Z,2,9,Los Angeles
401075850,CLE,TEX,2019-06-20T18:05Z,2,4,Arlington
401075851,COL,ARI,2019-06-20T19:40Z,6,4,Phoenix
401075852,HOU,NYY,2019-06-20T23:05Z,6,10,Bronx
401075856,PHI,WSH,2019-06-20T23:05Z,4,7,Washington
401075848,LAA,TOR,2019-06-20T23:07Z,5,7,Toronto
401075853,MIA,STL,2019-06-20T23:15Z,7,6,St. Louis
401075849,CIN,MIL,2019-06-21T00:00Z,7,1,Milwaukee
401075855,NYM,CHC,2019-06-21T00:05Z,4,7,Chicago
401075854,MIN,KC,2019-06-21T00:15Z,1,4,Kansas City
401075858,TB,OAK,2019-06-21T02:07Z,4,5,Oakland
401075857,SF,LAD,2019-06-21T02:10Z,8,9,Los Angeles
401075859,BAL,SEA,2019-06-21T02:10Z,2,5,Seattle
401075868,NYM,CHC,2019-06-21T18:20Z,5,4,Chicago
401075861,ATL,WSH,2019-06-21T23:05Z,3,4,Washington
401075866,HOU,NYY,2019-06-21T23:05Z,1,4,Bronx
401075871,MIA,PHI,2019-06-21T23:05Z,2,1,Philadelphia
401075872,SD,PIT,2019-06-21T23:05Z,1,2,Pittsburgh
401075865,DET,CLE,2019-06-21T23:10Z,6,7,Cleveland
401075870,TOR,BOS,2019-06-21T23:10Z,5,7,Boston
401075860,LAA,STL,2019-06-22T00:00Z,1,5,St. Louis
401075862,CHW,TEX,2019-06-22T00:05Z,5,4,Arlington
401075863,CIN,MIL,2019-06-22T00:10Z,11,7,Milwaukee
401075867,MIN,KC,2019-06-22T00:15Z,8,7,Kansas City
401075869,SF,ARI,2019-06-22T01:40Z,11,5,Phoenix
401075873,TB,OAK,2019-06-22T02:07Z,5,3,Oakland
401075864,COL,LAD,2019-06-22T02:10Z,2,4,Los Angeles
401075874,BAL,SEA,2019-06-22T02:10Z,9,10,Seattle
401075875,LAA,STL,2019-06-22T18:15Z,2,4,St. Louis
401075882,MIN,KC,2019-06-22T18:15Z,5,3,Kansas City
401075883,NYM,CHC,2019-06-22T18:20Z,10,2,Chicago
401075885,TOR,BOS,2019-06-22T20:05Z,8,7,Boston
401075886,MIA,PHI,2019-06-22T20:05Z,5,3,Philadelphia
401075887,SD,PIT,2019-06-22T20:05Z,3,6,Pittsburgh
401075888,TB,OAK,2019-06-22T20:07Z,2,4,Oakland
401075878,CIN,MIL,2019-06-22T20:10Z,5,6,Milwaukee
401075880,DET,CLE,2019-06-22T20:10Z,0,2,Cleveland
401075889,BAL,SEA,2019-06-22T20:10Z,8,4,Seattle
401075876,ATL,WSH,2019-06-22T23:15Z,13,9,Washington
401075879,COL,LAD,2019-06-22T23:15Z,4,5,Los Angeles
401075881,HOU,NYY,2019-06-22T23:15Z,5,7,Bronx
401075877,CHW,TEX,2019-06-23T01:05Z,5,6,Arlington
401075884,SF,ARI,2019-06-23T02:00Z,7,4,Phoenix
401075895,DET,CLE,2019-06-23T17:00Z,3,8,Cleveland
401075900,TOR,BOS,2019-06-23T17:05Z,6,1,Boston
401075901,MIA,PHI,2019-06-23T17:05Z,6,4,Philadelphia
401075891,ATL,WSH,2019-06-23T17:35Z,4,3,Washington
401075902,SD,PIT,2019-06-23T17:35Z,10,11,Pittsburgh
401075896,HOU,NYY,2019-06-23T18:05Z,9,4,Bronx
401075893,CIN,MIL,2019-06-23T18:10Z,5,7,Milwaukee
401075897,MIN,KC,2019-06-23T18:15Z,1,6,Kansas City
401075898,NYM,CHC,2019-06-23T18:20Z,3,5,Chicago
401075892,CHW,TEX,2019-06-23T19:05Z,4,7,Arlington
401075903,TB,OAK,2019-06-23T20:07Z,8,2,Oakland
401075894,COL,LAD,2019-06-23T20:10Z,3,6,Los Angeles
401075899,SF,ARI,2019-06-23T20:10Z,2,3,Phoenix
401075904,BAL,SEA,2019-06-23T20:10Z,3,13,Seattle
401075890,LAA,STL,2019-06-23T23:00Z,6,4,St. Louis
401075910,TOR,NYY,2019-06-24T23:00Z,8,10,Bronx
401075911,NYM,PHI,2019-06-24T23:05Z,7,13,Philadelphia
401075906,CHW,BOS,2019-06-24T23:10Z,5,6,Boston
401075908,KC,CLE,2019-06-24T23:10Z,2,3,Cleveland
401075905,ATL,CHC,2019-06-25T00:05Z,3,8,Chicago
401075909,LAD,ARI,2019-06-25T01:40Z,5,8,Phoenix
401075907,COL,SF,2019-06-25T02:00Z,2,0,San Francisco
401075921,TEX,DET,2019-06-25T23:00Z,5,3,Detroit
401075922,TOR,NYY,2019-06-25T23:05Z,3,4,Bronx
401075923,NYM,PHI,2019-06-25T23:05Z,5,7,Philadelphia
401075924,SD,BAL,2019-06-25T23:05Z,8,3,Baltimore
401075913,CHW,BOS,2019-06-25T23:10Z,3,6,Boston
401075916,KC,CLE,2019-06-25T23:10Z,8,6,Cleveland
401075925,WSH,MIA,2019-06-25T23:10Z,6,1,Miami
401075912,ATL,CHC,2019-06-26T00:05Z,3,2,Chicago
401075919,PIT,HOU,2019-06-26T00:10Z,1,5,Houston
401075920,SEA,MIL,2019-06-26T00:10Z,8,3,Milwaukee
401075926,TB,MIN,2019-06-26T00:10Z,4,9,Minneapolis
401075918,OAK,STL,2019-06-26T00:15Z,7,3,St. Louis
401075917,LAD,ARI,2019-06-26T01:40Z,3,2,Phoenix
401075915,COL,SF,2019-06-26T01:45Z,2,4,San Francisco
401075914,CIN,LAA,2019-06-26T02:07Z,1,5,Anaheim
401075928,CHW,BOS,2019-06-26T17:05Z,8,7,Boston
401075937,TOR,NYY,2019-06-26T17:05Z,7,8,Bronx
401075931,KC,CLE,2019-06-26T17:10Z,3,5,Cleveland
401075938,SD,BAL,2019-06-26T19:05Z,10,5,Baltimore
401075932,LAD,ARI,2019-06-26T19:40Z,2,8,Phoenix
401075930,COL,SF,2019-06-26T19:45Z,6,3,San Francisco
401075939,NYM,PHI,2019-06-26T23:05Z,4,5,Philadelphia
401075936,TEX,DET,2019-06-26T23:10Z,4,1,Detroit
401075940,WSH,MIA,2019-06-26T23:10Z,7,5,Miami
401075933,OAK,STL,2019-06-26T23:15Z,2,0,St. Louis
401075935,SEA,MIL,2019-06-27T00:00Z,4,2,Milwaukee
401075927,ATL,CHC,2019-06-27T00:05Z,5,3,Chicago
401075929,CIN,LAA,2019-06-27T00:07Z,1,5,Anaheim
401075934,PIT,HOU,2019-06-27T00:10Z,14,2,Houston
401075941,TB,MIN,2019-06-27T00:10Z,4,6,Minneapolis
401075947,NYM,PHI,2019-06-27T17:05Z,3,6,Philadelphia
401075946,TEX,DET,2019-06-27T17:10Z,3,1,Detroit
401075948,TB,MIN,2019-06-27T17:10Z,5,2,Minneapolis
401075944,PIT,HOU,2019-06-27T18:10Z,10,0,Houston
401075945,SEA,MIL,2019-06-27T18:10Z,2,4,Milwaukee
401075942,ATL,CHC,2019-06-27T18:20Z,7,9,Chicago
401075949,WSH,MIA,2019-06-27T23:00Z,8,5,Miami
401075950,LAD,COL,2019-06-28T00:40Z,12,8,Denver
401075966,ARI,SF,2019-06-28T01:45Z,5,1,San Francisco
401075943,OAK,LAA,2019-06-28T02:07Z,3,8,Anaheim
401075961,CLE,BAL,2019-06-28T23:05Z,0,13,Baltimore
401075953,KC,TOR,2019-06-28T23:07Z,2,6,Toronto
401075952,ATL,NYM,2019-06-28T23:10Z,6,2,Queens
401075959,TEX,TB,2019-06-28T23:10Z,5,0,St. Petersburg
401075960,WSH,DET,2019-06-28T23:10Z,3,1,Detroit
401075962,CHC,CIN,2019-06-28T23:10Z,3,6,Cincinnati
401075963,PHI,MIA,2019-06-28T23:10Z,2,6,Miami
401075956,PIT,MIL,2019-06-29T00:00Z,3,2,Milwaukee
401075954,MIN,CHW,2019-06-29T00:10Z,4,6,Chicago
401075957,SEA,HOU,2019-06-29T00:10Z,1,2,Houston
401075964,LAD,COL,2019-06-29T00:40Z,9,13,Denver
401075955,OAK,LAA,2019-06-29T02:07Z,7,2,Anaheim
401075958,STL,SD,2019-06-29T02:10Z,1,3,San Diego
401075951,ARI,SF,2019-06-29T02:15Z,3,6,San Francisco
401075971,NYY,BOS,2019-06-29T17:10Z,17,13,London
401075978,CLE,BAL,2019-06-29T20:05Z,0,13,Baltimore
401075968,KC,TOR,2019-06-29T20:07Z,5,7,Toronto
401075967,ATL,NYM,2019-06-29T20:10Z,5,4,Queens
401075976,TEX,TB,2019-06-29T20:10Z,2,5,St. Petersburg
401075977,WSH,DET,2019-06-29T20:10Z,5,7,Detroit
401075979,CHC,CIN,2019-06-29T20:10Z,6,0,Cincinnati
401075980,PHI,MIA,2019-06-29T20:10Z,6,9,Miami
401075970,MIN,CHW,2019-06-29T20:12Z,10,3,Chicago
401075969,LAD,COL,2019-06-30T00:15Z,3,5,Denver
401075973,PIT,MIL,2019-06-30T00:15Z,1,3,Milwaukee
401075974,SEA,HOU,2019-06-30T00:15Z,5,6,Houston
401075965,ARI,SF,2019-06-30T02:05Z,4,3,San Francisco
401075972,OAK,LAA,2019-06-30T02:07Z,4,0,Anaheim
401075975,STL,SD,2019-06-30T02:10Z,2,12,San Diego
401075985,NYY,BOS,2019-06-30T14:00Z,12,8,London
401075992,CLE,BAL,2019-06-30T17:05Z,2,0,Baltimore
401075983,KC,TOR,2019-06-30T17:07Z,7,6,Toronto
401075990,TEX,TB,2019-06-30T17:10Z,2,6,St. Petersburg
401075991,WSH,DET,2019-06-30T17:10Z,2,1,Detroit
401075993,CHC,CIN,2019-06-30T17:10Z,6,8,Cincinnati
401075994,PHI,MIA,2019-06-30T17:10Z,13,6,Miami
401075984,MIN,CHW,2019-06-30T18:00Z,3,4,Chicago
401075987,PIT,MIL,2019-06-30T18:10Z,1,2,Milwaukee
401075988,SEA,HOU,2019-06-30T18:10Z,1,6,Houston
401075995,LAD,COL,2019-06-30T19:10Z,10,5,Denver
401075981,ARI,SF,2019-06-30T20:05Z,4,10,San Francisco
401075986,OAK,LAA,2019-06-30T20:07Z,12,3,Anaheim
401075989,STL,SD,2019-06-30T20:10Z,5,3,San Diego
401075982,ATL,NYM,2019-06-30T23:00Z,5,8,Queens
401075998,KC,TOR,2019-07-01T17:07Z,4,11,Toronto
401076000,CHC,PIT,2019-07-01T23:00Z,5,18,Pittsburgh
401075997,BAL,TB,2019-07-01T23:10Z,3,6,St. Petersburg
401076001,MIL,CIN,2019-07-01T23:10Z,8,6,Cincinnati
401075999,SF,SD,2019-07-02T02:10Z,13,2,San Diego
401076008,MIA,WSH,2019-07-02T23:05Z,2,3,Washington
401076011,CHC,PIT,2019-07-02T23:05Z,1,5,Pittsburgh
401076005,BOS,TOR,2019-07-02T23:07Z,10,6,Toronto
401076004,BAL,TB,2019-07-02T23:10Z,3,6,St. Petersburg
401076009,NYY,NYM,2019-07-02T23:10Z,2,4,Queens
401076012,MIL,CIN,2019-07-02T23:10Z,4,5,Cincinnati
401076013,PHI,ATL,2019-07-02T23:20Z,2,0,Atlanta
401076002,LAA,TEX,2019-07-03T00:05Z,9,4,Arlington
401076014,HOU,COL,2019-07-03T00:10Z,9,8,Denver
401076006,CLE,KC,2019-07-03T00:15Z,9,5,Kansas City
401076015,MIN,OAK,2019-07-03T02:07Z,6,8,Oakland
401076003,ARI,LAD,2019-07-03T02:10Z,4,5,Los Angeles
401076010,SF,SD,2019-07-03T02:10Z,10,4,San Diego
401076016,STL,SEA,2019-07-03T02:10Z,4,5,Seattle
401129373,DET,CHW,2019-07-03T18:10Z,5,7,Chicago
401076023,MIA,WSH,2019-07-03T22:05Z,1,3,Washington
401076024,NYY,NYM,2019-07-03T23:00Z,5,1,Queens
401076026,CHC,PIT,2019-07-03T23:05Z,5,6,Pittsburgh
401076020,BOS,TOR,2019-07-03T23:07Z,3,6,Toronto
401076019,BAL,TB,2019-07-03T23:10Z,9,6,St. Petersburg
401076027,MIL,CIN,2019-07-03T23:10Z,0,3,Cincinnati
401076028,PHI,ATL,2019-07-03T23:20Z,2,9,Atlanta
401076017,LAA,TEX,2019-07-04T00:05Z,6,2,Arlington
401076022,DET,CHW,2019-07-04T00:10Z,6,9,Chicago
401076029,HOU,COL,2019-07-04T00:10Z,4,2,Denver
401076021,CLE,KC,2019-07-04T00:15Z,4,0,Kansas City
401076030,MIN,OAK,2019-07-04T01:07Z,4,3,Oakland
401076025,SF,SD,2019-07-04T01:10Z,7,5,San Diego
401076018,ARI,LAD,2019-07-04T02:10Z,4,5,Los Angeles
401076031,STL,SEA,2019-07-04T02:10Z,5,2,Seattle
401076036,MIA,WSH,2019-07-04T15:05Z,2,5,Washington
401076034,CLE,KC,2019-07-04T17:15Z,8,4,Kansas City
401076035,DET,CHW,2019-07-04T18:10Z,11,5,Chicago
401076039,MIL,CIN,2019-07-04T18:10Z,0,1,Cincinnati
401076040,CHC,PIT,2019-07-04T20:00Z,11,3,Pittsburgh
401076041,MIN,OAK,2019-07-04T20:07Z,2,7,Oakland
401076042,STL,SEA,2019-07-04T20:10Z,5,4,Seattle
401076037,NYY,TB,2019-07-04T21:10Z,8,4,St. Petersburg
401076043,PHI,ATL,2019-07-04T23:00Z,6,12,Atlanta
401076033,BOS,TOR,2019-07-04T23:07Z,8,7,Toronto
401076032,LAA,TEX,2019-07-05T00:05Z,3,9,Arlington
401076038,SD,LAD,2019-07-05T01:10Z,1,5,Los Angeles
401076048,KC,WSH,2019-07-05T23:05Z,7,4,Washington
401076053,MIL,PIT,2019-07-05T23:05Z,7,6,Pittsburgh
401076045,BAL,TOR,2019-07-05T23:07Z,4,1,Toronto
401076046,BOS,DET,2019-07-05T23:10Z,9,6,Detroit
401076049,NYY,TB,2019-07-05T23:10Z,8,4,St. Petersburg
401076050,PHI,NYM,2019-07-05T23:10Z,7,2,Queens
401076054,MIA,ATL,2019-07-05T23:20Z,0,1,Atlanta
401076044,LAA,HOU,2019-07-06T00:10Z,5,4,Houston
401076055,TEX,MIN,2019-07-06T00:10Z,6,15,Minneapolis
401076047,COL,ARI,2019-07-06T01:10Z,0,8,Phoenix
401076051,SD,LAD,2019-07-06T02:10Z,3,2,Los Angeles
401076056,OAK,SEA,2019-07-06T02:10Z,5,2,Seattle
401076052,STL,SF,2019-07-06T02:15Z,9,4,San Francisco
401076068,TEX,MIN,2019-07-06T18:10Z,4,7,Minneapolis
401076058,BAL,TOR,2019-07-06T19:07Z,8,1,Toronto
401076062,KC,WSH,2019-07-06T20:05Z,0,6,Washington
401076069,MIL,PIT,2019-07-06T20:05Z,2,12,Pittsburgh
401076059,BOS,DET,2019-07-06T20:10Z,10,6,Detroit
401076063,MIA,ATL,2019-07-06T20:10Z,5,4,Atlanta
401076064,NYY,TB,2019-07-06T20:10Z,3,4,St. Petersburg
401076070,CLE,CIN,2019-07-06T20:10Z,7,2,Cincinnati
401076057,LAA,HOU,2019-07-06T23:15Z,0,4,Houston
401076060,CHC,CHW,2019-07-06T23:15Z,6,3,Chicago
401076065,PHI,NYM,2019-07-06T23:15Z,5,6,Queens
401076067,STL,SF,2019-07-07T02:05Z,4,8,San Francisco
401076061,COL,ARI,2019-07-07T02:10Z,2,4,Phoenix
401076066,SD,LAD,2019-07-07T02:10Z,3,1,Los Angeles
401076071,OAK,SEA,2019-07-07T02:10Z,3,6,Seattle
401076073,BAL,TOR,2019-07-07T17:07Z,1,6,Toronto
401076074,BOS,DET,2019-07-07T17:10Z,6,3,Detroit
401076078,NYY,TB,2019-07-07T17:10Z,1,2,St. Petersburg
401076079,PHI,NYM,2019-07-07T17:10Z,8,3,Queens
401076082,CLE,CIN,2019-07-07T17:10Z,11,1,Cincinnati
401076083,MIA,ATL,2019-07-07T17:20Z,3,4,Atlanta
401076077,KC,WSH,2019-07-07T17:35Z,2,5,Washington
401076084,MIL,PIT,2019-07-07T17:35Z,5,6,Pittsburgh
401076072,LAA,HOU,2019-07-07T18:10Z,10,11,Houston
401076075,CHC,CHW,2019-07-07T18:10Z,1,3,Chicago
401076085,TEX,MIN,2019-07-07T18:10Z,4,1,Minneapolis
401076081,STL,SF,2019-07-07T20:05Z,0,1,San Francisco
401076076,COL,ARI,2019-07-07T20:10Z,3,5,Phoenix
401076080,SD,LAD,2019-07-07T20:10Z,5,3,Los Angeles
401076086,OAK,SEA,2019-07-07T20:10Z,7,4,Seattle
401076087,NL,AL,2019-07-09T23:30Z,3,4,Cleveland
401076088,HOU,TEX,2019-07-12T00:00Z,0,5,Arlington
401076095,PIT,CHC,2019-07-12T18:20Z,3,4,Chicago
401076099,WSH,PHI,2019-07-12T22:05Z,4,0,Philadelphia
401076098,TOR,NYY,2019-07-12T23:05Z,0,4,Bronx
401076100,TB,BAL,2019-07-12T23:05Z,16,4,Baltimore
401076093,LAD,BOS,2019-07-12T23:10Z,1,8,Boston
401076094,MIN,CLE,2019-07-12T23:10Z,5,3,Cleveland
401076101,NYM,MIA,2019-07-12T23:10Z,4,8,Miami
401076092,HOU,TEX,2019-07-13T00:05Z,8,9,Arlington
401076097,SF,MIL,2019-07-13T00:10Z,10,7,Milwaukee
401076089,ARI,STL,2019-07-13T00:15Z,4,2,St. Louis
401076091,DET,KC,2019-07-13T00:15Z,5,8,Kansas City
401076102,CIN,COL,2019-07-13T00:40Z,2,3,Denver
401076096,SEA,LAA,2019-07-13T02:07Z,0,13,Anaheim
401076103,CHW,OAK,2019-07-13T02:07Z,1,5,Oakland
401076090,ATL,SD,2019-07-13T02:10Z,5,3,San Diego
401076113,TOR,NYY,2019-07-13T17:05Z,2,1,Bronx
401130557,TB,BAL,2019-07-13T17:05Z,1,2,Baltimore
401076110,PIT,CHC,2019-07-13T18:20Z,4,10,Chicago
401076114,CHW,OAK,2019-07-13T20:07Z,2,13,Oakland
401076116,NYM,MIA,2019-07-13T22:10Z,4,2,Miami
401076117,TB,BAL,2019-07-13T23:05Z,12,4,Baltimore
401076109,MIN,CLE,2019-07-13T23:10Z,6,2,Cleveland
401076104,ARI,STL,2019-07-13T23:15Z,2,4,St. Louis
401076106,DET,KC,2019-07-13T23:15Z,1,4,Kansas City
401076108,LAD,BOS,2019-07-13T23:15Z,11,2,Boston
401076112,SF,MIL,2019-07-13T23:15Z,4,5,Milwaukee
401076115,WSH,PHI,2019-07-13T23:15Z,4,3,Philadelphia
401076107,HOU,TEX,2019-07-14T00:05Z,7,6,Arlington
401076118,CIN,COL,2019-07-14T00:10Z,17,9,Denver
401076105,ATL,SD,2019-07-14T00:40Z,7,5,San Diego
401076111,SEA,LAA,2019-07-14T01:07Z,2,9,Anaheim
401076128,TOR,NYY,2019-07-14T17:05Z,2,4,Bronx
401076129,TB,BAL,2019-07-14T17:05Z,4,1,Baltimore
401076130,WSH,PHI,2019-07-14T17:05Z,3,4,Philadelphia
401076124,MIN,CLE,2019-07-14T17:10Z,3,4,Cleveland
401076131,NYM,MIA,2019-07-14T17:10Z,6,2,Miami
401076127,SF,MIL,2019-07-14T18:10Z,8,3,Milwaukee
401076119,ARI,STL,2019-07-14T18:15Z,2,5,St. Louis
401076121,DET,KC,2019-07-14T18:15Z,12,8,Kansas City
401076125,PIT,CHC,2019-07-14T18:20Z,3,8,Chicago
401076122,HOU,TEX,2019-07-14T19:05Z,12,4,Arlington
401076132,CIN,COL,2019-07-14T19:10Z,9,10,Denver
401076126,SEA,LAA,2019-07-14T20:07Z,3,6,Anaheim
401076133,CHW,OAK,2019-07-14T20:07Z,2,3,Oakland
401076120,ATL,SD,2019-07-14T20:10Z,4,1,San Diego
401076123,LAD,BOS,2019-07-14T23:00Z,7,4,Boston
401131415,SF,COL,2019-07-15T18:10Z,19,2,Denver
401076142,LAD,PHI,2019-07-15T23:00Z,16,2,Philadelphia
401076140,TB,NYY,2019-07-15T23:05Z,5,4,Bronx
401076137,DET,CLE,2019-07-15T23:10Z,6,8,Cleveland
401076141,TOR,BOS,2019-07-15T23:10Z,8,10,Boston
401076136,CIN,CHC,2019-07-16T00:05Z,6,3,Chicago
401076134,ATL,MIL,2019-07-16T00:10Z,4,2,Milwaukee
401076135,CHW,KC,2019-07-16T00:15Z,2,5,Kansas City
401076139,PIT,STL,2019-07-16T00:15Z,0,7,St. Louis
401076143,SF,COL,2019-07-16T00:40Z,2,1,Denver
401076138,HOU,LAA,2019-07-16T02:07Z,6,9,Anaheim
401076151,TB,NYY,2019-07-16T23:05Z,3,8,Bronx
401076153,LAD,PHI,2019-07-16T23:05Z,8,9,Philadelphia
401076154,WSH,BAL,2019-07-16T23:05Z,8,1,Baltimore
401076148,DET,CLE,2019-07-16T23:10Z,0,8,Cleveland
401076152,TOR,BOS,2019-07-16T23:10Z,10,4,Boston
401076155,SD,MIA,2019-07-16T23:10Z,7,12,Miami
401076144,ARI,TEX,2019-07-17T00:05Z,9,2,Arlington
401076147,CIN,CHC,2019-07-17T00:05Z,3,4,Chicago
401076145,ATL,MIL,2019-07-17T00:10Z,1,13,Milwaukee
401076156,NYM,MIN,2019-07-17T00:10Z,3,2,Minneapolis
401076146,CHW,KC,2019-07-17T00:15Z,0,11,Kansas City
401076150,PIT,STL,2019-07-17T00:15Z,3,1,St. Louis
401076157,SF,COL,2019-07-17T00:40Z,8,4,Denver
401076149,HOU,LAA,2019-07-17T02:07Z,2,7,Anaheim
401076158,SEA,OAK,2019-07-17T02:07Z,2,9,Oakland
401076168,NYM,MIN,2019-07-17T17:10Z,14,4,Minneapolis
401076165,PIT,STL,2019-07-17T17:15Z,5,6,St. Louis
401076160,ATL,MIL,2019-07-17T18:10Z,4,5,Milwaukee
401076162,CIN,CHC,2019-07-17T18:20Z,2,5,Chicago
401076169,SF,COL,2019-07-17T19:10Z,11,8,Denver
401076170,SEA,OAK,2019-07-17T19:37Z,2,10,Oakland
401076171,LAD,PHI,2019-07-17T23:05Z,7,2,Philadelphia
401076172,WSH,BAL,2019-07-17T23:05Z,2,9,Baltimore
401076163,DET,CLE,2019-07-17T23:10Z,2,7,Cleveland
401076167,TOR,BOS,2019-07-17T23:10Z,4,5,Boston
401076173,SD,MIA,2019-07-17T23:10Z,3,2,Miami
401076159,ARI,TEX,2019-07-18T00:05Z,19,4,Arlington
401076161,CHW,KC,2019-07-18T00:15Z,5,7,Kansas City
401076164,HOU,LAA,2019-07-18T02:07Z,11,2,Anaheim
401076181,SD,MIA,2019-07-18T16:10Z,3,4,Miami
401076182,LAD,PHI,2019-07-18T16:35Z,6,7,Philadelphia
401076180,TOR,BOS,2019-07-18T17:05Z,0,5,Boston
401076174,CHW,KC,2019-07-18T17:15Z,5,6,Kansas City
401152093,TB,NYY,2019-07-18T19:00Z,2,6,Bronx
401076175,DET,CLE,2019-07-18T23:10Z,3,6,Cleveland
401076183,STL,CIN,2019-07-18T23:10Z,7,4,Cincinnati
401076184,WSH,ATL,2019-07-18T23:20Z,13,4,Atlanta
401076179,TB,NYY,2019-07-19T00:00Z,1,5,Bronx
401076185,OAK,MIN,2019-07-19T00:10Z,3,6,Minneapolis
401076176,HOU,LAA,2019-07-19T01:07Z,6,2,Anaheim
401076177,MIL,ARI,2019-07-19T01:40Z,5,1,Phoenix
401076178,NYM,SF,2019-07-19T01:45Z,2,3,San Francisco
401076192,SD,CHC,2019-07-19T18:20Z,5,6,Chicago
401076187,COL,NYY,2019-07-19T23:05Z,2,8,Bronx
401076195,BOS,BAL,2019-07-19T23:05Z,2,11,Baltimore
401076196,PHI,PIT,2019-07-19T23:05Z,6,1,Pittsburgh
401076186,CHW,TB,2019-07-19T23:10Z,9,2,St. Petersburg
401076188,KC,CLE,2019-07-19T23:10Z,5,10,Cleveland
401076194,TOR,DET,2019-07-19T23:10Z,12,1,Detroit
401076197,STL,CIN,2019-07-19T23:10Z,12,11,Cincinnati
401076198,WSH,ATL,2019-07-19T23:20Z,3,4,Atlanta
401076193,TEX,HOU,2019-07-20T00:10Z,3,4,Houston
401076199,OAK,MIN,2019-07-20T00:10Z,5,3,Minneapolis
401076190,MIL,ARI,2019-07-20T01:40Z,7,10,Phoenix
401076189,MIA,LAD,2019-07-20T02:10Z,1,2,Los Angeles
401076200,LAA,SEA,2019-07-20T02:10Z,0,10,Seattle
401076191,NYM,SF,2019-07-20T02:15Z,0,1,San Francisco
401076202,COL,NYY,2019-07-20T17:05Z,5,11,Bronx
401076208,SD,CHC,2019-07-20T18:20Z,5,6,Chicago
401076206,NYM,SF,2019-07-20T20:05Z,11,4,San Francisco
401076201,CHW,TB,2019-07-20T22:10Z,2,1,St. Petersburg
401076210,TOR,DET,2019-07-20T22:10Z,7,5,Detroit
401076212,BOS,BAL,2019-07-20T23:05Z,17,6,Baltimore
401076213,PHI,PIT,2019-07-20T23:05Z,1,5,Pittsburgh
401076203,KC,CLE,2019-07-20T23:10Z,1,0,Cleveland
401076207,OAK,MIN,2019-07-20T23:10Z,5,4,Minneapolis
401076209,TEX,HOU,2019-07-20T23:10Z,1,6,Houston
401076214,STL,CIN,2019-07-20T23:10Z,2,3,Cincinnati
401076211,WSH,ATL,2019-07-20T23:20Z,5,3,Atlanta
401076205,MIL,ARI,2019-07-21T00:10Z,8,3,Phoenix
401076204,MIA,LAD,2019-07-21T01:10Z,6,10,Los Angeles
401076215,LAA,SEA,2019-07-21T01:10Z,6,2,Seattle
401076217,COL,NYY,2019-07-21T17:05Z,8,4,Bronx
401076225,BOS,BAL,2019-07-21T17:05Z,0,5,Baltimore
401076216,CHW,TB,2019-07-21T17:10Z,2,4,St. Petersburg
401076218,KC,CLE,2019-07-21T17:10Z,4,5,Cleveland
401076224,TOR,DET,2019-07-21T17:10Z,3,4,Detroit
401076226,STL,CIN,2019-07-21T17:10Z,3,1,Cincinnati
401076228,PHI,PIT,2019-07-21T17:35Z,2,1,Pittsburgh
401076223,TEX,HOU,2019-07-21T18:10Z,3,5,Houston
401076229,OAK,MIN,2019-07-21T18:10Z,6,7,Minneapolis
401076222,SD,CHC,2019-07-21T18:20Z,5,1,Chicago
401076221,NYM,SF,2019-07-21T20:05Z,2,3,San Francisco
401076219,MIA,LAD,2019-07-21T20:10Z,0,9,Los Angeles
401076220,MIL,ARI,2019-07-21T20:10Z,7,4,Phoenix
401076230,LAA,SEA,2019-07-21T20:10Z,9,3,Seattle
401076227,WSH,ATL,2019-07-21T23:00Z,1,7,Atlanta
401076232,BOS,TB,2019-07-22T23:00Z,9,4,St. Petersburg
401076235,CLE,TOR,2019-07-22T23:07Z,7,3,Toronto
401076234,CIN,MIL,2019-07-23T00:10Z,6,5,Milwaukee
401076237,MIA,CHW,2019-07-23T00:10Z,1,9,Chicago
401076238,OAK,HOU,2019-07-23T00:10Z,1,11,Houston
401076240,NYY,MIN,2019-07-23T00:10Z,6,8,Minneapolis
401076231,BAL,ARI,2019-07-23T01:40Z,3,6,Phoenix
401076233,CHC,SF,2019-07-23T01:45Z,4,5,San Francisco
401076241,TEX,SEA,2019-07-23T02:10Z,3,7,Seattle
401076248,COL,WSH,2019-07-23T23:05Z,1,11,Washington
401076253,STL,PIT,2019-07-23T23:05Z,4,3,Pittsburgh
401076247,CLE,TOR,2019-07-23T23:07Z,1,2,Toronto
401076244,BOS,TB,2019-07-23T23:10Z,5,4,St. Petersburg
401076251,PHI,DET,2019-07-23T23:10Z,3,2,Detroit
401076252,SD,NYM,2019-07-23T23:10Z,2,5,Queens
401076254,KC,ATL,2019-07-23T23:20Z,5,4,Atlanta
401076246,CIN,MIL,2019-07-24T00:10Z,14,6,Milwaukee
401076249,MIA,CHW,2019-07-24T00:10Z,5,1,Chicago
401076250,OAK,HOU,2019-07-24T00:10Z,4,3,Houston
401076255,NYY,MIN,2019-07-24T00:10Z,14,12,Minneapolis
401076243,BAL,ARI,2019-07-24T01:40Z,7,2,Phoenix
401076245,CHC,SF,2019-07-24T01:45Z,4,5,San Francisco
401076242,LAA,LAD,2019-07-24T02:10Z,5,4,Los Angeles
401076256,TEX,SEA,2019-07-24T02:10Z,7,2,Seattle
401076259,BOS,TB,2019-07-24T16:10Z,2,3,St. Petersburg
401153313,COL,WSH,2019-07-24T17:05Z,2,3,Washington
401076266,PHI,DET,2019-07-24T17:10Z,4,0,Detroit
401076261,CIN,MIL,2019-07-24T18:10Z,4,5,Milwaukee
401076265,OAK,HOU,2019-07-24T18:10Z,2,4,Houston
401076258,BAL,ARI,2019-07-24T19:40Z,2,5,Phoenix
401076268,TEX,SEA,2019-07-24T19:40Z,3,5,Seattle
401076260,CHC,SF,2019-07-24T19:45Z,4,1,San Francisco
401076263,COL,WSH,2019-07-24T23:05Z,0,2,Washington
401076269,STL,PIT,2019-07-24T23:05Z,14,8,Pittsburgh
401076262,CLE,TOR,2019-07-24T23:07Z,4,0,Toronto
401076267,SD,NYM,2019-07-24T23:10Z,7,2,Queens
401076270,KC,ATL,2019-07-24T23:20Z,2,0,Atlanta
401076271,NYY,MIN,2019-07-25T00:00Z,10,7,Minneapolis
401076264,MIA,CHW,2019-07-25T00:10Z,2,0,Chicago
401076257,LAA,LAD,2019-07-25T02:10Z,3,2,Los Angeles
401076277,SD,NYM,2019-07-25T16:10Z,0,4,Queens
401076278,STL,PIT,2019-07-25T16:35Z,6,3,Pittsburgh
401076274,COL,WSH,2019-07-25T20:05Z,8,7,Washington
401076276,NYY,BOS,2019-07-25T23:10Z,3,19,Boston
401076275,MIN,CHW,2019-07-26T00:10Z,10,3,Chicago
401076273,CLE,KC,2019-07-26T00:15Z,5,4,Kansas City
401076272,BAL,LAA,2019-07-26T02:07Z,10,8,Anaheim
401076279,TEX,OAK,2019-07-26T02:07Z,11,3,Oakland
401076280,DET,SEA,2019-07-26T02:10Z,2,10,Seattle
401076293,COL,CIN,2019-07-26T22:40Z,12,2,Cincinnati
401076285,LAD,WSH,2019-07-26T23:05Z,4,2,Washington
401076291,ATL,PHI,2019-07-26T23:05Z,9,2,Philadelphia
401076290,TB,TOR,2019-07-26T23:07Z,3,1,Toronto
401076287,NYY,BOS,2019-07-26T23:10Z,5,10,Boston
401076288,PIT,NYM,2019-07-26T23:10Z,3,6,Queens
401076292,ARI,MIA,2019-07-26T23:10Z,2,3,Miami
401076282,CHC,MIL,2019-07-27T00:10Z,2,3,Milwaukee
401076286,MIN,CHW,2019-07-27T00:10Z,6,2,Chicago
401076283,CLE,KC,2019-07-27T00:15Z,8,3,Kansas City
401076284,HOU,STL,2019-07-27T00:15Z,3,5,St. Louis
401076281,BAL,LAA,2019-07-27T02:07Z,9,3,Anaheim
401076294,TEX,OAK,2019-07-27T02:07Z,5,2,Oakland
401076289,SF,SD,2019-07-27T02:10Z,2,1,San Diego
401076295,DET,SEA,2019-07-27T02:10Z,2,3,Seattle
401076305,TB,TOR,2019-07-27T19:07Z,9,10,Toronto
401076300,LAD,WSH,2019-07-27T20:05Z,9,3,Washington
401076302,NYY,BOS,2019-07-27T20:05Z,5,9,Boston
401076306,DET,SEA,2019-07-27T20:10Z,1,8,Seattle
401076307,ARI,MIA,2019-07-27T22:10Z,9,2,Miami
401076308,ATL,PHI,2019-07-27T23:05Z,15,7,Philadelphia
401076297,CHC,MIL,2019-07-27T23:10Z,3,5,Milwaukee
401076301,MIN,CHW,2019-07-27T23:10Z,1,5,Chicago
401076303,PIT,NYM,2019-07-27T23:10Z,0,3,Queens
401076309,COL,CIN,2019-07-27T23:10Z,1,3,Cincinnati
401076298,CLE,KC,2019-07-27T23:15Z,9,1,Kansas City
401076299,HOU,STL,2019-07-27T23:15Z,8,2,St. Louis
401076304,SF,SD,2019-07-28T00:40Z,1,5,San Diego
401076296,BAL,LAA,2019-07-28T01:07Z,8,7,Anaheim
401076310,TEX,OAK,2019-07-28T01:07Z,4,5,Oakland
401076321,ATL,PHI,2019-07-28T17:05Z,4,9,Philadelphia
401076320,TB,TOR,2019-07-28T17:07Z,10,9,Toronto
401076318,PIT,NYM,2019-07-28T17:10Z,7,8,Queens
401076322,ARI,MIA,2019-07-28T17:10Z,1,5,Miami
401076323,COL,CIN,2019-07-28T17:10Z,2,3,Cincinnati
401076315,LAD,WSH,2019-07-28T17:35Z,4,11,Washington
401076312,CHC,MIL,2019-07-28T18:10Z,11,4,Milwaukee
401076316,MIN,CHW,2019-07-28T18:10Z,11,1,Chicago
401076313,CLE,KC,2019-07-28T18:15Z,6,9,Kansas City
401076314,HOU,STL,2019-07-28T18:15Z,6,2,St. Louis
401076311,BAL,LAA,2019-07-28T20:07Z,4,5,Anaheim
401076324,TEX,OAK,2019-07-28T20:07Z,5,6,Oakland
401076319,SF,SD,2019-07-28T20:10Z,7,6,San Diego
401076325,DET,SEA,2019-07-28T20:10Z,2,3,Seattle
401076317,NYY,BOS,2019-07-28T23:00Z,9,6,Boston
401076326,ATL,WSH,2019-07-29T23:00Z,3,6,Washington
401076330,ARI,MIA,2019-07-29T23:10Z,6,11,Miami
401076331,PIT,CIN,2019-07-29T23:10Z,6,11,Cincinnati
401076329,TOR,KC,2019-07-30T00:15Z,7,3,Kansas City
401076332,LAD,COL,2019-07-30T00:40Z,1,9,Denver
401076328,DET,LAA,2019-07-30T02:07Z,7,2,Anaheim
401076327,BAL,SD,2019-07-30T02:10Z,1,8,San Diego
401076335,BAL,SD,2019-07-30T19:40Z,8,5,San Diego
401076334,ATL,WSH,2019-07-30T23:00Z,11,8,Washington
401076333,ARI,NYY,2019-07-30T23:05Z,4,2,Bronx
401076343,SF,PHI,2019-07-30T23:05Z,2,4,Philadelphia
401076338,HOU,CLE,2019-07-30T23:10Z,2,0,Cleveland
401076341,TB,BOS,2019-07-30T23:10Z,6,5,Boston
401076344,MIN,MIA,2019-07-30T23:10Z,2,1,Miami
401076345,PIT,CIN,2019-07-30T23:10Z,11,4,Cincinnati
401076340,SEA,TEX,2019-07-31T00:05Z,8,5,Arlington
401076339,NYM,CHW,2019-07-31T00:10Z,5,2,Chicago
401076336,CHC,STL,2019-07-31T00:15Z,1,2,St. Louis
401076342,TOR,KC,2019-07-31T00:15Z,9,2,Kansas City
401076346,LAD,COL,2019-07-31T00:40Z,9,4,Denver
401076337,DET,LAA,2019-07-31T02:07Z,1,6,Anaheim
401076347,MIL,OAK,2019-07-31T02:07Z,2,3,Oakland
401076349,ATL,WSH,2019-07-31T16:05Z,5,4,Washington
401076357,PIT,CIN,2019-07-31T16:35Z,1,4,Cincinnati
401076348,ARI,NYY,2019-07-31T17:05Z,5,7,Bronx
401076356,TOR,KC,2019-07-31T17:15Z,4,1,Kansas City
401076358,LAD,COL,2019-07-31T19:10Z,5,1,Denver
401076351,DET,LAA,2019-07-31T20:07Z,9,1,Anaheim
401076359,SF,PHI,2019-07-31T23:05Z,5,1,Philadelphia
401076352,HOU,CLE,2019-07-31T23:10Z,4,10,Cleveland
401076355,TB,BOS,2019-07-31T23:10Z,8,5,Boston
401076360,MIN,MIA,2019-07-31T23:10Z,7,4,Miami
401076350,CHC,STL,2019-08-01T00:00Z,2,0,St. Louis
401076354,SEA,TEX,2019-08-01T00:05Z,7,9,Arlington
401076353,NYM,CHW,2019-08-01T00:10Z,4,2,Chicago
401076361,MIL,OAK,2019-08-01T02:07Z,4,2,Oakland
401076367,MIN,MIA,2019-08-01T16:10Z,4,5,Miami
401076368,SF,PHI,2019-08-01T17:05Z,2,10,Philadelphia
401076364,NYM,CHW,2019-08-01T18:10Z,4,0,Chicago
401076369,MIL,OAK,2019-08-01T19:37Z,3,5,Oakland
401076370,TOR,BAL,2019-08-01T23:05Z,11,2,Baltimore
401076363,HOU,CLE,2019-08-01T23:10Z,7,1,Cleveland
401076366,TB,BOS,2019-08-01T23:10Z,9,4,Boston
401076362,CHC,STL,2019-08-01T23:15Z,0,8,St. Louis
401076371,CIN,ATL,2019-08-01T23:20Z,1,4,Atlanta
401076365,SD,LAD,2019-08-02T02:10Z,2,8,Los Angeles
401076375,MIL,CHC,2019-08-02T18:20Z,2,6,Chicago
401076373,BOS,NYY,2019-08-02T23:05Z,2,4,Bronx
401076379,CHW,PHI,2019-08-02T23:05Z,4,3,Philadelphia
401076380,NYM,PIT,2019-08-02T23:05Z,4,8,Pittsburgh
401076381,TOR,BAL,2019-08-02T23:05Z,5,2,Baltimore
401076372,LAA,CLE,2019-08-02T23:10Z,3,7,Cleveland
401076382,CIN,ATL,2019-08-02T23:20Z,5,2,Atlanta
401076374,DET,TEX,2019-08-03T00:05Z,4,5,Arlington
401076377,SEA,HOU,2019-08-03T00:10Z,2,10,Houston
401076383,KC,MIN,2019-08-03T00:10Z,9,11,Minneapolis
401076384,SF,COL,2019-08-03T00:40Z,4,5,Denver
401076378,WSH,ARI,2019-08-03T01:40Z,3,0,Phoenix
401076376,SD,LAD,2019-08-03T02:10Z,5,2,Los Angeles
401076386,BOS,NYY,2019-08-03T17:05Z,2,9,Bronx
401076391,MIL,CHC,2019-08-03T18:20Z,1,4,Chicago
401076390,MIA,TB,2019-08-03T22:10Z,6,8,St. Petersburg
401076395,CHW,PHI,2019-08-03T23:05Z,2,3,Philadelphia
401076396,NYM,PIT,2019-08-03T23:05Z,7,5,Pittsburgh
401076397,TOR,BAL,2019-08-03T23:05Z,4,6,Baltimore
401136073,BOS,NYY,2019-08-03T23:05Z,4,6,Bronx
401076385,LAA,CLE,2019-08-03T23:10Z,2,7,Cleveland
401076389,KC,MIN,2019-08-03T23:10Z,3,11,Minneapolis
401076393,SEA,HOU,2019-08-03T23:10Z,0,9,Houston
401076387,CIN,ATL,2019-08-03T23:20Z,4,5,Atlanta
401076388,DET,TEX,2019-08-04T00:05Z,4,5,Arlington
401076394,WSH,ARI,2019-08-04T00:10Z,7,18,Phoenix
401076398,SF,COL,2019-08-04T00:10Z,6,5,Denver
401076399,STL,OAK,2019-08-04T01:07Z,3,8,Oakland
401076392,SD,LAD,2019-08-04T01:10Z,1,4,Los Angeles
401076408,CHW,PHI,2019-08-04T17:05Z,10,5,Philadelphia
401076409,TOR,BAL,2019-08-04T17:05Z,5,6,Baltimore
401076400,LAA,CLE,2019-08-04T17:10Z,2,6,Cleveland
401076403,MIA,TB,2019-08-04T17:10Z,2,7,St. Petersburg
401076410,CIN,ATL,2019-08-04T17:20Z,6,4,Atlanta
401076411,NYM,PIT,2019-08-04T17:35Z,13,2,Pittsburgh
401076406,SEA,HOU,2019-08-04T18:10Z,1,3,Houston
401076412,KC,MIN,2019-08-04T18:10Z,0,3,Minneapolis
401076404,MIL,CHC,2019-08-04T18:20Z,2,7,Chicago
401076402,DET,TEX,2019-08-04T19:05Z,4,9,Arlington
401076413,SF,COL,2019-08-04T19:10Z,2,6,Denver
401076414,STL,OAK,2019-08-04T20:07Z,2,4,Oakland
401076405,SD,LAD,2019-08-04T20:10Z,10,11,Los Angeles
401076407,WSH,ARI,2019-08-04T20:10Z,5,7,Phoenix
401076401,BOS,NYY,2019-08-05T00:15Z,4,7,Bronx
401131953,MIA,NYM,2019-08-05T20:10Z,2,6,Queens
401076424,MIL,PIT,2019-08-05T23:05Z,9,7,Pittsburgh
401076425,NYY,BAL,2019-08-05T23:05Z,9,6,Baltimore
401076415,CHW,DET,2019-08-05T23:10Z,7,4,Detroit
401076416,KC,BOS,2019-08-05T23:10Z,5,7,Boston
401076417,MIA,NYM,2019-08-05T23:10Z,4,5,Queens
401076421,TEX,CLE,2019-08-05T23:10Z,1,0,Cleveland
401076422,TOR,TB,2019-08-05T23:10Z,2,0,St. Petersburg
401076426,LAA,CIN,2019-08-05T23:10Z,4,7,Cincinnati
401076418,OAK,CHC,2019-08-06T00:00Z,5,6,Chicago
401076427,ATL,MIN,2019-08-06T00:10Z,3,5,Minneapolis
401076419,PHI,ARI,2019-08-06T01:40Z,7,3,Phoenix
401076423,WSH,SF,2019-08-06T01:45Z,4,0,San Francisco
401076420,STL,LAD,2019-08-06T02:10Z,0,8,Los Angeles
401128334,CHW,DET,2019-08-06T17:10Z,5,3,Detroit
401076438,MIL,PIT,2019-08-06T23:05Z,4,3,Pittsburgh
401076439,NYY,BAL,2019-08-06T23:05Z,9,4,Baltimore
401076428,CHW,DET,2019-08-06T23:10Z,6,10,Detroit
401076430,KC,BOS,2019-08-06T23:10Z,6,2,Boston
401076431,MIA,NYM,2019-08-06T23:10Z,0,5,Queens
401076436,TOR,TB,2019-08-06T23:10Z,6,7,St. Petersburg
401076440,LAA,CIN,2019-08-06T23:10Z,4,8,Cincinnati
401076432,OAK,CHC,2019-08-07T00:05Z,11,4,Chicago
401076429,COL,HOU,2019-08-07T00:10Z,6,11,Houston
401076441,ATL,MIN,2019-08-07T00:10Z,12,7,Minneapolis
401076433,PHI,ARI,2019-08-07T01:40Z,4,8,Phoenix
401076437,WSH,SF,2019-08-07T01:45Z,5,3,San Francisco
401076434,STL,LAD,2019-08-07T02:10Z,1,3,Los Angeles
401076442,SD,SEA,2019-08-07T02:10Z,9,4,Seattle
401076446,MIA,NYM,2019-08-07T16:10Z,2,7,Queens
401076443,CHW,DET,2019-08-07T17:10Z,8,1,Detroit
401076451,TEX,CLE,2019-08-07T17:10Z,0,2,Cleveland
401076452,TOR,TB,2019-08-07T17:10Z,4,3,St. Petersburg
401076454,ATL,MIN,2019-08-07T17:10Z,11,7,Minneapolis
401076444,COL,HOU,2019-08-07T18:10Z,3,14,Houston
401076447,OAK,CHC,2019-08-07T18:20Z,1,10,Chicago
401076450,STL,LAD,2019-08-07T19:10Z,1,2,Los Angeles
401076453,WSH,SF,2019-08-07T19:45Z,4,1,San Francisco
401156993,TEX,CLE,2019-08-07T20:10Z,1,5,Cleveland
401076449,SD,SEA,2019-08-07T22:40Z,2,3,Seattle
401076455,MIL,PIT,2019-08-07T23:00Z,8,3,Pittsburgh
401076456,NYY,BAL,2019-08-07T23:05Z,14,2,Baltimore
401076445,KC,BOS,2019-08-07T23:10Z,4,5,Boston
401076448,PHI,ARI,2019-08-08T01:40Z,1,6,Phoenix
401076460,NYY,TOR,2019-08-08T23:07Z,12,6,Toronto
401076457,LAA,BOS,2019-08-08T23:10Z,0,3,Boston
401076459,KC,DET,2019-08-08T23:10Z,8,10,Detroit
401076462,ATL,MIA,2019-08-08T23:10Z,2,9,Miami
401076463,CHC,CIN,2019-08-08T23:10Z,12,5,Cincinnati
401076464,CLE,MIN,2019-08-09T00:10Z,7,5,Minneapolis
401076461,PHI,SF,2019-08-09T01:45Z,0,5,San Francisco
401076458,COL,SD,2019-08-09T02:10Z,3,9,San Diego
401076470,OAK,CHW,2019-08-09T19:10Z,7,0,Chicago
401076475,HOU,BAL,2019-08-09T23:05Z,3,2,Baltimore
401076469,NYY,TOR,2019-08-09T23:07Z,2,8,Toronto
401076465,LAA,BOS,2019-08-09T23:10Z,4,16,Boston
401076468,KC,DET,2019-08-09T23:10Z,2,5,Detroit
401076474,WSH,NYM,2019-08-09T23:10Z,6,7,Queens
401076476,ATL,MIA,2019-08-09T23:10Z,8,4,Miami
401076477,CHC,CIN,2019-08-09T23:10Z,2,5,Cincinnati
401076473,TEX,MIL,2019-08-10T00:10Z,5,6,Milwaukee
401076478,CLE,MIN,2019-08-10T00:10Z,6,2,Minneapolis
401076472,PIT,STL,2019-08-10T00:15Z,2,6,St. Louis
401076466,ARI,LAD,2019-08-10T02:10Z,3,2,Los Angeles
401076467,COL,SD,2019-08-10T02:10Z,1,7,San Diego
401076479,TB,SEA,2019-08-10T02:10Z,5,3,Seattle
401076471,PHI,SF,2019-08-10T02:15Z,9,6,San Francisco
401076485,NYY,TOR,2019-08-10T19:07Z,4,5,Toronto
401076480,LAA,BOS,2019-08-10T20:05Z,12,4,Boston
401076487,PHI,SF,2019-08-10T20:05Z,1,3,San Francisco
401076484,KC,DET,2019-08-10T22:10Z,7,0,Detroit
401076491,ATL,MIA,2019-08-10T22:10Z,6,7,Miami
401076492,HOU,BAL,2019-08-10T23:05Z,23,2,Baltimore
401076482,CLE,MIN,2019-08-10T23:10Z,1,4,Minneapolis
401076486,OAK,CHW,2019-08-10T23:10Z,2,3,Chicago
401076489,TEX,MIL,2019-08-10T23:10Z,2,3,Milwaukee
401076490,WSH,NYM,2019-08-10T23:10Z,3,4,Queens
401076493,CHC,CIN,2019-08-10T23:10Z,1,10,Cincinnati
401076488,PIT,STL,2019-08-10T23:15Z,1,3,St. Louis
401076483,COL,SD,2019-08-11T00:40Z,5,8,San Diego
401076481,ARI,LAD,2019-08-11T01:10Z,0,4,Los Angeles
401076494,TB,SEA,2019-08-11T02:10Z,5,4,Seattle
401076495,LAA,BOS,2019-08-11T17:05Z,5,4,Boston
401076505,HOU,BAL,2019-08-11T17:05Z,7,8,Baltimore
401076499,NYY,TOR,2019-08-11T17:07Z,1,0,Toronto
401076498,KC,DET,2019-08-11T17:10Z,10,2,Detroit
401076504,WSH,NYM,2019-08-11T17:10Z,7,4,Queens
401076506,ATL,MIA,2019-08-11T17:10Z,5,4,Miami
401076507,CHC,CIN,2019-08-11T17:10Z,6,3,Cincinnati
401076500,OAK,CHW,2019-08-11T18:10Z,2,0,Chicago
401076503,TEX,MIL,2019-08-11T18:10Z,1,0,Milwaukee
401076508,CLE,MIN,2019-08-11T18:10Z,7,3,Minneapolis
401076502,PIT,STL,2019-08-11T18:15Z,9,11,St. Louis
401076497,COL,SD,2019-08-11T19:40Z,8,3,San Diego
401076496,ARI,LAD,2019-08-11T20:10Z,3,9,Los Angeles
401076509,TB,SEA,2019-08-11T20:10Z,1,0,Seattle
401076501,PHI,SF,2019-08-11T23:00Z,6,9,San Francisco
401132778,BAL,NYY,2019-08-12T17:05Z,5,8,Bronx
401076511,BOS,CLE,2019-08-12T23:00Z,5,6,Cleveland
401076510,BAL,NYY,2019-08-12T23:05Z,8,11,Bronx
401076512,CIN,WSH,2019-08-12T23:05Z,6,7,Washington
401076516,TEX,TOR,2019-08-12T23:07Z,4,19,Toronto
401076517,ARI,COL,2019-08-13T00:40Z,8,6,Denver
401076514,PIT,LAA,2019-08-13T02:07Z,10,2,Anaheim
401076515,TB,SD,2019-08-13T02:10Z,10,4,San Diego
401161873,HOU,CHW,2019-08-13T20:40Z,6,2,Chicago
401076518,BAL,NYY,2019-08-13T23:05Z,3,8,Bronx
401076520,CIN,WSH,2019-08-13T23:05Z,1,3,Washington
401076529,CHC,PHI,2019-08-13T23:05Z,2,4,Philadelphia
401076528,TEX,TOR,2019-08-13T23:07Z,0,3,Toronto
401076519,BOS,CLE,2019-08-13T23:10Z,7,6,Cleveland
401076525,SEA,DET,2019-08-13T23:10Z,11,6,Detroit
401076530,LAD,MIA,2019-08-13T23:10Z,15,1,Miami
401076531,NYM,ATL,2019-08-13T23:20Z,3,5,Atlanta
401076522,MIN,MIL,2019-08-14T00:10Z,7,5,Milwaukee
401076526,STL,KC,2019-08-14T00:15Z,2,0,Kansas City
401076532,ARI,COL,2019-08-14T00:40Z,9,3,Denver
401076521,HOU,CHW,2019-08-14T01:00Z,1,4,Chicago
401076523,OAK,SF,2019-08-14T01:45Z,2,3,San Francisco
401076524,PIT,LAA,2019-08-14T02:07Z,10,7,Anaheim
401076527,TB,SD,2019-08-14T02:10Z,7,5,San Diego
401076543,TEX,TOR,2019-08-14T16:37Z,7,3,Toronto
401076533,BAL,NYY,2019-08-14T17:05Z,5,6,Bronx
401076534,BOS,CLE,2019-08-14T17:10Z,5,1,Cleveland
401076536,HOU,CHW,2019-08-14T18:10Z,9,13,Chicago
401076537,MIN,MIL,2019-08-14T18:10Z,5,6,Milwaukee
401076544,ARI,COL,2019-08-14T19:10Z,6,7,Denver
401076542,TB,SD,2019-08-14T19:40Z,2,7,San Diego
401076538,OAK,SF,2019-08-14T19:45Z,9,5,San Francisco
401076535,CIN,WSH,2019-08-14T20:05Z,7,17,Washington
401076545,CHC,PHI,2019-08-14T23:00Z,1,11,Philadelphia
401076540,SEA,DET,2019-08-14T23:10Z,2,3,Detroit
401076546,LAD,MIA,2019-08-14T23:10Z,9,1,Miami
401076547,NYM,ATL,2019-08-14T23:20Z,4,6,Atlanta
401076539,PIT,LAA,2019-08-15T00:07Z,4,7,Anaheim
401076541,STL,KC,2019-08-15T00:15Z,6,0,Kansas City
401076551,SEA,DET,2019-08-15T17:10Z,7,2,Detroit
401076553,LAD,MIA,2019-08-15T19:05Z,7,13,Miami
401076549,CLE,NYY,2019-08-15T23:05Z,19,5,Bronx
401076554,CHC,PHI,2019-08-15T23:05Z,5,7,Philadelphia
401076555,STL,CIN,2019-08-15T23:10Z,1,2,Cincinnati
401076556,NYM,ATL,2019-08-15T23:20Z,10,8,Atlanta
401076550,MIN,TEX,2019-08-16T00:05Z,13,6,Arlington
401076552,SF,ARI,2019-08-16T01:40Z,7,0,Phoenix
401076548,CHW,LAA,2019-08-16T02:07Z,7,8,Anaheim
401076557,HOU,OAK,2019-08-16T02:07Z,6,7,Oakland
401076560,CLE,NYY,2019-08-16T23:05Z,2,3,Bronx
401076562,MIL,WSH,2019-08-16T23:05Z,1,2,Washington
401076567,CHC,PIT,2019-08-16T23:05Z,2,3,Pittsburgh
401076568,SD,PHI,2019-08-16T23:05Z,4,8,Philadelphia
401076565,SEA,TOR,2019-08-16T23:07Z,3,7,Toronto
401076558,BAL,BOS,2019-08-16T23:10Z,1,9,Boston
401076561,DET,TB,2019-08-16T23:10Z,2,0,St. Petersburg
401076569,STL,CIN,2019-08-16T23:10Z,13,4,Cincinnati
401076570,LAD,ATL,2019-08-16T23:20Z,8,3,Atlanta
401076563,MIN,TEX,2019-08-17T00:05Z,4,3,Arlington
401076564,NYM,KC,2019-08-17T00:15Z,1,4,Kansas City
401076571,MIA,COL,2019-08-17T00:40Z,0,3,Denver
401076566,SF,ARI,2019-08-17T01:40Z,10,9,Phoenix
401076559,CHW,LAA,2019-08-17T02:07Z,7,2,Anaheim
401076572,HOU,OAK,2019-08-17T02:07Z,2,3,Oakland
401076575,CLE,NYY,2019-08-17T17:05Z,5,6,Bronx
401076583,CHC,PIT,2019-08-17T17:35Z,2,0,Pittsburgh
401076581,SEA,TOR,2019-08-17T19:07Z,4,3,Toronto
401076587,HOU,OAK,2019-08-17T20:05Z,4,8,Oakland
401076576,DET,TB,2019-08-17T22:10Z,0,1,St. Petersburg
401076585,STL,CIN,2019-08-17T22:40Z,1,6,Cincinnati
401076578,MIL,WSH,2019-08-17T23:05Z,15,14,Washington
401076584,SD,PHI,2019-08-17T23:05Z,5,3,Philadelphia
401076573,BAL,BOS,2019-08-17T23:10Z,0,4,Boston
401076580,NYM,KC,2019-08-17T23:15Z,4,1,Kansas City
401076577,LAD,ATL,2019-08-17T23:20Z,3,4,Atlanta
401076579,MIN,TEX,2019-08-18T00:05Z,12,7,Arlington
401076582,SF,ARI,2019-08-18T00:10Z,11,6,Phoenix
401076586,MIA,COL,2019-08-18T00:10Z,4,11,Denver
401076574,CHW,LAA,2019-08-18T01:07Z,5,6,Anaheim
401076588,BAL,BOS,2019-08-18T17:05Z,7,13,Boston
401076590,CLE,NYY,2019-08-18T17:05Z,8,4,Bronx
401076597,SD,PHI,2019-08-18T17:05Z,3,2,Philadelphia
401076595,SEA,TOR,2019-08-18T17:07Z,7,0,Toronto
401076591,DET,TB,2019-08-18T17:10Z,4,5,St. Petersburg
401076598,STL,CIN,2019-08-18T17:10Z,5,4,Cincinnati
401076599,LAD,ATL,2019-08-18T17:20Z,3,5,Atlanta
401076592,MIL,WSH,2019-08-18T17:35Z,8,16,Washington
401076594,NYM,KC,2019-08-18T18:15Z,11,5,Kansas City
401076593,MIN,TEX,2019-08-18T19:05Z,6,3,Arlington
401076600,MIA,COL,2019-08-18T19:10Z,6,7,Denver
401076589,CHW,LAA,2019-08-18T20:07Z,2,9,Anaheim
401076601,HOU,OAK,2019-08-18T20:07Z,4,1,Oakland
401076596,SF,ARI,2019-08-18T20:10Z,1,6,Phoenix
401076602,CHC,PIT,2019-08-18T23:00Z,7,1,Williamsport
401076608,KC,BAL,2019-08-19T23:05Z,5,4,Baltimore
401076609,WSH,PIT,2019-08-19T23:05Z,13,0,Pittsburgh
401076607,SEA,TB,2019-08-19T23:10Z,9,3,St. Petersburg
401076610,SD,CIN,2019-08-19T23:10Z,3,2,Cincinnati
401076606,MIL,STL,2019-08-19T23:45Z,0,3,St. Louis
401076603,LAA,TEX,2019-08-20T00:05Z,7,8,Arlington
401076605,DET,HOU,2019-08-20T00:10Z,4,5,Houston
401076611,CHW,MIN,2019-08-20T00:10Z,6,4,Minneapolis
401076604,COL,ARI,2019-08-20T01:40Z,3,5,Phoenix
401151613,LAA,TEX,2019-08-20T18:05Z,5,1,Arlington
401076621,KC,BAL,2019-08-20T23:05Z,1,4,Baltimore
401076622,WSH,PIT,2019-08-20T23:05Z,1,4,Pittsburgh
401076613,CLE,NYM,2019-08-20T23:10Z,2,9,Queens
401076617,PHI,BOS,2019-08-20T23:10Z,3,2,Boston
401076618,SEA,TB,2019-08-20T23:10Z,7,4,St. Petersburg
401076623,SD,CIN,2019-08-20T23:10Z,2,3,Cincinnati
401076624,MIA,ATL,2019-08-20T23:20Z,1,5,Atlanta
401076616,MIL,STL,2019-08-20T23:45Z,4,9,St. Louis
401076612,LAA,TEX,2019-08-21T00:05Z,2,3,Arlington
401076619,SF,CHC,2019-08-21T00:05Z,3,5,Chicago
401076615,DET,HOU,2019-08-21T00:10Z,3,6,Houston
401076625,CHW,MIN,2019-08-21T00:10Z,4,14,Minneapolis
401076614,COL,ARI,2019-08-21T01:40Z,7,8,Phoenix
401076626,NYY,OAK,2019-08-21T02:00Z,2,6,Oakland
401076620,TOR,LAD,2019-08-21T02:10Z,3,16,Los Angeles
401076636,SD,CIN,2019-08-21T16:35Z,2,4,Cincinnati
401076633,SEA,TB,2019-08-21T17:10Z,6,7,St. Petersburg
401076637,CHW,MIN,2019-08-21T17:10Z,4,0,Minneapolis
401076629,COL,ARI,2019-08-21T19:40Z,7,2,Phoenix
401076627,LAA,TEX,2019-08-21T23:05Z,7,8,Arlington
401076638,KC,BAL,2019-08-21T23:05Z,1,8,Baltimore
401076639,WSH,PIT,2019-08-21T23:05Z,11,1,Pittsburgh
401076628,CLE,NYM,2019-08-21T23:10Z,3,4,Queens
401076632,PHI,BOS,2019-08-21T23:10Z,5,2,Boston
401076640,MIA,ATL,2019-08-21T23:20Z,0,5,Atlanta
401076631,MIL,STL,2019-08-21T23:45Z,5,3,St. Louis
401076634,SF,CHC,2019-08-22T00:05Z,11,12,Chicago
401076630,DET,HOU,2019-08-22T00:10Z,2,1,Houston
401076641,NYY,OAK,2019-08-22T02:00Z,4,6,Oakland
401076635,TOR,LAD,2019-08-22T02:10Z,1,2,Los Angeles
401076645,SF,CHC,2019-08-22T18:20Z,0,1,Chicago
401076648,TB,BAL,2019-08-22T23:05Z,5,2,Baltimore
401076649,WSH,PIT,2019-08-22T23:05Z,7,1,Pittsburgh
401076642,CLE,NYM,2019-08-22T23:10Z,0,2,Queens
401076650,MIA,ATL,2019-08-22T23:20Z,2,3,Atlanta
401076643,COL,STL,2019-08-22T23:45Z,5,6,St. Louis
401076644,DET,HOU,2019-08-23T00:10Z,3,6,Houston
401076646,TEX,CHW,2019-08-23T00:10Z,1,6,Chicago
401076651,NYY,OAK,2019-08-23T01:37Z,3,5,Oakland
401076647,TOR,LAD,2019-08-23T02:10Z,2,3,Los Angeles
401076660,WSH,CHC,2019-08-23T18:20Z,9,3,Chicago
401076661,CIN,PIT,2019-08-23T23:05Z,2,3,Pittsburgh
401076662,TB,BAL,2019-08-23T23:05Z,7,1,Baltimore
401076654,ATL,NYM,2019-08-23T23:10Z,2,1,Queens
401076657,KC,CLE,2019-08-23T23:10Z,1,4,Cleveland
401076663,PHI,MIA,2019-08-23T23:10Z,11,19,Miami
401076652,LAA,HOU,2019-08-24T00:10Z,4,5,Houston
401076653,ARI,MIL,2019-08-24T00:10Z,1,6,Milwaukee
401076659,TEX,CHW,2019-08-24T00:10Z,3,8,Chicago
401076664,DET,MIN,2019-08-24T00:10Z,9,6,Minneapolis
401076656,COL,STL,2019-08-24T00:15Z,3,8,St. Louis
401076655,BOS,SD,2019-08-24T02:10Z,11,0,San Diego
401076658,NYY,LAD,2019-08-24T02:10Z,10,2,Los Angeles
401076665,TOR,SEA,2019-08-24T02:10Z,4,7,Seattle
401076675,WSH,CHC,2019-08-24T18:20Z,7,2,Chicago
401076673,NYY,LAD,2019-08-24T20:05Z,1,2,Los Angeles
401076676,PHI,MIA,2019-08-24T22:10Z,9,3,Miami
401076677,CIN,PIT,2019-08-24T23:05Z,0,14,Pittsburgh
401076678,TB,BAL,2019-08-24T23:05Z,1,7,Baltimore
401076666,LAA,HOU,2019-08-24T23:10Z,2,5,Houston
401076667,ARI,MIL,2019-08-24T23:10Z,0,4,Milwaukee
401076668,ATL,NYM,2019-08-24T23:10Z,9,5,Queens
401076671,DET,MIN,2019-08-24T23:10Z,5,8,Minneapolis
401076672,KC,CLE,2019-08-24T23:10Z,2,4,Cleveland
401076674,TEX,CHW,2019-08-24T23:10Z,4,0,Chicago
401076670,COL,STL,2019-08-24T23:15Z,0,6,St. Louis
401076669,BOS,SD,2019-08-25T00:40Z,5,4,San Diego
401076679,SF,OAK,2019-08-25T01:07Z,10,5,Oakland
401076680,TOR,SEA,2019-08-25T01:10Z,7,5,Seattle
401076690,TB,BAL,2019-08-25T17:05Z,3,8,Baltimore
401076683,ATL,NYM,2019-08-25T17:10Z,2,1,Queens
401076686,KC,CLE,2019-08-25T17:10Z,9,8,Cleveland
401076691,PHI,MIA,2019-08-25T17:10Z,2,3,Miami
401076692,CIN,PIT,2019-08-25T17:35Z,8,9,Pittsburgh
401076681,LAA,HOU,2019-08-25T18:10Z,2,11,Houston
401076682,ARI,MIL,2019-08-25T18:10Z,5,2,Milwaukee
401076688,TEX,CHW,2019-08-25T18:10Z,0,2,Chicago
401076693,DET,MIN,2019-08-25T18:10Z,4,7,Minneapolis
401076685,COL,STL,2019-08-25T18:15Z,4,11,St. Louis
401076689,WSH,CHC,2019-08-25T18:20Z,7,5,Chicago
401076694,SF,OAK,2019-08-25T20:07Z,5,4,Oakland
401076684,BOS,SD,2019-08-25T20:10Z,1,3,San Diego
401076695,TOR,SEA,2019-08-25T20:10Z,1,3,Seattle
401076687,NYY,LAD,2019-08-25T23:00Z,5,1,Los Angeles
401126695,ATL,COL,2019-08-26T19:10Z,1,3,Denver
401076699,STL,MIL,2019-08-26T23:00Z,12,2,Milwaukee
401076700,PIT,PHI,2019-08-26T23:05Z,5,6,Philadelphia
401076701,CIN,MIA,2019-08-26T23:10Z,6,3,Miami
401076698,OAK,KC,2019-08-27T00:15Z,19,4,Kansas City
401076696,ARI,SF,2019-08-27T01:45Z,6,4,San Francisco
401076702,NYY,SEA,2019-08-27T02:00Z,5,4,Seattle
401076697,LAD,SD,2019-08-27T02:10Z,3,4,San Diego
401076705,BAL,WSH,2019-08-27T23:05Z,2,0,Washington
401076714,PIT,PHI,2019-08-27T23:05Z,5,4,Philadelphia
401076704,ATL,TOR,2019-08-27T23:07Z,1,3,Toronto
401076706,CHC,NYM,2019-08-27T23:10Z,5,2,Queens
401076707,CLE,DET,2019-08-27T23:10Z,10,1,Detroit
401076715,CIN,MIA,2019-08-27T23:10Z,8,5,Miami
401076711,STL,MIL,2019-08-27T23:40Z,6,3,Milwaukee
401076709,MIN,CHW,2019-08-28T00:10Z,3,1,Chicago
401076712,TB,HOU,2019-08-28T00:10Z,1,15,Houston
401076710,OAK,KC,2019-08-28T00:15Z,2,1,Kansas City
401076716,BOS,COL,2019-08-28T00:40Z,10,6,Denver
401076703,ARI,SF,2019-08-28T01:45Z,3,2,San Francisco
401076713,TEX,LAA,2019-08-28T02:07Z,2,5,Anaheim
401076708,LAD,SD,2019-08-28T02:10Z,9,0,San Diego
401076717,NYY,SEA,2019-08-28T02:10Z,7,0,Seattle
401076725,STL,MIL,2019-08-28T18:10Z,1,4,Milwaukee
401076728,NYY,SEA,2019-08-28T20:10Z,7,3,Seattle
401076729,PIT,PHI,2019-08-28T22:05Z,3,12,Philadelphia
401076719,BAL,WSH,2019-08-28T23:05Z,4,8,Washington
401076718,ATL,TOR,2019-08-28T23:07Z,9,4,Toronto
401076720,CHC,NYM,2019-08-28T23:10Z,10,7,Queens
401076721,CLE,DET,2019-08-28T23:10Z,4,2,Detroit
401076730,CIN,MIA,2019-08-28T23:10Z,5,0,Miami
401076723,MIN,CHW,2019-08-29T00:10Z,8,2,Chicago
401076726,TB,HOU,2019-08-29T00:10Z,6,8,Houston
401076724,OAK,KC,2019-08-29T00:15Z,4,6,Kansas City
401076731,BOS,COL,2019-08-29T00:40Z,7,4,Denver
401076722,LAD,SD,2019-08-29T01:10Z,6,4,San Diego
401076727,TEX,LAA,2019-08-29T02:07Z,3,0,Anaheim
401076733,CLE,DET,2019-08-29T17:10Z,2,0,Detroit
401076736,OAK,KC,2019-08-29T17:15Z,9,8,Kansas City
401076735,MIN,CHW,2019-08-29T18:10Z,10,5,Chicago
401076739,TB,HOU,2019-08-29T18:10Z,9,8,Houston
401076732,CHC,NYM,2019-08-29T23:10Z,4,1,Queens
401076740,CIN,MIA,2019-08-29T23:10Z,3,4,Miami
401076738,SEA,TEX,2019-08-30T00:05Z,5,3,Arlington
401076741,PIT,COL,2019-08-30T00:40Z,11,8,Denver
401076734,LAD,ARI,2019-08-30T01:40Z,5,11,Phoenix
401076737,SD,SF,2019-08-30T01:45Z,5,3,San Francisco
401076749,MIL,CHC,2019-08-30T18:20Z,1,7,Chicago
401076748,MIA,WSH,2019-08-30T23:05Z,6,7,Washington
401076751,OAK,NYY,2019-08-30T23:05Z,8,2,Bronx
401076754,NYM,PHI,2019-08-30T23:05Z,11,5,Philadelphia
401076746,HOU,TOR,2019-08-30T23:07Z,7,4,Toronto
401076745,CLE,TB,2019-08-30T23:10Z,0,4,St. Petersburg
401076750,MIN,DET,2019-08-30T23:15Z,13,5,Detroit
401076755,CHW,ATL,2019-08-30T23:20Z,7,10,Atlanta
401076753,SEA,TEX,2019-08-31T00:05Z,3,6,Arlington
401076742,BAL,KC,2019-08-31T00:15Z,14,2,Kansas City
401076756,PIT,COL,2019-08-31T00:40Z,9,4,Denver
401076747,LAD,ARI,2019-08-31T01:40Z,4,5,Phoenix
401076743,BOS,LAA,2019-08-31T02:07Z,7,6,Anaheim
401076752,SD,SF,2019-08-31T02:15Z,3,8,San Francisco
401076767,OAK,NYY,2019-08-31T17:05Z,3,4,Bronx
401136834,CIN,STL,2019-08-31T17:15Z,6,10,St. Louis
401076765,MIL,CHC,2019-08-31T18:20Z,2,0,Chicago
401076762,HOU,TOR,2019-08-31T19:07Z,4,6,Toronto
401076770,NYM,PHI,2019-08-31T20:05Z,6,3,Philadelphia
401076761,CLE,TB,2019-08-31T22:10Z,6,9,St. Petersburg
401076766,MIN,DET,2019-08-31T22:10Z,7,10,Detroit
401076764,MIA,WSH,2019-08-31T23:05Z,0,7,Washington
401076757,BAL,KC,2019-08-31T23:15Z,5,7,Kansas City
401076760,CIN,STL,2019-08-31T23:15Z,2,3,St. Louis
401076759,CHW,ATL,2019-08-31T23:20Z,5,11,Atlanta
401076769,SEA,TEX,2019-09-01T00:05Z,2,3,Arlington
401076763,LAD,ARI,2019-09-01T00:10Z,5,6,Phoenix
401076771,PIT,COL,2019-09-01T00:10Z,11,4,Denver
401076768,SD,SF,2019-09-01T01:05Z,4,1,San Francisco
401076758,BOS,LAA,2019-09-01T01:07Z,4,10,Anaheim
401076774,CIN,STL,2019-09-01T17:05Z,3,4,St. Louis
401076781,OAK,NYY,2019-09-01T17:05Z,4,5,Bronx
401076776,HOU,TOR,2019-09-01T17:07Z,2,0,Toronto
401076775,CLE,TB,2019-09-01T17:10Z,2,8,St. Petersburg
401076780,MIN,DET,2019-09-01T17:10Z,8,3,Detroit
401076778,MIA,WSH,2019-09-01T17:35Z,3,9,Washington
401076772,BAL,KC,2019-09-01T18:15Z,4,6,Kansas City
401076779,MIL,CHC,2019-09-01T18:20Z,4,0,Chicago
401076783,SEA,TEX,2019-09-01T19:05Z,11,3,Arlington
401076785,PIT,COL,2019-09-01T19:10Z,6,2,Denver
401076782,SD,SF,2019-09-01T20:05Z,8,4,San Francisco
401076773,BOS,LAA,2019-09-01T20:07Z,4,3,Anaheim
401076777,LAD,ARI,2019-09-01T20:10Z,4,3,Phoenix
401076786,CHW,ATL,2019-09-01T21:10Z,3,5,Atlanta
401076784,NYM,PHI,2019-09-01T23:00Z,2,5,Philadelphia
401164313,CIN,STL,2019-09-01T23:05Z,5,3,St. Louis
401076796,TEX,NYY,2019-09-02T17:00Z,7,0,Bronx
401076792,NYM,WSH,2019-09-02T17:05Z,7,3,Washington
401076787,BAL,TB,2019-09-02T17:10Z,4,5,St. Petersburg
401076791,MIN,DET,2019-09-02T17:10Z,4,3,Detroit
401076797,TOR,ATL,2019-09-02T17:20Z,3,6,Atlanta
401076798,PHI,CIN,2019-09-02T18:10Z,7,1,Cincinnati
401076795,SF,STL,2019-09-02T18:15Z,1,3,St. Louis
401076794,SEA,CHC,2019-09-02T18:20Z,1,5,Chicago
401076790,HOU,MIL,2019-09-02T20:00Z,3,2,Milwaukee
401076793,SD,ARI,2019-09-02T20:10Z,7,14,Phoenix
401076788,CHW,CLE,2019-09-02T23:10Z,3,11,Cleveland
401076789,COL,LAD,2019-09-03T00:10Z,9,16,Los Angeles
401076799,BAL,TB,2019-09-03T19:10Z,4,2,St. Petersburg
401076809,TEX,NYY,2019-09-03T22:35Z,1,10,Bronx
401076810,PHI,CIN,2019-09-03T22:40Z,6,2,Cincinnati
401076814,BAL,TB,2019-09-03T22:40Z,0,2,St. Petersburg
401076805,NYM,WSH,2019-09-03T23:05Z,10,11,Washington
401076811,MIA,PIT,2019-09-03T23:05Z,5,4,Pittsburgh
401076800,CHW,CLE,2019-09-03T23:10Z,6,5,Cleveland
401076804,MIN,BOS,2019-09-03T23:10Z,6,5,Boston
401076812,TOR,ATL,2019-09-03T23:20Z,2,7,Atlanta
401076803,HOU,MIL,2019-09-03T23:40Z,2,4,Milwaukee
401076808,SF,STL,2019-09-03T23:45Z,0,1,St. Louis
401076807,SEA,CHC,2019-09-04T00:05Z,1,6,Chicago
401076802,DET,KC,2019-09-04T00:15Z,5,6,Kansas City
401076806,SD,ARI,2019-09-04T01:40Z,1,2,Phoenix
401076813,LAA,OAK,2019-09-04T02:07Z,5,7,Oakland
401076801,COL,LAD,2019-09-04T02:10Z,3,5,Los Angeles
401076819,NYM,WSH,2019-09-04T17:05Z,8,4,Washington
401076822,TEX,NYY,2019-09-04T22:35Z,1,4,Bronx
401076823,PHI,CIN,2019-09-04T22:40Z,5,8,Cincinnati
401076824,MIA,PIT,2019-09-04T23:05Z,5,6,Pittsburgh
401076815,CHW,CLE,2019-09-04T23:10Z,6,8,Cleveland
401076818,MIN,BOS,2019-09-04T23:10Z,2,6,Boston
401076821,SF,STL,2019-09-04T23:45Z,9,8,St. Louis
401076817,DET,KC,2019-09-05T00:15Z,4,5,Kansas City
401076820,SD,ARI,2019-09-05T01:40Z,1,4,Phoenix
401076825,LAA,OAK,2019-09-05T02:07Z,0,4,Oakland
401076816,COL,LAD,2019-09-05T02:10Z,3,7,Los Angeles
401076833,PHI,CIN,2019-09-05T16:35Z,3,4,Cincinnati
401076826,CHW,CLE,2019-09-05T17:10Z,7,1,Cleveland
401076828,DET,KC,2019-09-05T17:15Z,6,4,Kansas City
401076831,SF,STL,2019-09-05T17:15Z,0,10,St. Louis
401076834,LAA,OAK,2019-09-05T19:37Z,6,10,
401076835,MIA,PIT,2019-09-05T23:05Z,10,7,Pittsburgh
401076836,TEX,BAL,2019-09-05T23:05Z,3,1,Baltimore
401076827,CHC,MIL,2019-09-05T23:10Z,10,5,Milwaukee
401076829,MIN,BOS,2019-09-05T23:10Z,2,1,Boston
401076832,TOR,TB,2019-09-05T23:10Z,4,6,St. Petersburg
401076837,WSH,ATL,2019-09-05T23:20Z,2,4,Atlanta
401076830,SEA,HOU,2019-09-06T00:10Z,9,11,Houston
401076846,STL,PIT,2019-09-06T23:05Z,4,9,Pittsburgh
401076847,TEX,BAL,2019-09-06T23:05Z,7,6,Baltimore
401076841,NYY,BOS,2019-09-06T23:10Z,1,6,Boston
401076842,PHI,NYM,2019-09-06T23:10Z,4,5,Queens
401076845,TOR,TB,2019-09-06T23:10Z,0,5,St. Petersburg
401076848,ARI,CIN,2019-09-06T23:10Z,7,5,Cincinnati
401076849,KC,MIA,2019-09-06T23:10Z,3,0,Miami
401076850,WSH,ATL,2019-09-06T23:20Z,3,4,Atlanta
401076838,LAA,CHW,2019-09-07T00:10Z,5,4,Chicago
401076839,CHC,MIL,2019-09-07T00:10Z,1,7,Milwaukee
401076843,SEA,HOU,2019-09-07T00:10Z,4,7,Houston
401076851,CLE,MIN,2019-09-07T00:10Z,6,2,Minneapolis
401076852,DET,OAK,2019-09-07T02:07Z,5,4,Oakland
401076840,COL,SD,2019-09-07T02:10Z,3,2,San Diego
401076844,SF,LAD,2019-09-07T02:10Z,5,4,Los Angeles
401076857,NYY,BOS,2019-09-07T20:05Z,5,1,Boston
401076863,ARI,CIN,2019-09-07T20:10Z,2,0,Cincinnati
401076861,TOR,TB,2019-09-07T22:10Z,3,5,St. Petersburg
401076864,KC,MIA,2019-09-07T22:10Z,7,2,Miami
401076865,STL,PIT,2019-09-07T23:05Z,10,1,Pittsburgh
401076866,TEX,BAL,2019-09-07T23:05Z,9,4,Baltimore
401076853,LAA,CHW,2019-09-07T23:10Z,8,7,Chicago
401076854,CHC,MIL,2019-09-07T23:10Z,2,3,Milwaukee
401076855,CLE,MIN,2019-09-07T23:10Z,3,5,Minneapolis
401076858,PHI,NYM,2019-09-07T23:10Z,5,0,Queens
401076859,SEA,HOU,2019-09-07T23:10Z,1,2,Houston
401076862,WSH,ATL,2019-09-07T23:20Z,4,5,Atlanta
401076856,COL,SD,2019-09-08T00:40Z,0,3,San Diego
401076867,DET,OAK,2019-09-08T01:07Z,2,10,
401076860,SF,LAD,2019-09-08T01:10Z,1,0,Los Angeles
401076876,TEX,BAL,2019-09-08T17:05Z,10,4,Baltimore
401076872,PHI,NYM,2019-09-08T17:10Z,10,7,Queens
401076875,TOR,TB,2019-09-08T17:10Z,3,8,St. Petersburg
401076877,ARI,CIN,2019-09-08T17:10Z,3,4,Cincinnati
401076878,KC,MIA,2019-09-08T17:10Z,0,9,Miami
401076879,WSH,ATL,2019-09-08T17:20Z,9,4,Atlanta
401076880,STL,PIT,2019-09-08T17:35Z,2,0,Pittsburgh
401076868,LAA,CHW,2019-09-08T18:10Z,1,5,Chicago
401076869,CHC,MIL,2019-09-08T18:10Z,5,8,Milwaukee
401076873,SEA,HOU,2019-09-08T18:10Z,1,21,Houston
401076881,CLE,MIN,2019-09-08T18:10Z,5,2,Minneapolis
401076882,DET,OAK,2019-09-08T20:07Z,1,3,
401076870,COL,SD,2019-09-08T20:10Z,1,2,San Diego
401076874,SF,LAD,2019-09-08T20:10Z,0,5,Los Angeles
401076871,NYY,BOS,2019-09-09T00:00Z,10,5,Boston
401076889,ATL,PHI,2019-09-09T23:05Z,7,2,Philadelphia
401076883,ARI,NYM,2019-09-09T23:10Z,1,3,Queens
401076886,NYY,BOS,2019-09-09T23:10Z,5,0,Boston
401076890,MIL,MIA,2019-09-09T23:10Z,8,3,Miami
401076887,OAK,HOU,2019-09-10T00:10Z,0,15,Houston
401076888,PIT,SF,2019-09-10T01:45Z,6,4,San Francisco
401076885,CLE,LAA,2019-09-10T02:07Z,6,2,Anaheim
401076884,CHC,SD,2019-09-10T02:10Z,10,2,San Diego
401076896,NYY,DET,2019-09-10T22:40Z,11,12,Detroit
401076900,ATL,PHI,2019-09-10T23:05Z,5,6,Philadelphia
401076901,LAD,BAL,2019-09-10T23:05Z,7,3,Baltimore
401076892,BOS,TOR,2019-09-10T23:07Z,3,4,Toronto
401076891,ARI,NYM,2019-09-10T23:10Z,2,3,Queens
401076902,MIL,MIA,2019-09-10T23:10Z,4,3,Miami
401076903,WSH,MIN,2019-09-10T23:40Z,0,5,Minneapolis
401076899,TB,TEX,2019-09-11T00:05Z,5,3,Arlington
401076895,KC,CHW,2019-09-11T00:10Z,3,7,Chicago
401076897,OAK,HOU,2019-09-11T00:10Z,21,7,Houston
401076904,STL,COL,2019-09-11T00:40Z,1,2,Denver
401076898,PIT,SF,2019-09-11T01:45Z,4,5,San Francisco
401076894,CLE,LAA,2019-09-11T02:07Z,8,0,Anaheim
401076893,CHC,SD,2019-09-11T02:10Z,8,9,San Diego
401076905,CIN,SEA,2019-09-11T02:10Z,3,4,Seattle
401076915,ATL,PHI,2019-09-11T23:00Z,3,1,Philadelphia
401076916,LAD,BAL,2019-09-11T23:05Z,3,7,Baltimore
401076907,BOS,TOR,2019-09-11T23:07Z,0,8,Toronto
401076906,ARI,NYM,2019-09-11T23:10Z,0,9,Queens
401076917,MIL,MIA,2019-09-11T23:10Z,7,5,Miami
401076918,WSH,MIN,2019-09-11T23:40Z,6,2,Minneapolis
401076914,TB,TEX,2019-09-12T00:05Z,9,10,Arlington
401076909,CLE,LAA,2019-09-12T00:07Z,4,3,Anaheim
401076910,KC,CHW,2019-09-12T00:10Z,8,6,Chicago
401076912,OAK,HOU,2019-09-12T00:10Z,5,3,Houston
401076919,STL,COL,2019-09-12T00:40Z,1,2,Denver
401076913,PIT,SF,2019-09-12T01:45Z,6,3,San Francisco
401076908,CHC,SD,2019-09-12T02:00Z,0,4,San Diego
401076920,CIN,SEA,2019-09-12T02:10Z,3,5,Seattle
401076921,ARI,NYM,2019-09-12T17:10Z,1,11,Queens
401076925,NYY,DET,2019-09-12T17:10Z,10,4,Detroit
401076932,MIL,MIA,2019-09-12T17:10Z,3,2,Miami
401076924,KC,CHW,2019-09-12T18:10Z,6,3,Chicago
401076929,STL,COL,2019-09-12T19:10Z,10,3,Denver
401076923,CHC,SD,2019-09-12T19:40Z,4,1,San Diego
401076927,PIT,SF,2019-09-12T19:45Z,4,2,San Francisco
401167116,NYY,DET,2019-09-12T21:20Z,6,4,Detroit
401076922,BOS,TOR,2019-09-12T23:07Z,7,4,Toronto
401076930,ATL,PHI,2019-09-12T23:15Z,5,9,Philadelphia
401076931,LAD,BAL,2019-09-12T23:15Z,4,2,Baltimore
401076933,WSH,MIN,2019-09-12T23:40Z,12,6,Minneapolis
401076928,TB,TEX,2019-09-13T00:05Z,4,6,Arlington
401076926,OAK,HOU,2019-09-13T00:10Z,3,2,Houston
401076934,CIN,SEA,2019-09-13T02:10Z,11,5,Seattle
401076945,PIT,CHC,2019-09-13T20:05Z,8,17,Chicago
401076935,ATL,WSH,2019-09-13T23:05Z,5,0,Washington
401076943,NYY,TOR,2019-09-13T23:07Z,5,6,Toronto
401076936,BAL,DET,2019-09-13T23:10Z,6,2,Detroit
401076939,LAD,NYM,2019-09-13T23:10Z,9,2,Queens
401076944,OAK,TEX,2019-09-14T00:05Z,14,9,Arlington
401076938,HOU,KC,2019-09-14T00:15Z,4,1,Kansas City
401076941,MIL,STL,2019-09-14T00:15Z,0,10,St. Louis
401076947,SD,COL,2019-09-14T00:40Z,8,10,Denver
401076937,CIN,ARI,2019-09-14T01:40Z,4,3,Phoenix
401076946,TB,LAA,2019-09-14T02:07Z,11,4,Anaheim
401076948,CHW,SEA,2019-09-14T02:10Z,9,7,Seattle
401076940,MIA,SF,2019-09-14T02:15Z,0,1,San Francisco
401168693,MIN,CLE,2019-09-14T17:10Z,2,0,Cleveland
401076959,PIT,CHC,2019-09-14T18:20Z,1,14,Chicago
401076957,NYY,TOR,2019-09-14T19:07Z,13,3,Toronto
401076949,ATL,WSH,2019-09-14T20:05Z,10,1,Washington
401076950,BAL,DET,2019-09-14T22:10Z,4,8,Detroit
401076961,BOS,PHI,2019-09-14T23:05Z,2,1,Philadelphia
401076953,LAD,NYM,2019-09-14T23:10Z,0,3,Queens
401076956,MIN,CLE,2019-09-14T23:10Z,9,5,Cleveland
401076952,HOU,KC,2019-09-14T23:15Z,6,1,Kansas City
401076955,MIL,STL,2019-09-14T23:15Z,5,2,St. Louis
401076958,OAK,TEX,2019-09-15T00:05Z,8,6,Arlington
401076951,CIN,ARI,2019-09-15T00:10Z,0,1,Phoenix
401076962,SD,COL,2019-09-15T00:10Z,10,11,Denver
401076954,MIA,SF,2019-09-15T01:05Z,4,2,San Francisco
401076960,TB,LAA,2019-09-15T01:07Z,3,1,Anaheim
401076963,CHW,SEA,2019-09-15T01:10Z,1,2,Seattle
401076976,BOS,PHI,2019-09-15T17:05Z,6,3,Philadelphia
401076972,NYY,TOR,2019-09-15T17:07Z,4,6,Toronto
401076965,BAL,DET,2019-09-15T17:10Z,8,2,Detroit
401076971,MIN,CLE,2019-09-15T17:10Z,5,7,Cleveland
401076964,ATL,WSH,2019-09-15T17:35Z,0,7,Washington
401076967,HOU,KC,2019-09-15T18:15Z,12,3,Kansas City
401076970,MIL,STL,2019-09-15T18:15Z,7,6,St. Louis
401076974,PIT,CHC,2019-09-15T18:20Z,6,16,Chicago
401076973,OAK,TEX,2019-09-15T19:05Z,6,1,Arlington
401076977,SD,COL,2019-09-15T19:10Z,5,10,Denver
401076969,MIA,SF,2019-09-15T20:05Z,1,2,San Francisco
401076975,TB,LAA,2019-09-15T20:07Z,4,6,Anaheim
401076966,CIN,ARI,2019-09-15T20:10Z,3,1,Phoenix
401076978,CHW,SEA,2019-09-15T20:10Z,10,11,Seattle
401076968,LAD,NYM,2019-09-15T23:00Z,3,2,Queens
401076979,BAL,DET,2019-09-16T20:10Z,2,5,Detroit
401076982,SD,MIL,2019-09-16T23:40Z,1,5,Milwaukee
401076984,CHW,MIN,2019-09-16T23:40Z,3,5,Minneapolis
401076983,WSH,STL,2019-09-16T23:45Z,2,4,St. Louis
401076980,CIN,CHC,2019-09-17T00:05Z,2,8,Chicago
401076985,NYM,COL,2019-09-17T00:40Z,4,9,Denver
401076981,MIA,ARI,2019-09-17T01:40Z,5,7,Phoenix
401076986,KC,OAK,2019-09-17T02:07Z,6,5,
401076987,LAA,NYY,2019-09-17T22:35Z,0,8,Bronx
401076996,SEA,PIT,2019-09-17T23:05Z,6,0,Pittsburgh
401076997,TOR,BAL,2019-09-17T23:05Z,8,5,Baltimore
401076989,DET,CLE,2019-09-17T23:10Z,2,7,Cleveland
401076992,SF,BOS,2019-09-17T23:10Z,7,6,Boston
401076998,PHI,ATL,2019-09-17T23:20Z,5,4,Atlanta
401076991,SD,MIL,2019-09-17T23:40Z,1,3,Milwaukee
401076999,CHW,MIN,2019-09-17T23:40Z,8,9,Minneapolis
401076995,WSH,STL,2019-09-17T23:45Z,6,2,St. Louis
401076988,CIN,CHC,2019-09-18T00:00Z,4,2,Chicago
401076994,TEX,HOU,2019-09-18T00:10Z,1,4,Houston
401077000,NYM,COL,2019-09-18T00:40Z,6,1,Denver
401076990,MIA,ARI,2019-09-18T01:40Z,12,6,Phoenix
401077001,KC,OAK,2019-09-18T02:07Z,1,2,
401076993,TB,LAD,2019-09-18T02:10Z,5,7,Los Angeles
401077010,WSH,STL,2019-09-18T17:15Z,1,5,St. Louis
401077011,NYM,COL,2019-09-18T19:10Z,7,4,Denver
401077012,KC,OAK,2019-09-18T19:37Z,0,1,
401077005,MIA,ARI,2019-09-18T19:40Z,4,5,Phoenix
401077002,LAA,NYY,2019-09-18T22:35Z,3,2,Bronx
401077013,SEA,PIT,2019-09-18T23:05Z,4,1,Pittsburgh
401077014,TOR,BAL,2019-09-18T23:05Z,11,10,Baltimore
401077004,DET,CLE,2019-09-18T23:10Z,1,2,Cleveland
401077007,SF,BOS,2019-09-18T23:10Z,11,3,Boston
401077015,PHI,ATL,2019-09-18T23:20Z,4,1,Atlanta
401077006,SD,MIL,2019-09-18T23:40Z,2,1,Milwaukee
401077016,CHW,MIN,2019-09-18T23:40Z,3,1,Minneapolis
401077003,CIN,CHC,2019-09-19T00:05Z,3,2,Chicago
401077008,TB,LAD,2019-09-19T00:10Z,8,7,Los Angeles
401077009,TEX,HOU,2019-09-19T00:10Z,2,3,Houston
401077022,PHI,ATL,2019-09-19T16:10Z,4,5,Atlanta
401077023,SEA,PIT,2019-09-19T16:35Z,6,5,Pittsburgh
401077020,SF,BOS,2019-09-19T17:05Z,4,5,Boston
401077019,SD,MIL,2019-09-19T20:10Z,1,5,Milwaukee
401077017,LAA,NYY,2019-09-19T22:35Z,1,9,Bronx
401077024,TOR,BAL,2019-09-19T23:05Z,8,4,Baltimore
401077018,DET,CLE,2019-09-19T23:15Z,0,7,Cleveland
401077021,STL,CHC,2019-09-19T23:15Z,5,4,Chicago
401077025,KC,MIN,2019-09-19T23:40Z,5,8,Minneapolis
401077033,STL,CHC,2019-09-20T18:20Z,2,1,Chicago
401077031,PHI,CLE,2019-09-20T23:00Z,2,5,Cleveland
401077034,TOR,NYY,2019-09-20T23:05Z,4,3,Bronx
401077035,SEA,BAL,2019-09-20T23:05Z,3,5,Baltimore
401077028,BOS,TB,2019-09-20T23:10Z,4,5,St. Petersburg
401077029,CHW,DET,2019-09-20T23:10Z,10,1,Detroit
401077036,NYM,CIN,2019-09-20T23:10Z,8,1,Cincinnati
401077037,WSH,MIA,2019-09-20T23:10Z,6,4,Miami
401077038,SF,ATL,2019-09-20T23:20Z,0,6,Atlanta
401077026,LAA,HOU,2019-09-21T00:10Z,4,6,Houston
401077032,PIT,MIL,2019-09-21T00:10Z,1,10,Milwaukee
401077039,KC,MIN,2019-09-21T00:10Z,3,4,Minneapolis
401077030,COL,LAD,2019-09-21T02:00Z,5,12,Los Angeles
401077040,TEX,OAK,2019-09-21T02:07Z,0,8,
401077027,ARI,SD,2019-09-21T02:10Z,9,0,San Diego
401077051,TOR,NYY,2019-09-21T17:05Z,2,7,Bronx
401077050,STL,CHC,2019-09-21T18:20Z,9,8,Chicago
401077052,NYM,CIN,2019-09-21T20:10Z,2,3,Cincinnati
401077043,BOS,TB,2019-09-21T22:10Z,4,5,St. Petersburg
401077044,CHW,DET,2019-09-21T22:10Z,5,3,Detroit
401077053,WSH,MIA,2019-09-21T22:10Z,10,4,Miami
401077054,SEA,BAL,2019-09-21T23:05Z,7,6,Baltimore
401077041,LAA,HOU,2019-09-21T23:10Z,8,4,Houston
401077046,KC,MIN,2019-09-21T23:10Z,12,5,Minneapolis
401077047,PHI,CLE,2019-09-21T23:10Z,9,4,Cleveland
401077048,PIT,MIL,2019-09-21T23:10Z,1,10,Milwaukee
401077049,SF,ATL,2019-09-21T23:20Z,1,8,Atlanta
401077042,ARI,SD,2019-09-22T00:40Z,4,2,San Diego
401077055,TEX,OAK,2019-09-22T01:07Z,3,12,
401077045,COL,LAD,2019-09-22T01:10Z,4,2,Los Angeles
401077064,TOR,NYY,2019-09-22T17:05Z,3,8,Bronx
401077065,SEA,BAL,2019-09-22T17:05Z,1,2,Baltimore
401077058,BOS,TB,2019-09-22T17:10Z,7,4,St. Petersburg
401077059,CHW,DET,2019-09-22T17:10Z,3,6,Detroit
401077066,NYM,CIN,2019-09-22T17:10Z,6,3,Cincinnati
401077067,WSH,MIA,2019-09-22T17:10Z,3,5,Miami
401077068,SF,ATL,2019-09-22T17:20Z,4,1,Atlanta
401077056,LAA,HOU,2019-09-22T18:10Z,5,13,Houston
401077062,PIT,MIL,2019-09-22T18:10Z,3,4,Milwaukee
401077069,KC,MIN,2019-09-22T18:10Z,8,12,Minneapolis
401077063,STL,CHC,2019-09-22T18:20Z,3,2,Chicago
401077070,TEX,OAK,2019-09-22T20:07Z,8,3,
401077057,ARI,SD,2019-09-22T20:10Z,4,6,San Diego
401077060,COL,LAD,2019-09-22T20:10Z,4,7,Los Angeles
401077061,PHI,CLE,2019-09-22T22:30Z,1,10,Cleveland
401077074,PHI,WSH,2019-09-23T23:05Z,2,7,Washington
401077071,BAL,TOR,2019-09-23T23:07Z,10,11,Toronto
401077072,BOS,TB,2019-09-23T23:10Z,4,7,St. Petersburg
401077073,MIA,NYM,2019-09-23T23:10Z,8,4,Queens
401077075,STL,ARI,2019-09-24T01:40Z,9,7,Phoenix
401140972,PHI,WSH,2019-09-24T17:05Z,1,4,Washington
401077083,MIN,DET,2019-09-24T22:40Z,4,2,Detroit
401077088,MIL,CIN,2019-09-24T22:40Z,4,2,Cincinnati
401077086,PHI,WSH,2019-09-24T23:05Z,5,6,Washington
401077089,CHC,PIT,2019-09-24T23:05Z,2,9,Pittsburgh
401077077,BAL,TOR,2019-09-24T23:07Z,11,4,Toronto
401077082,MIA,NYM,2019-09-24T23:10Z,4,5,Queens
401077084,NYY,TB,2019-09-24T23:10Z,1,2,St. Petersburg
401077079,CLE,CHW,2019-09-25T00:00Z,11,0,Chicago
401077078,BOS,TEX,2019-09-25T00:05Z,12,10,Arlington
401077076,ATL,KC,2019-09-25T00:15Z,6,9,Kansas City
401077087,STL,ARI,2019-09-25T01:40Z,2,3,Phoenix
401077080,COL,SF,2019-09-25T01:45Z,8,5,San Francisco
401077085,OAK,LAA,2019-09-25T02:07Z,2,3,Anaheim
401077081,LAD,SD,2019-09-25T02:10Z,6,3,San Diego
401077090,HOU,SEA,2019-09-25T02:10Z,3,0,Seattle
401077102,STL,ARI,2019-09-25T19:40Z,7,9,Phoenix
401077098,MIN,DET,2019-09-25T22:40Z,5,1,Detroit
401077103,MIL,CIN,2019-09-25T22:40Z,9,2,Cincinnati
401077099,NYY,TB,2019-09-25T23:00Z,0,4,St. Petersburg
401077101,PHI,WSH,2019-09-25T23:05Z,2,5,Washington
401077104,CHC,PIT,2019-09-25T23:05Z,2,4,Pittsburgh
401077092,BAL,TOR,2019-09-25T23:07Z,2,3,Toronto
401077097,MIA,NYM,2019-09-25T23:10Z,3,10,Queens
401077093,BOS,TEX,2019-09-26T00:05Z,10,3,Arlington
401077094,CLE,CHW,2019-09-26T00:10Z,3,8,Chicago
401077091,ATL,KC,2019-09-26T00:15Z,10,2,Kansas City
401077095,COL,SF,2019-09-26T01:45Z,1,2,San Francisco
401077100,OAK,LAA,2019-09-26T02:00Z,3,2,Anaheim
401077096,LAD,SD,2019-09-26T02:10Z,6,4,San Diego
401077105,HOU,SEA,2019-09-26T02:10Z,3,0,Seattle
401077114,MIL,CIN,2019-09-26T16:35Z,5,3,Cincinnati
401077112,MIN,DET,2019-09-26T17:10Z,10,4,Detroit
401077106,BOS,TEX,2019-09-26T18:05Z,5,7,Arlington
401077110,LAD,SD,2019-09-26T19:40Z,1,0,San Diego
401077108,COL,SF,2019-09-26T19:45Z,3,8,San Francisco
401077113,PHI,WSH,2019-09-26T20:05Z,3,6,Washington
401077115,CHC,PIT,2019-09-26T23:05Z,5,9,Pittsburgh
401077111,MIA,NYM,2019-09-26T23:10Z,4,2,Queens
401077107,CLE,CHW,2019-09-27T00:10Z,0,8,Chicago
401077109,HOU,LAA,2019-09-27T02:07Z,3,4,Anaheim
401077116,OAK,SEA,2019-09-27T02:10Z,3,1,Seattle
401077120,CLE,WSH,2019-09-27T23:05Z,2,8,Washington
401077128,CIN,PIT,2019-09-27T23:05Z,5,6,Pittsburgh
401077129,MIA,PHI,2019-09-27T23:05Z,4,5,Philadelphia
401077127,TB,TOR,2019-09-27T23:07Z,6,2,Toronto
401077117,ATL,NYM,2019-09-27T23:10Z,2,4,Queens
401077118,BAL,BOS,2019-09-27T23:10Z,4,1,Boston
401077121,DET,CHW,2019-09-27T23:40Z,0,0,Chicago
401077119,CHC,STL,2019-09-28T00:00Z,8,2,St. Louis
401077125,NYY,TEX,2019-09-28T00:05Z,14,7,Arlington
401077130,MIL,COL,2019-09-28T00:10Z,7,11,Denver
401077124,MIN,KC,2019-09-28T00:15Z,6,2,Kansas City
401077126,SD,ARI,2019-09-28T01:40Z,3,6,Phoenix
401077122,HOU,LAA,2019-09-28T02:07Z,4,0,Anaheim
401077131,OAK,SEA,2019-09-28T02:10Z,3,4,Seattle
401077123,LAD,SF,2019-09-28T02:15Z,9,2,San Francisco
401077133,BAL,BOS,2019-09-28T17:05Z,9,4,Boston
401077139,MIN,KC,2019-09-28T18:15Z,4,3,Kansas City
401077142,TB,TOR,2019-09-28T19:07Z,1,4,Toronto
401077136,DET,CHW,2019-09-28T19:40Z,1,7,Chicago
401077135,CLE,WSH,2019-09-28T20:05Z,7,10,Washington
401077138,LAD,SF,2019-09-28T20:05Z,2,0,San Francisco
401077143,MIA,PHI,2019-09-28T22:05Z,3,9,Philadelphia
401172775,DET,CHW,2019-09-28T23:00Z,4,3,Chicago
401077144,CIN,PIT,2019-09-28T23:05Z,4,2,Pittsburgh
401077132,ATL,NYM,2019-09-28T23:15Z,0,3,Queens
401077134,CHC,STL,2019-09-28T23:15Z,8,6,St. Louis
401077140,NYY,TEX,2019-09-29T00:05Z,4,9,Arlington
401077141,SD,ARI,2019-09-29T00:10Z,5,6,Phoenix
401077145,MIL,COL,2019-09-29T00:10Z,2,3,Denver
401077137,HOU,LAA,2019-09-29T01:07Z,6,3,Anaheim
401077146,OAK,SEA,2019-09-29T01:10Z,1,0,Seattle
401077148,BAL,BOS,2019-09-29T19:05Z,4,5,Boston
401077150,CLE,WSH,2019-09-29T19:05Z,2,8,Washington
401077153,LAD,SF,2019-09-29T19:05Z,9,0,San Francisco
401077155,NYY,TEX,2019-09-29T19:05Z,1,6,Arlington
401077158,CIN,PIT,2019-09-29T19:05Z,3,1,Pittsburgh
401077159,MIA,PHI,2019-09-29T19:05Z,4,3,Philadelphia
401077152,HOU,LAA,2019-09-29T19:07Z,8,5,Anaheim
401077157,TB,TOR,2019-09-29T19:07Z,3,8,Toronto
401077147,ATL,NYM,2019-09-29T19:10Z,6,7,Queens
401077151,DET,CHW,2019-09-29T19:10Z,3,5,Chicago
401077156,SD,ARI,2019-09-29T19:10Z,0,1,Phoenix
401077160,OAK,SEA,2019-09-29T19:10Z,1,3,Seattle
401077161,MIL,COL,2019-09-29T19:10Z,3,4,Denver
401077149,CHC,STL,2019-09-29T19:15Z,0,9,St. Louis
401077154,MIN,KC,2019-09-29T19:15Z,4,5,Kansas City
401169053,MIL,WSH,2019-10-02T00:08Z,3,4,Washington
401169054,TB,OAK,2019-10-03T00:00Z,5,1,
401169074,STL,ATL,2019-10-03T21:02Z,7,6,Atlanta
401169073,WSH,LAD,2019-10-04T00:37Z,0,6,Los Angeles
401169075,TB,HOU,2019-10-04T18:05Z,2,6,Houston
401169078,STL,ATL,2019-10-04T20:37Z,0,3,Atlanta
401169076,MIN,NYY,2019-10-04T23:07Z,4,10,Bronx
401169077,WSH,LAD,2019-10-05T01:37Z,4,2,Los Angeles
401169080,MIN,NYY,2019-10-05T21:07Z,2,8,Bronx
401169079,TB,HOU,2019-10-06T01:07Z,1,3,Houston
401169082,ATL,STL,2019-10-06T20:10Z,3,1,St. Louis
401169081,LAD,WSH,2019-10-06T23:45Z,10,4,Washington
401169083,HOU,TB,2019-10-07T17:05Z,3,10,St. Petersburg
401169086,ATL,STL,2019-10-07T19:07Z,4,5,St. Louis
401169085,LAD,WSH,2019-10-07T22:40Z,1,6,Washington
401169084,NYY,MIN,2019-10-08T00:40Z,5,1,Minneapolis
401169087,HOU,TB,2019-10-08T23:07Z,1,4,St. Petersburg
401169090,STL,ATL,2019-10-09T21:02Z,13,1,Atlanta
401169089,WSH,LAD,2019-10-10T00:37Z,7,3,Los Angeles
401169091,TB,HOU,2019-10-10T23:07Z,1,6,Houston
401169093,WSH,STL,2019-10-12T00:08Z,2,0,St. Louis
401169095,WSH,STL,2019-10-12T20:08Z,3,1,St. Louis
401169094,NYY,HOU,2019-10-13T00:08Z,7,0,Houston
401169096,NYY,HOU,2019-10-14T00:08Z,2,3,Houston
401169097,STL,WSH,2019-10-14T23:38Z,1,8,Washington
401169098,HOU,NYY,2019-10-15T20:08Z,4,1,Bronx
401169099,STL,WSH,2019-10-16T00:05Z,4,7,Washington
401169102,HOU,NYY,2019-10-18T00:08Z,8,3,Bronx
401180713,HOU,NYY,2019-10-18T23:08Z,1,4,Bronx
401169104,NYY,HOU,2019-10-20T00:08Z,4,6,Houston
401169107,WSH,HOU,2019-10-23T00:08Z,5,4,Houston
401169112,WSH,HOU,2019-10-24T00:07Z,12,3,Houston
401169109,HOU,WSH,2019-10-26T00:07Z,4,1,Washington
401169110,HOU,WSH,2019-10-27T00:07Z,8,1,Washington
401169113,HOU,WSH,2019-10-28T00:07Z,7,1,Washington
401169114,WSH,HOU,2019-10-30T00:07Z,7,2,Houston
401169115,WSH,HOU,2019-10-31T00:08Z,6,2,Houston
401225674,NYY,WSH,2020-07-23T23:00Z,4,1,Washington
401225673,SF,LAD,2020-07-24T02:00Z,1,8,Los Angeles
401225682,ATL,NYM,2020-07-24T20:00Z,0,1,Queens
401225678,DET,CIN,2020-07-24T22:10Z,1,7,Cincinnati
401225687,TOR,TB,2020-07-24T22:40Z,6,4,St. Petersburg
401225676,MIL,CHC,2020-07-24T23:00Z,0,3,Chicago
401225684,MIA,PHI,2020-07-24T23:05Z,5,2,Philadelphia
401225679,KC,CLE,2020-07-24T23:10Z,0,2,Cleveland
401225675,BAL,BOS,2020-07-24T23:30Z,2,13,Boston
401225688,COL,TEX,2020-07-25T00:05Z,0,1,Arlington
401225677,MIN,CHW,2020-07-25T00:10Z,10,5,Chicago
401225686,PIT,STL,2020-07-25T00:15Z,4,5,St. Louis
401225680,SEA,HOU,2020-07-25T01:10Z,2,8,Houston
401225685,ARI,SD,2020-07-25T01:10Z,2,7,San Diego
401225681,SF,LAD,2020-07-25T01:40Z,1,9,Los Angeles
401225683,LAA,OAK,2020-07-25T02:00Z,3,7,Oakland
401225690,MIL,CHC,2020-07-25T17:05Z,8,3,Chicago
401225689,BAL,BOS,2020-07-25T17:35Z,7,2,Boston
401225691,MIN,CHW,2020-07-25T18:10Z,3,10,Chicago
401225700,PIT,STL,2020-07-25T18:15Z,1,9,St. Louis
401225701,TOR,TB,2020-07-25T19:10Z,1,4,St. Petersburg
401225698,MIA,PHI,2020-07-25T20:05Z,1,7,Philadelphia
401225702,COL,TEX,2020-07-25T20:05Z,3,2,Arlington
401225694,SEA,HOU,2020-07-25T20:10Z,2,7,Houston
401225695,SF,LAD,2020-07-25T20:10Z,5,4,Los Angeles
401225696,ATL,NYM,2020-07-25T20:10Z,5,3,Queens
401225697,LAA,OAK,2020-07-25T20:10Z,4,1,Oakland
401225692,DET,CIN,2020-07-25T21:10Z,6,4,Cincinnati
401225693,KC,CLE,2020-07-25T21:10Z,3,2,Cleveland
401225703,NYY,WSH,2020-07-25T23:15Z,2,9,Washington
401225699,ARI,SD,2020-07-26T01:10Z,1,5,San Diego
401225713,MIA,PHI,2020-07-26T17:05Z,11,6,Philadelphia
401225718,NYY,WSH,2020-07-26T17:05Z,3,2,Washington
401225707,DET,CIN,2020-07-26T17:10Z,3,2,Cincinnati
401225708,KC,CLE,2020-07-26T17:10Z,2,9,Cleveland
401225716,TOR,TB,2020-07-26T17:10Z,5,6,St. Petersburg
401225704,BAL,BOS,2020-07-26T17:35Z,7,4,Boston
401225706,MIN,CHW,2020-07-26T18:10Z,14,2,Chicago
401225709,SEA,HOU,2020-07-26T18:10Z,7,6,Houston
401225715,PIT,STL,2020-07-26T18:15Z,5,1,St. Louis
401225705,MIL,CHC,2020-07-26T18:20Z,1,9,Chicago
401225717,COL,TEX,2020-07-26T18:35Z,5,2,Arlington
401225712,LAA,OAK,2020-07-26T20:10Z,4,6,Oakland
401225714,ARI,SD,2020-07-26T20:10Z,4,3,San Diego
401225711,ATL,NYM,2020-07-26T23:00Z,14,1,Queens
401225710,SF,LAD,2020-07-27T02:00Z,3,1,Los Angeles
401225725,LAA,OAK,2020-07-27T19:40Z,0,3,Oakland
401225728,ARI,SD,2020-07-27T20:00Z,2,6,San Diego
401225730,TOR,WSH,2020-07-27T22:05Z,4,1,Washington
401225720,CHC,CIN,2020-07-27T22:40Z,8,7,Cincinnati
401225729,ATL,TB,2020-07-27T22:40Z,5,14,St. Petersburg
401225727,MIL,PIT,2020-07-27T23:05Z,6,5,Pittsburgh
401225722,KC,DET,2020-07-27T23:10Z,14,6,Detroit
401225723,SEA,HOU,2020-07-27T23:10Z,5,8,Houston
401225719,NYM,BOS,2020-07-27T23:30Z,7,4,Boston
401232408,CHW,CLE,2020-07-28T19:40Z,3,4,Cleveland
401225745,TOR,WSH,2020-07-28T22:05Z,5,1,Washington
401225732,CHC,CIN,2020-07-28T22:40Z,8,5,Cincinnati
401225743,ATL,TB,2020-07-28T22:40Z,2,5,St. Petersburg
401225741,MIL,PIT,2020-07-28T23:05Z,6,8,Pittsburgh
401225734,KC,DET,2020-07-28T23:10Z,3,4,Detroit
401225731,NYM,BOS,2020-07-28T23:30Z,8,3,Boston
401225733,CHW,CLE,2020-07-28T23:45Z,3,5,Cleveland
401225738,STL,MIN,2020-07-29T00:10Z,3,6,Minneapolis
401225744,ARI,TEX,2020-07-29T01:05Z,4,1,Arlington
401225735,LAD,HOU,2020-07-29T01:10Z,5,2,Houston
401225736,SEA,LAA,2020-07-29T01:40Z,2,10,Anaheim
401225739,COL,OAK,2020-07-29T01:40Z,8,3,Oakland
401225742,SD,SF,2020-07-29T01:45Z,5,3,San Francisco
401225756,COL,OAK,2020-07-29T19:30Z,5,1,Oakland
401225759,ARI,TEX,2020-07-29T20:05Z,4,7,Arlington
401225760,WSH,TOR,2020-07-29T22:05Z,4,0,Washington
401225749,CHW,CLE,2020-07-29T22:10Z,4,0,Cleveland
401225748,CHC,CIN,2020-07-29T22:40Z,7,12,Cincinnati
401225751,LAD,HOU,2020-07-29T23:00Z,4,2,Houston
401225757,MIL,PIT,2020-07-29T23:05Z,3,0,Pittsburgh
401225746,TB,ATL,2020-07-29T23:10Z,4,7,Atlanta
401225750,KC,DET,2020-07-29T23:10Z,4,5,Detroit
401225754,BOS,NYM,2020-07-29T23:10Z,6,5,Queens
401232669,NYY,BAL,2020-07-29T23:35Z,9,3,Baltimore
401225753,STL,MIN,2020-07-30T00:10Z,0,3,Minneapolis
401225758,SD,SF,2020-07-30T01:45Z,6,7,San Francisco
401225752,SEA,LAA,2020-07-30T02:00Z,10,7,Anaheim
401225771,WSH,TOR,2020-07-30T20:05Z,6,4,Washington
401232670,NYY,BAL,2020-07-30T23:05Z,8,6,Baltimore
401225767,CLE,MIN,2020-07-30T23:07Z,2,0,Minneapolis
401225768,BOS,NYM,2020-07-30T23:07Z,4,2,Queens
401225762,TB,ATL,2020-07-30T23:10Z,1,2,Atlanta
401225765,KC,DET,2020-07-30T23:10Z,5,3,Detroit
401225761,LAD,ARI,2020-07-31T01:40Z,6,3,Phoenix
401225766,SEA,LAA,2020-07-31T01:40Z,8,5,Anaheim
401225770,SD,SF,2020-07-31T01:45Z,12,7,San Francisco
401225783,BOS,NYY,2020-07-31T23:00Z,1,5,Bronx
401225773,NYM,ATL,2020-07-31T23:10Z,10,11,Atlanta
401225777,CIN,DET,2020-07-31T23:10Z,2,7,Detroit
401225774,TB,BAL,2020-07-31T23:35Z,3,6,Baltimore
401225778,CHW,KC,2020-08-01T00:05Z,3,2,Kansas City
401225776,SD,COL,2020-08-01T00:10Z,8,7,Denver
401225782,CLE,MIN,2020-08-01T00:10Z,1,4,Minneapolis
401225775,PIT,CHC,2020-08-01T00:15Z,3,6,Chicago
401225784,TEX,SF,2020-08-01T01:00Z,2,9,San Francisco
401225779,HOU,LAA,2020-08-01T01:10Z,9,6,Anaheim
401225772,LAD,ARI,2020-08-01T01:40Z,3,5,Phoenix
401225785,OAK,SEA,2020-08-01T01:40Z,3,5,Seattle
401225793,CHW,KC,2020-08-01T23:05Z,11,5,Kansas City
401225794,HOU,LAA,2020-08-01T23:07Z,4,5,Anaheim
401225798,BOS,NYY,2020-08-01T23:07Z,2,5,Bronx
401225788,NYM,ATL,2020-08-01T23:10Z,1,7,Atlanta
401225797,CLE,MIN,2020-08-01T23:10Z,0,3,Minneapolis
401225789,TB,BAL,2020-08-01T23:35Z,4,5,Baltimore
401225787,LAD,ARI,2020-08-02T00:10Z,11,2,Phoenix
401225791,SD,COL,2020-08-02T00:10Z,1,6,Denver
401225790,PIT,CHC,2020-08-02T00:15Z,3,4,Chicago
401225799,TEX,SF,2020-08-02T01:10Z,3,7,San Francisco
401225800,OAK,SEA,2020-08-02T01:10Z,3,2,Seattle
401225807,CIN,DET,2020-08-02T16:10Z,4,3,Detroit
401225804,TB,BAL,2020-08-02T17:05Z,1,5,Baltimore
401225803,NYM,ATL,2020-08-02T17:10Z,0,4,Atlanta
401225808,CHW,KC,2020-08-02T18:05Z,9,2,Kansas City
401225812,CLE,MIN,2020-08-02T18:10Z,1,3,Minneapolis
401225805,PIT,CHC,2020-08-02T18:20Z,1,2,Chicago
401225806,SD,COL,2020-08-02T19:10Z,6,9,Denver
401225814,TEX,SF,2020-08-02T20:05Z,9,5,San Francisco
401225802,LAD,ARI,2020-08-02T20:10Z,3,0,Phoenix
401225809,HOU,LAA,2020-08-02T20:10Z,6,5,Anaheim
401225815,OAK,SEA,2020-08-02T20:10Z,3,2,Seattle
401233575,CIN,DET,2020-08-02T21:25Z,4,0,Detroit
401225813,BOS,NYY,2020-08-02T23:00Z,7,9,Bronx
401225820,CLE,CIN,2020-08-03T22:40Z,2,3,Cincinnati
401233577,PHI,NYY,2020-08-03T23:05Z,3,6,Bronx
401225817,NYM,ATL,2020-08-03T23:10Z,7,2,Atlanta
401225823,CHW,MIL,2020-08-04T00:10Z,6,4,Milwaukee
401225824,PIT,MIN,2020-08-04T00:10Z,4,5,Minneapolis
401225819,KC,CHC,2020-08-04T00:15Z,0,2,Chicago
401225821,SF,COL,2020-08-04T00:40Z,6,7,Denver
401225825,LAD,SD,2020-08-04T01:10Z,4,5,San Diego
401225826,OAK,SEA,2020-08-04T01:10Z,11,1,Seattle
401225836,PIT,MIN,2020-08-04T18:00Z,3,7,Minneapolis
401225831,CLE,CIN,2020-08-04T22:10Z,4,2,Cincinnati
401225840,BOS,TB,2020-08-04T22:40Z,1,5,St. Petersburg
401225841,NYM,WSH,2020-08-04T23:00Z,3,5,Washington
401225828,TOR,ATL,2020-08-04T23:10Z,1,10,Atlanta
401225835,CHW,MIL,2020-08-05T00:10Z,3,2,Milwaukee
401225830,KC,CHC,2020-08-05T00:15Z,4,5,Chicago
401234048,MIA,BAL,2020-08-05T00:15Z,4,0,Baltimore
401225832,SF,COL,2020-08-05T00:40Z,2,5,Denver
401225827,HOU,ARI,2020-08-05T01:10Z,8,2,Phoenix
401225837,TEX,OAK,2020-08-05T01:10Z,1,5,Oakland
401225838,LAD,SD,2020-08-05T01:10Z,5,2,San Diego
401225839,LAA,SEA,2020-08-05T02:00Z,5,3,Seattle
401233579,PHI,NYY,2020-08-05T20:05Z,11,7,Philadelphia
401234049,MIA,BAL,2020-08-05T21:05Z,1,0,Baltimore
401225856,NYM,WSH,2020-08-05T22:05Z,3,1,Washington
401225855,BOS,TB,2020-08-05T22:40Z,5,0,St. Petersburg
401225851,MIN,PIT,2020-08-05T23:05Z,5,2,Pittsburgh
401225843,TOR,ATL,2020-08-05T23:10Z,2,1,Atlanta
401225846,CIN,CLE,2020-08-05T23:10Z,0,2,Cleveland
401234075,NYY,PHI,2020-08-05T23:25Z,3,1,Philadelphia
401225848,CHC,KC,2020-08-06T00:05Z,6,1,Kansas City
401225845,MIL,CHW,2020-08-06T00:10Z,1,0,Chicago
401234050,BAL,MIA,2020-08-06T00:10Z,1,2,Baltimore
401225847,SF,COL,2020-08-06T00:40Z,4,3,Denver
401225842,HOU,ARI,2020-08-06T01:00Z,7,14,Phoenix
401225850,TEX,OAK,2020-08-06T01:10Z,4,6,Oakland
401225852,LAD,SD,2020-08-06T01:10Z,7,6,San Diego
401225853,LAA,SEA,2020-08-06T01:40Z,6,7,Seattle
401225865,MIN,PIT,2020-08-06T17:35Z,5,6,Pittsburgh
401225861,SF,COL,2020-08-06T19:10Z,4,6,Denver
401225864,TEX,OAK,2020-08-06T19:40Z,4,6,Oakland
401225866,LAA,SEA,2020-08-06T20:10Z,6,1,Seattle
401233580,NYY,PHI,2020-08-06T22:05Z,4,5,Philadelphia
401225860,CIN,CLE,2020-08-06T22:10Z,0,13,Cleveland
401225858,TOR,ATL,2020-08-06T23:00Z,3,4,Atlanta
401225857,HOU,ARI,2020-08-06T23:07Z,4,5,Phoenix
401225862,CHC,KC,2020-08-06T23:07Z,2,13,Kansas City
401234051,BAL,MIA,2020-08-06T23:35Z,7,8,Baltimore
401225859,MIL,CHW,2020-08-07T00:10Z,8,3,Chicago
401225883,BAL,WSH,2020-08-07T22:05Z,11,0,Washington
401225881,NYY,TB,2020-08-07T22:40Z,0,1,St. Petersburg
401225877,DET,PIT,2020-08-07T23:05Z,17,13,Pittsburgh
401225874,MIA,NYM,2020-08-07T23:10Z,4,3,Queens
401225869,TOR,BOS,2020-08-07T23:30Z,3,5,Boston
401225871,MIN,KC,2020-08-08T00:05Z,2,3,Kansas City
401225870,CLE,CHW,2020-08-08T00:10Z,0,2,Chicago
401225873,CIN,MIL,2020-08-08T00:10Z,8,3,Milwaukee
401225882,LAA,TEX,2020-08-08T01:05Z,3,4,Arlington
401225875,HOU,OAK,2020-08-08T01:10Z,2,3,Oakland
401225878,ARI,SD,2020-08-08T01:10Z,0,3,San Diego
401225872,SF,LAD,2020-08-08T01:40Z,2,7,Los Angeles
401225879,COL,SEA,2020-08-08T01:40Z,8,4,Seattle
401225885,CLE,CHW,2020-08-08T18:10Z,7,1,Chicago
401225896,NYY,TB,2020-08-08T18:10Z,8,4,St. Petersburg
401225892,DET,PIT,2020-08-08T20:05Z,11,5,Pittsburgh
401225890,HOU,OAK,2020-08-08T20:10Z,1,3,Oakland
401233576,NYY,TB,2020-08-08T21:30Z,3,5,St. Petersburg
401225891,ATL,PHI,2020-08-08T22:05Z,0,5,Philadelphia
401225898,BAL,WSH,2020-08-08T22:05Z,5,3,Washington
401225886,MIN,KC,2020-08-08T23:05Z,6,9,Kansas City
401225897,LAA,TEX,2020-08-08T23:05Z,0,2,Arlington
401225888,CIN,MIL,2020-08-08T23:10Z,4,1,Milwaukee
401225889,MIA,NYM,2020-08-08T23:10Z,4,8,Queens
401225884,TOR,BOS,2020-08-08T23:30Z,2,1,Boston
401225887,SF,LAD,2020-08-09T01:10Z,5,4,Los Angeles
401225893,ARI,SD,2020-08-09T01:10Z,3,2,San Diego
401225894,COL,SEA,2020-08-09T01:10Z,5,0,Seattle
401225913,BAL,WSH,2020-08-09T16:35Z,6,2,Washington
401225906,ATL,PHI,2020-08-09T17:05Z,5,2,Philadelphia
401225904,MIA,NYM,2020-08-09T17:10Z,2,4,Queens
401225911,NYY,TB,2020-08-09T17:10Z,3,4,St. Petersburg
401225899,TOR,BOS,2020-08-09T17:35Z,3,5,Boston
401225907,DET,PIT,2020-08-09T17:35Z,2,1,Pittsburgh
401225901,MIN,KC,2020-08-09T18:05Z,2,4,Kansas City
401225903,CIN,MIL,2020-08-09T18:10Z,3,9,Milwaukee
401225912,LAA,TEX,2020-08-09T18:35Z,3,7,Arlington
401225902,SF,LAD,2020-08-09T20:10Z,2,6,Los Angeles
401225905,HOU,OAK,2020-08-09T20:10Z,2,7,Oakland
401225908,ARI,SD,2020-08-09T20:10Z,5,9,San Diego
401225909,COL,SEA,2020-08-09T20:10Z,3,5,Seattle
401235403,ATL,PHI,2020-08-09T20:47Z,8,0,Philadelphia
401225900,CLE,CHW,2020-08-09T23:00Z,5,4,Chicago
401225922,ATL,PHI,2020-08-10T22:05Z,8,13,Philadelphia
401225916,CHW,DET,2020-08-10T23:10Z,1,5,Detroit
401225921,WSH,NYM,2020-08-10T23:10Z,16,4,Queens
401225914,TB,BOS,2020-08-10T23:30Z,8,7,Boston
401225920,MIN,MIL,2020-08-11T00:10Z,4,2,Milwaukee
401225915,ARI,COL,2020-08-11T00:40Z,12,8,Denver
401225917,SF,HOU,2020-08-11T01:00Z,4,6,Houston
401225924,SEA,TEX,2020-08-11T01:05Z,10,2,Arlington
401225918,OAK,LAA,2020-08-11T01:40Z,9,10,Anaheim
401225919,SD,LAD,2020-08-11T01:40Z,2,1,Los Angeles
401225939,MIA,TOR,2020-08-11T22:37Z,4,5,Buffalo
401225926,KC,CIN,2020-08-11T22:40Z,5,6,Cincinnati
401225935,ATL,NYY,2020-08-11T23:00Z,6,9,Bronx
401225936,BAL,PHI,2020-08-11T23:05Z,10,9,Philadelphia
401225927,CHC,CLE,2020-08-11T23:10Z,7,1,Cleveland
401225929,CHW,DET,2020-08-11T23:10Z,8,4,Detroit
401225934,WSH,NYM,2020-08-11T23:10Z,2,1,Queens
401225925,TB,BOS,2020-08-11T23:30Z,8,2,Boston
401225933,MIN,MIL,2020-08-12T00:10Z,4,6,Milwaukee
401225928,ARI,COL,2020-08-12T00:40Z,7,8,Denver
401225938,SEA,TEX,2020-08-12T01:05Z,2,4,Arlington
401225930,SF,HOU,2020-08-12T01:10Z,7,6,Houston
401225931,OAK,LAA,2020-08-12T01:40Z,0,6,Anaheim
401225932,SD,LAD,2020-08-12T01:40Z,6,2,Los Angeles
401225944,CHW,DET,2020-08-12T17:10Z,7,5,Detroit
401225943,ARI,COL,2020-08-12T19:00Z,13,7,Denver
401225946,OAK,LAA,2020-08-12T20:10Z,8,4,Anaheim
401225942,CHC,CLE,2020-08-12T22:10Z,7,2,Cleveland
401225954,MIA,TOR,2020-08-12T22:37Z,14,11,Buffalo
401225941,KC,CIN,2020-08-12T22:40Z,5,4,Cincinnati
401225950,ATL,NYY,2020-08-12T23:05Z,3,6,Bronx
401225951,BAL,PHI,2020-08-12T23:05Z,5,4,Philadelphia
401225945,SF,HOU,2020-08-12T23:10Z,1,5,Houston
401225948,MIN,MIL,2020-08-12T23:10Z,12,2,Milwaukee
401225949,WSH,NYM,2020-08-12T23:10Z,6,11,Queens
401225940,TB,BOS,2020-08-12T23:30Z,9,5,Boston
401225953,SEA,TEX,2020-08-13T01:05Z,4,7,Arlington
401225947,SD,LAD,2020-08-13T01:40Z,0,6,Los Angeles
401225960,WSH,NYM,2020-08-13T17:10Z,2,8,Queens
401225961,BAL,PHI,2020-08-13T20:00Z,11,4,Philadelphia
401225955,TB,BOS,2020-08-13T20:30Z,17,8,Boston
401225958,PIT,CIN,2020-08-13T21:10Z,9,6,Cincinnati
401225956,MIL,CHC,2020-08-13T23:15Z,2,4,Chicago
401225959,SD,LAD,2020-08-14T01:40Z,2,11,Los Angeles
401225975,TB,TOR,2020-08-14T22:37Z,4,12,Buffalo
401225963,WSH,BAL,2020-08-14T23:00Z,15,3,Baltimore
401225972,BOS,NYY,2020-08-14T23:05Z,3,10,Bronx
401225973,NYM,PHI,2020-08-14T23:05Z,5,6,Philadelphia
401225965,PIT,CIN,2020-08-14T23:10Z,1,8,Cincinnati
401225967,CLE,DET,2020-08-14T23:10Z,10,5,Detroit
401225970,ATL,MIA,2020-08-14T23:10Z,2,8,Miami
401225964,MIL,CHC,2020-08-15T00:15Z,4,3,Chicago
401225966,TEX,COL,2020-08-15T00:40Z,3,2,Denver
401225968,SEA,HOU,2020-08-15T01:10Z,1,11,Houston
401225962,SD,ARI,2020-08-15T01:40Z,1,5,Phoenix
401225969,LAD,LAA,2020-08-15T01:40Z,7,4,Anaheim
401225974,OAK,SF,2020-08-15T01:45Z,8,7,San Francisco
401225979,STL,CHW,2020-08-15T17:10Z,5,1,Chicago
401225986,KC,MIN,2020-08-15T17:35Z,2,4,Minneapolis
401225978,MIL,CHC,2020-08-15T19:20Z,6,5,Chicago
401236322,STL,CHW,2020-08-15T20:10Z,6,3,Chicago
401236393,KC,MIN,2020-08-15T20:35Z,4,2,Minneapolis
401225988,NYM,PHI,2020-08-15T22:05Z,2,6,Philadelphia
401225982,CLE,DET,2020-08-15T22:10Z,3,1,Detroit
401225985,ATL,MIA,2020-08-15T22:10Z,2,1,Miami
401225990,TB,TOR,2020-08-15T22:37Z,3,2,Buffalo
401225987,BOS,NYY,2020-08-15T23:07Z,5,11,Bronx
401225989,OAK,SF,2020-08-15T23:07Z,7,6,San Francisco
401225983,SEA,HOU,2020-08-15T23:10Z,1,2,Houston
401225977,WSH,BAL,2020-08-15T23:35Z,3,7,Baltimore
401225976,SD,ARI,2020-08-16T00:10Z,6,7,Phoenix
401225981,TEX,COL,2020-08-16T00:10Z,6,4,Denver
401225984,LAD,LAA,2020-08-16T01:40Z,6,5,Anaheim
401225997,CLE,DET,2020-08-16T17:00Z,8,5,Detroit
401225992,WSH,BAL,2020-08-16T17:05Z,6,5,Baltimore
401226003,NYM,PHI,2020-08-16T17:05Z,2,6,Philadelphia
401226000,ATL,MIA,2020-08-16T17:10Z,4,0,Miami
401225994,STL,CHW,2020-08-16T18:10Z,2,7,Chicago
401225998,SEA,HOU,2020-08-16T18:10Z,2,3,Houston
401226001,KC,MIN,2020-08-16T18:10Z,2,4,Minneapolis
401225993,MIL,CHC,2020-08-16T18:20Z,6,5,Chicago
401225996,TEX,COL,2020-08-16T19:10Z,6,10,Denver
401226005,TB,TOR,2020-08-16T20:00Z,7,5,Buffalo
401226004,OAK,SF,2020-08-16T20:05Z,15,3,San Francisco
401225991,SD,ARI,2020-08-16T20:10Z,4,5,Phoenix
401225999,LAD,LAA,2020-08-16T20:10Z,8,3,Anaheim
401226002,BOS,NYY,2020-08-16T23:00Z,2,4,Bronx
401226009,STL,CHC,2020-08-17T21:15Z,3,1,Chicago
401226008,TOR,BAL,2020-08-17T23:05Z,7,2,Baltimore
401226016,BOS,NYY,2020-08-17T23:05Z,3,6,Bronx
401226007,WSH,ATL,2020-08-17T23:10Z,6,7,Atlanta
401226014,NYM,MIA,2020-08-17T23:10Z,11,4,Miami
401236356,CHC,STL,2020-08-18T00:02Z,5,4,Chicago
401226010,DET,CHW,2020-08-18T00:10Z,2,7,Chicago
401226015,KC,MIN,2020-08-18T00:10Z,1,4,Minneapolis
401226017,SD,TEX,2020-08-18T01:05Z,14,4,Arlington
401226011,COL,HOU,2020-08-18T01:10Z,1,2,Houston
401226006,OAK,ARI,2020-08-18T01:40Z,3,4,Phoenix
401226012,SF,LAA,2020-08-18T01:40Z,6,7,Anaheim
401226013,SEA,LAD,2020-08-18T01:40Z,9,11,Los Angeles
401226024,COL,HOU,2020-08-18T19:10Z,1,2,Houston
401226026,SF,LAA,2020-08-18T20:00Z,8,2,Anaheim
401226032,SD,TEX,2020-08-18T20:05Z,6,4,Arlington
401226018,OAK,ARI,2020-08-18T22:10Z,1,10,Phoenix
401226030,TB,NYY,2020-08-18T23:00Z,6,3,Bronx
401226031,CLE,PIT,2020-08-18T23:05Z,6,3,Pittsburgh
401226019,WSH,ATL,2020-08-18T23:10Z,8,5,Atlanta
401226027,SEA,LAD,2020-08-18T23:10Z,1,2,Los Angeles
401226028,NYM,MIA,2020-08-18T23:10Z,8,3,Miami
401226021,PHI,BOS,2020-08-18T23:30Z,13,6,Boston
401226020,TOR,BAL,2020-08-18T23:35Z,8,7,Baltimore
401226023,DET,CHW,2020-08-19T00:10Z,4,10,Chicago
401226029,MIL,MIN,2020-08-19T00:10Z,3,4,Minneapolis
401226022,STL,CHC,2020-08-19T00:15Z,3,6,Chicago
401226034,TOR,BAL,2020-08-19T17:05Z,5,2,Baltimore
401226035,PHI,BOS,2020-08-19T17:35Z,3,6,Boston
401226036,STL,CHC,2020-08-19T18:20Z,9,3,Chicago
401237345,CIN,KC,2020-08-19T21:05Z,0,4,Kansas City
401236357,CHC,STL,2020-08-19T22:00Z,4,2,Chicago
401226042,TB,NYY,2020-08-19T23:05Z,4,2,Bronx
401226044,CLE,PIT,2020-08-19T23:05Z,6,1,Pittsburgh
401226040,NYM,MIA,2020-08-19T23:10Z,5,3,Miami
401226039,CIN,KC,2020-08-20T00:05Z,5,0,Kansas City
401226037,DET,CHW,2020-08-20T00:10Z,3,5,Chicago
401226041,MIL,MIN,2020-08-20T00:10Z,9,3,Minneapolis
401226038,HOU,COL,2020-08-20T00:40Z,13,6,Denver
401226045,TEX,SD,2020-08-20T01:10Z,3,6,San Diego
401226043,ARI,OAK,2020-08-20T01:40Z,1,4,Oakland
401226047,LAD,SEA,2020-08-20T01:40Z,4,6,Seattle
401226046,LAA,SF,2020-08-20T01:45Z,2,7,San Francisco
401226053,TB,NYY,2020-08-20T17:05Z,10,5,Bronx
401234682,PHI,TOR,2020-08-20T17:05Z,2,3,Buffalo
401226049,DET,CHW,2020-08-20T18:00Z,0,9,Chicago
401226050,HOU,COL,2020-08-20T19:10Z,10,8,Denver
401234683,PHI,TOR,2020-08-20T20:30Z,8,9,Buffalo
401226055,CLE,PIT,2020-08-20T23:05Z,2,0,Pittsburgh
401226052,MIL,MIN,2020-08-20T23:10Z,1,7,Minneapolis
401226058,LAD,SEA,2020-08-20T23:10Z,6,1,Seattle
401226048,BOS,BAL,2020-08-20T23:35Z,7,1,Baltimore
401226056,TEX,SD,2020-08-21T00:10Z,7,8,San Diego
401226059,CIN,STL,2020-08-21T00:15Z,4,5,St. Louis
401226054,ARI,OAK,2020-08-21T01:40Z,1,5,Oakland
401226057,LAA,SF,2020-08-21T01:45Z,5,10,San Francisco
401226074,MIA,WSH,2020-08-21T22:05Z,3,2,Washington
401226073,TOR,TB,2020-08-21T22:40Z,6,5,St. Petersburg
401226068,MIL,PIT,2020-08-21T23:05Z,2,7,Pittsburgh
401226060,PHI,ATL,2020-08-21T23:10Z,2,11,Atlanta
401226063,DET,CLE,2020-08-21T23:10Z,10,5,Cleveland
401226061,BOS,BAL,2020-08-21T23:35Z,8,5,Baltimore
401226062,CHW,CHC,2020-08-22T00:00Z,10,1,Chicago
401226064,MIN,KC,2020-08-22T00:05Z,2,7,Kansas City
401226072,CIN,STL,2020-08-22T00:15Z,4,2,St. Louis
401226069,HOU,SD,2020-08-22T01:10Z,3,4,San Diego
401226071,TEX,SEA,2020-08-22T01:10Z,4,7,Seattle
401226065,COL,LAD,2020-08-22T01:40Z,1,5,Los Angeles
401226067,LAA,OAK,2020-08-22T01:40Z,3,5,Oakland
401226070,ARI,SF,2020-08-22T01:45Z,2,6,San Francisco
401226083,MIL,PIT,2020-08-22T20:05Z,5,12,Pittsburgh
401226089,MIA,WSH,2020-08-22T20:05Z,4,5,Washington
401226082,LAA,OAK,2020-08-22T20:10Z,4,3,Oakland
401226088,TOR,TB,2020-08-22T22:40Z,1,2,St. Petersburg
401226079,MIN,KC,2020-08-22T23:05Z,7,2,Kansas City
401226075,PHI,ATL,2020-08-22T23:10Z,5,6,Atlanta
401226078,DET,CLE,2020-08-22T23:10Z,1,6,Cleveland
401226076,BOS,BAL,2020-08-22T23:35Z,4,5,Baltimore
401234677,WSH,MIA,2020-08-22T23:48Z,3,5,Washington
401226077,CHW,CHC,2020-08-23T00:15Z,7,4,Chicago
401226087,CIN,STL,2020-08-23T00:15Z,0,3,St. Louis
401226080,COL,LAD,2020-08-23T01:10Z,3,4,Los Angeles
401226084,HOU,SD,2020-08-23T01:10Z,2,13,San Diego
401226086,TEX,SEA,2020-08-23T01:10Z,1,10,Seattle
401226085,ARI,SF,2020-08-23T01:15Z,1,5,San Francisco
401226104,MIA,WSH,2020-08-23T16:35Z,3,9,Washington
401226091,BOS,BAL,2020-08-23T17:05Z,4,5,Baltimore
401226093,DET,CLE,2020-08-23T17:10Z,7,4,Cleveland
401226103,TOR,TB,2020-08-23T17:10Z,4,5,St. Petersburg
401226098,MIL,PIT,2020-08-23T17:35Z,4,5,Pittsburgh
401226094,MIN,KC,2020-08-23T18:05Z,5,4,Kansas City
401226102,CIN,STL,2020-08-23T18:15Z,2,6,St. Louis
401226092,CHW,CHC,2020-08-23T18:20Z,1,2,Chicago
401226099,HOU,SD,2020-08-23T20:00Z,3,5,San Diego
401226095,COL,LAD,2020-08-23T20:10Z,3,11,Los Angeles
401226097,LAA,OAK,2020-08-23T20:10Z,4,5,Oakland
401226100,ARI,SF,2020-08-23T20:10Z,1,6,San Francisco
401226101,TEX,SEA,2020-08-23T20:10Z,1,4,Seattle
401226090,PHI,ATL,2020-08-23T23:00Z,5,4,Atlanta
401226111,TOR,TB,2020-08-24T19:10Z,6,4,St. Petersburg
401226113,MIA,WSH,2020-08-24T22:05Z,11,8,Washington
401226106,MIN,CLE,2020-08-24T23:10Z,3,2,Cleveland
401226107,CHC,DET,2020-08-24T23:10Z,9,3,Detroit
401226112,OAK,TEX,2020-08-25T00:05Z,2,3,Arlington
401226109,CIN,MIL,2020-08-25T00:10Z,2,4,Milwaukee
401226110,KC,STL,2020-08-25T00:15Z,3,9,St. Louis
401226108,LAA,HOU,2020-08-25T01:10Z,4,11,Houston
401226105,COL,ARI,2020-08-25T01:30Z,3,2,Phoenix
401226119,LAA,HOU,2020-08-25T20:05Z,3,6,Houston
401226121,MIA,NYM,2020-08-25T21:10Z,4,0,Queens
401226128,PHI,WSH,2020-08-25T22:05Z,8,3,Washington
401226127,BOS,TOR,2020-08-25T22:37Z,9,7,Buffalo
401226125,BAL,TB,2020-08-25T22:40Z,2,4,St. Petersburg
401226146,LAA,HOU,2020-08-25T23:05Z,12,5,Houston
401226117,MIN,CLE,2020-08-25T23:10Z,2,4,Cleveland
401226118,CHC,DET,2020-08-25T23:10Z,1,7,Detroit
401226126,OAK,TEX,2020-08-26T00:05Z,10,3,Arlington
401226116,PIT,CHW,2020-08-26T00:10Z,0,4,Chicago
401226120,CIN,MIL,2020-08-26T00:10Z,2,3,Milwaukee
401226124,KC,STL,2020-08-26T00:15Z,5,4,St. Louis
401226122,SEA,SD,2020-08-26T01:10Z,8,3,San Diego
401226114,COL,ARI,2020-08-26T01:40Z,5,4,Phoenix
401240118,NYM,MIA,2020-08-26T01:40Z,0,3,Queens
401226123,LAD,SF,2020-08-26T01:45Z,8,10,San Francisco
401226131,PIT,CHW,2020-08-26T18:10Z,3,10,Chicago
401226130,NYY,ATL,2020-08-26T20:10Z,1,5,Atlanta
401226143,PHI,WSH,2020-08-26T22:05Z,3,2,Washington
401226142,BOS,TOR,2020-08-26T22:37Z,1,9,Buffalo
401226140,BAL,TB,2020-08-26T22:40Z,3,4,St. Petersburg
401240266,NYY,ATL,2020-08-26T23:00Z,1,2,Atlanta
401226132,MIN,CLE,2020-08-26T23:10Z,3,6,Cleveland
401226133,CHC,DET,2020-08-26T23:10Z,6,7,Detroit
401226136,MIA,NYM,2020-08-26T23:10Z,4,5,Queens
401226141,OAK,TEX,2020-08-27T00:05Z,3,1,Arlington
401226139,KC,STL,2020-08-27T00:15Z,5,6,St. Louis
401226129,COL,ARI,2020-08-27T01:40Z,8,7,Phoenix
401226149,SEA,SD,2020-08-27T19:10Z,7,10,San Diego
401236359,PIT,STL,2020-08-27T19:15Z,4,3,St. Louis
401241014,LAD,SF,2020-08-27T20:05Z,7,0,San Francisco
401240693,CIN,MIL,2020-08-27T21:10Z,6,1,Milwaukee
401241013,SEA,SD,2020-08-27T22:30Z,8,3,San Diego
401236360,PIT,STL,2020-08-27T22:50Z,2,0,St. Louis
401226150,LAD,SF,2020-08-27T23:40Z,2,0,San Francisco
401226147,CIN,MIL,2020-08-28T00:35Z,6,0,Milwaukee
401226165,NYM,NYY,2020-08-28T20:05Z,6,4,Bronx
401226169,BAL,TOR,2020-08-28T22:37Z,4,5,Buffalo
401226166,ATL,PHI,2020-08-28T23:05Z,4,7,Philadelphia
401226157,KC,CHW,2020-08-28T23:10Z,5,6,Chicago
401226158,CHC,CIN,2020-08-28T23:10Z,5,6,Cincinnati
401226163,TB,MIA,2020-08-28T23:10Z,2,0,Miami
401240119,NYY,NYM,2020-08-28T23:20Z,3,4,Bronx
401226156,WSH,BOS,2020-08-28T23:30Z,10,2,Boston
401226168,LAD,TEX,2020-08-29T00:05Z,2,6,Arlington
401226164,PIT,MIL,2020-08-29T00:10Z,1,9,Milwaukee
401226167,CLE,STL,2020-08-29T00:15Z,14,2,St. Louis
401226159,SD,COL,2020-08-29T00:40Z,10,4,Denver
401226155,SF,ARI,2020-08-29T01:40Z,4,7,Phoenix
401226162,SEA,LAA,2020-08-29T01:40Z,2,3,Anaheim
401226180,NYM,NYY,2020-08-29T17:05Z,1,2,Bronx
401226175,MIN,DET,2020-08-29T17:10Z,2,8,Detroit
401226181,ATL,PHI,2020-08-29T17:15Z,1,4,Philadelphia
401226182,CLE,STL,2020-08-29T17:15Z,2,1,St. Louis
401226172,KC,CHW,2020-08-29T18:10Z,9,6,Chicago
401226173,CHC,CIN,2020-08-29T20:10Z,3,0,Cincinnati
401226176,OAK,HOU,2020-08-29T20:10Z,2,4,Houston
401241304,MIN,DET,2020-08-29T20:10Z,2,4,Detroit
401226178,TB,MIA,2020-08-29T22:10Z,4,0,Miami
401226184,BAL,TOR,2020-08-29T22:37Z,0,5,Buffalo
401226183,LAD,TEX,2020-08-29T23:05Z,7,4,Arlington
401226179,PIT,MIL,2020-08-29T23:10Z,6,7,Milwaukee
401241640,OAK,HOU,2020-08-29T23:10Z,3,6,Houston
401226171,WSH,BOS,2020-08-29T23:30Z,3,5,Boston
401234543,CHC,CIN,2020-08-29T23:40Z,5,6,Cincinnati
401226170,SF,ARI,2020-08-30T00:10Z,5,2,Phoenix
401226174,SD,COL,2020-08-30T00:10Z,3,4,Denver
401226177,SEA,LAA,2020-08-30T01:40Z,3,16,Anaheim
401226195,NYM,NYY,2020-08-30T17:05Z,7,8,Bronx
401226188,CHC,CIN,2020-08-30T17:10Z,10,1,Cincinnati
401226190,MIN,DET,2020-08-30T17:10Z,2,3,Detroit
401226193,TB,MIA,2020-08-30T17:10Z,12,7,Miami
401226186,WSH,BOS,2020-08-30T17:35Z,5,9,Boston
401226187,KC,CHW,2020-08-30T18:10Z,2,5,Chicago
401226194,PIT,MIL,2020-08-30T18:10Z,5,1,Milwaukee
401226197,CLE,STL,2020-08-30T18:15Z,2,7,St. Louis
401226198,LAD,TEX,2020-08-30T18:35Z,7,2,Arlington
401226199,BAL,TOR,2020-08-30T19:07Z,5,6,Buffalo
401226189,SD,COL,2020-08-30T19:10Z,13,2,Denver
401226185,SF,ARI,2020-08-30T20:10Z,4,1,Phoenix
401226192,SEA,LAA,2020-08-30T20:10Z,2,1,Anaheim
401240120,NYY,NYM,2020-08-30T21:20Z,5,2,Bronx
401226196,ATL,PHI,2020-08-30T23:00Z,12,10,Philadelphia
401241639,MIA,NYM,2020-08-31T17:10Z,5,3,Queens
401226209,BAL,TOR,2020-08-31T18:07Z,4,3,Buffalo
401226204,SEA,LAA,2020-08-31T20:10Z,2,1,Anaheim
401226201,STL,CIN,2020-08-31T22:30Z,7,5,Cincinnati
401226207,TB,NYY,2020-08-31T23:05Z,5,3,Bronx
401226208,WSH,PHI,2020-08-31T23:05Z,6,8,Philadelphia
401226200,ATL,BOS,2020-08-31T23:30Z,6,3,Boston
401226205,PIT,MIL,2020-08-31T23:40Z,5,6,Milwaukee
401226203,CLE,KC,2020-09-01T00:05Z,1,2,Kansas City
401226206,CHW,MIN,2020-09-01T00:10Z,8,5,Minneapolis
401226202,SD,COL,2020-09-01T01:30Z,6,0,Denver
401226212,STL,CIN,2020-09-01T22:40Z,16,2,Cincinnati
401226217,TOR,MIA,2020-09-01T22:40Z,2,3,Miami
401226220,TB,NYY,2020-09-01T23:05Z,3,5,Bronx
401226221,WSH,PHI,2020-09-01T23:05Z,0,6,Philadelphia
401226222,CHC,PIT,2020-09-01T23:05Z,8,7,Pittsburgh
401226211,ATL,BOS,2020-09-01T23:30Z,10,3,Boston
401226210,NYM,BAL,2020-09-01T23:35Z,5,9,Baltimore
401226218,DET,MIL,2020-09-01T23:40Z,12,1,Milwaukee
401226215,CLE,KC,2020-09-02T00:05Z,10,1,Kansas City
401226214,TEX,HOU,2020-09-02T00:10Z,6,5,Houston
401226219,CHW,MIN,2020-09-02T00:10Z,2,3,Minneapolis
401226213,SF,COL,2020-09-02T00:40Z,23,5,Denver
401226216,ARI,LAD,2020-09-02T01:40Z,3,6,Los Angeles
401226227,SF,COL,2020-09-02T19:10Z,6,9,Denver
401226224,NYM,BAL,2020-09-02T20:05Z,9,4,Baltimore
401226226,STL,CIN,2020-09-02T22:40Z,3,4,Cincinnati
401226232,TOR,MIA,2020-09-02T22:40Z,2,1,Miami
401226235,TB,NYY,2020-09-02T23:05Z,5,2,Bronx
401226236,WSH,PHI,2020-09-02T23:05Z,0,3,Philadelphia
401226237,CHC,PIT,2020-09-02T23:05Z,8,2,Pittsburgh
401226225,ATL,BOS,2020-09-02T23:30Z,7,5,Boston
401226233,DET,MIL,2020-09-02T23:40Z,5,8,Milwaukee
401226229,CLE,KC,2020-09-03T00:05Z,5,0,Kansas City
401226228,TEX,HOU,2020-09-03T00:10Z,1,2,Houston
401226234,CHW,MIN,2020-09-03T00:10Z,1,8,Minneapolis
401226230,SD,LAA,2020-09-03T01:40Z,11,4,Anaheim
401226231,ARI,LAD,2020-09-03T01:40Z,2,3,Los Angeles
401226245,CHC,PIT,2020-09-03T17:35Z,2,6,Pittsburgh
401226240,TEX,HOU,2020-09-03T18:10Z,4,8,Houston
401226244,WSH,PHI,2020-09-03T20:05Z,5,6,Philadelphia
401240121,NYY,NYM,2020-09-03T20:10Z,7,9,Queens
401226242,SD,LAA,2020-09-03T23:10Z,0,2,Anaheim
401226239,TOR,BOS,2020-09-03T23:30Z,6,2,Boston
401226241,CHW,KC,2020-09-04T00:05Z,11,6,Kansas City
401226243,ARI,LAD,2020-09-04T01:40Z,1,5,Los Angeles
401226255,DET,MIN,2020-09-04T18:10Z,0,2,Minneapolis
401226258,CIN,PIT,2020-09-04T20:05Z,4,2,Pittsburgh
401226249,TOR,BOS,2020-09-04T20:10Z,8,7,Boston
401237553,WSH,ATL,2020-09-04T20:10Z,1,7,Atlanta
401241305,MIN,DET,2020-09-04T20:40Z,3,2,Minneapolis
401226248,NYY,BAL,2020-09-04T21:05Z,6,5,Baltimore
401226261,MIA,TB,2020-09-04T22:40Z,4,5,St. Petersburg
401226251,MIL,CLE,2020-09-04T23:10Z,7,1,Cleveland
401226256,PHI,NYM,2020-09-04T23:10Z,5,3,Queens
401226247,WSH,ATL,2020-09-04T23:20Z,10,9,Atlanta
401239914,PIT,CIN,2020-09-04T23:25Z,4,3,Pittsburgh
401241647,BOS,TOR,2020-09-04T23:30Z,3,2,Boston
401226252,CHW,KC,2020-09-05T00:05Z,7,4,Kansas City
401226250,STL,CHC,2020-09-05T00:15Z,1,4,Chicago
401226253,HOU,LAA,2020-09-05T01:10Z,5,6,Anaheim
401226260,TEX,SEA,2020-09-05T01:10Z,3,6,Seattle
401234674,NYY,BAL,2020-09-05T01:20Z,3,6,Baltimore
401226254,COL,LAD,2020-09-05T01:40Z,6,10,Los Angeles
401226257,SD,OAK,2020-09-05T01:40Z,7,0,Oakland
401226259,ARI,SF,2020-09-05T01:45Z,6,5,San Francisco
401226272,SD,OAK,2020-09-05T20:10Z,4,8,Oakland
401226265,STL,CHC,2020-09-05T21:15Z,4,2,Chicago
401226276,MIA,TB,2020-09-05T22:40Z,7,3,St. Petersburg
401226267,CHW,KC,2020-09-05T23:05Z,5,3,Kansas City
401226273,CIN,PIT,2020-09-05T23:05Z,6,2,Pittsburgh
401226268,HOU,LAA,2020-09-05T23:07Z,9,10,Anaheim
401226262,WSH,ATL,2020-09-05T23:10Z,10,4,Atlanta
401226266,MIL,CLE,2020-09-05T23:10Z,3,4,Cleveland
401226270,DET,MIN,2020-09-05T23:10Z,3,4,Minneapolis
401226271,PHI,NYM,2020-09-05T23:10Z,1,5,Queens
401226264,TOR,BOS,2020-09-05T23:30Z,8,9,Boston
401226263,NYY,BAL,2020-09-05T23:35Z,1,6,Baltimore
401236358,CHC,STL,2020-09-06T00:50Z,1,5,Chicago
401226269,COL,LAD,2020-09-06T01:10Z,5,2,Los Angeles
401226275,TEX,SEA,2020-09-06T01:10Z,3,5,Seattle
401226274,ARI,SF,2020-09-06T01:15Z,3,4,San Francisco
401240219,LAA,HOU,2020-09-06T02:50Z,7,6,Anaheim
401226281,MIL,CLE,2020-09-06T17:00Z,1,4,Cleveland
401226278,NYY,BAL,2020-09-06T17:05Z,1,5,Baltimore
401226277,WSH,ATL,2020-09-06T17:10Z,3,10,Atlanta
401226286,PHI,NYM,2020-09-06T17:10Z,1,14,Queens
401226291,MIA,TB,2020-09-06T17:10Z,4,5,St. Petersburg
401226279,TOR,BOS,2020-09-06T17:35Z,10,8,Boston
401226288,CIN,PIT,2020-09-06T17:35Z,2,3,Pittsburgh
401226282,CHW,KC,2020-09-06T18:05Z,8,2,Kansas City
401226285,DET,MIN,2020-09-06T18:10Z,10,8,Minneapolis
401226289,ARI,SF,2020-09-06T20:05Z,2,4,San Francisco
401226283,HOU,LAA,2020-09-06T20:10Z,5,9,Anaheim
401226287,SD,OAK,2020-09-06T20:10Z,5,3,Oakland
401226290,TEX,SEA,2020-09-06T20:10Z,3,4,Seattle
401226280,STL,CHC,2020-09-06T23:00Z,7,3,Chicago
401226284,COL,LAD,2020-09-07T02:10Z,7,6,Los Angeles
401226292,MIA,ATL,2020-09-07T17:10Z,5,4,Atlanta
401226296,PHI,NYM,2020-09-07T17:10Z,9,8,Queens
401226295,DET,MIN,2020-09-07T18:10Z,2,6,Minneapolis
401226293,STL,CHC,2020-09-07T20:00Z,1,5,Chicago
401226300,TEX,SEA,2020-09-07T20:10Z,4,8,Seattle
401226302,TB,WSH,2020-09-07T22:05Z,1,6,Washington
401226294,KC,CLE,2020-09-07T22:10Z,2,5,Cleveland
401226301,NYY,TOR,2020-09-07T22:37Z,7,12,Buffalo
401226299,ARI,SF,2020-09-08T00:05Z,2,4,San Francisco
401226297,HOU,OAK,2020-09-08T01:00Z,0,6,Oakland
401226298,COL,SD,2020-09-08T01:10Z,0,1,San Diego
401226314,MIN,STL,2020-09-08T19:15Z,7,3,St. Louis
401226310,BOS,PHI,2020-09-08T20:05Z,5,6,Philadelphia
401226317,TB,WSH,2020-09-08T22:05Z,3,5,Washington
401226306,KC,CLE,2020-09-08T22:10Z,8,6,Cleveland
401243399,OAK,HOU,2020-09-08T22:10Z,4,2,Oakland
401226329,MIN,STL,2020-09-08T22:35Z,4,6,St. Louis
401226316,NYY,TOR,2020-09-08T22:37Z,1,2,Buffalo
401226311,CHW,PIT,2020-09-08T23:05Z,4,5,Pittsburgh
401226304,MIA,ATL,2020-09-08T23:10Z,8,0,Atlanta
401226307,MIL,DET,2020-09-08T23:10Z,3,8,Detroit
401226308,BAL,NYM,2020-09-08T23:10Z,11,2,Queens
401226325,BOS,PHI,2020-09-08T23:40Z,5,2,Philadelphia
401226315,LAA,TEX,2020-09-09T00:05Z,1,7,Arlington
401226305,CIN,CHC,2020-09-09T00:15Z,0,3,Chicago
401226312,COL,SD,2020-09-09T01:10Z,5,14,San Diego
401226309,HOU,OAK,2020-09-09T01:20Z,5,4,Oakland
401226303,LAD,ARI,2020-09-09T01:40Z,10,9,Phoenix
401226313,SEA,SF,2020-09-09T01:45Z,5,6,San Francisco
401226322,MIL,DET,2020-09-09T17:10Z,19,0,Detroit
401226321,KC,CLE,2020-09-09T22:10Z,3,0,Cleveland
401226331,NYY,TOR,2020-09-09T22:37Z,7,2,Buffalo
401226326,CHW,PIT,2020-09-09T23:05Z,8,1,Pittsburgh
401226319,MIA,ATL,2020-09-09T23:10Z,9,29,Atlanta
401226323,BAL,NYM,2020-09-09T23:10Z,6,7,Queens
401226330,LAA,TEX,2020-09-10T00:05Z,3,7,Arlington
401226327,COL,SD,2020-09-10T00:10Z,3,5,San Diego
401226320,CIN,CHC,2020-09-10T00:15Z,3,0,Chicago
401226324,HOU,OAK,2020-09-10T01:10Z,2,3,Oakland
401226318,LAD,ARI,2020-09-10T01:40Z,6,4,Phoenix
401226328,SEA,SF,2020-09-10T01:45Z,1,10,San Francisco
401234696,DET,STL,2020-09-10T18:15Z,2,12,St. Louis
401226337,HOU,OAK,2020-09-10T19:40Z,1,3,Oakland
401226340,LAA,TEX,2020-09-10T20:05Z,6,2,Arlington
401234697,DET,STL,2020-09-10T21:40Z,6,3,St. Louis
401226341,ATL,WSH,2020-09-10T22:05Z,7,6,Washington
401226334,KC,CLE,2020-09-10T22:10Z,11,1,Cleveland
401226335,PHI,MIA,2020-09-10T22:40Z,6,7,Miami
401226339,BOS,TB,2020-09-10T22:40Z,4,3,St. Petersburg
401226333,CIN,CHC,2020-09-11T00:15Z,5,8,Chicago
401226338,SF,SD,2020-09-11T01:10Z,1,6,San Diego
401226332,LAD,ARI,2020-09-11T01:40Z,2,5,Phoenix
401226349,BAL,NYY,2020-09-11T20:05Z,0,6,Bronx
401226346,PHI,MIA,2020-09-11T21:10Z,11,0,Miami
401226355,ATL,WSH,2020-09-11T22:05Z,7,8,Washington
401226354,NYM,TOR,2020-09-11T22:37Z,18,1,Buffalo
401226352,BOS,TB,2020-09-11T22:40Z,1,11,St. Petersburg
401245097,BAL,NYY,2020-09-11T22:55Z,1,10,Bronx
401226345,PIT,KC,2020-09-12T00:05Z,3,4,Kansas City
401226353,OAK,TEX,2020-09-12T00:05Z,10,6,Arlington
401226343,DET,CHW,2020-09-12T00:10Z,3,4,Chicago
401226347,CHC,MIL,2020-09-12T00:10Z,0,1,Milwaukee
401226348,CLE,MIN,2020-09-12T00:10Z,1,3,Minneapolis
401226351,CIN,STL,2020-09-12T00:15Z,3,1,St. Louis
401234678,PHI,MIA,2020-09-12T00:30Z,3,5,Miami
401226344,LAA,COL,2020-09-12T00:40Z,4,8,Denver
401226342,SEA,ARI,2020-09-12T01:40Z,3,4,Phoenix
401226364,BAL,NYY,2020-09-12T17:05Z,1,2,Bronx
401226368,OAK,TEX,2020-09-12T21:05Z,2,5,Arlington
401226370,ATL,WSH,2020-09-12T22:05Z,2,1,Washington
401226361,PHI,MIA,2020-09-12T22:10Z,12,6,Miami
401226369,NYM,TOR,2020-09-12T22:37Z,2,3,Buffalo
401226367,BOS,TB,2020-09-12T22:40Z,4,5,St. Petersburg
401226357,DET,CHW,2020-09-12T23:10Z,0,14,Chicago
401226362,CHC,MIL,2020-09-12T23:10Z,4,2,Milwaukee
401226359,PIT,KC,2020-09-12T23:35Z,4,7,Kansas City
401241283,OAK,TEX,2020-09-12T23:45Z,10,1,Arlington
401226360,HOU,LAD,2020-09-13T00:07Z,7,5,Los Angeles
401226363,CLE,MIN,2020-09-13T00:07Z,4,8,Minneapolis
401226356,SEA,ARI,2020-09-13T00:10Z,7,3,Phoenix
401226358,LAA,COL,2020-09-13T00:10Z,5,2,Denver
401226366,CIN,STL,2020-09-13T00:15Z,1,7,St. Louis
401226385,ATL,WSH,2020-09-13T16:35Z,8,4,Washington
401226379,BAL,NYY,2020-09-13T17:05Z,1,3,Bronx
401226376,PHI,MIA,2020-09-13T17:10Z,1,2,Miami
401226382,BOS,TB,2020-09-13T17:10Z,6,3,St. Petersburg
401226374,PIT,KC,2020-09-13T18:05Z,0,11,Kansas City
401226372,DET,CHW,2020-09-13T18:10Z,2,5,Chicago
401226377,CHC,MIL,2020-09-13T18:10Z,12,0,Milwaukee
401226378,CLE,MIN,2020-09-13T18:10Z,5,7,Minneapolis
401226381,CIN,STL,2020-09-13T18:15Z,10,5,St. Louis
401226383,OAK,TEX,2020-09-13T18:35Z,3,6,Arlington
401226384,NYM,TOR,2020-09-13T19:07Z,3,7,Buffalo
401226373,LAA,COL,2020-09-13T19:10Z,5,3,Denver
401234679,PHI,MIA,2020-09-13T19:55Z,1,8,Miami
401226371,SEA,ARI,2020-09-13T20:10Z,7,3,Phoenix
401226380,SF,SD,2020-09-13T20:10Z,0,6,San Diego
401246208,SF,SD,2020-09-13T23:10Z,1,3,San Diego
401226375,HOU,LAD,2020-09-14T00:00Z,1,8,Los Angeles
401226388,PIT,CIN,2020-09-14T20:10Z,1,3,Cincinnati
401234680,PHI,MIA,2020-09-14T20:10Z,2,6,Miami
401226390,STL,MIL,2020-09-14T21:10Z,1,2,Milwaukee
401242823,OAK,SEA,2020-09-14T21:10Z,5,6,Seattle
401239915,PIT,CIN,2020-09-14T23:20Z,4,9,Cincinnati
401226386,ATL,BAL,2020-09-14T23:35Z,1,14,Baltimore
401226387,MIN,CHW,2020-09-15T00:10Z,1,3,Chicago
401242824,OAK,SEA,2020-09-15T00:10Z,9,0,Seattle
401234684,STL,MIL,2020-09-15T00:30Z,3,2,Milwaukee
401226391,LAD,SD,2020-09-15T01:10Z,2,7,San Diego
401226389,BOS,MIA,2020-09-15T22:40Z,2,0,Miami
401226395,PIT,CIN,2020-09-15T22:40Z,1,4,Cincinnati
401226406,WSH,TB,2020-09-15T22:40Z,1,6,St. Petersburg
401226402,TOR,NYY,2020-09-15T23:05Z,6,20,Bronx
401226403,NYM,PHI,2020-09-15T23:05Z,1,4,Philadelphia
401226397,KC,DET,2020-09-15T23:10Z,0,6,Detroit
401226392,ATL,BAL,2020-09-15T23:35Z,5,1,Baltimore
401226401,STL,MIL,2020-09-15T23:40Z,3,18,Milwaukee
401226394,MIN,CHW,2020-09-16T00:10Z,2,6,Chicago
401226398,TEX,HOU,2020-09-16T00:10Z,1,4,Houston
401226393,CLE,CHC,2020-09-16T00:15Z,5,6,Chicago
401226396,OAK,COL,2020-09-16T00:40Z,1,3,Denver
401226404,LAD,SD,2020-09-16T01:10Z,3,1,San Diego
401226399,ARI,LAA,2020-09-16T01:40Z,9,8,Anaheim
401226421,WSH,TB,2020-09-16T17:10Z,4,2,St. Petersburg
401226411,OAK,COL,2020-09-16T19:10Z,3,1,Denver
401226419,LAD,SD,2020-09-16T20:00Z,7,5,San Diego
401226416,STL,MIL,2020-09-16T21:10Z,4,2,Milwaukee
401226400,BOS,MIA,2020-09-16T22:40Z,4,8,Miami
401226410,PIT,CIN,2020-09-16T22:40Z,0,1,Cincinnati
401226418,NYM,PHI,2020-09-16T23:00Z,5,4,Philadelphia
401226417,TOR,NYY,2020-09-16T23:05Z,2,13,Bronx
401226412,KC,DET,2020-09-16T23:10Z,4,0,Detroit
401226407,ATL,BAL,2020-09-16T23:35Z,1,5,Baltimore
401226409,MIN,CHW,2020-09-17T00:10Z,5,1,Chicago
401226413,TEX,HOU,2020-09-17T00:10Z,1,0,Houston
401234685,STL,MIL,2020-09-17T00:10Z,0,6,Milwaukee
401226408,CLE,CHC,2020-09-17T00:15Z,2,3,Chicago
401226414,ARI,LAA,2020-09-17T01:40Z,9,6,Anaheim
401226420,SF,SEA,2020-09-17T01:45Z,9,3,San Francisco
401226415,BOS,MIA,2020-09-17T17:10Z,5,3,Miami
401226423,MIN,CHW,2020-09-17T18:10Z,3,4,Chicago
401226427,ARI,LAA,2020-09-17T20:10Z,3,7,Anaheim
401246431,SF,SEA,2020-09-17T20:10Z,6,4,San Francisco
401226422,TB,BAL,2020-09-17T20:35Z,3,1,Baltimore
401226428,TOR,NYY,2020-09-17T23:05Z,7,10,Bronx
401226429,NYM,PHI,2020-09-17T23:05Z,10,6,Philadelphia
401226430,STL,PIT,2020-09-17T23:05Z,1,5,Pittsburgh
401226425,CLE,DET,2020-09-17T23:10Z,10,3,Detroit
401226426,TEX,HOU,2020-09-17T23:10Z,1,2,Houston
401241322,BAL,TB,2020-09-17T23:50Z,6,10,Baltimore
401226424,LAD,COL,2020-09-18T00:40Z,9,3,Denver
401226444,STL,PIT,2020-09-18T20:05Z,6,5,Pittsburgh
401234681,PHI,TOR,2020-09-18T20:05Z,7,0,Philadelphia
401226439,WSH,MIA,2020-09-18T21:10Z,5,0,Miami
401226434,CHW,CIN,2020-09-18T23:10Z,1,7,Cincinnati
401226436,CLE,DET,2020-09-18T23:10Z,1,0,Detroit
401226441,ATL,NYM,2020-09-18T23:10Z,15,2,Queens
401226432,NYY,BOS,2020-09-18T23:30Z,6,5,Boston
401226443,TOR,PHI,2020-09-18T23:30Z,7,8,Philadelphia
401226431,TB,BAL,2020-09-18T23:35Z,2,1,Baltimore
401236361,PIT,STL,2020-09-19T00:00Z,2,7,Pittsburgh
401226435,LAD,COL,2020-09-19T00:10Z,15,6,Denver
401226437,ARI,HOU,2020-09-19T00:10Z,6,3,Houston
401226440,KC,MIL,2020-09-19T00:10Z,5,9,Milwaukee
401234675,WSH,MIA,2020-09-19T00:10Z,3,14,Miami
401226433,MIN,CHC,2020-09-19T00:15Z,0,1,Chicago
401226438,TEX,LAA,2020-09-19T01:10Z,2,6,Anaheim
401226442,SF,OAK,2020-09-19T01:40Z,0,6,Oakland
401226445,SD,SEA,2020-09-19T01:40Z,6,1,San Diego
401226457,SF,OAK,2020-09-19T20:10Z,0,6,Oakland
401226458,TOR,PHI,2020-09-19T22:05Z,1,3,Philadelphia
401226451,CLE,DET,2020-09-19T22:10Z,2,5,Detroit
401226454,WSH,MIA,2020-09-19T22:10Z,3,7,Miami
401226459,STL,PIT,2020-09-19T23:05Z,5,4,Pittsburgh
401226449,CHW,CIN,2020-09-19T23:07Z,5,0,Cincinnati
401226456,ATL,NYM,2020-09-19T23:07Z,2,7,Queens
401226452,ARI,HOU,2020-09-19T23:10Z,2,3,Houston
401226455,KC,MIL,2020-09-19T23:10Z,0,5,Milwaukee
401226447,NYY,BOS,2020-09-19T23:30Z,8,0,Boston
401226446,TB,BAL,2020-09-19T23:35Z,3,1,Baltimore
401226450,LAD,COL,2020-09-20T00:10Z,6,1,Denver
401226448,MIN,CHC,2020-09-20T00:15Z,8,1,Chicago
401226453,TEX,LAA,2020-09-20T01:10Z,3,4,Anaheim
401226460,SD,SEA,2020-09-20T01:10Z,1,4,San Diego
401226461,TB,BAL,2020-09-20T17:05Z,1,2,Baltimore
401226462,NYY,BOS,2020-09-20T17:07Z,2,10,Boston
401226464,CHW,CIN,2020-09-20T17:10Z,3,7,Cincinnati
401226466,CLE,DET,2020-09-20T17:10Z,7,4,Detroit
401226469,WSH,MIA,2020-09-20T17:10Z,1,2,Miami
401226471,ATL,NYM,2020-09-20T17:10Z,7,0,Queens
401226467,ARI,HOU,2020-09-20T18:10Z,2,3,Houston
401226470,KC,MIL,2020-09-20T18:10Z,3,5,Milwaukee
401226473,TOR,PHI,2020-09-20T19:05Z,6,3,Philadelphia
401226465,LAD,COL,2020-09-20T19:10Z,3,6,Denver
401226472,SF,OAK,2020-09-20T20:00Z,14,2,Oakland
401226474,STL,PIT,2020-09-20T20:05Z,2,1,Pittsburgh
401226468,TEX,LAA,2020-09-20T20:10Z,7,2,Anaheim
401226475,SD,SEA,2020-09-20T20:10Z,7,4,San Diego
401234676,WSH,MIA,2020-09-20T20:35Z,15,0,Miami
401226463,MIN,CHC,2020-09-20T23:00Z,4,0,Chicago
401226480,TEX,LAA,2020-09-21T20:10Z,5,8,Anaheim
401226486,PHI,WSH,2020-09-21T22:05Z,1,5,Washington
401226478,CHW,CLE,2020-09-21T22:10Z,4,7,Cleveland
401226485,NYY,TOR,2020-09-21T22:37Z,5,11,Buffalo
401226477,MIL,CIN,2020-09-21T22:40Z,3,6,Cincinnati
401226482,CHC,PIT,2020-09-21T23:05Z,5,0,Pittsburgh
401226476,MIA,ATL,2020-09-21T23:10Z,4,5,Atlanta
401226481,TB,NYM,2020-09-21T23:10Z,2,1,Queens
401226479,STL,KC,2020-09-22T00:05Z,1,4,Kansas City
401226484,HOU,SEA,2020-09-22T01:10Z,1,6,Seattle
401226483,COL,SF,2020-09-22T01:45Z,7,2,San Francisco
401241284,PHI,WSH,2020-09-22T19:05Z,1,5,Washington
401226501,PHI,WSH,2020-09-22T22:00Z,7,8,Washington
401226491,CHW,CLE,2020-09-22T22:10Z,3,5,Cleveland
401226500,NYY,TOR,2020-09-22T22:30Z,12,1,Buffalo
401226490,MIL,CIN,2020-09-22T22:40Z,3,2,Cincinnati
401226496,CHC,PIT,2020-09-22T23:05Z,2,3,Pittsburgh
401226488,MIA,ATL,2020-09-22T23:10Z,1,11,Atlanta
401226495,TB,NYM,2020-09-22T23:10Z,2,5,Queens
401226489,BAL,BOS,2020-09-22T23:30Z,3,8,Boston
401226494,DET,MIN,2020-09-22T23:40Z,4,5,Minneapolis
401226492,STL,KC,2020-09-23T00:05Z,5,0,Kansas City
401226487,TEX,ARI,2020-09-23T01:10Z,0,7,Phoenix
401226497,LAA,SD,2020-09-23T01:10Z,4,2,San Diego
401226499,HOU,SEA,2020-09-23T01:10Z,6,1,Seattle
401226493,OAK,LAD,2020-09-23T01:30Z,2,7,Los Angeles
401226498,COL,SF,2020-09-23T01:45Z,2,5,San Francisco
401226512,LAA,SD,2020-09-23T20:10Z,5,2,San Diego
401226516,PHI,WSH,2020-09-23T22:05Z,12,3,Washington
401226502,TEX,ARI,2020-09-23T22:10Z,3,7,Phoenix
401226506,CHW,CLE,2020-09-23T22:10Z,2,3,Cleveland
401226515,NYY,TOR,2020-09-23T22:37Z,1,14,Buffalo
401226505,MIL,CIN,2020-09-23T22:40Z,1,6,Cincinnati
401226514,HOU,SEA,2020-09-23T22:40Z,2,3,Seattle
401226511,CHC,PIT,2020-09-23T23:05Z,1,2,Pittsburgh
401226503,MIA,ATL,2020-09-23T23:10Z,4,9,Atlanta
401226510,TB,NYM,2020-09-23T23:10Z,8,5,Queens
401226504,BAL,BOS,2020-09-23T23:30Z,1,9,Boston
401226509,DET,MIN,2020-09-23T23:40Z,6,7,Minneapolis
401226507,STL,KC,2020-09-24T00:00Z,3,12,Kansas City
401226508,OAK,LAD,2020-09-24T01:40Z,6,4,Los Angeles
401226513,COL,SF,2020-09-24T01:45Z,2,7,San Francisco
401226522,CHC,PIT,2020-09-24T17:35Z,0,7,Pittsburgh
401226523,COL,SF,2020-09-24T19:45Z,5,4,San Francisco
401226527,NYM,WSH,2020-09-24T22:05Z,3,2,Washington
401226519,CHW,CLE,2020-09-24T22:10Z,4,5,Cleveland
401226526,NYY,TOR,2020-09-24T22:37Z,1,4,Buffalo
401226517,MIA,ATL,2020-09-24T23:10Z,4,2,Atlanta
401226518,BAL,BOS,2020-09-24T23:30Z,13,1,Boston
401226520,DET,KC,2020-09-25T00:05Z,7,8,Kansas City
401226525,HOU,TEX,2020-09-25T00:05Z,12,4,Arlington
401226524,MIL,STL,2020-09-25T00:15Z,2,4,St. Louis
401226521,OAK,LAD,2020-09-25T01:40Z,1,5,Los Angeles
401226538,MIL,STL,2020-09-25T21:15Z,3,0,St. Louis
401226541,BAL,TOR,2020-09-25T22:37Z,5,10,Buffalo
401226528,COL,ARI,2020-09-25T22:40Z,0,4,Phoenix
401226539,PHI,TB,2020-09-25T22:40Z,4,6,St. Petersburg
401226535,MIA,NYY,2020-09-25T23:05Z,4,3,Bronx
401226529,BOS,ATL,2020-09-25T23:10Z,7,8,Atlanta
401226531,PIT,CLE,2020-09-25T23:10Z,3,4,Cleveland
401226537,SD,SF,2020-09-25T23:10Z,4,5,San Francisco
401226530,CHC,CHW,2020-09-26T00:00Z,10,0,Chicago
401226532,DET,KC,2020-09-26T00:05Z,2,3,Kansas City
401226540,HOU,TEX,2020-09-26T00:05Z,4,5,Arlington
401226534,CIN,MIN,2020-09-26T00:10Z,7,2,Minneapolis
401234686,STL,MIL,2020-09-26T00:15Z,9,1,St. Louis
401226533,LAA,LAD,2020-09-26T01:40Z,5,9,Los Angeles
401226536,SEA,OAK,2020-09-26T01:40Z,1,3,Oakland
401241324,COL,ARI,2020-09-26T02:00Z,5,11,Phoenix
401246613,SF,SD,2020-09-26T02:15Z,5,6,San Francisco
401226550,MIA,NYY,2020-09-26T17:05Z,4,11,Bronx
401248251,NYM,WSH,2020-09-26T19:05Z,3,4,Washington
401242825,SEA,OAK,2020-09-26T20:10Z,5,1,Oakland
401226557,NYM,WSH,2020-09-26T22:30Z,3,5,Washington
401226556,BAL,TOR,2020-09-26T22:37Z,2,5,Buffalo
401226547,DET,KC,2020-09-26T23:05Z,4,3,Kansas City
401226555,HOU,TEX,2020-09-26T23:05Z,1,6,Arlington
401226553,MIL,STL,2020-09-26T23:07Z,3,0,St. Louis
401226554,PHI,TB,2020-09-26T23:07Z,3,4,St. Petersburg
401226544,BOS,ATL,2020-09-26T23:10Z,8,2,Atlanta
401226545,CHC,CHW,2020-09-26T23:10Z,5,9,Chicago
401226546,PIT,CLE,2020-09-26T23:10Z,8,0,Cleveland
401226549,CIN,MIN,2020-09-26T23:10Z,3,7,Minneapolis
401226551,OAK,SEA,2020-09-26T23:35Z,3,12,Oakland
401226543,COL,ARI,2020-09-27T00:10Z,10,3,Phoenix
401226548,LAA,LAD,2020-09-27T01:10Z,6,7,Los Angeles
401226552,SD,SF,2020-09-27T01:15Z,6,2,San Francisco
401226562,DET,KC,2020-09-27T17:05Z,1,3,Kansas City
401226565,MIA,NYY,2020-09-27T19:05Z,5,0,Bronx
401226567,SD,SF,2020-09-27T19:05Z,5,4,San Francisco
401226570,HOU,TEX,2020-09-27T19:05Z,4,8,Arlington
401226572,NYM,WSH,2020-09-27T19:05Z,5,15,Washington
401226571,BAL,TOR,2020-09-27T19:07Z,7,5,Buffalo
401226558,COL,ARI,2020-09-27T19:10Z,3,11,Phoenix
401226559,BOS,ATL,2020-09-27T19:10Z,9,1,Atlanta
401226560,CHC,CHW,2020-09-27T19:10Z,10,8,Chicago
401226561,PIT,CLE,2020-09-27T19:10Z,6,8,Cleveland
401226563,LAA,LAD,2020-09-27T19:10Z,0,5,Los Angeles
401226564,CIN,MIN,2020-09-27T19:10Z,5,3,Minneapolis
401226566,SEA,OAK,2020-09-27T19:10Z,2,6,Oakland
401226569,PHI,TB,2020-09-27T19:10Z,0,5,St. Petersburg
401226568,MIL,STL,2020-09-27T19:15Z,2,5,St. Louis
401246334,HOU,MIN,2020-09-29T18:00Z,4,1,Minneapolis
401246336,CHW,OAK,2020-09-29T19:00Z,4,1,Oakland
401246335,TOR,TB,2020-09-29T21:00Z,1,3,St. Petersburg
401246333,NYY,CLE,2020-09-29T23:00Z,12,3,Cleveland
401246343,CIN,ATL,2020-09-30T16:00Z,0,1,Atlanta
401246338,HOU,MIN,2020-09-30T17:00Z,3,1,Minneapolis
401246341,MIA,CHC,2020-09-30T18:00Z,5,1,Chicago
401246340,CHW,OAK,2020-09-30T19:00Z,3,5,Oakland
401246339,TOR,TB,2020-09-30T20:00Z,2,8,St. Petersburg
401246342,STL,SD,2020-09-30T21:00Z,7,4,San Diego
401246337,NYY,CLE,2020-09-30T23:00Z,10,9,Cleveland
401246344,MIL,LAD,2020-10-01T02:00Z,2,4,Los Angeles
401246351,CIN,ATL,2020-10-01T16:00Z,0,5,Atlanta
401246348,CHW,OAK,2020-10-01T19:00Z,4,6,Oakland
401246350,STL,SD,2020-10-01T23:00Z,9,11,San Diego
401246352,MIL,LAD,2020-10-02T02:00Z,0,3,Los Angeles
401246414,MIA,CHC,2020-10-02T18:00Z,2,0,Chicago
401246415,STL,SD,2020-10-02T23:00Z,0,4,San Diego
401246353,HOU,OAK,2020-10-05T20:07Z,10,5,Los Angeles
401246354,NYY,TB,2020-10-06T00:07Z,9,3,San Diego
401246358,MIA,ATL,2020-10-06T18:08Z,5,9,Houston
401246355,HOU,OAK,2020-10-06T20:37Z,5,2,Los Angeles
401246356,NYY,TB,2020-10-07T00:10Z,5,7,San Diego
401246357,SD,LAD,2020-10-07T01:38Z,1,5,Arlington
401246362,MIA,ATL,2020-10-07T18:08Z,0,2,Houston
401246359,OAK,HOU,2020-10-07T19:35Z,9,7,Los Angeles
401246360,TB,NYY,2020-10-07T23:10Z,8,4,San Diego
401246361,SD,LAD,2020-10-08T01:08Z,5,6,Arlington
401246366,ATL,MIA,2020-10-08T18:08Z,7,0,Houston
401246363,OAK,HOU,2020-10-08T19:35Z,6,11,Los Angeles
401246364,TB,NYY,2020-10-08T23:10Z,1,5,San Diego
401246365,LAD,SD,2020-10-09T01:08Z,12,3,Arlington
401246368,NYY,TB,2020-10-09T23:10Z,1,2,San Diego
401246373,HOU,TB,2020-10-11T23:37Z,1,2,San Diego
401246374,HOU,TB,2020-10-12T20:07Z,2,4,San Diego
401246380,ATL,LAD,2020-10-13T00:08Z,5,1,Arlington
401246381,ATL,LAD,2020-10-13T22:05Z,8,7,Arlington
401246375,TB,HOU,2020-10-14T00:40Z,5,2,San Diego
401246382,LAD,ATL,2020-10-14T22:05Z,15,3,Arlington
401246376,TB,HOU,2020-10-15T00:40Z,3,4,San Diego
401246377,TB,HOU,2020-10-15T21:07Z,3,4,San Diego
401246383,LAD,ATL,2020-10-16T00:08Z,2,10,Arlington
401246378,HOU,TB,2020-10-16T22:07Z,7,4,San Diego
401246384,LAD,ATL,2020-10-17T01:08Z,7,3,Arlington
401246385,ATL,LAD,2020-10-17T20:38Z,1,3,Arlington
401246379,HOU,TB,2020-10-18T00:37Z,2,4,San Diego
401246386,ATL,LAD,2020-10-19T00:15Z,3,4,Arlington
401246387,TB,LAD,2020-10-21T00:11Z,3,8,Arlington
401246388,TB,LAD,2020-10-22T00:08Z,6,4,Arlington
401246389,LAD,TB,2020-10-24T00:08Z,6,2,Arlington
401246390,LAD,TB,2020-10-25T00:08Z,7,8,Arlington
401246391,LAD,TB,2020-10-26T00:08Z,4,2,Arlington
401246392,TB,LAD,2020-10-28T00:08Z,1,3,Arlington
401227066,TOR,NYY,2021-04-01T17:05Z,3,2,Bronx
401227056,CLE,DET,2021-04-01T17:10Z,2,3,Detroit
401227059,MIN,MIL,2021-04-01T18:10Z,5,6,Milwaukee
401227061,PIT,CHC,2021-04-01T18:20Z,5,3,Chicago
401227053,ATL,PHI,2021-04-01T19:05Z,2,3,Philadelphia
401226952,ARI,SD,2021-04-01T20:10Z,7,8,San Diego
401227058,LAD,COL,2021-04-01T20:10Z,5,8,Denver
401227063,STL,CIN,2021-04-01T20:10Z,11,6,Cincinnati
401227064,TB,MIA,2021-04-01T20:10Z,1,0,Miami
401227065,TEX,KC,2021-04-01T20:10Z,10,14,Kansas City
401227055,CHW,LAA,2021-04-02T02:05Z,3,4,Anaheim
401227057,HOU,OAK,2021-04-02T02:07Z,8,1,Oakland
401227062,SF,SEA,2021-04-02T02:10Z,7,8,Seattle
401317836,BAL,BOS,2021-04-02T18:10Z,3,0,Boston
401227072,TB,MIA,2021-04-02T23:10Z,6,4,Miami
401227070,LAD,COL,2021-04-03T00:40Z,11,6,Denver
401227068,CHW,LAA,2021-04-03T01:38Z,12,8,Anaheim
401227069,HOU,OAK,2021-04-03T01:40Z,9,5,Oakland
401227067,ARI,SD,2021-04-03T02:10Z,2,4,San Diego
401227071,SF,SEA,2021-04-03T02:10Z,6,3,Seattle
401227087,TOR,NYY,2021-04-03T17:05Z,3,5,Bronx
401227075,BAL,BOS,2021-04-03T17:10Z,4,2,Boston
401227077,CLE,DET,2021-04-03T17:10Z,2,5,Detroit
401227086,TEX,KC,2021-04-03T18:10Z,4,11,Kansas City
401227082,PIT,CHC,2021-04-03T18:20Z,1,5,Chicago
401227074,ATL,PHI,2021-04-03T20:05Z,0,4,Philadelphia
401227078,HOU,OAK,2021-04-03T20:07Z,9,1,Oakland
401227084,STL,CIN,2021-04-03T20:10Z,6,9,Cincinnati
401227085,TB,MIA,2021-04-03T22:10Z,7,12,Miami
401227080,MIN,MIL,2021-04-03T23:10Z,2,0,Milwaukee
401227079,LAD,COL,2021-04-04T00:10Z,6,5,Denver
401227073,ARI,SD,2021-04-04T00:40Z,0,7,San Diego
401227076,CHW,LAA,2021-04-04T01:07Z,3,5,Anaheim
401227083,SF,SEA,2021-04-04T01:10Z,0,4,Seattle
401227089,ATL,PHI,2021-04-04T17:05Z,1,2,Philadelphia
401227100,TOR,NYY,2021-04-04T17:05Z,3,1,Bronx
401227090,BAL,BOS,2021-04-04T17:10Z,11,3,Boston
401227092,CLE,DET,2021-04-04T17:10Z,9,3,Detroit
401227098,STL,CIN,2021-04-04T17:10Z,1,12,Cincinnati
401227095,MIN,MIL,2021-04-04T18:10Z,8,2,Milwaukee
401227099,TEX,KC,2021-04-04T18:10Z,7,3,Kansas City
401227097,PIT,CHC,2021-04-04T18:20Z,3,4,Chicago
401227094,LAD,COL,2021-04-04T19:10Z,4,2,Denver
401227093,HOU,OAK,2021-04-04T20:07Z,9,2,Oakland
401227088,ARI,SD,2021-04-04T20:10Z,3,1,San Diego
401227091,CHW,LAA,2021-04-05T00:37Z,4,7,Anaheim
401227108,MIN,DET,2021-04-05T17:10Z,15,6,Detroit
401227114,TOR,TEX,2021-04-05T20:05Z,6,2,Arlington
401227105,KC,CLE,2021-04-05T20:10Z,3,0,Cleveland
401227102,BAL,NYY,2021-04-05T22:35Z,0,7,Bronx
401227110,PIT,CIN,2021-04-05T22:40Z,3,5,Cincinnati
401227112,STL,MIA,2021-04-05T22:40Z,4,1,Miami
401227109,NYM,PHI,2021-04-05T23:05Z,3,5,Philadelphia
401227113,TB,BOS,2021-04-05T23:10Z,2,11,Boston
401227107,MIL,CHC,2021-04-05T23:40Z,3,5,Chicago
401227104,HOU,LAA,2021-04-06T01:38Z,6,7,Anaheim
401227106,LAD,OAK,2021-04-06T01:40Z,10,3,Oakland
401227103,CHW,SEA,2021-04-06T02:10Z,6,0,Seattle
401227111,SF,SD,2021-04-06T02:10Z,3,2,San Diego
401227122,MIN,DET,2021-04-06T17:10Z,3,4,Detroit
401227116,ATL,WSH,2021-04-06T20:05Z,5,6,Washington
401227119,HOU,LAA,2021-04-06T20:07Z,4,2,Anaheim
401227117,BAL,NYY,2021-04-06T22:35Z,2,7,Bronx
401227124,PIT,CIN,2021-04-06T22:40Z,1,14,Cincinnati
401227126,STL,MIA,2021-04-06T22:40Z,4,2,Miami
401227123,NYM,PHI,2021-04-06T23:05Z,8,4,Philadelphia
401227127,TB,BOS,2021-04-06T23:10Z,5,6,Boston
401227121,MIL,CHC,2021-04-06T23:40Z,4,0,Chicago
401227128,TOR,TEX,2021-04-07T00:05Z,4,7,Arlington
401227115,ARI,COL,2021-04-07T00:40Z,10,8,Denver
401227120,LAD,OAK,2021-04-07T01:40Z,5,1,Oakland
401227118,CHW,SEA,2021-04-07T02:10Z,10,4,Seattle
401227125,SF,SD,2021-04-07T02:10Z,1,3,San Diego
401227130,ATL,WSH,2021-04-07T16:05Z,7,6,Washington
401227138,PIT,CIN,2021-04-07T16:35Z,4,11,Cincinnati
401227133,KC,CLE,2021-04-07T17:10Z,2,4,Cleveland
401227136,MIN,DET,2021-04-07T17:10Z,3,2,Detroit
401227141,TB,BOS,2021-04-07T17:10Z,2,9,Boston
401227142,TOR,TEX,2021-04-07T18:05Z,1,2,Arlington
401227135,MIL,CHC,2021-04-07T18:20Z,4,2,Chicago
401227134,LAD,OAK,2021-04-07T19:37Z,3,4,Oakland
401319028,ATL,WSH,2021-04-07T19:45Z,2,0,Washington
401227137,NYM,PHI,2021-04-07T20:05Z,2,8,Philadelphia
401227132,CHW,SEA,2021-04-07T20:10Z,4,8,Seattle
401227139,SF,SD,2021-04-07T20:10Z,3,2,San Diego
401227140,STL,MIA,2021-04-07T20:10Z,7,0,Miami
401227131,BAL,NYY,2021-04-07T22:35Z,4,3,Bronx
401227129,ARI,COL,2021-04-08T00:40Z,0,8,Denver
401227148,MIA,NYM,2021-04-08T17:10Z,2,3,Queens
401227146,CHC,PIT,2021-04-08T17:35Z,4,2,Pittsburgh
401227145,BOS,BAL,2021-04-08T19:05Z,7,3,Baltimore
401227144,ARI,COL,2021-04-08T19:10Z,3,7,Denver
401227147,KC,CHW,2021-04-08T20:10Z,0,6,Chicago
401227151,SEA,MIN,2021-04-08T20:10Z,2,10,Minneapolis
401227149,MIL,STL,2021-04-08T20:15Z,1,3,St. Louis
401227143,LAA,TOR,2021-04-08T23:07Z,7,5,Dunedin
401227150,OAK,HOU,2021-04-09T00:10Z,2,6,Houston
401227156,NYY,TB,2021-04-09T19:10Z,5,10,St. Petersburg
401227160,WSH,LAD,2021-04-09T20:10Z,0,1,Los Angeles
401227154,COL,SF,2021-04-09T20:35Z,1,3,San Francisco
401227152,LAA,TOR,2021-04-09T23:07Z,7,1,Dunedin
401227155,DET,CLE,2021-04-09T23:10Z,1,4,Cleveland
401227158,PHI,ATL,2021-04-09T23:20Z,1,8,Atlanta
401227159,SD,TEX,2021-04-10T00:05Z,3,0,Arlington
401227157,OAK,HOU,2021-04-10T00:10Z,6,2,Houston
401227153,CIN,ARI,2021-04-10T01:40Z,6,5,Phoenix
401227168,MIA,NYM,2021-04-10T17:10Z,3,0,Queens
401227170,NYY,TB,2021-04-10T17:10Z,0,4,St. Petersburg
401227174,SEA,MIN,2021-04-10T18:10Z,4,3,Minneapolis
401227169,MIL,STL,2021-04-10T18:15Z,9,5,St. Louis
401227165,COL,SF,2021-04-10T20:05Z,3,4,San Francisco
401227171,OAK,HOU,2021-04-10T20:05Z,7,3,Houston
401227166,DET,CLE,2021-04-10T22:10Z,3,11,Cleveland
401227163,CHC,PIT,2021-04-10T22:35Z,2,8,Pittsburgh
401227162,BOS,BAL,2021-04-10T23:05Z,6,4,Baltimore
401227173,SD,TEX,2021-04-10T23:05Z,7,4,Arlington
401227161,LAA,TOR,2021-04-10T23:07Z,1,15,Dunedin
401227172,PHI,ATL,2021-04-10T23:20Z,4,5,Atlanta
401227164,CIN,ARI,2021-04-11T00:10Z,3,8,Phoenix
401227175,WSH,LAD,2021-04-11T01:10Z,5,9,Los Angeles
401227177,BOS,BAL,2021-04-11T17:05Z,14,9,Baltimore
401227178,CHC,PIT,2021-04-11T17:05Z,1,7,Pittsburgh
401227181,DET,CLE,2021-04-11T17:10Z,2,5,Cleveland
401227183,MIA,NYM,2021-04-11T17:10Z,5,6,Queens
401227185,NYY,TB,2021-04-11T17:10Z,8,4,St. Petersburg
401227182,KC,CHW,2021-04-11T18:10Z,4,3,Chicago
401227188,SEA,MIN,2021-04-11T18:10Z,8,6,Minneapolis
401227184,MIL,STL,2021-04-11T18:15Z,9,3,St. Louis
401227187,SD,TEX,2021-04-11T18:35Z,2,0,Arlington
401227180,COL,SF,2021-04-11T20:05Z,0,4,San Francisco
401227179,CIN,ARI,2021-04-11T20:10Z,0,7,Phoenix
401227189,WSH,LAD,2021-04-11T20:10Z,0,3,Los Angeles
401227186,PHI,ATL,2021-04-11T23:08Z,7,6,Atlanta
401227200,SD,PIT,2021-04-12T22:35Z,6,2,Pittsburgh
401227197,NYY,TOR,2021-04-12T23:07Z,3,1,Dunedin
401227202,TEX,TB,2021-04-12T23:10Z,0,1,St. Petersburg
401227196,MIA,ATL,2021-04-12T23:20Z,5,3,Atlanta
401227192,CHC,MIL,2021-04-12T23:40Z,3,6,Milwaukee
401227203,WSH,STL,2021-04-12T23:45Z,5,2,St. Louis
401227190,LAA,KC,2021-04-13T00:10Z,10,3,Kansas City
401227194,CLE,CHW,2021-04-13T00:10Z,3,4,Chicago
401227195,DET,HOU,2021-04-13T00:10Z,6,2,Houston
401227198,OAK,ARI,2021-04-13T01:40Z,9,5,Phoenix
401227193,CIN,SF,2021-04-13T01:45Z,3,0,San Francisco
401227205,BOS,MIN,2021-04-13T18:10Z,4,2,Minneapolis
401227213,OAK,ARI,2021-04-13T19:40Z,7,5,Phoenix
401320453,SEA,BAL,2021-04-13T20:05Z,4,3,Baltimore
401320350,PHI,NYM,2021-04-13T20:10Z,3,4,Queens
401227215,SD,PIT,2021-04-13T22:35Z,4,8,Pittsburgh
401227212,NYY,TOR,2021-04-13T23:07Z,3,7,Dunedin
401227217,TEX,TB,2021-04-13T23:10Z,8,3,St. Petersburg
401227216,SEA,BAL,2021-04-13T23:15Z,6,7,Baltimore
401227211,MIA,ATL,2021-04-13T23:20Z,14,8,Atlanta
401227206,CHC,MIL,2021-04-13T23:40Z,3,2,Milwaukee
401227218,WSH,STL,2021-04-13T23:45Z,3,14,St. Louis
401227214,PHI,NYM,2021-04-14T00:00Z,0,4,Queens
401227204,LAA,KC,2021-04-14T00:10Z,2,3,Kansas City
401227208,CLE,CHW,2021-04-14T00:10Z,2,0,Chicago
401227210,DET,HOU,2021-04-14T00:10Z,8,2,Houston
401227207,CIN,SF,2021-04-14T01:45Z,6,7,San Francisco
401227209,COL,LAD,2021-04-14T02:10Z,0,7,Los Angeles
401227227,NYY,TOR,2021-04-14T17:07Z,4,5,Dunedin
401227232,WSH,STL,2021-04-14T17:15Z,6,0,St. Louis
401227221,CHC,MIL,2021-04-14T17:40Z,0,7,Milwaukee
401227219,LAA,KC,2021-04-14T18:10Z,1,6,Kansas City
401227220,BOS,MIN,2021-04-14T18:10Z,3,2,Minneapolis
401227222,CIN,SF,2021-04-14T19:45Z,0,3,San Francisco
401320523,BOS,MIN,2021-04-14T21:25Z,7,1,Minneapolis
401227229,SD,PIT,2021-04-14T22:35Z,1,5,Pittsburgh
401227225,DET,HOU,2021-04-14T23:10Z,6,4,Houston
401227228,PHI,NYM,2021-04-14T23:10Z,1,5,Queens
401227231,TEX,TB,2021-04-14T23:10Z,5,1,St. Petersburg
401227226,MIA,ATL,2021-04-14T23:20Z,6,5,Atlanta
401227223,CLE,CHW,2021-04-15T00:10Z,0,8,Chicago
401227224,COL,LAD,2021-04-15T02:10Z,2,4,Los Angeles
401227238,MIA,ATL,2021-04-15T16:20Z,6,7,Atlanta
401227240,SD,PIT,2021-04-15T16:35Z,8,3,Pittsburgh
401227241,SEA,BAL,2021-04-15T16:35Z,4,2,Baltimore
401227234,BOS,MIN,2021-04-15T17:10Z,3,4,Minneapolis
401227235,CLE,CHW,2021-04-15T18:10Z,4,2,Chicago
401320813,SEA,BAL,2021-04-15T19:45Z,2,1,Baltimore
401227233,ARI,WSH,2021-04-15T23:05Z,11,6,Washington
401227242,TEX,TB,2021-04-15T23:10Z,6,4,St. Petersburg
401227243,TOR,KC,2021-04-16T00:10Z,5,7,Kansas City
401227237,DET,OAK,2021-04-16T01:40Z,4,8,Oakland
401227236,COL,LAD,2021-04-16T02:10Z,5,7,Los Angeles
401227245,ATL,CHC,2021-04-16T18:20Z,5,2,Chicago
401227244,ARI,WSH,2021-04-16T23:05Z,0,1,Washington
401227256,STL,PHI,2021-04-16T23:05Z,2,9,Philadelphia
401227257,TB,NYY,2021-04-16T23:05Z,8,2,Bronx
401227248,CLE,CIN,2021-04-16T23:10Z,3,10,Cincinnati
401227255,SF,MIA,2021-04-16T23:10Z,1,4,Miami
401227246,BAL,TEX,2021-04-17T00:05Z,5,2,Arlington
401227254,PIT,MIL,2021-04-17T00:10Z,6,1,Milwaukee
401227252,MIN,LAA,2021-04-17T01:38Z,3,10,Anaheim
401227249,DET,OAK,2021-04-17T01:40Z,0,3,Oakland
401227250,HOU,SEA,2021-04-17T02:10Z,5,6,Seattle
401227251,LAD,SD,2021-04-17T02:10Z,11,6,San Diego
401227259,ARI,WSH,2021-04-17T17:05Z,2,6,Washington
401227272,TB,NYY,2021-04-17T17:05Z,6,3,Bronx
401227273,TOR,KC,2021-04-17T18:10Z,5,1,Kansas City
401227260,ATL,CHC,2021-04-17T18:20Z,4,13,Chicago
401227262,CHW,BOS,2021-04-17T20:05Z,4,7,Boston
401227271,STL,PHI,2021-04-17T20:05Z,9,4,Philadelphia
401227264,DET,OAK,2021-04-17T20:07Z,0,7,Oakland
401227263,CLE,CIN,2021-04-17T20:10Z,2,3,Cincinnati
401321163,NYM,COL,2021-04-17T21:10Z,4,3,Denver
401227270,SF,MIA,2021-04-17T22:10Z,6,7,Miami
401321165,TOR,KC,2021-04-17T22:10Z,2,3,Kansas City
401227261,BAL,TEX,2021-04-17T23:05Z,6,1,Arlington
401227269,PIT,MIL,2021-04-17T23:10Z,1,7,Milwaukee
401227268,NYM,COL,2021-04-18T00:10Z,2,7,Denver
401227266,LAD,SD,2021-04-18T00:40Z,2,0,San Diego
401227265,HOU,SEA,2021-04-18T01:10Z,1,0,Seattle
401227274,ARI,WSH,2021-04-18T17:05Z,5,2,Washington
401227286,STL,PHI,2021-04-18T17:05Z,0,2,Philadelphia
401227287,TB,NYY,2021-04-18T17:05Z,4,2,Bronx
401227277,CHW,BOS,2021-04-18T17:10Z,3,2,Boston
401227278,CLE,CIN,2021-04-18T17:10Z,6,3,Cincinnati
401227285,SF,MIA,2021-04-18T17:10Z,1,0,Miami
401227284,PIT,MIL,2021-04-18T18:10Z,6,5,Milwaukee
401227288,TOR,KC,2021-04-18T18:10Z,0,2,Kansas City
401227276,BAL,TEX,2021-04-18T18:35Z,0,1,Arlington
401227283,NYM,COL,2021-04-18T19:10Z,2,1,Denver
401227279,DET,OAK,2021-04-18T20:07Z,2,3,Oakland
401227280,HOU,SEA,2021-04-18T20:10Z,2,7,Seattle
401227281,LAD,SD,2021-04-18T20:10Z,2,5,San Diego
401321164,CHW,BOS,2021-04-18T21:10Z,5,1,Boston
401227275,ATL,CHC,2021-04-18T23:00Z,13,4,Chicago
401227289,CHW,BOS,2021-04-19T15:10Z,4,11,Boston
401227293,SF,PHI,2021-04-19T23:05Z,2,0,Philadelphia
401227294,STL,WSH,2021-04-19T23:05Z,12,5,Washington
401227295,TB,KC,2021-04-20T00:10Z,4,1,Kansas City
401227296,TEX,LAA,2021-04-20T01:38Z,6,4,Anaheim
401227290,LAD,SEA,2021-04-20T02:10Z,3,4,Seattle
401227291,MIL,SD,2021-04-20T02:10Z,3,1,San Diego
401227302,LAD,SEA,2021-04-20T20:10Z,1,0,Seattle
401227300,CHW,CLE,2021-04-20T22:10Z,8,5,Cleveland
401321807,MIN,OAK,2021-04-20T22:30Z,0,7,Oakland
401227298,ATL,NYY,2021-04-20T22:35Z,1,3,Bronx
401227297,ARI,CIN,2021-04-20T22:40Z,5,4,Cincinnati
401227299,BAL,MIA,2021-04-20T22:40Z,7,5,Miami
401227307,SF,PHI,2021-04-20T23:05Z,10,7,Philadelphia
401227308,STL,WSH,2021-04-20T23:05Z,2,3,Washington
401227311,TOR,BOS,2021-04-20T23:10Z,2,4,Boston
401227305,NYM,CHC,2021-04-20T23:30Z,1,3,Chicago
401227309,TB,KC,2021-04-21T00:10Z,14,7,Kansas City
401227301,HOU,COL,2021-04-21T00:40Z,2,6,Denver
401227304,MIN,OAK,2021-04-21T01:25Z,0,1,Oakland
401227310,TEX,LAA,2021-04-21T01:38Z,2,6,Anaheim
401227303,MIL,SD,2021-04-21T02:10Z,6,0,San Diego
401227321,SF,PHI,2021-04-21T17:05Z,5,6,Philadelphia
401227314,BAL,MIA,2021-04-21T17:10Z,0,3,Miami
401322169,PIT,DET,2021-04-21T18:10Z,3,2,Detroit
401227316,HOU,COL,2021-04-21T19:10Z,3,6,Denver
401227318,MIN,OAK,2021-04-21T19:37Z,12,13,Oakland
401227322,STL,WSH,2021-04-21T20:05Z,0,1,Washington
401227324,TEX,LAA,2021-04-21T20:07Z,7,4,Anaheim
401227317,MIL,SD,2021-04-21T20:10Z,4,2,San Diego
401227313,ATL,NYY,2021-04-21T22:30Z,4,1,Bronx
401227320,PIT,DET,2021-04-21T22:40Z,2,5,Detroit
401227312,ARI,CIN,2021-04-21T22:50Z,8,5,Cincinnati
401227325,TOR,BOS,2021-04-21T23:10Z,6,3,Boston
401227319,NYM,CHC,2021-04-21T23:40Z,4,16,Chicago
401227323,TB,KC,2021-04-22T00:10Z,8,9,Kansas City
401227327,ARI,CIN,2021-04-22T16:35Z,14,11,Cincinnati
401227331,PIT,DET,2021-04-22T17:10Z,4,2,Detroit
401227329,NYY,CLE,2021-04-22T22:10Z,6,3,Cleveland
401227333,SEA,BOS,2021-04-22T23:10Z,7,3,Boston
401227330,NYM,CHC,2021-04-22T23:40Z,3,4,Chicago
401227326,LAA,HOU,2021-04-23T00:10Z,2,8,Houston
401227328,MIA,SF,2021-04-23T01:45Z,0,3,San Francisco
401227332,SD,LAD,2021-04-23T02:10Z,3,2,Los Angeles
401227339,MIL,CHC,2021-04-23T18:20Z,2,15,Chicago
401227341,OAK,BAL,2021-04-23T23:05Z,3,1,Baltimore
401227337,KC,DET,2021-04-23T23:10Z,6,2,Detroit
401227340,NYY,CLE,2021-04-23T23:10Z,5,3,Cleveland
401227345,SEA,BOS,2021-04-23T23:10Z,5,6,Boston
401227347,TOR,TB,2021-04-23T23:10Z,5,3,St. Petersburg
401227348,WSH,NYM,2021-04-23T23:10Z,0,6,Queens
401227335,ARI,ATL,2021-04-23T23:20Z,4,5,Atlanta
401227334,LAA,HOU,2021-04-24T00:10Z,4,5,Houston
401227343,PIT,MIN,2021-04-24T00:10Z,0,2,Minneapolis
401227346,TEX,CHW,2021-04-24T00:10Z,7,9,Chicago
401227336,CIN,STL,2021-04-24T00:15Z,4,5,St. Louis
401227342,PHI,COL,2021-04-24T00:40Z,4,5,Denver
401227338,MIA,SF,2021-04-24T01:45Z,3,5,San Francisco
401227344,SD,LAD,2021-04-24T02:10Z,6,1,Los Angeles
401227352,KC,DET,2021-04-24T17:10Z,2,1,Detroit
401227360,SEA,BOS,2021-04-24T17:10Z,8,2,Boston
401227358,PIT,MIN,2021-04-24T18:10Z,6,2,Minneapolis
401227351,CIN,STL,2021-04-24T18:15Z,0,2,St. Louis
401227354,MIL,CHC,2021-04-24T18:20Z,4,3,Chicago
401227363,WSH,NYM,2021-04-24T20:05Z,7,1,Queens
401227349,LAA,HOU,2021-04-24T20:10Z,2,16,Houston
401227355,NYY,CLE,2021-04-24T22:10Z,2,1,Cleveland
401227362,TOR,TB,2021-04-24T22:10Z,3,5,St. Petersburg
401227356,OAK,BAL,2021-04-24T23:05Z,7,2,Baltimore
401227361,TEX,CHW,2021-04-24T23:10Z,1,2,Chicago
401227357,PHI,COL,2021-04-25T00:10Z,7,5,Denver
401227353,MIA,SF,2021-04-25T01:05Z,5,2,San Francisco
401227359,SD,LAD,2021-04-25T01:10Z,4,5,Los Angeles
401227371,OAK,BAL,2021-04-25T17:05Z,1,8,Baltimore
401227367,KC,DET,2021-04-25T17:10Z,4,0,Detroit
401227370,NYY,CLE,2021-04-25T17:10Z,3,7,Cleveland
401227375,SEA,BOS,2021-04-25T17:10Z,3,5,Boston
401227377,TOR,TB,2021-04-25T17:10Z,1,0,St. Petersburg
401227378,WSH,NYM,2021-04-25T17:10Z,0,4,Queens
401227365,ARI,ATL,2021-04-25T17:20Z,5,0,Atlanta
401227364,LAA,HOU,2021-04-25T18:10Z,4,2,Houston
401227373,PIT,MIN,2021-04-25T18:10Z,6,2,Minneapolis
401227376,TEX,CHW,2021-04-25T18:10Z,4,8,Chicago
401227366,CIN,STL,2021-04-25T18:15Z,2,5,St. Louis
401227369,MIL,CHC,2021-04-25T18:20Z,6,0,Chicago
401227372,PHI,COL,2021-04-25T19:10Z,2,12,Denver
401322534,ARI,ATL,2021-04-25T20:00Z,7,0,Atlanta
401227368,MIA,SF,2021-04-25T20:05Z,3,4,San Francisco
401227374,SD,LAD,2021-04-25T23:00Z,8,7,Los Angeles
401227383,KC,DET,2021-04-26T17:10Z,3,2,Detroit
401227385,MIN,CLE,2021-04-26T22:10Z,3,5,Cleveland
401227380,CHC,ATL,2021-04-26T23:00Z,7,8,Atlanta
401227386,NYY,BAL,2021-04-26T23:05Z,2,4,Baltimore
401227387,OAK,TB,2021-04-26T23:10Z,2,1,St. Petersburg
401227384,MIA,MIL,2021-04-26T23:40Z,8,0,Milwaukee
401227388,PHI,STL,2021-04-26T23:45Z,2,1,St. Louis
401227379,LAA,TEX,2021-04-27T00:05Z,9,4,Arlington
401227389,SEA,HOU,2021-04-27T00:10Z,2,5,Houston
401227382,COL,SF,2021-04-27T01:45Z,0,12,San Francisco
401227381,CIN,LAD,2021-04-27T02:10Z,5,3,Los Angeles
401227398,MIN,CLE,2021-04-27T22:10Z,4,7,Cleveland
401227396,KC,PIT,2021-04-27T22:35Z,1,2,Pittsburgh
401227399,NYY,BAL,2021-04-27T23:05Z,5,1,Baltimore
401227404,WSH,TOR,2021-04-27T23:07Z,5,9,Dunedin
401227391,BOS,NYM,2021-04-27T23:10Z,2,1,Queens
401227400,OAK,TB,2021-04-27T23:10Z,3,4,St. Petersburg
401227392,CHC,ATL,2021-04-27T23:20Z,0,5,Atlanta
401227397,MIA,MIL,2021-04-27T23:40Z,4,5,Milwaukee
401227401,PHI,STL,2021-04-27T23:45Z,2,5,St. Louis
401227390,LAA,TEX,2021-04-28T00:05Z,1,6,Arlington
401227395,DET,CHW,2021-04-28T00:10Z,5,2,Chicago
401227403,SEA,HOU,2021-04-28T00:10Z,0,2,Houston
401227402,SD,ARI,2021-04-28T01:40Z,1,5,Phoenix
401227394,COL,SF,2021-04-28T01:45Z,7,5,San Francisco
401227393,CIN,LAD,2021-04-28T02:10Z,6,5,Los Angeles
401227413,MIN,CLE,2021-04-28T17:10Z,10,2,Cleveland
401227412,MIA,MIL,2021-04-28T17:40Z,6,2,Milwaukee
401227408,CIN,LAD,2021-04-28T20:10Z,0,8,Los Angeles
401227411,KC,PIT,2021-04-28T22:35Z,9,6,Pittsburgh
401227406,BOS,NYM,2021-04-28T22:40Z,1,0,Queens
401227414,NYY,BAL,2021-04-28T23:05Z,7,0,Baltimore
401227419,WSH,TOR,2021-04-28T23:07Z,8,2,Dunedin
401227415,OAK,TB,2021-04-28T23:10Z,0,2,St. Petersburg
401227407,CHC,ATL,2021-04-28T23:20Z,0,10,Atlanta
401227416,PHI,STL,2021-04-28T23:45Z,5,3,St. Louis
401227405,LAA,TEX,2021-04-29T00:05Z,4,3,Arlington
401227418,SEA,HOU,2021-04-29T00:10Z,5,7,Houston
401227417,SD,ARI,2021-04-29T01:40Z,12,3,Phoenix
401227409,COL,SF,2021-04-29T01:45Z,3,7,San Francisco
401227425,NYY,BAL,2021-04-29T17:05Z,3,4,Baltimore
401227426,OAK,TB,2021-04-29T17:10Z,3,2,St. Petersburg
401227427,PHI,STL,2021-04-29T17:15Z,3,4,St. Louis
401227428,SEA,HOU,2021-04-29T18:10Z,1,0,Houston
401227423,DET,CHW,2021-04-29T21:10Z,1,3,Chicago
401227421,CHC,ATL,2021-04-29T23:20Z,9,3,Atlanta
401227424,LAD,MIL,2021-04-29T23:40Z,1,2,Milwaukee
401227420,BOS,TEX,2021-04-30T00:05Z,1,4,Arlington
401323533,DET,CHW,2021-04-30T00:10Z,0,11,Chicago
401227422,COL,ARI,2021-04-30T01:40Z,3,5,Phoenix
401227443,STL,PIT,2021-04-30T22:35Z,7,3,Pittsburgh
401227436,DET,NYY,2021-04-30T23:05Z,0,10,Bronx
401227440,MIA,WSH,2021-04-30T23:05Z,1,2,Washington
401227441,NYM,PHI,2021-04-30T23:05Z,1,2,Philadelphia
401227433,CHC,CIN,2021-04-30T23:10Z,6,8,Cincinnati
401227437,HOU,TB,2021-04-30T23:10Z,9,2,St. Petersburg
401227430,ATL,TOR,2021-04-30T23:37Z,5,13,Dunedin
401227432,BOS,TEX,2021-05-01T00:05Z,6,1,Arlington
401227434,CLE,CHW,2021-05-01T00:10Z,5,3,Chicago
401227438,KC,MIN,2021-05-01T00:10Z,1,9,Minneapolis
401227439,LAD,MIL,2021-05-01T00:10Z,1,3,Milwaukee
401227431,BAL,OAK,2021-05-01T01:40Z,3,2,Oakland
401227435,COL,ARI,2021-05-01T01:40Z,2,7,Phoenix
401227429,LAA,SEA,2021-05-01T02:10Z,4,7,Seattle
401227442,SF,SD,2021-05-01T02:10Z,2,3,San Diego
401227451,DET,NYY,2021-05-01T17:05Z,4,6,Bronx
401227455,MIA,WSH,2021-05-01T17:05Z,2,7,Washington
401227453,KC,MIN,2021-05-01T18:10Z,11,3,Minneapolis
401227449,CLE,CHW,2021-05-01T20:05Z,3,7,Chicago
401227446,BAL,OAK,2021-05-01T20:07Z,8,4,Oakland
401227448,CHC,CIN,2021-05-01T20:10Z,3,2,Cincinnati
401227452,HOU,TB,2021-05-01T20:10Z,3,1,St. Petersburg
401227456,NYM,PHI,2021-05-01T22:05Z,5,4,Philadelphia
401227458,STL,PIT,2021-05-01T22:35Z,12,5,Pittsburgh
401227447,BOS,TEX,2021-05-01T23:05Z,6,8,Arlington
401227454,LAD,MIL,2021-05-01T23:10Z,5,6,Milwaukee
401227445,ATL,TOR,2021-05-01T23:37Z,5,6,Dunedin
401227450,COL,ARI,2021-05-02T00:10Z,14,6,Phoenix
401227457,SF,SD,2021-05-02T00:40Z,2,6,San Diego
401227444,LAA,SEA,2021-05-02T01:10Z,10,5,Seattle
401227466,DET,NYY,2021-05-02T17:05Z,0,2,Bronx
401227470,MIA,WSH,2021-05-02T17:05Z,1,3,Washington
401227473,STL,PIT,2021-05-02T17:05Z,3,0,Pittsburgh
401227460,ATL,TOR,2021-05-02T17:07Z,2,7,Dunedin
401227463,CHC,CIN,2021-05-02T17:10Z,12,13,Cincinnati
401227467,HOU,TB,2021-05-02T17:10Z,4,5,St. Petersburg
401227464,CLE,CHW,2021-05-02T18:10Z,5,0,Chicago
401227468,KC,MIN,2021-05-02T18:10Z,4,13,Minneapolis
401227469,LAD,MIL,2021-05-02T18:10Z,16,4,Milwaukee
401227462,BOS,TEX,2021-05-02T18:35Z,3,5,Arlington
401227461,BAL,OAK,2021-05-02T20:07Z,5,7,Oakland
401227459,LAA,SEA,2021-05-02T20:10Z,0,2,Seattle
401227465,COL,ARI,2021-05-02T20:10Z,4,8,Phoenix
401227472,SF,SD,2021-05-02T20:10Z,7,1,San Diego
401227471,NYM,PHI,2021-05-02T23:00Z,8,7,Philadelphia
401227477,MIL,PHI,2021-05-03T23:05Z,3,4,Philadelphia
401227482,TEX,MIN,2021-05-03T23:40Z,5,6,Minneapolis
401227478,NYM,STL,2021-05-03T23:45Z,5,6,St. Louis
401227475,CLE,KC,2021-05-04T00:10Z,8,6,Kansas City
401227481,TB,LAA,2021-05-04T01:38Z,7,3,Anaheim
401227483,TOR,OAK,2021-05-04T01:40Z,4,5,Oakland
401227474,BAL,SEA,2021-05-04T02:10Z,5,3,Seattle
401227479,PIT,SD,2021-05-04T02:10Z,0,2,San Diego
401324215,LAD,CHC,2021-05-04T18:20Z,1,7,Chicago
401227495,SF,COL,2021-05-04T21:40Z,12,4,Denver
401227484,ARI,MIA,2021-05-04T22:40Z,3,9,Miami
401227487,CHW,CIN,2021-05-04T22:40Z,9,0,Cincinnati
401227490,HOU,NYY,2021-05-04T23:00Z,3,7,Bronx
401227485,ATL,WSH,2021-05-04T23:05Z,6,1,Washington
401227492,MIL,PHI,2021-05-04T23:05Z,5,6,Philadelphia
401227489,DET,BOS,2021-05-04T23:10Z,7,11,Boston
401227491,LAD,CHC,2021-05-04T23:40Z,3,4,Chicago
401227497,TEX,MIN,2021-05-04T23:40Z,6,3,Minneapolis
401227488,CLE,KC,2021-05-05T00:10Z,7,3,Kansas City
401324214,SF,COL,2021-05-05T01:05Z,6,8,Denver
401227496,TB,LAA,2021-05-05T01:38Z,8,3,Anaheim
401227498,TOR,OAK,2021-05-05T01:40Z,1,4,Oakland
401227486,BAL,SEA,2021-05-05T02:10Z,2,5,Seattle
401227494,PIT,SD,2021-05-05T02:10Z,2,1,San Diego
401227502,CHW,CIN,2021-05-05T16:35Z,0,1,Cincinnati
401227510,SF,COL,2021-05-05T19:10Z,5,6,Denver
401227501,BAL,SEA,2021-05-05T19:40Z,6,0,Seattle
401324576,NYM,STL,2021-05-05T21:15Z,1,4,St. Louis
401227499,ARI,MIA,2021-05-05T22:40Z,0,8,Miami
401227500,ATL,WSH,2021-05-05T23:05Z,5,3,Washington
401227505,HOU,NYY,2021-05-05T23:05Z,3,6,Bronx
401227507,MIL,PHI,2021-05-05T23:05Z,4,5,Philadelphia
401227504,DET,BOS,2021-05-05T23:10Z,6,5,Boston
401227506,LAD,CHC,2021-05-05T23:30Z,5,6,Chicago
401227512,TEX,MIN,2021-05-05T23:40Z,3,1,Minneapolis
401227503,CLE,KC,2021-05-06T00:10Z,5,4,Kansas City
401227509,PIT,SD,2021-05-06T00:10Z,2,4,San Diego
401227508,NYM,STL,2021-05-06T00:25Z,7,2,St. Louis
401227511,TB,LAA,2021-05-06T01:38Z,3,1,Anaheim
401227513,TOR,OAK,2021-05-06T01:40Z,9,4,Oakland
401227518,HOU,NYY,2021-05-06T17:05Z,7,4,Bronx
401227519,MIL,PHI,2021-05-06T17:05Z,0,2,Philadelphia
401227517,DET,BOS,2021-05-06T17:10Z,9,12,Boston
401227522,TEX,MIN,2021-05-06T17:10Z,4,3,Minneapolis
401227520,NYM,STL,2021-05-06T17:15Z,4,1,St. Louis
401227516,CLE,KC,2021-05-06T18:10Z,4,0,Kansas City
401227523,TOR,OAK,2021-05-06T19:37Z,10,4,Oakland
401227515,ATL,WSH,2021-05-06T20:05Z,3,2,Washington
401227514,ARI,MIA,2021-05-06T22:40Z,1,3,Miami
401227521,TB,LAA,2021-05-07T01:38Z,8,3,Anaheim
401227533,PIT,CHC,2021-05-07T18:20Z,2,3,Chicago
401227525,BOS,BAL,2021-05-07T23:05Z,6,2,Baltimore
401227538,WSH,NYY,2021-05-07T23:05Z,11,4,Bronx
401227524,ARI,NYM,2021-05-07T23:10Z,4,5,Queens
401227527,CIN,CLE,2021-05-07T23:10Z,3,0,Cleveland
401227530,MIL,MIA,2021-05-07T23:10Z,1,6,Miami
401227531,MIN,DET,2021-05-07T23:10Z,7,3,Detroit
401227532,PHI,ATL,2021-05-07T23:20Z,12,2,Atlanta
401227535,SEA,TEX,2021-05-08T00:05Z,5,4,Arlington
401227526,CHW,KC,2021-05-08T00:10Z,3,0,Kansas City
401227537,TOR,HOU,2021-05-08T00:10Z,4,10,Houston
401227528,COL,STL,2021-05-08T00:15Z,0,5,St. Louis
401227529,LAD,LAA,2021-05-08T01:38Z,2,9,Anaheim
401227536,TB,OAK,2021-05-08T01:40Z,1,2,Oakland
401227534,SD,SF,2021-05-08T01:45Z,4,5,San Francisco
401227553,WSH,NYY,2021-05-08T17:05Z,3,4,Bronx
401227543,COL,STL,2021-05-08T18:15Z,8,9,St. Louis
401227548,PIT,CHC,2021-05-08T18:20Z,2,3,Chicago
401227549,SD,SF,2021-05-08T20:05Z,1,7,San Francisco
401227551,TB,OAK,2021-05-08T20:07Z,3,6,Oakland
401227546,MIN,DET,2021-05-08T20:10Z,3,7,Detroit
401227542,CIN,CLE,2021-05-08T22:10Z,2,9,Cleveland
401227545,MIL,MIA,2021-05-08T22:10Z,6,2,Miami
401227540,BOS,BAL,2021-05-08T23:05Z,11,6,Baltimore
401227550,SEA,TEX,2021-05-08T23:05Z,8,9,Arlington
401227539,ARI,NYM,2021-05-08T23:10Z,2,4,Queens
401227541,CHW,KC,2021-05-08T23:10Z,9,1,Kansas City
401227552,TOR,HOU,2021-05-08T23:10Z,8,4,Houston
401227547,PHI,ATL,2021-05-08T23:20Z,7,8,Atlanta
401227544,LAD,LAA,2021-05-09T01:07Z,14,11,Anaheim
401227555,BOS,BAL,2021-05-09T17:05Z,4,3,Baltimore
401227568,WSH,NYY,2021-05-09T17:05Z,2,3,Bronx
401227554,ARI,NYM,2021-05-09T17:10Z,2,4,Queens
401227560,MIL,MIA,2021-05-09T17:10Z,2,1,Miami
401227556,CHW,KC,2021-05-09T18:10Z,9,3,Kansas City
401227567,TOR,HOU,2021-05-09T18:10Z,4,7,Houston
401227558,COL,STL,2021-05-09T18:15Z,0,2,St. Louis
401227563,PIT,CHC,2021-05-09T18:20Z,6,5,Chicago
401227565,SEA,TEX,2021-05-09T18:35Z,2,10,Arlington
401227564,SD,SF,2021-05-09T20:05Z,11,1,San Francisco
401227559,LAD,LAA,2021-05-09T20:07Z,1,2,Anaheim
401227566,TB,OAK,2021-05-09T20:07Z,4,3,Oakland
401227562,PHI,ATL,2021-05-09T23:00Z,1,6,Atlanta
401227571,CIN,PIT,2021-05-10T22:35Z,14,1,Pittsburgh
401227570,BOS,BAL,2021-05-10T23:05Z,1,4,Baltimore
401227569,LAA,HOU,2021-05-11T00:00Z,5,4,Houston
401227572,MIA,ARI,2021-05-11T01:40Z,2,5,Phoenix
401227574,TEX,SF,2021-05-11T01:45Z,1,3,San Francisco
401227588,TEX,SF,2021-05-11T19:45Z,2,4,San Francisco
401227577,CHC,CLE,2021-05-11T22:10Z,2,3,Cleveland
401227578,CIN,PIT,2021-05-11T22:35Z,2,7,Pittsburgh
401227582,NYY,TB,2021-05-11T23:00Z,3,1,St. Petersburg
401227584,PHI,WSH,2021-05-11T23:05Z,6,2,Washington
401227576,BAL,NYM,2021-05-11T23:10Z,2,3,Queens
401227579,KC,DET,2021-05-11T23:10Z,7,8,Detroit
401227583,OAK,BOS,2021-05-11T23:10Z,3,2,Boston
401227589,TOR,ATL,2021-05-11T23:20Z,5,3,Atlanta
401227587,STL,MIL,2021-05-11T23:40Z,6,1,Milwaukee
401227575,LAA,HOU,2021-05-12T00:10Z,1,5,Houston
401227581,MIN,CHW,2021-05-12T00:10Z,3,9,Chicago
401227585,SD,COL,2021-05-12T00:40Z,8,1,Denver
401227580,MIA,ARI,2021-05-12T01:40Z,3,11,Phoenix
401227586,SEA,LAD,2021-05-12T02:10Z,4,6,Los Angeles
401227591,BAL,NYM,2021-05-12T16:10Z,1,7,Queens
401227593,CIN,PIT,2021-05-12T16:35Z,5,1,Pittsburgh
401227592,CHC,CLE,2021-05-12T17:10Z,1,2,Cleveland
401227600,SD,COL,2021-05-12T19:10Z,5,3,Denver
401227599,PHI,WSH,2021-05-12T23:05Z,5,2,Washington
401326002,SD,COL,2021-05-12T23:05Z,2,3,Denver
401227594,KC,DET,2021-05-12T23:10Z,2,4,Detroit
401227597,NYY,TB,2021-05-12T23:10Z,1,0,St. Petersburg
401227598,OAK,BOS,2021-05-12T23:10Z,4,1,Boston
401227603,TOR,ATL,2021-05-12T23:20Z,4,1,Atlanta
401227602,STL,MIL,2021-05-12T23:40Z,1,4,Milwaukee
401227590,LAA,HOU,2021-05-13T00:10Z,1,9,Houston
401227596,MIN,CHW,2021-05-13T00:10Z,8,13,Chicago
401227595,MIA,ARI,2021-05-13T01:40Z,3,2,Phoenix
401227601,SEA,LAD,2021-05-13T02:10Z,1,7,Los Angeles
401227615,TOR,ATL,2021-05-13T16:20Z,8,4,Atlanta
401227611,PHI,WSH,2021-05-13T17:05Z,1,5,Washington
401227606,KC,DET,2021-05-13T17:10Z,3,4,Detroit
401227613,STL,MIL,2021-05-13T17:40Z,2,0,Milwaukee
401227608,MIN,CHW,2021-05-13T18:10Z,2,4,Chicago
401227612,SF,PIT,2021-05-13T22:35Z,3,1,Pittsburgh
401227609,NYY,TB,2021-05-13T23:10Z,1,9,St. Petersburg
401227610,OAK,BOS,2021-05-13T23:10Z,1,8,Boston
401227614,TEX,HOU,2021-05-14T00:10Z,3,4,Houston
401227604,CIN,COL,2021-05-14T00:40Z,8,13,Denver
401227607,MIA,ARI,2021-05-14T01:40Z,5,1,Phoenix
401227605,CLE,SEA,2021-05-14T02:10Z,4,2,Seattle
401319996,KC,CHW,2021-05-14T19:10Z,6,2,Chicago
401227627,SF,PIT,2021-05-14T22:35Z,2,3,Pittsburgh
401227623,NYY,BAL,2021-05-14T23:05Z,5,4,Baltimore
401227616,LAA,BOS,2021-05-14T23:10Z,3,4,Boston
401227618,CHC,DET,2021-05-14T23:10Z,4,2,Detroit
401227624,NYM,TB,2021-05-14T23:10Z,2,3,St. Petersburg
401227626,PHI,TOR,2021-05-14T23:37Z,5,1,Dunedin
401227617,ATL,MIL,2021-05-15T00:10Z,6,3,Milwaukee
401227621,KC,CHW,2021-05-15T00:10Z,1,3,Chicago
401227625,OAK,MIN,2021-05-15T00:10Z,6,1,Minneapolis
401227629,TEX,HOU,2021-05-15T00:10Z,4,10,Houston
401227619,CIN,COL,2021-05-15T00:40Z,6,9,Denver
401227630,WSH,ARI,2021-05-15T01:40Z,17,2,Phoenix
401227620,CLE,SEA,2021-05-15T02:10Z,3,7,Seattle
401227622,MIA,LAD,2021-05-15T02:10Z,6,9,Los Angeles
401227628,STL,SD,2021-05-15T02:10Z,4,5,San Diego
401227639,NYM,TB,2021-05-15T17:10Z,5,12,St. Petersburg
401227640,OAK,MIN,2021-05-15T20:05Z,4,5,Minneapolis
401227631,LAA,BOS,2021-05-15T20:10Z,0,9,Boston
401227633,CHC,DET,2021-05-15T20:10Z,8,9,Detroit
401227642,SF,PIT,2021-05-15T22:35Z,6,8,Pittsburgh
401227638,NYY,BAL,2021-05-15T23:05Z,8,2,Baltimore
401227632,ATL,MIL,2021-05-15T23:10Z,5,1,Milwaukee
401227636,KC,CHW,2021-05-15T23:10Z,5,1,Chicago
401227644,TEX,HOU,2021-05-15T23:10Z,5,6,Houston
401227641,PHI,TOR,2021-05-15T23:37Z,0,4,Dunedin
401227634,CIN,COL,2021-05-16T00:10Z,6,5,Denver
401227645,WSH,ARI,2021-05-16T00:10Z,4,11,Phoenix
401227643,STL,SD,2021-05-16T00:40Z,3,13,San Diego
401227635,CLE,SEA,2021-05-16T01:10Z,3,7,Seattle
401227637,MIA,LAD,2021-05-16T01:10Z,0,7,Los Angeles
401227653,NYY,BAL,2021-05-16T17:05Z,6,10,Baltimore
401227657,SF,PIT,2021-05-16T17:05Z,4,1,Pittsburgh
401227656,PHI,TOR,2021-05-16T17:07Z,8,10,Dunedin
401227646,LAA,BOS,2021-05-16T17:10Z,6,5,Boston
401227648,CHC,DET,2021-05-16T17:10Z,5,1,Detroit
401227654,NYM,TB,2021-05-16T17:10Z,1,7,St. Petersburg
401227647,ATL,MIL,2021-05-16T18:10Z,9,10,Milwaukee
401227651,KC,CHW,2021-05-16T18:10Z,3,4,Chicago
401227655,OAK,MIN,2021-05-16T18:10Z,7,6,Minneapolis
401227659,TEX,HOU,2021-05-16T18:10Z,2,6,Houston
401227649,CIN,COL,2021-05-16T19:10Z,7,6,Denver
401227650,CLE,SEA,2021-05-16T20:10Z,2,3,Seattle
401227652,MIA,LAD,2021-05-16T20:10Z,3,2,Los Angeles
401227660,WSH,ARI,2021-05-16T20:10Z,3,0,Phoenix
401227658,STL,SD,2021-05-16T23:00Z,3,5,San Diego
401227668,SF,CIN,2021-05-17T22:40Z,6,3,Cincinnati
401227667,NYM,ATL,2021-05-17T23:00Z,3,1,Atlanta
401227662,CHW,MIN,2021-05-17T23:40Z,16,4,Minneapolis
401227669,WSH,CHC,2021-05-17T23:40Z,3,7,Chicago
401227666,NYY,TEX,2021-05-18T00:05Z,2,5,Arlington
401227663,CLE,LAA,2021-05-18T01:38Z,4,7,Anaheim
401227661,ARI,LAD,2021-05-18T02:10Z,1,3,Los Angeles
401227664,COL,SD,2021-05-18T02:10Z,0,7,San Diego
401227665,DET,SEA,2021-05-18T02:10Z,4,1,Seattle
401227682,SF,CIN,2021-05-18T22:40Z,4,2,Cincinnati
401227677,MIA,PHI,2021-05-18T23:05Z,3,8,Philadelphia
401227683,TB,BAL,2021-05-18T23:05Z,13,6,Baltimore
401227680,NYM,ATL,2021-05-18T23:20Z,4,3,Atlanta
401227671,BOS,TOR,2021-05-18T23:37Z,0,8,Dunedin
401227672,CHW,MIN,2021-05-18T23:40Z,4,5,Minneapolis
401227684,WSH,CHC,2021-05-18T23:40Z,3,6,Chicago
401227681,PIT,STL,2021-05-18T23:45Z,2,5,St. Louis
401227679,NYY,TEX,2021-05-19T00:00Z,7,4,Arlington
401227678,MIL,KC,2021-05-19T00:10Z,0,2,Kansas City
401227673,CLE,LAA,2021-05-19T01:38Z,6,5,Anaheim
401227676,HOU,OAK,2021-05-19T01:40Z,5,6,Oakland
401227670,ARI,LAD,2021-05-19T02:10Z,1,9,Los Angeles
401227674,COL,SD,2021-05-19T02:10Z,1,2,San Diego
401227675,DET,SEA,2021-05-19T02:10Z,5,0,Seattle
401227687,CHW,MIN,2021-05-19T17:10Z,2,1,Minneapolis
401227689,COL,SD,2021-05-19T20:10Z,0,3,San Diego
401227697,SF,CIN,2021-05-19T22:40Z,4,0,Cincinnati
401227692,MIA,PHI,2021-05-19T23:05Z,3,1,Philadelphia
401227698,TB,BAL,2021-05-19T23:05Z,9,7,Baltimore
401227695,NYM,ATL,2021-05-19T23:20Z,4,5,Atlanta
401227686,BOS,TOR,2021-05-19T23:37Z,7,3,Dunedin
401227699,WSH,CHC,2021-05-19T23:40Z,4,3,Chicago
401227696,PIT,STL,2021-05-19T23:45Z,5,8,St. Louis
401227694,NYY,TEX,2021-05-20T00:05Z,2,0,Arlington
401227688,CLE,LAA,2021-05-20T00:07Z,3,2,Anaheim
401227693,MIL,KC,2021-05-20T00:10Z,4,6,Kansas City
401227691,HOU,OAK,2021-05-20T01:40Z,8,1,Oakland
401227685,ARI,LAD,2021-05-20T02:10Z,2,4,Los Angeles
401227690,DET,SEA,2021-05-20T02:10Z,6,2,Seattle
401227706,SF,CIN,2021-05-20T16:35Z,19,4,Cincinnati
401227707,TB,BAL,2021-05-20T16:35Z,10,1,Baltimore
401227704,NYY,TEX,2021-05-20T18:05Z,2,0,Arlington
401227708,WSH,CHC,2021-05-20T18:20Z,2,5,Chicago
401227702,HOU,OAK,2021-05-20T19:37Z,8,4,Oakland
401322957,MIN,LAA,2021-05-20T20:07Z,1,7,Anaheim
401227703,MIA,PHI,2021-05-20T23:05Z,6,0,Philadelphia
401322958,MIN,LAA,2021-05-20T23:07Z,6,3,Anaheim
401227705,PIT,ATL,2021-05-20T23:20Z,6,4,Atlanta
401227701,BOS,TOR,2021-05-20T23:37Z,8,7,Dunedin
401227700,ARI,LAD,2021-05-21T02:10Z,2,3,Los Angeles
401227710,BAL,WSH,2021-05-21T23:05Z,2,4,Washington
401227711,BOS,PHI,2021-05-21T23:05Z,11,3,Philadelphia
401227712,CHW,NYY,2021-05-21T23:05Z,1,2,Bronx
401227717,MIL,CIN,2021-05-21T23:10Z,4,9,Cincinnati
401227718,MIN,CLE,2021-05-21T23:10Z,10,0,Cleveland
401227719,NYM,MIA,2021-05-21T23:10Z,6,5,Miami
401227721,PIT,ATL,2021-05-21T23:20Z,1,20,Atlanta
401227723,TB,TOR,2021-05-21T23:37Z,9,7,Dunedin
401227715,HOU,TEX,2021-05-22T00:05Z,5,7,Arlington
401227714,DET,KC,2021-05-22T00:10Z,7,5,Kansas City
401227713,CHC,STL,2021-05-22T00:15Z,12,3,St. Louis
401227709,ARI,COL,2021-05-22T00:40Z,1,7,Denver
401227720,OAK,LAA,2021-05-22T01:38Z,8,4,Anaheim
401227716,LAD,SF,2021-05-22T01:45Z,2,1,San Francisco
401227722,SEA,SD,2021-05-22T02:10Z,1,16,San Diego
401227727,CHW,NYY,2021-05-22T17:05Z,0,7,Bronx
401227724,ARI,COL,2021-05-22T19:10Z,6,7,Denver
401227725,BAL,WSH,2021-05-22T20:05Z,9,12,Washington
401227730,HOU,TEX,2021-05-22T20:05Z,4,8,Arlington
401227729,DET,KC,2021-05-22T20:10Z,5,7,Kansas City
401227732,MIL,CIN,2021-05-22T20:10Z,4,3,Cincinnati
401227733,MIN,CLE,2021-05-22T20:10Z,3,5,Cleveland
401227734,NYM,MIA,2021-05-22T20:10Z,1,3,Miami
401227736,PIT,ATL,2021-05-22T20:10Z,1,6,Atlanta
401227726,BOS,PHI,2021-05-22T23:15Z,4,3,Philadelphia
401227728,CHC,STL,2021-05-22T23:15Z,1,2,St. Louis
401227731,LAD,SF,2021-05-22T23:15Z,6,3,San Francisco
401227738,TB,TOR,2021-05-22T23:37Z,3,1,Dunedin
401227737,SEA,SD,2021-05-23T00:40Z,4,6,San Diego
401227735,OAK,LAA,2021-05-23T02:07Z,6,2,Anaheim
401227740,BAL,WSH,2021-05-23T17:05Z,5,6,Washington
401227741,BOS,PHI,2021-05-23T17:05Z,2,6,Philadelphia
401227742,CHW,NYY,2021-05-23T17:05Z,4,5,Bronx
401227753,TB,TOR,2021-05-23T17:07Z,6,4,Dunedin
401227747,MIL,CIN,2021-05-23T17:10Z,9,4,Cincinnati
401227748,MIN,CLE,2021-05-23T17:10Z,8,5,Cleveland
401227749,NYM,MIA,2021-05-23T17:10Z,1,5,Miami
401227751,PIT,ATL,2021-05-23T17:20Z,1,7,Atlanta
401227744,DET,KC,2021-05-23T18:10Z,2,3,Kansas City
401227745,HOU,TEX,2021-05-23T18:35Z,2,3,Arlington
401227739,ARI,COL,2021-05-23T19:10Z,3,4,Denver
401227746,LAD,SF,2021-05-23T20:05Z,11,5,San Francisco
401227750,OAK,LAA,2021-05-23T20:07Z,5,6,Anaheim
401227752,SEA,SD,2021-05-23T20:10Z,2,9,San Diego
401227743,CHC,STL,2021-05-23T23:00Z,2,1,St. Louis
401227761,TB,TOR,2021-05-24T17:07Z,14,8,Dunedin
401227757,PHI,MIA,2021-05-24T22:40Z,6,9,Miami
401227755,CLE,DET,2021-05-24T23:10Z,6,5,Detroit
401227756,COL,NYM,2021-05-24T23:10Z,3,2,Queens
401227754,BAL,MIN,2021-05-24T23:40Z,3,8,Minneapolis
401227758,SD,MIL,2021-05-24T23:40Z,3,5,Milwaukee
401227760,STL,CHW,2021-05-25T00:00Z,1,5,Chicago
401227759,SEA,OAK,2021-05-25T01:40Z,4,2,Oakland
401227764,CHC,PIT,2021-05-25T22:35Z,4,3,Pittsburgh
401227770,PHI,MIA,2021-05-25T22:40Z,2,0,Miami
401227765,CIN,WSH,2021-05-25T23:05Z,2,1,Washington
401227776,TOR,NYY,2021-05-25T23:05Z,6,2,Bronx
401227762,ATL,BOS,2021-05-25T23:10Z,3,1,Boston
401227766,CLE,DET,2021-05-25T23:10Z,4,1,Detroit
401227767,COL,NYM,2021-05-25T23:10Z,1,3,Queens
401227768,KC,TB,2021-05-25T23:10Z,2,1,St. Petersburg
401227763,BAL,MIN,2021-05-25T23:40Z,4,7,Minneapolis
401227771,SD,MIL,2021-05-25T23:40Z,7,1,Milwaukee
401227769,LAD,HOU,2021-05-26T00:10Z,9,2,Houston
401227774,STL,CHW,2021-05-26T00:10Z,3,8,Chicago
401227775,TEX,LAA,2021-05-26T01:38Z,5,11,Anaheim
401227772,SEA,OAK,2021-05-26T01:40Z,4,3,Oakland
401227773,SF,ARI,2021-05-26T01:40Z,8,0,Phoenix
401227778,BAL,MIN,2021-05-26T17:10Z,2,3,Minneapolis
401227789,STL,CHW,2021-05-26T18:10Z,4,0,Chicago
401227787,SEA,OAK,2021-05-26T19:37Z,3,6,Oakland
401227790,TEX,LAA,2021-05-26T20:07Z,8,9,Anaheim
401227779,CHC,PIT,2021-05-26T22:35Z,4,1,Pittsburgh
401227785,PHI,MIA,2021-05-26T22:40Z,2,4,Miami
401227780,CIN,WSH,2021-05-26T23:05Z,3,5,Washington
401227777,ATL,BOS,2021-05-26T23:10Z,5,9,Boston
401227781,CLE,DET,2021-05-26T23:10Z,0,1,Detroit
401227783,KC,TB,2021-05-26T23:10Z,1,2,St. Petersburg
401227784,LAD,HOU,2021-05-26T23:30Z,2,5,Houston
401227786,SD,MIL,2021-05-26T23:40Z,2,1,Milwaukee
401227788,SF,ARI,2021-05-27T01:40Z,5,4,Phoenix
401227797,COL,NYM,2021-05-27T16:10Z,0,1,Queens
401227799,PHI,MIA,2021-05-27T16:10Z,3,2,Miami
401227794,CHC,PIT,2021-05-27T16:35Z,5,3,Pittsburgh
401227796,CLE,DET,2021-05-27T17:10Z,5,2,Detroit
401227800,SD,MIL,2021-05-27T17:10Z,5,6,Milwaukee
401330950,COL,NYM,2021-05-27T18:40Z,2,4,Queens
401227798,KC,TB,2021-05-27T19:10Z,2,7,St. Petersburg
401330913,TOR,NYY,2021-05-27T20:05Z,2,0,Bronx
401227795,CIN,WSH,2021-05-27T23:05Z,3,0,Washington
401227804,TOR,NYY,2021-05-27T23:05Z,3,5,Bronx
401227793,BAL,CHW,2021-05-28T00:10Z,1,5,Chicago
401227792,LAA,OAK,2021-05-28T01:40Z,0,5,Oakland
401227802,STL,ARI,2021-05-28T01:40Z,5,4,Phoenix
401227801,SF,LAD,2021-05-28T02:10Z,3,4,Los Angeles
401227803,TEX,SEA,2021-05-28T02:10Z,0,5,Seattle
401227808,CIN,CHC,2021-05-28T18:20Z,0,1,Chicago
401227811,MIA,BOS,2021-05-28T23:10Z,2,5,Boston
401227813,NYY,DET,2021-05-28T23:10Z,2,3,Detroit
401227818,TOR,CLE,2021-05-28T23:10Z,11,2,Cleveland
401227810,KC,MIN,2021-05-29T00:10Z,8,3,Minneapolis
401227814,SD,HOU,2021-05-29T00:10Z,10,3,Houston
401227805,LAA,OAK,2021-05-29T01:40Z,1,3,Oakland
401227816,STL,ARI,2021-05-29T01:40Z,8,6,Phoenix
401227815,SF,LAD,2021-05-29T02:10Z,8,5,Los Angeles
401227817,TEX,SEA,2021-05-29T02:10Z,2,3,Seattle
401331656,COL,PIT,2021-05-29T16:05Z,0,7,Pittsburgh
401227828,PHI,TB,2021-05-29T17:10Z,3,5,St. Petersburg
401331655,MIL,WSH,2021-05-29T18:05Z,4,1,Washington
401227821,BAL,CHW,2021-05-29T18:10Z,4,7,Chicago
401227824,KC,MIN,2021-05-29T18:10Z,5,6,Minneapolis
401227822,CIN,CHC,2021-05-29T18:20Z,2,10,Chicago
401227823,COL,PIT,2021-05-29T20:05Z,0,4,Pittsburgh
401227819,LAA,OAK,2021-05-29T20:07Z,4,0,Oakland
401227825,MIA,BOS,2021-05-29T20:10Z,1,3,Boston
401227827,NYY,DET,2021-05-29T20:10Z,1,6,Detroit
401227829,SD,HOU,2021-05-29T20:10Z,11,8,Houston
401331675,BAL,CHW,2021-05-29T21:35Z,1,3,Chicago
401227820,ATL,NYM,2021-05-29T23:15Z,2,13,Queens
401227826,MIL,WSH,2021-05-29T23:15Z,6,2,Washington
401227830,SF,LAD,2021-05-29T23:15Z,11,6,Los Angeles
401227831,STL,ARI,2021-05-30T02:10Z,7,4,Phoenix
401227832,TEX,SEA,2021-05-30T02:10Z,2,3,Seattle
401227838,COL,PIT,2021-05-30T17:05Z,4,3,Pittsburgh
401227841,MIL,WSH,2021-05-30T17:05Z,3,0,Washington
401227842,NYY,DET,2021-05-30T17:10Z,2,6,Detroit
401227843,PHI,TB,2021-05-30T17:10Z,2,6,St. Petersburg
401227848,TOR,CLE,2021-05-30T17:10Z,4,1,Cleveland
401227836,BAL,CHW,2021-05-30T18:10Z,1,3,Chicago
401227839,KC,MIN,2021-05-30T18:10Z,6,3,Minneapolis
401227844,SD,HOU,2021-05-30T18:10Z,4,7,Houston
401227837,CIN,CHC,2021-05-30T18:20Z,5,1,Chicago
401331686,TOR,CLE,2021-05-30T19:55Z,5,6,Cleveland
401227834,LAA,OAK,2021-05-30T20:07Z,4,2,Oakland
401227845,SF,LAD,2021-05-30T20:10Z,5,4,Los Angeles
401227846,STL,ARI,2021-05-30T20:10Z,2,9,Phoenix
401227847,TEX,SEA,2021-05-30T20:10Z,2,4,Seattle
401227853,MIN,BAL,2021-05-31T17:00Z,3,2,Baltimore
401227860,TB,NYY,2021-05-31T17:05Z,3,1,Bronx
401227852,DET,MIL,2021-05-31T18:10Z,2,3,Milwaukee
401227856,PHI,CIN,2021-05-31T18:10Z,1,11,Cincinnati
401227858,SD,CHC,2021-05-31T18:20Z,2,7,Chicago
401227851,CHW,CLE,2021-05-31T19:05Z,8,6,Cleveland
401227850,BOS,HOU,2021-05-31T20:00Z,2,11,Houston
401227849,LAA,SF,2021-05-31T20:05Z,1,6,San Francisco
401227855,OAK,SEA,2021-05-31T20:10Z,5,6,Seattle
401227861,WSH,ATL,2021-05-31T21:10Z,3,5,Atlanta
401322280,CHW,CLE,2021-05-31T22:35Z,1,3,Cleveland
401227857,PIT,KC,2021-06-01T00:00Z,3,7,Kansas City
401227859,STL,LAD,2021-06-01T01:10Z,4,9,Los Angeles
401227854,NYM,ARI,2021-06-01T01:40Z,6,2,Phoenix
401227864,CHW,CLE,2021-06-01T22:10Z,5,6,Cleveland
401227874,TB,NYY,2021-06-01T23:00Z,3,5,Bronx
401227867,MIN,BAL,2021-06-01T23:05Z,4,7,Baltimore
401227866,MIA,TOR,2021-06-01T23:07Z,1,5,Buffalo
401227870,PHI,CIN,2021-06-01T23:10Z,17,3,Cincinnati
401227876,WSH,ATL,2021-06-01T23:20Z,11,6,Atlanta
401227865,DET,MIL,2021-06-01T23:40Z,10,7,Milwaukee
401227872,SD,CHC,2021-06-02T00:05Z,3,4,Chicago
401227863,BOS,HOU,2021-06-02T00:10Z,1,5,Houston
401227871,PIT,KC,2021-06-02T00:10Z,5,10,Kansas City
401227875,TEX,COL,2021-06-02T00:40Z,2,3,Denver
401227868,NYM,ARI,2021-06-02T01:40Z,5,6,Phoenix
401227862,LAA,SF,2021-06-02T01:45Z,8,1,San Francisco
401227869,OAK,SEA,2021-06-02T02:10Z,12,6,Seattle
401227873,STL,LAD,2021-06-02T02:10Z,3,2,Los Angeles
401227884,SD,CHC,2021-06-02T18:20Z,1,6,Chicago
401227881,NYM,ARI,2021-06-02T19:40Z,7,6,Phoenix
401227880,MIN,BAL,2021-06-02T23:05Z,3,6,Baltimore
401227886,TB,NYY,2021-06-02T23:05Z,3,4,Bronx
401227879,MIA,TOR,2021-06-02T23:07Z,5,6,Buffalo
401227888,WSH,ATL,2021-06-02T23:20Z,5,3,Atlanta
401227877,BOS,HOU,2021-06-03T00:00Z,1,2,Houston
401227887,TEX,COL,2021-06-03T00:40Z,3,6,Denver
401227885,STL,LAD,2021-06-03T01:10Z,3,14,Los Angeles
401227882,OAK,SEA,2021-06-03T02:10Z,6,0,Seattle
401227900,WSH,ATL,2021-06-03T16:20Z,1,5,Atlanta
401227898,TB,NYY,2021-06-03T17:05Z,9,2,Bronx
401227890,BOS,HOU,2021-06-03T18:10Z,5,1,Houston
401227899,TEX,COL,2021-06-03T19:10Z,6,11,Denver
401227894,MIA,PIT,2021-06-03T23:05Z,3,5,Pittsburgh
401227889,ARI,MIL,2021-06-03T23:40Z,4,7,Milwaukee
401227893,DET,CHW,2021-06-04T00:10Z,1,4,Chicago
401227895,MIN,KC,2021-06-04T00:10Z,5,6,Kansas City
401227892,CIN,STL,2021-06-04T00:15Z,4,2,St. Louis
401227897,SEA,LAA,2021-06-04T01:38Z,6,2,Anaheim
401227891,CHC,SF,2021-06-04T01:45Z,2,7,San Francisco
401227896,NYM,SD,2021-06-04T02:00Z,3,4,San Diego
401227902,BOS,NYY,2021-06-04T23:05Z,5,2,Bronx
401227905,CLE,BAL,2021-06-04T23:05Z,1,3,Baltimore
401227909,MIA,PIT,2021-06-04T23:05Z,2,9,Pittsburgh
401227915,WSH,PHI,2021-06-04T23:05Z,2,1,Philadelphia
401227907,HOU,TOR,2021-06-04T23:07Z,13,1,Buffalo
401227908,LAD,ATL,2021-06-04T23:20Z,9,5,Atlanta
401227914,TB,TEX,2021-06-05T00:05Z,4,5,Arlington
401227901,ARI,MIL,2021-06-05T00:10Z,1,5,Milwaukee
401227906,DET,CHW,2021-06-05T00:10Z,8,9,Chicago
401227910,MIN,KC,2021-06-05T00:10Z,5,14,Kansas City
401227904,CIN,STL,2021-06-05T00:15Z,6,4,St. Louis
401227912,OAK,COL,2021-06-05T00:40Z,9,5,Denver
401227913,SEA,LAA,2021-06-05T01:38Z,2,3,Anaheim
401227903,CHC,SF,2021-06-05T01:45Z,5,8,San Francisco
401227911,NYM,SD,2021-06-05T02:10Z,0,2,San Diego
401227921,DET,CHW,2021-06-05T18:10Z,4,3,Chicago
401227919,CIN,STL,2021-06-05T18:15Z,5,2,St. Louis
401227922,HOU,TOR,2021-06-05T19:07Z,2,6,Buffalo
401227920,CLE,BAL,2021-06-05T20:05Z,10,4,Baltimore
401227924,MIA,PIT,2021-06-05T20:05Z,7,8,Pittsburgh
401227929,TB,TEX,2021-06-05T20:05Z,3,0,Arlington
401227930,WSH,PHI,2021-06-05T20:05Z,2,5,Philadelphia
401227916,ARI,MIL,2021-06-05T20:10Z,5,7,Milwaukee
401227925,MIN,KC,2021-06-05T20:10Z,5,4,Kansas City
401227917,BOS,NYY,2021-06-05T23:15Z,7,3,Bronx
401227918,CHC,SF,2021-06-05T23:15Z,3,4,San Francisco
401227923,LAD,ATL,2021-06-05T23:15Z,4,6,Atlanta
401227927,OAK,COL,2021-06-06T01:10Z,6,3,Denver
401227928,SEA,LAA,2021-06-06T02:07Z,5,12,Anaheim
401227926,NYM,SD,2021-06-06T02:10Z,4,0,San Diego
401227935,CLE,BAL,2021-06-06T17:05Z,5,18,Baltimore
401227939,MIA,PIT,2021-06-06T17:05Z,3,1,Pittsburgh
401227945,WSH,PHI,2021-06-06T17:05Z,6,12,Philadelphia
401227937,HOU,TOR,2021-06-06T17:07Z,6,3,Buffalo
401227938,LAD,ATL,2021-06-06T17:20Z,2,4,Atlanta
401227931,ARI,MIL,2021-06-06T18:10Z,0,2,Milwaukee
401227936,DET,CHW,2021-06-06T18:10Z,0,3,Chicago
401227940,MIN,KC,2021-06-06T18:10Z,2,1,Kansas City
401227934,CIN,STL,2021-06-06T18:15Z,8,7,St. Louis
401227944,TB,TEX,2021-06-06T18:35Z,7,1,Arlington
401227942,OAK,COL,2021-06-06T19:10Z,1,3,Denver
401227933,CHC,SF,2021-06-06T20:05Z,4,3,San Francisco
401227943,SEA,LAA,2021-06-06T20:07Z,9,5,Anaheim
401227941,NYM,SD,2021-06-06T20:10Z,6,2,San Diego
401227932,BOS,NYY,2021-06-06T23:00Z,6,5,Bronx
401331792,MIA,BOS,2021-06-07T21:10Z,3,5,Boston
401227947,KC,LAA,2021-06-08T01:38Z,3,8,Anaheim
401227946,CHC,SD,2021-06-08T02:00Z,4,9,San Diego
401227949,ATL,PHI,2021-06-08T23:05Z,9,5,Philadelphia
401227955,LAD,PIT,2021-06-08T23:05Z,5,3,Pittsburgh
401227958,NYM,BAL,2021-06-08T23:05Z,3,10,Baltimore
401227952,COL,MIA,2021-06-08T23:10Z,2,6,Miami
401227953,HOU,BOS,2021-06-08T23:10Z,7,1,Boston
401227956,MIL,CIN,2021-06-08T23:10Z,5,1,Cincinnati
401227959,SEA,DET,2021-06-08T23:10Z,3,5,Detroit
401227962,WSH,TB,2021-06-08T23:10Z,1,3,St. Petersburg
401227960,SF,TEX,2021-06-09T00:05Z,9,4,Arlington
401227957,NYY,MIN,2021-06-09T00:10Z,8,4,Minneapolis
401227961,TOR,CHW,2021-06-09T00:10Z,1,6,Chicago
401227951,CLE,STL,2021-06-09T00:15Z,10,1,St. Louis
401227954,KC,LAA,2021-06-09T01:38Z,1,8,Anaheim
401227948,ARI,OAK,2021-06-09T01:40Z,2,5,Oakland
401227950,CHC,SD,2021-06-09T02:00Z,7,1,San Diego
401227975,SF,TEX,2021-06-09T18:05Z,3,4,Arlington
401227963,ARI,OAK,2021-06-09T19:37Z,0,4,Oakland
401227965,CHC,SD,2021-06-09T20:10Z,3,1,San Diego
401227964,ATL,PHI,2021-06-09T23:05Z,1,2,Philadelphia
401227970,LAD,PIT,2021-06-09T23:05Z,2,1,Pittsburgh
401227973,NYM,BAL,2021-06-09T23:05Z,14,1,Baltimore
401227967,COL,MIA,2021-06-09T23:10Z,4,3,Miami
401227968,HOU,BOS,2021-06-09T23:10Z,8,3,Boston
401227971,MIL,CIN,2021-06-09T23:10Z,3,7,Cincinnati
401227974,SEA,DET,2021-06-09T23:10Z,9,6,Detroit
401227977,WSH,TB,2021-06-09T23:10Z,9,7,St. Petersburg
401227972,NYY,MIN,2021-06-10T00:10Z,9,6,Minneapolis
401227976,TOR,CHW,2021-06-10T00:10Z,6,2,Chicago
401227966,CLE,STL,2021-06-10T00:15Z,2,8,St. Louis
401227969,KC,LAA,2021-06-10T01:30Z,1,6,Anaheim
401227982,LAD,PIT,2021-06-10T16:35Z,6,3,Pittsburgh
401227983,MIL,CIN,2021-06-10T16:35Z,7,2,Cincinnati
401227978,ATL,PHI,2021-06-10T17:05Z,3,4,Philadelphia
401227985,SEA,DET,2021-06-10T17:10Z,3,8,Detroit
401227979,COL,MIA,2021-06-10T23:10Z,4,11,Miami
401227980,HOU,BOS,2021-06-10T23:10Z,8,12,Boston
401227987,TOR,CHW,2021-06-11T00:00Z,2,5,Chicago
401227984,NYY,MIN,2021-06-11T00:10Z,5,7,Minneapolis
401227981,KC,OAK,2021-06-11T01:40Z,6,1,Oakland
401227999,STL,CHC,2021-06-11T18:20Z,5,8,Chicago
401227998,SF,WSH,2021-06-11T23:05Z,1,0,Washington
401227989,ATL,MIA,2021-06-11T23:10Z,3,4,Miami
401227990,BAL,TB,2021-06-11T23:10Z,2,4,St. Petersburg
401227991,CHW,DET,2021-06-11T23:10Z,5,4,Detroit
401227992,COL,CIN,2021-06-11T23:10Z,5,11,Cincinnati
401227996,SD,NYM,2021-06-11T23:10Z,2,3,Queens
401227997,SEA,CLE,2021-06-11T23:10Z,0,7,Cleveland
401228001,TOR,BOS,2021-06-11T23:10Z,5,6,Boston
401227993,HOU,MIN,2021-06-12T00:10Z,6,4,Minneapolis
401227995,PIT,MIL,2021-06-12T00:10Z,4,7,Milwaukee
401227988,LAA,ARI,2021-06-12T01:40Z,6,5,Phoenix
401227994,KC,OAK,2021-06-12T01:40Z,3,4,Oakland
401228000,TEX,LAD,2021-06-12T02:10Z,1,12,Los Angeles
401334713,SF,WSH,2021-06-12T18:05Z,0,2,Washington
401228009,NYY,PHI,2021-06-12T20:05Z,7,8,Philadelphia
401228008,KC,OAK,2021-06-12T20:07Z,2,11,Oakland
401228002,LAA,ARI,2021-06-12T20:10Z,8,7,Phoenix
401228003,ATL,MIA,2021-06-12T20:10Z,2,4,Miami
401228004,BAL,TB,2021-06-12T20:10Z,4,5,St. Petersburg
401228005,CHW,DET,2021-06-12T20:10Z,15,2,Detroit
401228010,PIT,MIL,2021-06-12T20:10Z,4,7,Milwaukee
401228011,SD,NYM,2021-06-12T20:10Z,1,4,Queens
401228012,SEA,CLE,2021-06-12T20:10Z,4,5,Cleveland
401228016,TOR,BOS,2021-06-12T20:10Z,7,2,Boston
401228006,COL,CIN,2021-06-12T20:15Z,3,10,Cincinnati
401228007,HOU,MIN,2021-06-12T23:15Z,2,5,Minneapolis
401228013,SF,WSH,2021-06-12T23:15Z,2,1,Washington
401228014,STL,CHC,2021-06-12T23:15Z,2,7,Chicago
401228015,TEX,LAD,2021-06-13T02:10Z,12,1,Los Angeles
401228024,NYY,PHI,2021-06-13T17:05Z,0,7,Philadelphia
401228028,SF,WSH,2021-06-13T17:05Z,0,5,Washington
401228018,ATL,MIA,2021-06-13T17:10Z,6,4,Miami
401228019,BAL,TB,2021-06-13T17:10Z,1,7,St. Petersburg
401228020,CHW,DET,2021-06-13T17:10Z,4,1,Detroit
401228021,COL,CIN,2021-06-13T17:10Z,2,6,Cincinnati
401228026,SD,NYM,2021-06-13T17:10Z,7,3,Queens
401228027,SEA,CLE,2021-06-13T17:10Z,6,2,Cleveland
401228031,TOR,BOS,2021-06-13T17:10Z,18,4,Boston
401228022,HOU,MIN,2021-06-13T18:10Z,14,3,Minneapolis
401228025,PIT,MIL,2021-06-13T18:10Z,2,5,Milwaukee
401228023,KC,OAK,2021-06-13T20:07Z,3,6,Oakland
401228017,LAA,ARI,2021-06-13T20:10Z,10,3,Phoenix
401228030,TEX,LAD,2021-06-13T20:10Z,3,5,Los Angeles
401228029,STL,CHC,2021-06-13T23:00Z,0,2,Chicago
401228035,CHC,NYM,2021-06-14T23:00Z,2,5,Queens
401228041,PIT,WSH,2021-06-14T23:05Z,2,3,Washington
401228034,BAL,CLE,2021-06-14T23:10Z,3,4,Cleveland
401228044,TOR,BOS,2021-06-14T23:10Z,1,2,Boston
401228036,CIN,MIL,2021-06-15T00:10Z,10,2,Milwaukee
401228037,DET,KC,2021-06-15T00:10Z,10,3,Kansas City
401228043,TB,CHW,2021-06-15T00:10Z,5,2,Chicago
401228038,MIA,STL,2021-06-15T00:15Z,2,4,St. Louis
401228042,SD,COL,2021-06-15T00:40Z,2,3,Denver
401228032,LAA,OAK,2021-06-15T01:40Z,5,8,Oakland
401228033,ARI,SF,2021-06-15T01:45Z,2,5,San Francisco
401228039,MIN,SEA,2021-06-15T02:10Z,3,4,Seattle
401228040,PHI,LAD,2021-06-15T02:10Z,1,3,Los Angeles
401228049,CHC,NYM,2021-06-15T23:00Z,2,3,Queens
401228056,PIT,WSH,2021-06-15T23:05Z,1,8,Washington
401228054,NYY,TOR,2021-06-15T23:07Z,6,5,Buffalo
401228047,BAL,CLE,2021-06-15T23:10Z,2,7,Cleveland
401228048,BOS,ATL,2021-06-15T23:20Z,10,8,Atlanta
401228050,CIN,MIL,2021-06-16T00:10Z,2,1,Milwaukee
401228051,DET,KC,2021-06-16T00:10Z,4,3,Kansas City
401228058,TB,CHW,2021-06-16T00:10Z,0,3,Chicago
401228059,TEX,HOU,2021-06-16T00:10Z,3,6,Houston
401228052,MIA,STL,2021-06-16T00:15Z,1,2,St. Louis
401228057,SD,COL,2021-06-16T00:40Z,4,8,Denver
401228045,LAA,OAK,2021-06-16T01:40Z,4,6,Oakland
401228046,ARI,SF,2021-06-16T01:45Z,8,9,San Francisco
401228053,MIN,SEA,2021-06-16T02:10Z,0,10,Seattle
401228055,PHI,LAD,2021-06-16T02:10Z,3,5,Los Angeles
401228067,MIA,STL,2021-06-16T17:15Z,0,1,St. Louis
401228065,CIN,MIL,2021-06-16T18:10Z,2,1,Milwaukee
401228066,DET,KC,2021-06-16T18:10Z,6,5,Kansas City
401228073,TB,CHW,2021-06-16T18:10Z,7,8,Chicago
401228072,SD,COL,2021-06-16T19:10Z,7,8,Denver
401228060,LAA,OAK,2021-06-16T19:37Z,4,8,Oakland
401228071,PIT,WSH,2021-06-16T20:05Z,1,3,Washington
401228063,BOS,ATL,2021-06-16T23:00Z,10,8,Atlanta
401228069,NYY,TOR,2021-06-16T23:07Z,3,2,Buffalo
401228062,BAL,CLE,2021-06-16T23:10Z,7,8,Cleveland
401228064,CHC,NYM,2021-06-16T23:10Z,3,6,Queens
401228074,TEX,HOU,2021-06-17T00:10Z,4,8,Houston
401228061,ARI,SF,2021-06-17T01:45Z,7,13,San Francisco
401228068,MIN,SEA,2021-06-17T02:10Z,7,2,Seattle
401228070,PHI,LAD,2021-06-17T02:10Z,2,0,Los Angeles
401228076,BAL,CLE,2021-06-17T17:10Z,3,10,Cleveland
401228075,ARI,SF,2021-06-17T19:45Z,3,10,San Francisco
401228082,NYY,TOR,2021-06-17T23:07Z,8,4,Buffalo
401228078,CHC,NYM,2021-06-17T23:10Z,2,0,Queens
401228083,STL,ATL,2021-06-17T23:20Z,0,4,Atlanta
401228077,CHW,HOU,2021-06-18T00:10Z,2,10,Houston
401228079,CIN,SD,2021-06-18T00:40Z,4,6,San Diego
401228081,MIL,COL,2021-06-18T00:40Z,3,7,Denver
401228080,DET,LAA,2021-06-18T01:38Z,5,7,Anaheim
401228084,TB,SEA,2021-06-18T02:10Z,5,6,Seattle
401228088,CLE,PIT,2021-06-18T23:05Z,10,11,Pittsburgh
401228094,NYM,WSH,2021-06-18T23:05Z,0,1,Washington
401228095,OAK,NYY,2021-06-18T23:05Z,5,3,Bronx
401228099,TOR,BAL,2021-06-18T23:05Z,1,7,Baltimore
401228097,STL,ATL,2021-06-18T23:20Z,1,9,Atlanta
401228091,MIA,CHC,2021-06-19T00:05Z,10,2,Chicago
401228093,MIN,TEX,2021-06-19T00:05Z,7,5,Arlington
401228085,BOS,KC,2021-06-19T00:10Z,3,5,Kansas City
401228086,CHW,HOU,2021-06-19T00:10Z,1,2,Houston
401228092,MIL,COL,2021-06-19T00:40Z,5,6,Denver
401228089,DET,LAA,2021-06-19T01:38Z,3,11,Anaheim
401228090,LAD,ARI,2021-06-19T01:40Z,3,0,Phoenix
401228096,PHI,SF,2021-06-19T01:45Z,3,5,San Francisco
401228087,CIN,SD,2021-06-19T02:10Z,2,8,San Diego
401228098,TB,SEA,2021-06-19T02:10Z,1,5,Seattle
401228110,OAK,NYY,2021-06-19T17:05Z,5,7,Bronx
401319234,NYM,WSH,2021-06-19T17:05Z,5,1,Washington
401228106,MIA,CHC,2021-06-19T18:20Z,11,1,Chicago
401228103,CLE,PIT,2021-06-19T20:05Z,3,6,Pittsburgh
401228108,MIN,TEX,2021-06-19T20:05Z,3,2,Arlington
401228111,PHI,SF,2021-06-19T20:05Z,13,6,San Francisco
401228114,TOR,BAL,2021-06-19T20:05Z,10,7,Baltimore
401228100,BOS,KC,2021-06-19T20:10Z,7,1,Kansas City
401228109,NYM,WSH,2021-06-19T22:05Z,2,6,Washington
401228101,CHW,HOU,2021-06-19T23:15Z,3,7,Houston
401228102,CIN,SD,2021-06-19T23:15Z,5,7,San Diego
401228107,MIL,COL,2021-06-20T01:10Z,6,5,Denver
401228104,DET,LAA,2021-06-20T02:07Z,3,8,Anaheim
401228105,LAD,ARI,2021-06-20T02:10Z,9,3,Phoenix
401228113,TB,SEA,2021-06-20T02:10Z,5,6,Seattle
401228118,CLE,PIT,2021-06-20T17:05Z,2,1,Pittsburgh
401228124,NYM,WSH,2021-06-20T17:05Z,2,5,Washington
401228125,OAK,NYY,2021-06-20T17:05Z,1,2,Bronx
401228129,TOR,BAL,2021-06-20T17:05Z,7,4,Baltimore
401228115,BOS,KC,2021-06-20T18:10Z,3,7,Kansas City
401228116,CHW,HOU,2021-06-20T18:10Z,2,8,Houston
401337348,STL,ATL,2021-06-20T18:10Z,9,1,Atlanta
401228121,MIA,CHC,2021-06-20T18:20Z,0,2,Chicago
401228123,MIN,TEX,2021-06-20T18:35Z,4,2,Arlington
401228122,MIL,COL,2021-06-20T19:10Z,7,6,Denver
401228126,PHI,SF,2021-06-20T20:05Z,2,11,San Francisco
401228119,DET,LAA,2021-06-20T20:07Z,5,3,Anaheim
401228117,CIN,SD,2021-06-20T20:10Z,2,3,San Diego
401228120,LAD,ARI,2021-06-20T20:10Z,9,8,Phoenix
401228128,TB,SEA,2021-06-20T20:10Z,2,6,Seattle
401228127,STL,ATL,2021-06-20T23:00Z,0,1,Atlanta
401331817,ATL,NYM,2021-06-21T21:10Z,2,4,Queens
401228133,HOU,BAL,2021-06-21T23:05Z,10,2,Baltimore
401228132,CLE,CHC,2021-06-22T00:05Z,4,0,Chicago
401228136,OAK,TEX,2021-06-22T00:05Z,3,8,Arlington
401228130,ATL,NYM,2021-06-22T00:10Z,1,0,Queens
401228131,CIN,MIN,2021-06-22T00:10Z,5,7,Minneapolis
401228135,MIL,ARI,2021-06-22T01:40Z,1,5,Phoenix
401228134,LAD,SD,2021-06-22T02:00Z,2,6,San Diego
401228140,CIN,MIN,2021-06-22T17:10Z,10,7,Minneapolis
401228139,CHW,PIT,2021-06-22T23:05Z,3,6,Pittsburgh
401228143,HOU,BAL,2021-06-22T23:05Z,3,1,Baltimore
401228144,KC,NYY,2021-06-22T23:05Z,6,5,Bronx
401228151,WSH,PHI,2021-06-22T23:05Z,3,2,Philadelphia
401228137,ATL,NYM,2021-06-22T23:10Z,3,0,Queens
401228138,BOS,TB,2021-06-22T23:10Z,9,5,St. Petersburg
401228149,STL,DET,2021-06-22T23:10Z,2,8,Detroit
401228150,TOR,MIA,2021-06-22T23:10Z,2,1,Miami
401228141,CLE,CHC,2021-06-23T00:05Z,1,7,Chicago
401228147,OAK,TEX,2021-06-23T00:05Z,13,6,Arlington
401228148,SF,LAA,2021-06-23T01:38Z,5,0,Anaheim
401228146,MIL,ARI,2021-06-23T01:40Z,5,0,Phoenix
401228145,LAD,SD,2021-06-23T02:00Z,2,3,San Diego
401228142,COL,SEA,2021-06-23T02:10Z,1,2,Seattle
401228154,CHW,PIT,2021-06-23T16:35Z,4,3,Pittsburgh
401228164,WSH,PHI,2021-06-23T17:05Z,13,12,Philadelphia
401228162,STL,DET,2021-06-23T17:10Z,2,6,Detroit
401228159,MIL,ARI,2021-06-23T19:40Z,3,2,Phoenix
401228161,SF,LAA,2021-06-23T20:07Z,9,3,Anaheim
401228155,COL,SEA,2021-06-23T20:10Z,5,2,Seattle
401228156,HOU,BAL,2021-06-23T23:05Z,13,0,Baltimore
401228157,KC,NYY,2021-06-23T23:05Z,5,6,Bronx
401228152,ATL,NYM,2021-06-23T23:10Z,3,7,Queens
401228153,BOS,TB,2021-06-23T23:10Z,2,8,St. Petersburg
401228163,TOR,MIA,2021-06-23T23:10Z,3,1,Miami
401228160,OAK,TEX,2021-06-24T00:05Z,3,5,Arlington
401228158,LAD,SD,2021-06-24T02:00Z,3,5,San Diego
401228171,KC,NYY,2021-06-24T17:05Z,1,8,Bronx
401228172,OAK,TEX,2021-06-24T18:05Z,5,1,Arlington
401228166,BAL,TOR,2021-06-24T23:07Z,0,9,Buffalo
401228165,ATL,CIN,2021-06-24T23:10Z,3,5,Cincinnati
401228167,BOS,TB,2021-06-24T23:10Z,0,1,St. Petersburg
401228170,HOU,DET,2021-06-24T23:10Z,12,3,Detroit
401228174,WSH,MIA,2021-06-24T23:10Z,7,3,Miami
401228169,CLE,MIN,2021-06-25T00:10Z,4,1,Minneapolis
401228173,PIT,STL,2021-06-25T00:15Z,8,2,St. Louis
401228168,CHC,LAD,2021-06-25T02:10Z,4,0,Los Angeles
401228181,COL,MIL,2021-06-25T20:10Z,4,5,Milwaukee
401320853,PHI,NYM,2021-06-25T20:10Z,1,2,Queens
401228178,BAL,TOR,2021-06-25T23:07Z,6,5,Buffalo
401228175,LAA,TB,2021-06-25T23:10Z,3,4,St. Petersburg
401228177,ATL,CIN,2021-06-25T23:10Z,3,2,Cincinnati
401228184,NYY,BOS,2021-06-25T23:10Z,3,5,Boston
401228189,WSH,MIA,2021-06-25T23:10Z,2,11,Miami
401228186,PHI,NYM,2021-06-25T23:40Z,2,1,Queens
401228183,KC,TEX,2021-06-26T00:05Z,4,9,Arlington
401228180,CLE,MIN,2021-06-26T00:10Z,7,8,Minneapolis
401228188,SEA,CHW,2021-06-26T00:10Z,9,3,Chicago
401228187,PIT,STL,2021-06-26T00:15Z,5,4,St. Louis
401228185,OAK,SF,2021-06-26T01:45Z,0,2,San Francisco
401228176,ARI,SD,2021-06-26T02:10Z,5,11,San Diego
401228179,CHC,LAD,2021-06-26T02:10Z,2,6,Los Angeles
401341478,HOU,DET,2021-06-26T17:10Z,1,3,Detroit
401228203,SEA,CHW,2021-06-26T18:10Z,3,2,Chicago
401228202,PIT,STL,2021-06-26T18:15Z,1,3,St. Louis
401228193,BAL,TOR,2021-06-26T19:07Z,4,12,Buffalo
401228198,KC,TEX,2021-06-26T20:05Z,0,8,Arlington
401228190,LAA,TB,2021-06-26T20:10Z,3,13,St. Petersburg
401228192,ATL,CIN,2021-06-26T20:10Z,1,4,Cincinnati
401228196,COL,MIL,2021-06-26T20:10Z,4,10,Milwaukee
401228201,PHI,NYM,2021-06-26T20:10Z,3,4,Queens
401228204,WSH,MIA,2021-06-26T20:10Z,2,3,Miami
401228197,HOU,DET,2021-06-26T22:10Z,3,2,Detroit
401228194,CHC,LAD,2021-06-26T23:15Z,2,3,Los Angeles
401228199,NYY,BOS,2021-06-26T23:15Z,2,4,Boston
401228200,OAK,SF,2021-06-27T02:05Z,5,6,San Francisco
401228191,ARI,SD,2021-06-27T02:10Z,10,1,San Diego
401228208,BAL,TOR,2021-06-27T17:07Z,2,5,Buffalo
401228205,LAA,TB,2021-06-27T17:10Z,6,4,St. Petersburg
401228207,ATL,CIN,2021-06-27T17:10Z,4,0,Cincinnati
401228212,HOU,DET,2021-06-27T17:10Z,1,2,Detroit
401228214,NYY,BOS,2021-06-27T17:10Z,2,9,Boston
401228216,PHI,NYM,2021-06-27T17:10Z,4,2,Queens
401228219,WSH,MIA,2021-06-27T17:10Z,5,1,Miami
401228210,CLE,MIN,2021-06-27T18:10Z,2,8,Minneapolis
401228211,COL,MIL,2021-06-27T18:10Z,0,5,Milwaukee
401228217,PIT,STL,2021-06-27T18:15Z,7,2,St. Louis
401228213,KC,TEX,2021-06-27T18:35Z,1,4,Arlington
401228215,OAK,SF,2021-06-27T20:05Z,6,2,San Francisco
401228206,ARI,SD,2021-06-27T20:10Z,4,5,San Diego
401228218,SEA,CHW,2021-06-27T21:15Z,5,7,Chicago
401228209,CHC,LAD,2021-06-27T23:00Z,1,7,Los Angeles
401228227,PIT,COL,2021-06-28T21:10Z,0,2,Denver
401332361,PHI,CIN,2021-06-28T22:40Z,4,12,Cincinnati
401228220,LAA,NYY,2021-06-28T23:05Z,5,3,Bronx
401319235,NYM,WSH,2021-06-28T23:05Z,4,8,Washington
401228224,DET,CLE,2021-06-28T23:10Z,5,13,Cleveland
401228225,KC,BOS,2021-06-28T23:10Z,5,6,Boston
401228222,BAL,HOU,2021-06-29T00:10Z,9,7,Houston
401228223,CHC,MIL,2021-06-29T00:10Z,4,14,Milwaukee
401228221,ARI,STL,2021-06-29T00:15Z,1,7,St. Louis
401228228,SF,LAD,2021-06-29T02:10Z,2,3,Los Angeles
401228229,LAA,NYY,2021-06-29T23:05Z,5,11,Bronx
401228235,MIA,PHI,2021-06-29T23:05Z,3,4,Philadelphia
401228242,TB,WSH,2021-06-29T23:05Z,3,4,Washington
401228240,SEA,TOR,2021-06-29T23:07Z,3,9,Buffalo
401228234,KC,BOS,2021-06-29T23:10Z,6,7,Boston
401228239,SD,CIN,2021-06-29T23:10Z,5,4,Cincinnati
401228237,NYM,ATL,2021-06-29T23:20Z,4,3,Atlanta
401228231,BAL,HOU,2021-06-30T00:10Z,13,3,Houston
401228232,CHC,MIL,2021-06-30T00:10Z,1,2,Milwaukee
401228236,MIN,CHW,2021-06-30T00:10Z,6,7,Chicago
401228230,ARI,STL,2021-06-30T00:15Z,2,3,St. Louis
401228238,PIT,COL,2021-06-30T00:40Z,0,8,Denver
401228243,TEX,OAK,2021-06-30T01:40Z,5,4,Oakland
401228241,SF,LAD,2021-06-30T02:00Z,1,3,Los Angeles
401228245,ARI,STL,2021-06-30T17:15Z,4,7,St. Louis
401228247,CHC,MIL,2021-06-30T18:10Z,7,15,Milwaukee
401228253,PIT,COL,2021-06-30T19:10Z,2,6,Denver
401228256,TB,WSH,2021-06-30T20:05Z,6,15,Washington
401228248,DET,CLE,2021-06-30T20:10Z,9,4,Cleveland
401228244,LAA,NYY,2021-06-30T23:00Z,11,8,Bronx
401228250,MIA,PHI,2021-06-30T23:05Z,11,6,Philadelphia
401228255,SEA,TOR,2021-06-30T23:07Z,9,7,Buffalo
401228249,KC,BOS,2021-06-30T23:10Z,2,6,Boston
401228254,SD,CIN,2021-06-30T23:10Z,7,5,Cincinnati
401228252,NYM,ATL,2021-06-30T23:20Z,2,20,Atlanta
401228246,BAL,HOU,2021-07-01T00:10Z,5,2,Houston
401228251,MIN,CHW,2021-07-01T00:10Z,3,13,Chicago
401228257,TEX,OAK,2021-07-01T01:40Z,1,3,Oakland
401341953,DET,CLE,2021-07-01T02:15Z,7,1,Cleveland
401228267,SEA,TOR,2021-07-01T17:07Z,7,2,Buffalo
401228260,KC,BOS,2021-07-01T17:10Z,1,15,Boston
401228264,MIN,CHW,2021-07-01T18:10Z,5,8,Chicago
401228270,TEX,OAK,2021-07-01T19:37Z,8,3,Oakland
401228261,LAD,WSH,2021-07-01T23:05Z,6,2,Washington
401228263,MIL,PIT,2021-07-01T23:05Z,7,2,Pittsburgh
401228259,HOU,CLE,2021-07-01T23:10Z,7,2,Cleveland
401228266,SD,CIN,2021-07-01T23:10Z,4,5,Cincinnati
401228265,NYM,ATL,2021-07-01T23:20Z,3,4,Atlanta
401228269,STL,COL,2021-07-02T00:40Z,2,5,Denver
401228268,SF,ARI,2021-07-02T01:40Z,3,5,Phoenix
401228281,SD,PHI,2021-07-02T22:05Z,3,4,Philadelphia
401228276,LAD,WSH,2021-07-02T23:05Z,10,5,Washington
401228278,MIL,PIT,2021-07-02T23:05Z,7,2,Pittsburgh
401228284,TB,TOR,2021-07-02T23:07Z,1,11,Buffalo
401228273,CHW,DET,2021-07-02T23:10Z,8,2,Detroit
401228274,CHC,CIN,2021-07-02T23:10Z,1,2,Cincinnati
401228275,HOU,CLE,2021-07-02T23:10Z,6,3,Cleveland
401228277,MIA,ATL,2021-07-02T23:20Z,0,1,Atlanta
401228279,MIN,KC,2021-07-03T00:10Z,4,7,Kansas City
401228283,STL,COL,2021-07-03T00:10Z,9,3,Denver
401228271,BAL,LAA,2021-07-03T01:38Z,7,8,Anaheim
401228272,BOS,OAK,2021-07-03T01:40Z,3,2,Oakland
401228282,SF,ARI,2021-07-03T01:40Z,11,4,Phoenix
401228285,TEX,SEA,2021-07-03T02:10Z,4,5,Seattle
401228295,NYM,NYY,2021-07-03T17:05Z,8,3,Bronx
401228299,TB,TOR,2021-07-03T19:07Z,3,6,Buffalo
401228293,MIL,PIT,2021-07-03T20:05Z,11,2,Pittsburgh
401228296,SD,PHI,2021-07-03T20:05Z,2,4,Philadelphia
401228288,CHW,DET,2021-07-03T20:10Z,5,11,Detroit
401228289,CHC,CIN,2021-07-03T20:10Z,2,3,Cincinnati
401228292,MIA,ATL,2021-07-03T20:10Z,3,2,Atlanta
401228294,MIN,KC,2021-07-03T20:10Z,3,6,Kansas City
401228287,BOS,OAK,2021-07-03T23:15Z,6,7,Oakland
401228290,HOU,CLE,2021-07-03T23:15Z,3,2,Cleveland
401228291,LAD,WSH,2021-07-03T23:15Z,5,3,Washington
401228298,STL,COL,2021-07-04T01:10Z,2,3,Denver
401228286,BAL,LAA,2021-07-04T02:07Z,1,4,Anaheim
401228297,SF,ARI,2021-07-04T02:10Z,6,5,Phoenix
401228300,TEX,SEA,2021-07-04T02:10Z,7,3,Seattle
401228306,LAD,WSH,2021-07-04T15:05Z,5,1,Washington
401228308,MIL,PIT,2021-07-04T17:05Z,0,2,Pittsburgh
401228311,SD,PHI,2021-07-04T17:05Z,11,1,Philadelphia
401228314,TB,TOR,2021-07-04T17:07Z,5,1,Buffalo
401228303,CHW,DET,2021-07-04T17:10Z,5,6,Detroit
401228304,CHC,CIN,2021-07-04T17:10Z,2,3,Cincinnati
401228305,HOU,CLE,2021-07-04T17:10Z,4,3,Cleveland
401228307,MIA,ATL,2021-07-04T17:20Z,7,8,Atlanta
401343977,NYM,NYY,2021-07-04T18:05Z,10,5,Bronx
401228309,MIN,KC,2021-07-04T18:10Z,6,2,Kansas City
401228313,STL,COL,2021-07-04T19:10Z,2,3,Denver
401228301,BAL,LAA,2021-07-04T20:07Z,5,6,Anaheim
401228302,BOS,OAK,2021-07-04T20:07Z,1,0,Oakland
401228315,TEX,SEA,2021-07-04T20:10Z,1,4,Seattle
401343904,NYM,NYY,2021-07-04T23:00Z,2,4,Bronx
401228312,SF,ARI,2021-07-05T01:10Z,5,2,Phoenix
401228325,STL,SF,2021-07-05T22:05Z,5,3,San Francisco
401228322,LAD,MIA,2021-07-05T22:40Z,4,5,Miami
401228318,CHW,MIN,2021-07-05T23:00Z,5,8,Minneapolis
401228316,ATL,PIT,2021-07-05T23:05Z,1,11,Pittsburgh
401228320,CLE,TB,2021-07-05T23:10Z,8,9,St. Petersburg
401228323,MIL,NYM,2021-07-05T23:10Z,2,4,Queens
401228321,DET,TEX,2021-07-06T00:05Z,7,3,Arlington
401228324,PHI,CHC,2021-07-06T00:05Z,13,3,Chicago
401228319,CIN,KC,2021-07-06T00:10Z,6,2,Kansas City
401228317,BOS,LAA,2021-07-06T01:30Z,5,4,Anaheim
401228326,WSH,SD,2021-07-06T02:10Z,7,5,San Diego
401228327,ATL,PIT,2021-07-06T23:05Z,1,2,Pittsburgh
401228340,TOR,BAL,2021-07-06T23:05Z,5,7,Baltimore
401228334,LAD,MIA,2021-07-06T23:10Z,1,2,Miami
401228333,DET,TEX,2021-07-07T00:05Z,5,10,Arlington
401228338,PHI,CHC,2021-07-07T00:05Z,15,10,Chicago
401228329,CHW,MIN,2021-07-07T00:10Z,4,1,Minneapolis
401228330,CIN,KC,2021-07-07T00:10Z,6,7,Kansas City
401228337,OAK,HOU,2021-07-07T00:10Z,6,9,Houston
401228328,BOS,LAA,2021-07-07T01:38Z,3,5,Anaheim
401228332,COL,ARI,2021-07-07T01:40Z,3,4,Phoenix
401228339,STL,SF,2021-07-07T01:45Z,6,5,San Francisco
401228336,NYY,SEA,2021-07-07T02:00Z,12,1,Seattle
401228341,WSH,SD,2021-07-07T02:10Z,4,7,San Diego
401344255,CLE,TB,2021-07-07T16:10Z,1,8,St. Petersburg
401228342,ATL,PIT,2021-07-07T16:35Z,14,3,Pittsburgh
401228344,CHW,MIN,2021-07-07T17:10Z,6,1,Minneapolis
401228348,DET,TEX,2021-07-07T18:05Z,5,3,Arlington
401228345,CIN,KC,2021-07-07T18:10Z,5,2,Kansas City
401344473,MIL,NYM,2021-07-07T18:10Z,3,4,Queens
401228346,CLE,TB,2021-07-07T18:55Z,0,4,St. Petersburg
401228343,BOS,LAA,2021-07-07T20:07Z,4,5,Anaheim
401228349,LAD,MIA,2021-07-07T23:00Z,6,9,Miami
401228355,TOR,BAL,2021-07-07T23:05Z,10,2,Baltimore
401228350,MIL,NYM,2021-07-07T23:10Z,5,0,Queens
401228353,PHI,CHC,2021-07-08T00:05Z,3,8,Chicago
401228352,OAK,HOU,2021-07-08T00:10Z,3,4,Houston
401228347,COL,ARI,2021-07-08T01:40Z,4,6,Phoenix
401228354,STL,SF,2021-07-08T01:45Z,2,5,San Francisco
401228351,NYY,SEA,2021-07-08T02:10Z,5,4,Seattle
401228356,WSH,SD,2021-07-08T02:10Z,15,5,San Diego
401228361,LAD,MIA,2021-07-08T16:10Z,6,1,Miami
401228363,OAK,HOU,2021-07-08T18:10Z,2,1,Houston
401228358,COL,ARI,2021-07-08T19:40Z,9,3,Phoenix
401228362,NYY,SEA,2021-07-08T20:10Z,0,4,Seattle
401228360,KC,CLE,2021-07-08T23:10Z,4,7,Cleveland
401228364,PHI,CHC,2021-07-09T00:00Z,8,0,Chicago
401228357,CIN,MIL,2021-07-09T00:10Z,3,5,Milwaukee
401228359,DET,MIN,2021-07-09T00:10Z,3,5,Minneapolis
401228367,WSH,SD,2021-07-09T01:10Z,8,9,San Diego
401228380,STL,CHC,2021-07-09T18:20Z,5,10,Chicago
401228371,CHW,BAL,2021-07-09T23:05Z,12,1,Baltimore
401228370,ATL,MIA,2021-07-09T23:10Z,5,0,Miami
401228375,KC,CLE,2021-07-09T23:10Z,1,2,Cleveland
401228378,PHI,BOS,2021-07-09T23:10Z,5,11,Boston
401228379,PIT,NYM,2021-07-09T23:10Z,4,13,Queens
401228381,TOR,TB,2021-07-09T23:10Z,1,7,St. Petersburg
401228377,OAK,TEX,2021-07-10T00:05Z,2,3,Arlington
401228372,CIN,MIL,2021-07-10T00:10Z,2,0,Milwaukee
401228374,DET,MIN,2021-07-10T00:10Z,2,4,Minneapolis
401228376,NYY,HOU,2021-07-10T00:10Z,4,0,Houston
401228382,WSH,SF,2021-07-10T01:45Z,3,5,San Francisco
401228368,LAA,SEA,2021-07-10T02:10Z,3,7,Seattle
401228369,ARI,LAD,2021-07-10T02:10Z,5,2,Los Angeles
401228373,COL,SD,2021-07-10T02:10Z,2,4,San Diego
401228396,TOR,TB,2021-07-10T17:10Z,2,5,St. Petersburg
401228389,DET,MIN,2021-07-10T18:10Z,4,9,Minneapolis
401228386,CHW,BAL,2021-07-10T20:05Z,8,3,Baltimore
401228392,OAK,TEX,2021-07-10T20:05Z,8,4,Arlington
401228397,WSH,SF,2021-07-10T20:05Z,4,10,San Francisco
401228385,ATL,MIA,2021-07-10T20:10Z,5,4,Miami
401228393,PHI,BOS,2021-07-10T20:10Z,11,2,Boston
401228394,PIT,NYM,2021-07-10T20:10Z,6,2,Queens
401228390,KC,CLE,2021-07-10T22:10Z,6,14,Cleveland
401345794,PIT,NYM,2021-07-10T23:10Z,2,4,Queens
401228387,CIN,MIL,2021-07-10T23:15Z,4,3,Milwaukee
401228391,NYY,HOU,2021-07-10T23:15Z,1,0,Houston
401228395,STL,CHC,2021-07-10T23:15Z,6,0,Chicago
401228383,LAA,SEA,2021-07-11T02:10Z,0,2,Seattle
401228384,ARI,LAD,2021-07-11T02:10Z,1,22,Los Angeles
401228388,COL,SD,2021-07-11T02:10Z,3,0,San Diego
401228401,CHW,BAL,2021-07-11T17:05Z,7,5,Baltimore
401228400,ATL,MIA,2021-07-11T17:10Z,4,7,Miami
401228408,PHI,BOS,2021-07-11T17:10Z,5,4,Boston
401228409,PIT,NYM,2021-07-11T17:10Z,6,5,Queens
401228411,TOR,TB,2021-07-11T17:10Z,3,1,St. Petersburg
401228402,CIN,MIL,2021-07-11T18:10Z,3,1,Milwaukee
401228404,DET,MIN,2021-07-11T18:10Z,9,12,Minneapolis
401228406,NYY,HOU,2021-07-11T18:10Z,7,8,Houston
401228407,OAK,TEX,2021-07-11T18:35Z,4,1,Arlington
401228412,WSH,SF,2021-07-11T20:05Z,1,3,San Francisco
401228398,LAA,SEA,2021-07-11T20:10Z,7,1,Seattle
401228399,ARI,LAD,2021-07-11T20:10Z,4,7,Los Angeles
401228403,COL,SD,2021-07-11T20:10Z,3,1,San Diego
401227036,AL,NL,2021-07-13T23:30Z,5,2,Denver
401343177,MIA,PHI,2021-07-16T20:05Z,2,5,Philadelphia
401228415,BOS,NYY,2021-07-16T23:05Z,4,0,Bronx
401228423,NYM,PIT,2021-07-16T23:05Z,1,4,Pittsburgh
401228424,SD,WSH,2021-07-16T23:05Z,24,8,Washington
401228428,TEX,TOR,2021-07-16T23:07Z,2,10,Buffalo
401228421,MIL,CIN,2021-07-16T23:10Z,11,6,Cincinnati
401228427,TB,ATL,2021-07-16T23:20Z,7,6,Atlanta
401228420,MIA,PHI,2021-07-16T23:25Z,7,0,Philadelphia
401228414,BAL,KC,2021-07-17T00:10Z,2,9,Kansas City
401228418,HOU,CHW,2021-07-17T00:10Z,7,1,Chicago
401228426,SF,STL,2021-07-17T00:15Z,7,2,St. Louis
401228419,LAD,COL,2021-07-17T00:40Z,10,4,Denver
401228425,SEA,LAA,2021-07-17T01:38Z,6,5,Anaheim
401228416,CHC,ARI,2021-07-17T01:40Z,5,1,Phoenix
401228417,CLE,OAK,2021-07-17T01:40Z,4,5,Oakland
401347953,MIN,DET,2021-07-17T17:10Z,0,1,Detroit
401228432,CLE,OAK,2021-07-17T20:07Z,3,2,Oakland
401228431,CHC,ARI,2021-07-17T20:10Z,4,2,Phoenix
401228435,MIA,PHI,2021-07-17T22:05Z,2,4,Philadelphia
401228437,MIN,DET,2021-07-17T22:10Z,4,5,Detroit
401228438,NYM,PIT,2021-07-17T23:05Z,7,9,Pittsburgh
401228439,SD,WSH,2021-07-17T23:05Z,10,4,Washington
401228429,BAL,KC,2021-07-17T23:10Z,8,4,Kansas City
401228436,MIL,CIN,2021-07-17T23:10Z,7,4,Cincinnati
401228430,BOS,NYY,2021-07-17T23:15Z,1,3,Bronx
401228433,HOU,CHW,2021-07-17T23:15Z,1,10,Chicago
401228441,SF,STL,2021-07-17T23:15Z,1,3,St. Louis
401228442,TB,ATL,2021-07-17T23:20Z,0,9,Atlanta
401228434,LAD,COL,2021-07-18T00:10Z,9,2,Denver
401228440,SEA,LAA,2021-07-18T01:07Z,4,9,Anaheim
401228453,NYM,PIT,2021-07-18T17:05Z,7,6,Pittsburgh
401228458,TEX,TOR,2021-07-18T17:07Z,0,5,Buffalo
401228451,MIL,CIN,2021-07-18T17:10Z,8,0,Cincinnati
401228452,MIN,DET,2021-07-18T17:10Z,0,7,Detroit
401228457,TB,ATL,2021-07-18T17:20Z,7,5,Atlanta
401228450,MIA,PHI,2021-07-18T17:55Z,4,7,Philadelphia
401228444,BAL,KC,2021-07-18T18:10Z,5,0,Kansas City
401228448,HOU,CHW,2021-07-18T18:10Z,0,4,Chicago
401228456,SF,STL,2021-07-18T18:15Z,1,2,St. Louis
401228454,SD,WSH,2021-07-18T19:05Z,7,8,Washington
401228449,LAD,COL,2021-07-18T19:10Z,5,6,Denver
401348133,TEX,TOR,2021-07-18T19:40Z,0,10,Buffalo
401228447,CLE,OAK,2021-07-18T20:07Z,4,2,Oakland
401228455,SEA,LAA,2021-07-18T20:07Z,7,4,Anaheim
401228446,CHC,ARI,2021-07-18T20:10Z,4,6,Phoenix
401228445,BOS,NYY,2021-07-18T23:00Z,1,9,Bronx
401341573,MIN,CHW,2021-07-19T21:10Z,3,2,Chicago
401228464,MIA,WSH,2021-07-19T23:05Z,1,18,Washington
401228461,BOS,TOR,2021-07-19T23:07Z,13,4,Buffalo
401228460,BAL,TB,2021-07-19T23:10Z,6,1,St. Petersburg
401228466,NYM,CIN,2021-07-19T23:10Z,15,11,Cincinnati
401228470,TEX,DET,2021-07-19T23:10Z,0,14,Detroit
401228462,CHC,STL,2021-07-20T00:00Z,3,8,St. Louis
401228463,CLE,HOU,2021-07-20T00:10Z,3,4,Houston
401228465,MIN,CHW,2021-07-20T00:35Z,3,5,Chicago
401228459,LAA,OAK,2021-07-20T01:40Z,1,4,Oakland
401228467,PIT,ARI,2021-07-20T01:40Z,2,4,Phoenix
401228469,SF,LAD,2021-07-20T02:10Z,7,2,Los Angeles
401228471,LAA,OAK,2021-07-20T19:37Z,0,6,Oakland
401228476,KC,MIL,2021-07-20T20:10Z,5,2,Milwaukee
401228477,MIA,WSH,2021-07-20T23:05Z,3,6,Washington
401228480,PHI,NYY,2021-07-20T23:05Z,4,6,Bronx
401228472,BAL,TB,2021-07-20T23:10Z,3,9,St. Petersburg
401228479,NYM,CIN,2021-07-20T23:10Z,3,4,Cincinnati
401228485,TEX,DET,2021-07-20T23:10Z,1,4,Detroit
401228482,SD,ATL,2021-07-20T23:20Z,1,2,Atlanta
401228475,CLE,HOU,2021-07-21T00:10Z,3,9,Houston
401228478,MIN,CHW,2021-07-21T00:10Z,5,9,Chicago
401228474,CHC,STL,2021-07-21T00:15Z,7,6,St. Louis
401228483,SEA,COL,2021-07-21T00:40Z,6,4,Denver
401228481,PIT,ARI,2021-07-21T01:40Z,6,11,Phoenix
401228484,SF,LAD,2021-07-21T02:10Z,6,8,Los Angeles
401228486,BAL,TB,2021-07-21T16:10Z,4,5,St. Petersburg
401228496,SD,ATL,2021-07-21T16:20Z,3,2,Atlanta
401228493,NYM,CIN,2021-07-21T16:35Z,7,0,Cincinnati
401228490,KC,MIL,2021-07-21T18:10Z,6,3,Milwaukee
401228497,SEA,COL,2021-07-21T19:10Z,3,6,Denver
401228495,PIT,ARI,2021-07-21T19:40Z,4,6,Phoenix
401348713,SD,ATL,2021-07-21T21:20Z,5,4,Atlanta
401228491,MIA,WSH,2021-07-21T23:05Z,3,1,Washington
401228494,PHI,NYY,2021-07-21T23:05Z,5,6,Bronx
401228487,BOS,TOR,2021-07-21T23:07Z,7,4,Buffalo
401228499,TEX,DET,2021-07-21T23:10Z,2,4,Detroit
401228488,CHC,STL,2021-07-22T00:00Z,2,3,St. Louis
401228489,CLE,HOU,2021-07-22T00:10Z,5,4,Houston
401228492,MIN,CHW,2021-07-22T00:10Z,7,2,Chicago
401228498,SF,LAD,2021-07-22T02:10Z,4,2,Los Angeles
401228508,TEX,DET,2021-07-22T17:10Z,5,7,Detroit
401228501,ATL,PHI,2021-07-22T23:05Z,7,2,Philadelphia
401228503,NYY,BOS,2021-07-22T23:10Z,4,5,Boston
401228505,SD,MIA,2021-07-22T23:10Z,3,2,Miami
401228507,TB,CLE,2021-07-22T23:10Z,5,4,Cleveland
401228502,CHC,STL,2021-07-22T23:15Z,2,3,St. Louis
401228500,LAA,MIN,2021-07-23T00:10Z,3,2,Minneapolis
401228504,OAK,SEA,2021-07-23T02:10Z,4,1,Seattle
401228506,SF,LAD,2021-07-23T02:10Z,5,3,Los Angeles
401228510,ARI,CHC,2021-07-23T18:20Z,3,8,Chicago
401228511,ATL,PHI,2021-07-23T23:05Z,1,5,Philadelphia
401228523,WSH,BAL,2021-07-23T23:05Z,1,6,Baltimore
401228515,NYY,BOS,2021-07-23T23:10Z,2,6,Boston
401228518,SD,MIA,2021-07-23T23:10Z,5,2,Miami
401228519,STL,CIN,2021-07-23T23:10Z,5,6,Cincinnati
401228520,TB,CLE,2021-07-23T23:10Z,10,5,Cleveland
401228522,TOR,NYM,2021-07-23T23:10Z,0,3,Queens
401228509,LAA,MIN,2021-07-24T00:10Z,4,5,Minneapolis
401228512,CHW,MIL,2021-07-24T00:10Z,1,7,Milwaukee
401228514,DET,KC,2021-07-24T00:10Z,3,5,Kansas City
401228521,TEX,HOU,2021-07-24T00:10Z,3,7,Houston
401228517,PIT,SF,2021-07-24T01:45Z,6,4,San Francisco
401228513,COL,LAD,2021-07-24T02:10Z,9,6,Los Angeles
401228516,OAK,SEA,2021-07-24T02:10Z,3,4,Seattle
401228525,ARI,CHC,2021-07-24T18:20Z,7,3,Chicago
401228530,NYY,BOS,2021-07-24T20:05Z,4,3,Boston
401228526,ATL,PHI,2021-07-24T22:05Z,15,3,Philadelphia
401228533,SD,MIA,2021-07-24T22:10Z,2,3,Miami
401228538,WSH,BAL,2021-07-24T22:35Z,3,5,Baltimore
401228524,LAA,MIN,2021-07-24T23:10Z,2,1,Minneapolis
401228527,CHW,MIL,2021-07-24T23:10Z,1,6,Milwaukee
401228529,DET,KC,2021-07-24T23:10Z,8,9,Kansas City
401228534,STL,CIN,2021-07-24T23:10Z,3,5,Cincinnati
401228535,TB,CLE,2021-07-24T23:10Z,8,2,Cleveland
401228536,TEX,HOU,2021-07-24T23:10Z,1,4,Houston
401228537,TOR,NYM,2021-07-24T23:10Z,10,3,Queens
401228532,PIT,SF,2021-07-25T01:05Z,10,2,San Francisco
401228528,COL,LAD,2021-07-25T01:10Z,0,1,Los Angeles
401228531,OAK,SEA,2021-07-25T02:10Z,4,5,Seattle
401228541,ATL,PHI,2021-07-25T17:05Z,1,2,Philadelphia
401228553,WSH,BAL,2021-07-25T17:05Z,4,5,Baltimore
401228545,NYY,BOS,2021-07-25T17:10Z,4,5,Boston
401228548,SD,MIA,2021-07-25T17:10Z,3,9,Miami
401228549,STL,CIN,2021-07-25T17:10Z,10,6,Cincinnati
401228550,TB,CLE,2021-07-25T17:10Z,2,3,Cleveland
401228552,TOR,NYM,2021-07-25T17:10Z,4,5,Queens
401228539,LAA,MIN,2021-07-25T18:10Z,6,2,Minneapolis
401228544,DET,KC,2021-07-25T18:10Z,1,6,Kansas City
401228551,TEX,HOU,2021-07-25T18:10Z,1,3,Houston
401228540,ARI,CHC,2021-07-25T18:20Z,1,5,Chicago
401228547,PIT,SF,2021-07-25T20:05Z,1,6,San Francisco
401228543,COL,LAD,2021-07-25T20:10Z,2,3,Los Angeles
401228546,OAK,SEA,2021-07-25T20:10Z,3,4,Seattle
401228542,CHW,MIL,2021-07-25T23:00Z,3,1,Milwaukee
401331816,ATL,NYM,2021-07-26T21:10Z,2,0,Queens
401228560,TOR,BOS,2021-07-26T23:00Z,4,5,Boston
401228561,WSH,PHI,2021-07-26T23:05Z,5,6,Philadelphia
401228556,CIN,CHC,2021-07-27T00:05Z,5,6,Chicago
401228554,ATL,NYM,2021-07-27T00:10Z,0,1,Queens
401228555,CHW,KC,2021-07-27T00:10Z,3,4,Kansas City
401228558,DET,MIN,2021-07-27T00:10Z,5,6,Minneapolis
401228557,COL,LAA,2021-07-27T01:38Z,2,6,Anaheim
401228559,HOU,SEA,2021-07-27T02:10Z,8,11,Seattle
401228570,MIA,BAL,2021-07-27T23:05Z,7,3,Baltimore
401228571,MIL,PIT,2021-07-27T23:05Z,9,0,Pittsburgh
401228576,WSH,PHI,2021-07-27T23:05Z,6,4,Philadelphia
401228563,ATL,NYM,2021-07-27T23:10Z,12,5,Queens
401228572,NYY,TB,2021-07-27T23:10Z,4,3,St. Petersburg
401228574,STL,CLE,2021-07-27T23:10Z,4,2,Cleveland
401228562,ARI,TEX,2021-07-28T00:05Z,4,5,Arlington
401228565,CIN,CHC,2021-07-28T00:05Z,7,4,Chicago
401228564,CHW,KC,2021-07-28T00:10Z,5,3,Kansas City
401228567,DET,MIN,2021-07-28T00:10Z,6,5,Minneapolis
401228566,COL,LAA,2021-07-28T01:38Z,12,3,Anaheim
401228569,LAD,SF,2021-07-28T01:45Z,1,2,San Francisco
401228568,HOU,SEA,2021-07-28T02:10Z,8,6,Seattle
401228573,OAK,SD,2021-07-28T02:10Z,4,7,San Diego
401228582,DET,MIN,2021-07-28T17:10Z,17,14,Minneapolis
401228589,STL,CLE,2021-07-28T17:10Z,2,7,Cleveland
401352053,TOR,BOS,2021-07-28T18:10Z,4,1,Boston
401228583,HOU,SEA,2021-07-28T19:40Z,11,4,Seattle
401228588,OAK,SD,2021-07-28T20:10Z,10,4,San Diego
401228587,NYY,TB,2021-07-28T23:00Z,3,1,St. Petersburg
401228585,MIA,BAL,2021-07-28T23:05Z,7,8,Baltimore
401228586,MIL,PIT,2021-07-28T23:05Z,7,3,Pittsburgh
401228578,ATL,NYM,2021-07-28T23:10Z,1,2,Queens
401228590,TOR,BOS,2021-07-28T23:10Z,1,4,Boston
401228577,ARI,TEX,2021-07-29T00:05Z,3,2,Arlington
401228580,CIN,CHC,2021-07-29T00:05Z,8,2,Chicago
401228579,CHW,KC,2021-07-29T00:10Z,2,3,Kansas City
401228581,COL,LAA,2021-07-29T01:38Z,7,8,Anaheim
401228584,LAD,SF,2021-07-29T01:45Z,8,0,San Francisco
401352333,WSH,PHI,2021-07-29T16:05Z,3,1,Philadelphia
401228592,ATL,NYM,2021-07-29T16:10Z,6,3,Queens
401228599,NYY,TB,2021-07-29T17:10Z,0,14,St. Petersburg
401228594,CHW,KC,2021-07-29T18:10Z,0,5,Kansas City
401228595,CIN,CHC,2021-07-29T18:20Z,7,4,Chicago
401228602,WSH,PHI,2021-07-29T18:50Z,8,11,Philadelphia
401228597,LAD,SF,2021-07-29T19:45Z,0,5,San Francisco
401228598,MIL,PIT,2021-07-29T23:05Z,12,0,Pittsburgh
401228593,BAL,DET,2021-07-29T23:10Z,2,6,Detroit
401228601,TOR,BOS,2021-07-29T23:10Z,13,1,Boston
401228600,OAK,LAA,2021-07-30T01:38Z,4,0,Anaheim
401228596,COL,SD,2021-07-30T02:10Z,0,3,San Diego
401228605,CHC,WSH,2021-07-30T23:05Z,3,4,Washington
401228616,PHI,PIT,2021-07-30T23:05Z,0,7,Pittsburgh
401228610,KC,TOR,2021-07-30T23:07Z,4,6,Toronto
401228603,BAL,DET,2021-07-30T23:10Z,4,3,Detroit
401228604,BOS,TB,2021-07-30T23:10Z,3,7,St. Petersburg
401228606,CIN,NYM,2021-07-30T23:10Z,6,2,Queens
401228614,NYY,MIA,2021-07-30T23:10Z,3,1,Miami
401228612,MIL,ATL,2021-07-30T23:20Z,9,5,Atlanta
401228617,SEA,TEX,2021-07-31T00:05Z,9,5,Arlington
401228607,CLE,CHW,2021-07-31T00:10Z,4,6,Chicago
401228613,MIN,STL,2021-07-31T00:15Z,1,5,St. Louis
401228615,OAK,LAA,2021-07-31T01:38Z,2,0,Anaheim
401228611,LAD,ARI,2021-07-31T01:40Z,5,6,Phoenix
401228609,HOU,SF,2021-07-31T01:45Z,9,6,San Francisco
401228608,COL,SD,2021-07-31T02:10Z,9,4,San Diego
401228625,KC,TOR,2021-07-31T19:07Z,0,4,Toronto
401228624,HOU,SF,2021-07-31T20:05Z,6,8,San Francisco
401228630,OAK,LAA,2021-07-31T20:05Z,0,1,Anaheim
401228618,BAL,DET,2021-07-31T22:10Z,5,2,Detroit
401228619,BOS,TB,2021-07-31T22:10Z,5,9,St. Petersburg
401228629,NYY,MIA,2021-07-31T22:10Z,4,2,Miami
401228620,CHC,WSH,2021-07-31T23:05Z,6,3,Washington
401228631,PHI,PIT,2021-07-31T23:05Z,2,3,Pittsburgh
401228632,SEA,TEX,2021-07-31T23:05Z,4,5,Arlington
401228621,CIN,NYM,2021-07-31T23:10Z,4,5,Queens
401228622,CLE,CHW,2021-07-31T23:10Z,12,11,Chicago
401228628,MIN,STL,2021-07-31T23:15Z,8,1,St. Louis
401228627,MIL,ATL,2021-07-31T23:20Z,1,8,Atlanta
401228626,LAD,ARI,2021-08-01T00:10Z,8,3,Phoenix
401228623,COL,SD,2021-08-01T00:40Z,5,3,San Diego
401228635,CHC,WSH,2021-08-01T17:05Z,5,6,Washington
401228646,PHI,PIT,2021-08-01T17:05Z,15,4,Pittsburgh
401228640,KC,TOR,2021-08-01T17:07Z,1,5,Toronto
401228633,BAL,DET,2021-08-01T17:10Z,2,6,Detroit
401228636,CIN,NYM,2021-08-01T17:10Z,7,1,Queens
401228644,NYY,MIA,2021-08-01T17:10Z,3,1,Miami
401228642,MIL,ATL,2021-08-01T17:20Z,2,1,Atlanta
401228637,CLE,CHW,2021-08-01T18:10Z,1,2,Chicago
401228643,MIN,STL,2021-08-01T18:15Z,3,7,St. Louis
401228647,SEA,TEX,2021-08-01T18:35Z,3,4,Arlington
401228639,HOU,SF,2021-08-01T20:05Z,3,5,San Francisco
401228645,OAK,LAA,2021-08-01T20:07Z,8,3,Anaheim
401228638,COL,SD,2021-08-01T20:10Z,1,8,San Diego
401228641,LAD,ARI,2021-08-01T20:10Z,13,0,Phoenix
401228634,BOS,TB,2021-08-01T23:00Z,2,3,St. Petersburg
401228650,CLE,TOR,2021-08-02T19:07Z,5,2,Toronto
401228652,PHI,WSH,2021-08-02T23:00Z,7,5,Washington
401228649,BAL,NYY,2021-08-02T23:05Z,7,1,Bronx
401228651,NYM,MIA,2021-08-02T23:10Z,3,6,Miami
401228654,SEA,TB,2021-08-02T23:10Z,8,2,St. Petersburg
401228648,LAA,TEX,2021-08-03T00:05Z,1,4,Arlington
401228653,PIT,MIL,2021-08-03T00:10Z,2,6,Milwaukee
401228655,SF,ARI,2021-08-03T01:40Z,11,8,Phoenix
401228658,BAL,NYY,2021-08-03T23:05Z,1,13,Bronx
401228666,PHI,WSH,2021-08-03T23:05Z,5,4,Washington
401228661,CLE,TOR,2021-08-03T23:07Z,2,7,Toronto
401228659,BOS,DET,2021-08-03T23:10Z,2,4,Detroit
401228664,MIN,CIN,2021-08-03T23:10Z,7,5,Cincinnati
401228665,NYM,MIA,2021-08-03T23:10Z,4,5,Miami
401228669,SEA,TB,2021-08-03T23:10Z,4,2,St. Petersburg
401228656,LAA,TEX,2021-08-04T00:05Z,11,3,Arlington
401228663,KC,CHW,2021-08-04T00:10Z,1,7,Chicago
401228667,PIT,MIL,2021-08-04T00:10Z,8,5,Milwaukee
401228657,ATL,STL,2021-08-04T00:15Z,6,1,St. Louis
401228660,CHC,COL,2021-08-04T00:40Z,6,13,Denver
401228668,SD,OAK,2021-08-04T01:40Z,8,1,Oakland
401228670,SF,ARI,2021-08-04T01:40Z,1,3,Phoenix
401228662,HOU,LAD,2021-08-04T02:10Z,3,0,Los Angeles
401228679,MIN,CIN,2021-08-04T16:35Z,5,6,Cincinnati
401228684,SEA,TB,2021-08-04T17:10Z,3,4,St. Petersburg
401228682,PIT,MIL,2021-08-04T18:10Z,2,4,Milwaukee
401228683,SD,OAK,2021-08-04T19:37Z,4,5,Oakland
401228673,BAL,NYY,2021-08-04T23:05Z,3,10,Bronx
401228681,PHI,WSH,2021-08-04T23:05Z,9,5,Washington
401228676,CLE,TOR,2021-08-04T23:07Z,6,8,Toronto
401228674,BOS,DET,2021-08-04T23:10Z,4,1,Detroit
401228680,NYM,MIA,2021-08-04T23:10Z,5,3,Miami
401228672,ATL,STL,2021-08-05T00:00Z,7,4,St. Louis
401228671,LAA,TEX,2021-08-05T00:05Z,2,1,Arlington
401228678,KC,CHW,2021-08-05T00:10Z,9,1,Chicago
401228675,CHC,COL,2021-08-05T00:40Z,3,2,Denver
401228677,HOU,LAD,2021-08-05T01:40Z,5,7,Los Angeles
401228685,SF,ARI,2021-08-05T01:40Z,7,1,Phoenix
401228693,NYM,MIA,2021-08-05T16:10Z,2,4,Miami
401228688,BOS,DET,2021-08-05T17:10Z,1,8,Detroit
401228686,LAA,TEX,2021-08-05T18:05Z,5,0,Arlington
401228689,CHC,COL,2021-08-05T19:10Z,5,6,Denver
401228697,SF,ARI,2021-08-05T19:40Z,5,4,Phoenix
401228694,PHI,WSH,2021-08-05T20:05Z,7,6,Washington
401228696,SEA,NYY,2021-08-05T23:05Z,3,5,Bronx
401228690,CLE,TOR,2021-08-05T23:07Z,0,3,Toronto
401228695,PIT,CIN,2021-08-05T23:10Z,4,7,Cincinnati
401228691,KC,CHW,2021-08-06T00:10Z,3,2,Chicago
401228692,MIN,HOU,2021-08-06T00:10Z,5,3,Houston
401228687,ATL,STL,2021-08-06T00:15Z,8,4,St. Louis
401228701,CHW,CHC,2021-08-06T18:20Z,8,6,Chicago
401228706,NYM,PHI,2021-08-06T23:00Z,2,4,Philadelphia
401228708,SEA,NYY,2021-08-06T23:05Z,2,3,Bronx
401228710,TB,BAL,2021-08-06T23:05Z,10,6,Baltimore
401228700,BOS,TOR,2021-08-06T23:07Z,4,12,Toronto
401228702,DET,CLE,2021-08-06T23:10Z,1,6,Cleveland
401228707,PIT,CIN,2021-08-06T23:10Z,0,10,Cincinnati
401228712,WSH,ATL,2021-08-06T23:20Z,4,8,Atlanta
401228705,MIN,HOU,2021-08-07T00:10Z,5,4,Houston
401228709,SF,MIL,2021-08-07T00:10Z,1,2,Milwaukee
401228703,KC,STL,2021-08-07T00:15Z,2,4,St. Louis
401228704,MIA,COL,2021-08-07T00:40Z,2,14,Denver
401228711,TEX,OAK,2021-08-07T01:40Z,1,4,Oakland
401228698,LAA,LAD,2021-08-07T02:10Z,4,3,Los Angeles
401228699,ARI,SD,2021-08-07T02:10Z,8,5,San Diego
401228723,SEA,NYY,2021-08-07T17:05Z,4,5,Bronx
401228716,CHW,CHC,2021-08-07T18:20Z,4,0,Chicago
401228715,BOS,TOR,2021-08-07T19:07Z,0,1,Toronto
401228721,NYM,PHI,2021-08-07T20:05Z,3,5,Philadelphia
401228726,TEX,OAK,2021-08-07T20:07Z,3,12,Oakland
401228725,TB,BAL,2021-08-07T23:05Z,12,3,Baltimore
401348934,BOS,TOR,2021-08-07T23:07Z,2,1,Toronto
401228717,DET,CLE,2021-08-07T23:10Z,2,1,Cleveland
401228720,MIN,HOU,2021-08-07T23:10Z,0,4,Houston
401228722,PIT,CIN,2021-08-07T23:10Z,3,11,Cincinnati
401228724,SF,MIL,2021-08-07T23:10Z,9,6,Milwaukee
401228718,KC,STL,2021-08-07T23:15Z,2,5,St. Louis
401228727,WSH,ATL,2021-08-07T23:20Z,3,2,Atlanta
401228719,MIA,COL,2021-08-08T00:10Z,4,7,Denver
401228714,ARI,SD,2021-08-08T00:40Z,2,6,San Diego
401228713,LAA,LAD,2021-08-08T01:10Z,3,5,Los Angeles
401228736,NYM,PHI,2021-08-08T17:05Z,0,3,Philadelphia
401228738,SEA,NYY,2021-08-08T17:05Z,2,0,Bronx
401228740,TB,BAL,2021-08-08T17:05Z,9,6,Baltimore
401228730,BOS,TOR,2021-08-08T17:07Z,8,9,Toronto
401228732,DET,CLE,2021-08-08T17:10Z,5,7,Cleveland
401228737,PIT,CIN,2021-08-08T17:10Z,2,3,Cincinnati
401228742,WSH,ATL,2021-08-08T17:20Z,4,5,Atlanta
401228735,MIN,HOU,2021-08-08T18:10Z,7,5,Houston
401228739,SF,MIL,2021-08-08T18:10Z,5,4,Milwaukee
401228733,KC,STL,2021-08-08T18:15Z,6,5,St. Louis
401228734,MIA,COL,2021-08-08T19:10Z,8,13,Denver
401228741,TEX,OAK,2021-08-08T20:07Z,3,6,Oakland
401228728,LAA,LAD,2021-08-08T20:10Z,2,8,Los Angeles
401228729,ARI,SD,2021-08-08T20:10Z,0,2,San Diego
401228731,CHW,CHC,2021-08-08T23:00Z,9,3,Chicago
401325779,CIN,CLE,2021-08-09T22:10Z,3,9,Cleveland
401228743,CHW,MIN,2021-08-10T00:00Z,11,1,Minneapolis
401228746,NYY,KC,2021-08-10T00:10Z,8,6,Kansas City
401228744,MIA,SD,2021-08-10T02:10Z,3,8,San Diego
401357667,MIL,CHC,2021-08-10T18:20Z,4,2,Chicago
401320173,LAA,TOR,2021-08-10T22:07Z,6,3,Anaheim
401228751,DET,BAL,2021-08-10T23:05Z,9,4,Baltimore
401228752,LAD,PHI,2021-08-10T23:05Z,5,0,Philadelphia
401228757,STL,PIT,2021-08-10T23:05Z,4,1,Pittsburgh
401228756,OAK,CLE,2021-08-10T23:10Z,4,3,Cleveland
401228758,TB,BOS,2021-08-10T23:10Z,8,4,Boston
401228761,WSH,NYM,2021-08-10T23:10Z,7,8,Queens
401228749,CIN,ATL,2021-08-10T23:20Z,2,3,Atlanta
401228754,MIL,CHC,2021-08-11T00:05Z,6,3,Chicago
401228748,CHW,MIN,2021-08-11T00:10Z,3,4,Minneapolis
401228750,COL,HOU,2021-08-11T00:10Z,0,5,Houston
401228755,NYY,KC,2021-08-11T00:10Z,4,8,Kansas City
401228747,ARI,SF,2021-08-11T01:45Z,7,8,San Francisco
401228760,TOR,LAA,2021-08-11T02:07Z,4,0,Anaheim
401228753,MIA,SD,2021-08-11T02:10Z,5,6,San Diego
401228759,TEX,SEA,2021-08-11T02:10Z,5,4,Seattle
401228763,CHW,MIN,2021-08-11T17:10Z,0,1,Minneapolis
401228765,COL,HOU,2021-08-11T18:10Z,1,5,Houston
401228770,NYY,KC,2021-08-11T18:10Z,5,2,Kansas City
401228768,MIA,SD,2021-08-11T20:10Z,7,0,San Diego
401228767,LAD,PHI,2021-08-11T23:00Z,8,2,Philadelphia
401228766,DET,BAL,2021-08-11T23:05Z,5,2,Baltimore
401228772,STL,PIT,2021-08-11T23:05Z,4,0,Pittsburgh
401228771,OAK,CLE,2021-08-11T23:10Z,6,3,Cleveland
401228773,TB,BOS,2021-08-11T23:10Z,8,20,Boston
401228764,CIN,ATL,2021-08-11T23:20Z,6,8,Atlanta
401228769,MIL,CHC,2021-08-12T00:05Z,10,0,Chicago
401228775,TOR,LAA,2021-08-12T01:38Z,10,2,Anaheim
401228762,ARI,SF,2021-08-12T01:45Z,2,7,San Francisco
401228774,TEX,SEA,2021-08-12T02:10Z,1,2,Seattle
401357934,WSH,NYM,2021-08-12T16:10Z,1,4,Queens
401228784,STL,PIT,2021-08-12T16:35Z,7,6,Pittsburgh
401228780,LAD,PHI,2021-08-12T17:05Z,1,2,Philadelphia
401228782,OAK,CLE,2021-08-12T17:10Z,17,0,Cleveland
401228781,MIL,CHC,2021-08-12T18:20Z,17,4,Chicago
401228788,WSH,NYM,2021-08-12T19:15Z,4,5,Queens
401228779,DET,BAL,2021-08-12T20:05Z,6,4,Baltimore
401228785,TB,BOS,2021-08-12T20:10Z,8,1,Boston
401228786,TEX,SEA,2021-08-12T20:10Z,1,3,Seattle
401228777,CIN,ATL,2021-08-12T21:10Z,12,3,Atlanta
401264942,NYY,CHW,2021-08-12T23:15Z,8,9,Dyersville
401228787,TOR,LAA,2021-08-13T01:38Z,3,6,Anaheim
401228783,SD,ARI,2021-08-13T01:40Z,3,12,Phoenix
401228778,COL,SF,2021-08-13T01:45Z,0,7,San Francisco
401228789,ATL,WSH,2021-08-13T23:05Z,4,2,Washington
401228792,CIN,PHI,2021-08-13T23:05Z,6,1,Philadelphia
401228790,BAL,BOS,2021-08-13T23:10Z,1,8,Boston
401228791,CHC,MIA,2021-08-13T23:10Z,10,14,Miami
401228793,CLE,DET,2021-08-13T23:10Z,7,4,Detroit
401228796,LAD,NYM,2021-08-13T23:10Z,6,5,Queens
401228799,OAK,TEX,2021-08-14T00:05Z,6,8,Arlington
401228801,STL,KC,2021-08-14T00:10Z,6,0,Kansas City
401228802,TB,MIN,2021-08-14T00:10Z,10,4,Minneapolis
401228795,HOU,LAA,2021-08-14T01:38Z,4,1,Anaheim
401228800,SD,ARI,2021-08-14T01:40Z,2,3,Phoenix
401228794,COL,SF,2021-08-14T01:45Z,4,5,San Francisco
401228803,TOR,SEA,2021-08-14T02:10Z,2,3,Seattle
401358393,MIL,PIT,2021-08-14T18:30Z,4,14,Pittsburgh
401228807,CIN,PHI,2021-08-14T20:05Z,1,6,Philadelphia
401228805,BAL,BOS,2021-08-14T20:10Z,2,16,Boston
401228804,ATL,WSH,2021-08-14T22:05Z,12,2,Washington
401228806,CHC,MIA,2021-08-14T22:10Z,4,5,Miami
401228808,CLE,DET,2021-08-14T22:10Z,4,6,Detroit
401228812,MIL,PIT,2021-08-14T23:05Z,6,0,Pittsburgh
401228814,OAK,TEX,2021-08-14T23:05Z,8,3,Arlington
401228811,LAD,NYM,2021-08-14T23:10Z,2,1,Queens
401228813,NYY,CHW,2021-08-14T23:10Z,7,5,Chicago
401228816,STL,KC,2021-08-14T23:10Z,9,4,Kansas City
401228817,TB,MIN,2021-08-14T23:10Z,0,12,Minneapolis
401228815,SD,ARI,2021-08-15T00:10Z,0,7,Phoenix
401228809,COL,SF,2021-08-15T01:05Z,4,1,San Francisco
401228810,HOU,LAA,2021-08-15T01:07Z,8,2,Anaheim
401228818,TOR,SEA,2021-08-15T02:10Z,3,9,Seattle
401228819,ATL,WSH,2021-08-15T17:05Z,6,5,Washington
401228822,CIN,PHI,2021-08-15T17:05Z,7,4,Philadelphia
401228827,MIL,PIT,2021-08-15T17:05Z,2,1,Pittsburgh
401228820,BAL,BOS,2021-08-15T17:10Z,2,6,Boston
401228821,CHC,MIA,2021-08-15T17:10Z,1,4,Miami
401228823,CLE,DET,2021-08-15T17:10Z,11,0,Detroit
401228828,NYY,CHW,2021-08-15T18:10Z,5,3,Chicago
401228831,STL,KC,2021-08-15T18:10Z,7,2,Kansas City
401228832,TB,MIN,2021-08-15T18:10Z,4,5,Minneapolis
401228829,OAK,TEX,2021-08-15T18:35Z,4,7,Arlington
401228824,COL,SF,2021-08-15T20:05Z,2,5,San Francisco
401228825,HOU,LAA,2021-08-15T20:07Z,1,3,Anaheim
401228830,SD,ARI,2021-08-15T20:10Z,8,2,Phoenix
401228833,TOR,SEA,2021-08-15T20:10Z,8,3,Seattle
401228826,LAD,NYM,2021-08-15T23:00Z,14,4,Queens
401343034,LAA,NYY,2021-08-16T23:05Z,1,2,Bronx
401228834,ATL,MIA,2021-08-16T23:10Z,12,2,Miami
401228835,BAL,TB,2021-08-16T23:10Z,2,9,St. Petersburg
401228836,CHC,CIN,2021-08-16T23:10Z,5,14,Cincinnati
401228840,OAK,CHW,2021-08-17T00:00Z,2,5,Chicago
401228837,CLE,MIN,2021-08-17T00:10Z,4,5,Minneapolis
401228838,HOU,KC,2021-08-17T00:10Z,6,7,Kansas City
401289753,SD,COL,2021-08-17T00:40Z,5,6,Denver
401228839,NYM,SF,2021-08-17T01:45Z,5,7,San Francisco
401228841,PIT,LAD,2021-08-17T02:10Z,1,2,Los Angeles
401347957,BOS,NYY,2021-08-17T17:05Z,3,5,Bronx
401228845,BOS,NYY,2021-08-17T23:05Z,0,2,Bronx
401228856,TOR,WSH,2021-08-17T23:05Z,6,12,Washington
401228842,LAA,DET,2021-08-17T23:10Z,8,2,Detroit
401228843,ATL,MIA,2021-08-17T23:10Z,2,0,Miami
401228844,BAL,TB,2021-08-17T23:10Z,0,10,St. Petersburg
401228846,CHC,CIN,2021-08-17T23:10Z,2,1,Cincinnati
401228849,MIL,STL,2021-08-17T23:45Z,2,0,St. Louis
401228855,SEA,TEX,2021-08-18T00:05Z,3,1,Arlington
401228847,CLE,MIN,2021-08-18T00:10Z,3,1,Minneapolis
401228848,HOU,KC,2021-08-18T00:10Z,1,3,Kansas City
401228851,OAK,CHW,2021-08-18T00:10Z,0,9,Chicago
401228854,SD,COL,2021-08-18T00:40Z,3,7,Denver
401228852,PHI,ARI,2021-08-18T01:40Z,2,3,Phoenix
401228850,NYM,SF,2021-08-18T01:45Z,2,3,San Francisco
401228853,PIT,LAD,2021-08-18T02:10Z,3,4,Los Angeles
401228861,CHC,CIN,2021-08-18T16:35Z,7,1,Cincinnati
401228862,CLE,MIN,2021-08-18T17:10Z,7,8,Minneapolis
401228869,SD,COL,2021-08-18T19:10Z,5,7,Denver
401228865,NYM,SF,2021-08-18T19:45Z,6,2,San Francisco
401228871,TOR,WSH,2021-08-18T20:05Z,5,8,Washington
401228860,BOS,NYY,2021-08-18T23:00Z,2,5,Bronx
401228857,LAA,DET,2021-08-18T23:10Z,3,1,Detroit
401228858,ATL,MIA,2021-08-18T23:10Z,11,9,Miami
401228859,BAL,TB,2021-08-18T23:10Z,4,8,St. Petersburg
401228864,MIL,STL,2021-08-18T23:45Z,6,4,St. Louis
401228870,SEA,TEX,2021-08-19T00:05Z,3,1,Arlington
401228863,HOU,KC,2021-08-19T00:10Z,2,3,Kansas City
401228866,OAK,CHW,2021-08-19T00:10Z,2,3,Chicago
401228867,PHI,ARI,2021-08-19T01:40Z,2,4,Phoenix
401228868,PIT,LAD,2021-08-19T02:10Z,0,9,Los Angeles
401228872,LAA,DET,2021-08-19T17:10Z,13,10,Detroit
401228873,BAL,TB,2021-08-19T17:10Z,2,7,St. Petersburg
401228882,SEA,TEX,2021-08-19T18:05Z,9,8,Arlington
401228874,HOU,KC,2021-08-19T18:10Z,6,3,Kansas City
401228879,OAK,CHW,2021-08-19T18:10Z,5,4,Chicago
401228880,PHI,ARI,2021-08-19T19:40Z,2,6,Phoenix
401228877,MIN,NYY,2021-08-19T23:05Z,5,7,Bronx
401228875,MIA,CIN,2021-08-19T23:10Z,1,6,Cincinnati
401228876,MIL,STL,2021-08-19T23:45Z,4,8,St. Louis
401228878,NYM,LAD,2021-08-20T02:10Z,1,4,Los Angeles
401228888,KC,CHC,2021-08-20T18:20Z,6,2,Chicago
401228885,ATL,BAL,2021-08-20T23:05Z,3,0,Baltimore
401228890,MIN,NYY,2021-08-20T23:05Z,2,10,Bronx
401228887,DET,TOR,2021-08-20T23:07Z,4,1,Toronto
401228883,LAA,CLE,2021-08-20T23:10Z,1,9,Cleveland
401228886,CHW,TB,2021-08-20T23:10Z,7,5,St. Petersburg
401228889,MIA,CIN,2021-08-20T23:10Z,3,5,Cincinnati
401228896,TEX,BOS,2021-08-20T23:10Z,0,6,Boston
401228894,SEA,HOU,2021-08-21T00:10Z,3,12,Houston
401228897,WSH,MIL,2021-08-21T00:10Z,4,1,Milwaukee
401228893,PIT,STL,2021-08-21T00:15Z,4,0,St. Louis
401228884,ARI,COL,2021-08-21T00:40Z,4,9,Denver
401228895,SF,OAK,2021-08-21T01:40Z,1,4,Oakland
401228891,NYM,LAD,2021-08-21T02:10Z,2,3,Los Angeles
401228892,PHI,SD,2021-08-21T02:10Z,4,3,San Diego
401228905,MIN,NYY,2021-08-21T17:05Z,1,7,Bronx
401228901,CHW,TB,2021-08-21T17:10Z,4,8,St. Petersburg
401228903,KC,CHC,2021-08-21T18:20Z,4,2,Chicago
401228902,DET,TOR,2021-08-21T19:07Z,0,3,Toronto
401228906,NYM,LAD,2021-08-21T20:05Z,3,4,Los Angeles
401228912,WSH,MIL,2021-08-21T20:05Z,6,9,Milwaukee
401228910,SF,OAK,2021-08-21T20:07Z,6,5,Oakland
401228898,LAA,CLE,2021-08-21T20:10Z,1,5,Cleveland
401228909,SEA,HOU,2021-08-21T20:10Z,1,15,Houston
401228904,MIA,CIN,2021-08-21T22:40Z,4,7,Cincinnati
401228900,ATL,BAL,2021-08-21T23:05Z,5,4,Baltimore
401228911,TEX,BOS,2021-08-21T23:10Z,10,1,Boston
401228908,PIT,STL,2021-08-21T23:15Z,5,4,St. Louis
401228899,ARI,COL,2021-08-22T00:10Z,2,5,Denver
401228907,PHI,SD,2021-08-22T00:40Z,3,4,San Diego
401228915,ATL,BAL,2021-08-22T17:05Z,3,1,Baltimore
401228917,DET,TOR,2021-08-22T17:07Z,5,3,Toronto
401228916,CHW,TB,2021-08-22T17:10Z,0,9,St. Petersburg
401228919,MIA,CIN,2021-08-22T17:10Z,1,3,Cincinnati
401228924,SEA,HOU,2021-08-22T18:10Z,6,3,Houston
401228927,WSH,MIL,2021-08-22T18:10Z,3,7,Milwaukee
401228923,PIT,STL,2021-08-22T18:15Z,0,3,St. Louis
401228918,KC,CHC,2021-08-22T18:20Z,9,1,Chicago
401228914,ARI,COL,2021-08-22T19:10Z,8,4,Denver
401228922,PHI,SD,2021-08-22T19:40Z,7,4,San Diego
401228925,SF,OAK,2021-08-22T20:07Z,2,1,Oakland
401228921,NYM,LAD,2021-08-22T20:10Z,7,2,Los Angeles
401228913,LAA,CLE,2021-08-22T23:00Z,0,3,Williamsport
401361178,TEX,BOS,2021-08-23T17:10Z,4,8,Boston
401228928,ARI,PIT,2021-08-23T23:05Z,5,6,Pittsburgh
401228929,CHW,TOR,2021-08-23T23:07Z,1,2,Toronto
401228932,NYY,ATL,2021-08-23T23:20Z,5,1,Atlanta
401228930,COL,CHC,2021-08-24T00:05Z,4,6,Chicago
401228931,KC,HOU,2021-08-24T00:10Z,7,1,Houston
401228933,SEA,OAK,2021-08-24T01:40Z,5,3,Oakland
401228944,SEA,OAK,2021-08-24T19:37Z,5,1,Oakland
401228934,LAA,BAL,2021-08-24T23:05Z,14,8,Baltimore
401228935,ARI,PIT,2021-08-24T23:05Z,2,4,Pittsburgh
401228946,TB,PHI,2021-08-24T23:05Z,3,1,Philadelphia
401228936,CHW,TOR,2021-08-24T23:07Z,5,2,Toronto
401228942,MIN,BOS,2021-08-24T23:10Z,9,11,Boston
401228945,SF,NYM,2021-08-24T23:10Z,8,0,Queens
401228947,TEX,CLE,2021-08-24T23:10Z,7,3,Cleveland
401228948,WSH,MIA,2021-08-24T23:10Z,5,1,Miami
401228943,NYY,ATL,2021-08-24T23:20Z,5,4,Atlanta
401228939,DET,STL,2021-08-24T23:45Z,4,3,St. Louis
401228937,CIN,MIL,2021-08-25T00:10Z,4,7,Milwaukee
401228940,KC,HOU,2021-08-25T00:10Z,0,4,Houston
401228941,LAD,SD,2021-08-25T02:00Z,5,2,San Diego
401228954,DET,STL,2021-08-25T17:15Z,2,3,St. Louis
401228955,KC,HOU,2021-08-25T18:10Z,5,6,Houston
401228953,COL,CHC,2021-08-25T18:20Z,2,5,Chicago
401361417,COL,CHC,2021-08-25T22:30Z,13,10,Chicago
401228949,LAA,BAL,2021-08-25T23:05Z,6,10,Baltimore
401228950,ARI,PIT,2021-08-25T23:05Z,5,2,Pittsburgh
401228959,TB,PHI,2021-08-25T23:05Z,7,4,Philadelphia
401228951,CHW,TOR,2021-08-25T23:07Z,1,3,Toronto
401228957,MIN,BOS,2021-08-25T23:10Z,9,6,Boston
401228958,SF,NYM,2021-08-25T23:10Z,3,2,Queens
401228960,TEX,CLE,2021-08-25T23:10Z,2,7,Cleveland
401228961,WSH,MIA,2021-08-25T23:10Z,3,4,Miami
401228952,CIN,MIL,2021-08-26T00:10Z,1,4,Milwaukee
401228956,LAD,SD,2021-08-26T02:00Z,5,3,San Diego
401228962,LAA,BAL,2021-08-26T17:05Z,1,13,Baltimore
401228965,CIN,MIL,2021-08-26T18:10Z,5,1,Milwaukee
401228964,CHW,TOR,2021-08-26T19:07Z,10,7,Toronto
401228963,ARI,PHI,2021-08-26T23:05Z,8,7,Philadelphia
401228971,STL,PIT,2021-08-26T23:05Z,7,11,Pittsburgh
401228968,MIN,BOS,2021-08-26T23:10Z,2,12,Boston
401228970,SF,NYM,2021-08-26T23:10Z,3,2,Queens
401228972,TEX,CLE,2021-08-26T23:10Z,6,10,Cleveland
401228973,WSH,MIA,2021-08-26T23:10Z,5,7,Miami
401228967,LAD,SD,2021-08-27T01:10Z,4,0,San Diego
401228969,NYY,OAK,2021-08-27T01:40Z,7,6,Oakland
401228966,KC,SEA,2021-08-27T02:10Z,6,4,Seattle
401228974,ARI,PHI,2021-08-27T23:05Z,6,7,Philadelphia
401228985,STL,PIT,2021-08-27T23:05Z,4,3,Pittsburgh
401228986,TB,BAL,2021-08-27T23:05Z,6,3,Baltimore
401228975,BOS,CLE,2021-08-27T23:10Z,4,3,Cleveland
401228977,CIN,MIA,2021-08-27T23:10Z,6,0,Miami
401228987,TOR,DET,2021-08-27T23:10Z,1,2,Detroit
401228988,WSH,NYM,2021-08-27T23:10Z,2,1,Queens
401228984,SF,ATL,2021-08-27T23:20Z,5,6,Atlanta
401228979,HOU,TEX,2021-08-28T00:05Z,5,4,Arlington
401228976,CHC,CHW,2021-08-28T00:10Z,13,17,Chicago
401228981,MIL,MIN,2021-08-28T00:10Z,0,2,Minneapolis
401228983,SD,LAA,2021-08-28T01:38Z,5,0,Anaheim
401228982,NYY,OAK,2021-08-28T01:40Z,8,2,Oakland
401228978,COL,LAD,2021-08-28T02:10Z,4,2,Los Angeles
401228980,KC,SEA,2021-08-28T02:10Z,8,7,Seattle
401228990,BOS,CLE,2021-08-28T20:05Z,5,3,Cleveland
401228997,NYY,OAK,2021-08-28T20:07Z,2,3,Oakland
401228995,KC,SEA,2021-08-28T20:10Z,4,2,Seattle
401228989,ARI,PHI,2021-08-28T22:05Z,0,7,Philadelphia
401228992,CIN,MIA,2021-08-28T22:10Z,1,6,Miami
401229002,TOR,DET,2021-08-28T22:10Z,3,2,Detroit
401228994,HOU,TEX,2021-08-28T23:05Z,5,2,Arlington
401229000,STL,PIT,2021-08-28T23:05Z,13,0,Pittsburgh
401229001,TB,BAL,2021-08-28T23:05Z,4,3,Baltimore
401228991,CHC,CHW,2021-08-28T23:10Z,7,0,Chicago
401228996,MIL,MIN,2021-08-28T23:10Z,4,6,Minneapolis
401229003,WSH,NYM,2021-08-28T23:10Z,3,5,Queens
401228999,SF,ATL,2021-08-28T23:20Z,5,0,Atlanta
401228998,SD,LAA,2021-08-29T01:07Z,2,10,Anaheim
401228993,COL,LAD,2021-08-29T01:10Z,2,5,Los Angeles
401229004,ARI,PHI,2021-08-29T17:05Z,4,7,Philadelphia
401229014,STL,PIT,2021-08-29T17:05Z,3,4,Pittsburgh
401229015,TB,BAL,2021-08-29T17:05Z,12,8,Baltimore
401229005,BOS,CLE,2021-08-29T17:10Z,5,7,Cleveland
401229007,CIN,MIA,2021-08-29T17:10Z,1,2,Miami
401229016,TOR,DET,2021-08-29T17:10Z,2,1,Detroit
401229017,WSH,NYM,2021-08-29T17:10Z,4,9,Queens
401229013,SF,ATL,2021-08-29T17:20Z,0,9,Atlanta
401229006,CHC,CHW,2021-08-29T18:10Z,1,13,Chicago
401229011,MIL,MIN,2021-08-29T18:10Z,6,2,Minneapolis
401229009,HOU,TEX,2021-08-29T18:35Z,2,13,Arlington
401229008,COL,LAD,2021-08-29T20:10Z,5,0,Los Angeles
401229010,KC,SEA,2021-08-29T20:10Z,3,4,Seattle
401229012,NYY,OAK,2021-08-29T23:00Z,1,3,Oakland
401347954,MIN,DET,2021-08-30T18:10Z,3,2,Detroit
401229027,STL,CIN,2021-08-30T22:40Z,3,1,Cincinnati
401229025,PHI,WSH,2021-08-30T23:05Z,7,4,Washington
401229019,BAL,TOR,2021-08-30T23:07Z,3,7,Toronto
401229020,BOS,TB,2021-08-30T23:10Z,1,6,St. Petersburg
401229021,COL,TEX,2021-08-31T00:05Z,3,4,Arlington
401229024,NYY,LAA,2021-08-31T01:38Z,7,8,Anaheim
401229026,SD,ARI,2021-08-31T01:40Z,7,5,Phoenix
401229023,MIL,SF,2021-08-31T01:45Z,3,1,San Francisco
401229018,ATL,LAD,2021-08-31T02:10Z,3,5,Los Angeles
401229022,HOU,SEA,2021-08-31T02:10Z,4,3,Seattle
401229039,PHI,WSH,2021-08-31T23:05Z,12,6,Washington
401229029,BAL,TOR,2021-08-31T23:07Z,4,2,Toronto
401229030,BOS,TB,2021-08-31T23:10Z,5,8,St. Petersburg
401229035,MIA,NYM,2021-08-31T23:10Z,1,3,Queens
401229038,OAK,DET,2021-08-31T23:10Z,9,3,Detroit
401229033,COL,TEX,2021-09-01T00:05Z,3,4,Arlington
401229031,CHC,MIN,2021-09-01T00:10Z,3,1,Minneapolis
401229032,CLE,KC,2021-09-01T00:10Z,7,2,Kansas City
401229040,PIT,CHW,2021-09-01T00:10Z,2,4,Chicago
401229037,NYY,LAA,2021-09-01T01:38Z,4,6,Anaheim
401229041,SD,ARI,2021-09-01T01:40Z,3,0,Phoenix
401229036,MIL,SF,2021-09-01T01:45Z,6,2,San Francisco
401229028,ATL,LAD,2021-09-01T02:10Z,2,3,Los Angeles
401229034,HOU,SEA,2021-09-01T02:10Z,0,4,Seattle
401362333,STL,CIN,2021-09-01T17:10Z,5,4,Cincinnati
401229048,COL,TEX,2021-09-01T18:05Z,9,5,Arlington
401229056,SD,ARI,2021-09-01T19:40Z,3,8,Phoenix
401229049,HOU,SEA,2021-09-01T20:10Z,0,1,Seattle
401229057,STL,CIN,2021-09-01T22:40Z,2,12,Cincinnati
401229044,BAL,TOR,2021-09-01T23:07Z,4,5,Toronto
401229052,NYY,LAA,2021-09-01T23:07Z,4,1,Anaheim
401229045,BOS,TB,2021-09-01T23:10Z,3,2,St. Petersburg
401229053,OAK,DET,2021-09-01T23:10Z,6,8,Detroit
401229046,CHC,MIN,2021-09-02T00:10Z,3,0,Minneapolis
401229047,CLE,KC,2021-09-02T00:10Z,5,3,Kansas City
401229055,PIT,CHW,2021-09-02T00:10Z,3,6,Chicago
401229051,MIL,SF,2021-09-02T01:45Z,5,2,San Francisco
401229043,ATL,LAD,2021-09-02T02:10Z,3,4,Los Angeles
401362410,PHI,WSH,2021-09-02T17:05Z,7,6,Washington
401229063,OAK,DET,2021-09-02T17:10Z,8,6,Detroit
401229062,MIL,SF,2021-09-02T19:45Z,1,5,San Francisco
401229059,BOS,TB,2021-09-02T23:10Z,4,0,St. Petersburg
401229061,MIA,NYM,2021-09-02T23:10Z,3,4,Queens
401229064,PIT,CHC,2021-09-03T00:05Z,5,6,Chicago
401229060,CLE,KC,2021-09-03T00:10Z,4,2,Kansas City
401229058,ATL,COL,2021-09-03T00:40Z,6,5,Denver
401229076,PIT,CHC,2021-09-03T18:20Z,5,6,Chicago
401229066,BAL,NYY,2021-09-03T23:05Z,3,4,Bronx
401229073,NYM,WSH,2021-09-03T23:05Z,6,2,Washington
401229074,OAK,TOR,2021-09-03T23:07Z,10,11,Toronto
401229068,CLE,BOS,2021-09-03T23:10Z,5,8,Boston
401229069,DET,CIN,2021-09-03T23:10Z,15,5,Cincinnati
401229072,MIN,TB,2021-09-03T23:10Z,3,5,St. Petersburg
401229075,PHI,MIA,2021-09-03T23:10Z,3,10,Miami
401229067,CHW,KC,2021-09-04T00:10Z,2,7,Kansas City
401229078,STL,MIL,2021-09-04T00:10Z,15,4,Milwaukee
401229065,ATL,COL,2021-09-04T00:40Z,3,4,Denver
401229079,TEX,LAA,2021-09-04T01:38Z,2,3,Anaheim
401229077,SEA,ARI,2021-09-04T01:40Z,6,5,Phoenix
401229071,LAD,SF,2021-09-04T01:45Z,2,3,San Francisco
401229070,HOU,SD,2021-09-04T02:10Z,6,3,San Diego
401229081,BAL,NYY,2021-09-04T17:05Z,4,3,Bronx
401319236,NYM,WSH,2021-09-04T17:05Z,11,9,Washington
401229091,PIT,CHC,2021-09-04T18:20Z,6,7,Chicago
401229089,OAK,TOR,2021-09-04T19:07Z,8,10,Toronto
401229083,CLE,BOS,2021-09-04T20:10Z,3,4,Boston
401229087,MIN,TB,2021-09-04T20:10Z,4,11,St. Petersburg
401229088,NYM,WSH,2021-09-04T22:05Z,3,4,Washington
401229090,PHI,MIA,2021-09-04T22:10Z,2,3,Miami
401229082,CHW,KC,2021-09-04T23:10Z,10,7,Kansas City
401229084,DET,CIN,2021-09-04T23:10Z,4,7,Cincinnati
401229093,STL,MIL,2021-09-04T23:10Z,0,4,Milwaukee
401229080,ATL,COL,2021-09-05T00:10Z,6,7,Denver
401229092,SEA,ARI,2021-09-05T00:10Z,8,5,Phoenix
401229085,HOU,SD,2021-09-05T00:40Z,2,10,San Diego
401229086,LAD,SF,2021-09-05T01:05Z,6,1,San Francisco
401229094,TEX,LAA,2021-09-05T01:07Z,1,4,Anaheim
401229096,BAL,NYY,2021-09-05T17:05Z,8,7,Bronx
401229103,NYM,WSH,2021-09-05T17:05Z,13,6,Washington
401229104,OAK,TOR,2021-09-05T17:07Z,0,8,Toronto
401229098,CLE,BOS,2021-09-05T17:10Z,11,5,Boston
401229099,DET,CIN,2021-09-05T17:10Z,4,1,Cincinnati
401229102,MIN,TB,2021-09-05T17:10Z,6,5,St. Petersburg
401229105,PHI,MIA,2021-09-05T17:10Z,4,3,Miami
401229097,CHW,KC,2021-09-05T18:10Z,0,6,Kansas City
401229108,STL,MIL,2021-09-05T18:10Z,5,6,Milwaukee
401229106,PIT,CHC,2021-09-05T18:20Z,8,11,Chicago
401229095,ATL,COL,2021-09-05T19:10Z,9,2,Denver
401229109,TEX,LAA,2021-09-05T20:07Z,7,3,Anaheim
401229100,HOU,SD,2021-09-05T20:10Z,3,4,San Diego
401229107,SEA,ARI,2021-09-05T20:10Z,10,4,Phoenix
401229101,LAD,SF,2021-09-05T23:00Z,4,6,San Francisco
401229119,TB,BOS,2021-09-06T17:00Z,11,10,Boston
401229112,KC,BAL,2021-09-06T17:05Z,3,2,Baltimore
401229115,NYM,WSH,2021-09-06T17:05Z,3,4,Washington
401229121,TOR,NYY,2021-09-06T17:05Z,8,0,Bronx
401229111,DET,PIT,2021-09-06T17:35Z,3,6,Pittsburgh
401229116,PHI,MIL,2021-09-06T18:10Z,12,0,Milwaukee
401229110,CIN,CHC,2021-09-06T18:20Z,3,4,Chicago
401229118,SF,COL,2021-09-06T20:00Z,10,5,Denver
401229113,LAD,STL,2021-09-06T20:15Z,5,1,St. Louis
401229114,MIN,CLE,2021-09-06T22:10Z,5,2,Cleveland
401229117,SEA,HOU,2021-09-06T23:10Z,2,11,Houston
401229120,TEX,LAA,2021-09-07T01:07Z,4,0,Anaheim
401229128,MIN,CLE,2021-09-07T22:10Z,3,0,Cleveland
401229125,DET,PIT,2021-09-07T22:35Z,2,3,Pittsburgh
401229129,NYM,MIA,2021-09-07T22:40Z,9,4,Miami
401229126,KC,BAL,2021-09-07T23:05Z,3,7,Baltimore
401229135,TOR,NYY,2021-09-07T23:05Z,5,1,Bronx
401229133,TB,BOS,2021-09-07T23:10Z,12,7,Boston
401229136,WSH,ATL,2021-09-07T23:20Z,5,8,Atlanta
401229124,CIN,CHC,2021-09-07T23:40Z,4,3,Chicago
401229130,PHI,MIL,2021-09-07T23:40Z,0,10,Milwaukee
401229127,LAD,STL,2021-09-07T23:45Z,7,2,St. Louis
401229131,SEA,HOU,2021-09-08T00:10Z,4,5,Houston
401229132,SF,COL,2021-09-08T00:40Z,12,3,Denver
401229123,CHW,OAK,2021-09-08T01:40Z,6,3,Oakland
401229134,TEX,ARI,2021-09-08T01:40Z,3,1,Phoenix
401229122,LAA,SD,2021-09-08T02:10Z,4,0,San Diego
401229146,SEA,HOU,2021-09-08T18:10Z,8,5,Houston
401229147,SF,COL,2021-09-08T19:10Z,7,4,Denver
401229149,TEX,ARI,2021-09-08T19:40Z,8,5,Phoenix
401229143,MIN,CLE,2021-09-08T22:10Z,3,0,Cleveland
401229140,DET,PIT,2021-09-08T22:35Z,5,1,Pittsburgh
401229144,NYM,MIA,2021-09-08T22:40Z,1,2,Miami
401229141,KC,BAL,2021-09-08T23:05Z,8,9,Baltimore
401229150,TOR,NYY,2021-09-08T23:05Z,6,3,Bronx
401229148,TB,BOS,2021-09-08T23:10Z,1,2,Boston
401229151,WSH,ATL,2021-09-08T23:20Z,4,2,Atlanta
401229139,CIN,CHC,2021-09-08T23:40Z,1,4,Chicago
401229145,PHI,MIL,2021-09-08T23:40Z,3,4,Milwaukee
401229142,LAD,STL,2021-09-08T23:45Z,4,5,St. Louis
401229137,LAA,SD,2021-09-09T00:10Z,5,8,San Diego
401229138,CHW,OAK,2021-09-09T01:40Z,1,5,Oakland
401229155,LAD,STL,2021-09-09T17:15Z,1,2,St. Louis
401229152,CHW,OAK,2021-09-09T19:37Z,1,3,Oakland
401229156,MIN,CLE,2021-09-09T22:10Z,1,4,Cleveland
401229157,NYM,MIA,2021-09-09T22:40Z,2,3,Miami
401229153,COL,PHI,2021-09-09T23:05Z,4,3,Philadelphia
401229154,KC,BAL,2021-09-09T23:05Z,6,0,Baltimore
401229158,TOR,NYY,2021-09-09T23:05Z,6,4,Bronx
401229159,WSH,ATL,2021-09-09T23:20Z,6,7,Atlanta
401229170,SF,CHC,2021-09-10T18:20Z,6,1,Chicago
401229174,WSH,PIT,2021-09-10T22:35Z,3,4,Pittsburgh
401229164,COL,PHI,2021-09-10T23:05Z,11,2,Philadelphia
401229173,TOR,BAL,2021-09-10T23:05Z,3,6,Baltimore
401229167,MIL,CLE,2021-09-10T23:10Z,10,3,Cleveland
401229168,NYY,NYM,2021-09-10T23:10Z,3,10,Queens
401229171,TB,DET,2021-09-10T23:10Z,4,10,Detroit
401229166,MIA,ATL,2021-09-10T23:20Z,2,6,Atlanta
401229160,LAA,HOU,2021-09-11T00:10Z,5,10,Houston
401229162,BOS,CHW,2021-09-11T00:10Z,3,4,Chicago
401229165,KC,MIN,2021-09-11T00:10Z,6,4,Minneapolis
401229163,CIN,STL,2021-09-11T00:15Z,4,2,St. Louis
401229172,TEX,OAK,2021-09-11T01:40Z,5,10,Oakland
401229161,ARI,SEA,2021-09-11T02:10Z,4,5,Seattle
401229169,SD,LAD,2021-09-11T02:10Z,0,3,Los Angeles
401229185,SF,CHC,2021-09-11T18:20Z,15,4,Chicago
401229187,TEX,OAK,2021-09-11T20:07Z,8,6,Oakland
401229188,TOR,BAL,2021-09-11T20:35Z,11,10,Baltimore
401229179,COL,PHI,2021-09-11T22:05Z,1,6,Philadelphia
401229182,MIL,CLE,2021-09-11T22:10Z,3,0,Cleveland
401229186,TB,DET,2021-09-11T22:10Z,7,2,Detroit
401229189,WSH,PIT,2021-09-11T22:35Z,7,10,Pittsburgh
401229175,LAA,HOU,2021-09-11T23:10Z,4,2,Houston
401229177,BOS,CHW,2021-09-11T23:10Z,9,8,Chicago
401229180,KC,MIN,2021-09-11T23:10Z,2,9,Minneapolis
401229178,CIN,STL,2021-09-11T23:15Z,4,6,St. Louis
401229181,MIA,ATL,2021-09-11T23:20Z,6,4,Atlanta
401229183,NYY,NYM,2021-09-11T23:45Z,8,7,Queens
401345793,TOR,BAL,2021-09-12T00:35Z,11,2,Baltimore
401229176,ARI,SEA,2021-09-12T01:10Z,7,3,Seattle
401229184,SD,LAD,2021-09-12T01:10Z,4,5,Los Angeles
401229201,TB,DET,2021-09-12T16:10Z,7,8,Detroit
401229194,COL,PHI,2021-09-12T17:05Z,5,4,Philadelphia
401229203,TOR,BAL,2021-09-12T17:05Z,22,7,Baltimore
401229204,WSH,PIT,2021-09-12T17:05Z,6,2,Pittsburgh
401229197,MIL,CLE,2021-09-12T17:10Z,11,1,Cleveland
401229196,MIA,ATL,2021-09-12T17:20Z,3,5,Atlanta
401229190,LAA,HOU,2021-09-12T18:10Z,1,3,Houston
401229192,BOS,CHW,2021-09-12T18:10Z,1,2,Chicago
401229195,KC,MIN,2021-09-12T18:10Z,5,3,Minneapolis
401229193,CIN,STL,2021-09-12T18:15Z,0,2,St. Louis
401229200,SF,CHC,2021-09-12T18:20Z,6,5,Chicago
401229202,TEX,OAK,2021-09-12T20:07Z,4,3,Oakland
401229191,ARI,SEA,2021-09-12T20:10Z,5,4,Seattle
401229199,SD,LAD,2021-09-12T20:10Z,0,8,Los Angeles
401229198,NYY,NYM,2021-09-13T00:00Z,6,7,Queens
401361113,MIN,NYY,2021-09-13T18:05Z,5,6,Bronx
401229208,MIA,WSH,2021-09-13T23:05Z,3,0,Washington
401229210,TB,TOR,2021-09-13T23:07Z,1,8,Toronto
401229250,STL,NYM,2021-09-13T23:10Z,7,0,Queens
401229207,HOU,TEX,2021-09-14T00:05Z,15,1,Arlington
401229209,SD,SF,2021-09-14T01:45Z,1,9,San Francisco
401229205,ARI,LAD,2021-09-14T02:10Z,1,5,Los Angeles
401229206,BOS,SEA,2021-09-14T02:10Z,4,5,Seattle
401340058,CLE,MIN,2021-09-14T19:10Z,3,1,Minneapolis
401229215,CIN,PIT,2021-09-14T22:35Z,5,6,Pittsburgh
401229220,MIL,DET,2021-09-14T22:40Z,0,1,Detroit
401229214,CHC,PHI,2021-09-14T23:05Z,6,3,Philadelphia
401229219,MIA,WSH,2021-09-14T23:05Z,2,8,Washington
401229221,NYY,BAL,2021-09-14T23:05Z,7,2,Baltimore
401229225,TB,TOR,2021-09-14T23:07Z,2,0,Toronto
401229224,STL,NYM,2021-09-14T23:10Z,7,6,Queens
401229217,COL,ATL,2021-09-14T23:20Z,5,4,Atlanta
401229216,CLE,MIN,2021-09-14T23:40Z,3,6,Minneapolis
401229218,HOU,TEX,2021-09-15T00:05Z,1,8,Arlington
401229211,LAA,CHW,2021-09-15T00:10Z,3,9,Chicago
401229222,OAK,KC,2021-09-15T00:10Z,7,10,Kansas City
401229223,SD,SF,2021-09-15T01:45Z,1,6,San Francisco
401229212,ARI,LAD,2021-09-15T02:10Z,4,8,Los Angeles
401229213,BOS,SEA,2021-09-15T02:10Z,8,4,Seattle
401229234,MIA,WSH,2021-09-15T17:05Z,8,6,Washington
401229235,MIL,DET,2021-09-15T17:10Z,1,4,Detroit
401229240,TB,TOR,2021-09-15T19:07Z,3,6,Toronto
401229228,BOS,SEA,2021-09-15T20:10Z,9,4,Seattle
401229230,CIN,PIT,2021-09-15T22:35Z,4,5,Pittsburgh
401229229,CHC,PHI,2021-09-15T23:05Z,5,6,Philadelphia
401229236,NYY,BAL,2021-09-15T23:05Z,4,3,Baltimore
401229239,STL,NYM,2021-09-15T23:10Z,11,4,Queens
401229232,COL,ATL,2021-09-15T23:20Z,3,2,Atlanta
401229231,CLE,MIN,2021-09-15T23:40Z,12,3,Minneapolis
401229233,HOU,TEX,2021-09-16T00:05Z,7,2,Arlington
401229226,LAA,CHW,2021-09-16T00:10Z,3,2,Chicago
401229237,OAK,KC,2021-09-16T00:10Z,12,10,Kansas City
401229238,SD,SF,2021-09-16T01:45Z,9,6,San Francisco
401229227,ARI,LAD,2021-09-16T02:00Z,3,5,Los Angeles
401229243,CIN,PIT,2021-09-16T16:35Z,1,0,Pittsburgh
401229241,LAA,CHW,2021-09-16T18:10Z,9,3,Chicago
401229248,OAK,KC,2021-09-16T18:10Z,7,2,Kansas City
401229249,SD,SF,2021-09-16T19:45Z,7,4,San Francisco
401229247,NYY,BAL,2021-09-16T21:05Z,2,3,Baltimore
401229242,CHC,PHI,2021-09-16T22:05Z,8,17,Philadelphia
401229245,DET,TB,2021-09-16T23:10Z,2,5,St. Petersburg
401229246,HOU,TEX,2021-09-17T00:05Z,12,1,Arlington
401229256,CLE,NYY,2021-09-17T23:05Z,0,8,Bronx
401229257,COL,WSH,2021-09-17T23:05Z,9,8,Washington
401229260,MIN,TOR,2021-09-17T23:07Z,7,3,Toronto
401229253,BAL,BOS,2021-09-17T23:10Z,1,7,Boston
401229258,DET,TB,2021-09-17T23:10Z,4,7,St. Petersburg
401229259,LAD,CIN,2021-09-17T23:10Z,1,3,Cincinnati
401229262,PHI,NYM,2021-09-17T23:10Z,4,3,Queens
401229263,PIT,MIA,2021-09-17T23:10Z,2,1,Miami
401229254,CHW,TEX,2021-09-18T00:05Z,8,0,Arlington
401229251,ARI,HOU,2021-09-18T00:10Z,3,4,Houston
401229255,CHC,MIL,2021-09-18T00:10Z,5,8,Milwaukee
401229265,SEA,KC,2021-09-18T00:10Z,6,2,Kansas City
401229264,SD,STL,2021-09-18T00:15Z,2,8,St. Louis
401229261,OAK,LAA,2021-09-18T01:38Z,5,4,Anaheim
401229252,ATL,SF,2021-09-18T01:45Z,5,6,San Francisco
401229271,CLE,NYY,2021-09-18T17:05Z,11,3,Bronx
401229268,BAL,BOS,2021-09-18T17:10Z,3,9,Boston
401229274,LAD,CIN,2021-09-18T18:10Z,5,1,Cincinnati
401229275,MIN,TOR,2021-09-18T19:07Z,2,6,Toronto
401229272,COL,WSH,2021-09-18T20:05Z,6,0,Washington
401229273,DET,TB,2021-09-18T20:10Z,4,3,St. Petersburg
401229278,PIT,MIA,2021-09-18T22:10Z,6,3,Miami
401229269,CHW,TEX,2021-09-18T23:05Z,1,2,Arlington
401229266,ARI,HOU,2021-09-18T23:10Z,6,4,Houston
401229280,SEA,KC,2021-09-18T23:10Z,1,8,Kansas City
401229270,CHC,MIL,2021-09-18T23:15Z,4,6,Milwaukee
401229277,PHI,NYM,2021-09-18T23:15Z,5,3,Queens
401229279,SD,STL,2021-09-18T23:15Z,2,3,St. Louis
401229267,ATL,SF,2021-09-19T01:05Z,0,2,San Francisco
401229276,OAK,LAA,2021-09-19T01:07Z,3,1,Anaheim
401229286,CLE,NYY,2021-09-19T17:05Z,11,1,Bronx
401229287,COL,WSH,2021-09-19T17:05Z,0,3,Washington
401229290,MIN,TOR,2021-09-19T17:07Z,3,5,Toronto
401229283,BAL,BOS,2021-09-19T17:10Z,6,8,Boston
401229288,DET,TB,2021-09-19T17:10Z,2,0,St. Petersburg
401229289,LAD,CIN,2021-09-19T17:10Z,8,5,Cincinnati
401229293,PIT,MIA,2021-09-19T17:10Z,5,6,Miami
401229281,ARI,HOU,2021-09-19T18:10Z,6,7,Houston
401229285,CHC,MIL,2021-09-19T18:10Z,6,4,Milwaukee
401229295,SEA,KC,2021-09-19T18:10Z,7,1,Kansas City
401229294,SD,STL,2021-09-19T18:15Z,7,8,St. Louis
401229284,CHW,TEX,2021-09-19T18:35Z,7,2,Arlington
401229282,ATL,SF,2021-09-19T20:05Z,3,0,San Francisco
401229291,OAK,LAA,2021-09-19T20:07Z,3,2,Anaheim
401229292,PHI,NYM,2021-09-19T23:00Z,2,3,Queens
401229300,KC,CLE,2021-09-20T20:10Z,7,2,Cleveland
401229298,CHW,DET,2021-09-20T22:40Z,3,4,Detroit
401229301,PIT,CIN,2021-09-20T22:40Z,5,9,Cincinnati
401229306,WSH,MIA,2021-09-20T22:40Z,7,8,Miami
401229297,BAL,PHI,2021-09-20T23:05Z,2,0,Philadelphia
401229304,TEX,NYY,2021-09-20T23:05Z,3,4,Bronx
401346453,KC,CLE,2021-09-20T23:05Z,4,2,Cleveland
401229305,TOR,TB,2021-09-20T23:10Z,4,6,St. Petersburg
401229303,STL,MIL,2021-09-20T23:40Z,5,2,Milwaukee
401229299,HOU,LAA,2021-09-21T01:38Z,10,0,Anaheim
401229296,ATL,ARI,2021-09-21T01:40Z,11,4,Phoenix
401229302,SEA,OAK,2021-09-21T01:40Z,4,2,Oakland
401229309,CHW,DET,2021-09-21T17:10Z,3,5,Detroit
401229311,KC,CLE,2021-09-21T22:10Z,1,4,Cleveland
401229315,PIT,CIN,2021-09-21T22:40Z,6,2,Cincinnati
401229321,WSH,MIA,2021-09-21T22:40Z,7,1,Miami
401229308,BAL,PHI,2021-09-21T23:05Z,2,3,Philadelphia
401229319,TEX,NYY,2021-09-21T23:05Z,1,7,Bronx
401229314,NYM,BOS,2021-09-21T23:10Z,3,6,Boston
401229320,TOR,TB,2021-09-21T23:10Z,4,2,St. Petersburg
401229313,MIN,CHC,2021-09-21T23:40Z,9,5,Chicago
401229318,STL,MIL,2021-09-21T23:40Z,2,1,Milwaukee
401229312,LAD,COL,2021-09-22T00:40Z,5,4,Denver
401229310,HOU,LAA,2021-09-22T01:38Z,10,5,Anaheim
401229307,ATL,ARI,2021-09-22T01:40Z,6,1,Phoenix
401229316,SEA,OAK,2021-09-22T01:40Z,5,2,Oakland
401229317,SF,SD,2021-09-22T02:10Z,6,5,San Diego
401229335,TOR,TB,2021-09-22T19:10Z,1,7,St. Petersburg
401229336,WSH,MIA,2021-09-22T22:40Z,7,5,Miami
401229323,BAL,PHI,2021-09-22T23:05Z,3,4,Philadelphia
401229334,TEX,NYY,2021-09-22T23:05Z,3,7,Bronx
401229329,NYM,BOS,2021-09-22T23:10Z,5,12,Boston
401229328,MIN,CHC,2021-09-22T23:40Z,5,4,Chicago
401229333,STL,MIL,2021-09-22T23:40Z,10,2,Milwaukee
401229327,LAD,COL,2021-09-23T00:40Z,5,10,Denver
401229325,HOU,LAA,2021-09-23T01:38Z,9,5,Anaheim
401229322,ATL,ARI,2021-09-23T01:40Z,9,2,Phoenix
401229331,SEA,OAK,2021-09-23T01:40Z,4,1,Oakland
401229332,SF,SD,2021-09-23T02:00Z,8,6,San Diego
401332362,CHW,CLE,2021-09-23T17:10Z,7,2,Cleveland
401229344,STL,MIL,2021-09-23T18:10Z,8,5,Milwaukee
401229340,LAD,COL,2021-09-23T19:10Z,7,5,Denver
401229342,SEA,OAK,2021-09-23T19:37Z,6,5,Oakland
401229337,ATL,ARI,2021-09-23T19:40Z,4,6,Phoenix
401229343,SF,SD,2021-09-23T20:10Z,6,7,San Diego
401229338,CHW,CLE,2021-09-23T22:10Z,3,5,Cleveland
401229347,WSH,CIN,2021-09-23T22:40Z,3,2,Cincinnati
401229341,PIT,PHI,2021-09-23T23:05Z,6,12,Philadelphia
401229345,TEX,BAL,2021-09-23T23:05Z,0,3,Baltimore
401229346,TOR,MIN,2021-09-23T23:40Z,2,7,Minneapolis
401229339,HOU,LAA,2021-09-24T01:38Z,2,3,Anaheim
401229359,STL,CHC,2021-09-24T18:20Z,8,5,Chicago
401229354,NYY,BOS,2021-09-24T23:00Z,8,3,Boston
401229356,PIT,PHI,2021-09-24T23:05Z,6,8,Philadelphia
401229360,TEX,BAL,2021-09-24T23:05Z,8,5,Baltimore
401229349,CHW,CLE,2021-09-24T23:10Z,1,0,Cleveland
401229351,KC,DET,2021-09-24T23:10Z,3,1,Detroit
401229353,MIA,TB,2021-09-24T23:10Z,0,8,St. Petersburg
401229362,WSH,CIN,2021-09-24T23:10Z,7,8,Cincinnati
401346454,STL,CHC,2021-09-25T00:05Z,12,4,Chicago
401229355,NYM,MIL,2021-09-25T00:10Z,1,5,Milwaukee
401229358,SF,COL,2021-09-25T00:10Z,7,2,Denver
401229361,TOR,MIN,2021-09-25T00:10Z,1,3,Minneapolis
401229357,SEA,LAA,2021-09-25T01:38Z,6,5,Anaheim
401229350,HOU,OAK,2021-09-25T01:40Z,2,14,Oakland
401229352,LAD,ARI,2021-09-25T01:40Z,4,2,Phoenix
401229348,ATL,SD,2021-09-25T03:00Z,4,0,San Diego
401229374,STL,CHC,2021-09-25T18:20Z,8,5,Chicago
401229371,PIT,PHI,2021-09-25T20:05Z,0,3,Philadelphia
401229365,HOU,OAK,2021-09-25T20:07Z,1,2,Oakland
401229369,NYY,BOS,2021-09-25T20:10Z,5,3,Boston
401229366,KC,DET,2021-09-25T22:10Z,1,5,Detroit
401229368,MIA,TB,2021-09-25T22:10Z,3,7,St. Petersburg
401229375,TEX,BAL,2021-09-25T23:05Z,2,3,Baltimore
401229370,NYM,MIL,2021-09-25T23:10Z,1,2,Milwaukee
401229376,TOR,MIN,2021-09-25T23:10Z,6,1,Minneapolis
401229377,WSH,CIN,2021-09-25T23:10Z,6,7,Cincinnati
401229363,ATL,SD,2021-09-25T23:15Z,10,8,San Diego
401229364,CHW,CLE,2021-09-25T23:15Z,0,6,Cleveland
401229367,LAD,ARI,2021-09-26T00:10Z,2,7,Phoenix
401229373,SF,COL,2021-09-26T00:10Z,7,2,Denver
401229372,SEA,LAA,2021-09-26T01:07Z,1,14,Anaheim
401229381,KC,DET,2021-09-26T16:10Z,2,1,Detroit
401229386,PIT,PHI,2021-09-26T17:05Z,6,0,Philadelphia
401229390,TEX,BAL,2021-09-26T17:05Z,7,4,Baltimore
401229379,CHW,CLE,2021-09-26T17:10Z,5,2,Cleveland
401229383,MIA,TB,2021-09-26T17:10Z,2,3,St. Petersburg
401229392,WSH,CIN,2021-09-26T17:10Z,2,9,Cincinnati
401229385,NYM,MIL,2021-09-26T18:10Z,4,8,Milwaukee
401229391,TOR,MIN,2021-09-26T18:10Z,5,2,Minneapolis
401229389,STL,CHC,2021-09-26T18:20Z,4,2,Chicago
401229388,SF,COL,2021-09-26T19:10Z,6,2,Denver
401229380,HOU,OAK,2021-09-26T20:07Z,3,4,Oakland
401229387,SEA,LAA,2021-09-26T20:07Z,5,1,Anaheim
401229378,ATL,SD,2021-09-26T20:10Z,4,3,San Diego
401229382,LAD,ARI,2021-09-26T20:10Z,3,0,Phoenix
401229384,NYY,BOS,2021-09-26T23:00Z,6,3,Boston
401373110,CHW,DET,2021-09-27T17:10Z,8,7,Detroit
401373188,PIT,CIN,2021-09-27T17:10Z,1,13,Cincinnati
401373189,KC,CLE,2021-09-27T17:10Z,3,8,Cleveland
401229394,WSH,COL,2021-09-28T00:40Z,5,4,Denver
401229393,OAK,SEA,2021-09-28T02:10Z,4,13,Seattle
401229244,COL,ATL,2021-09-16T16:20Z,0,0,Atlanta
401362373,MIA,NYM,2021-09-28T20:10Z,2,5,Queens
401229398,CHC,PIT,2021-09-28T22:35Z,6,8,Pittsburgh
401229397,BOS,BAL,2021-09-28T23:05Z,2,4,Baltimore
401229404,NYY,TOR,2021-09-28T23:07Z,7,2,Toronto
401229402,MIA,NYM,2021-09-28T23:15Z,1,2,Queens
401229406,PHI,ATL,2021-09-28T23:20Z,1,2,Atlanta
401229401,DET,MIN,2021-09-28T23:40Z,2,3,Minneapolis
401229403,MIL,STL,2021-09-28T23:45Z,2,6,St. Louis
401229395,LAA,TEX,2021-09-29T00:05Z,2,5,Arlington
401229399,CIN,CHW,2021-09-29T00:10Z,1,7,Chicago
401229400,CLE,KC,2021-09-29T00:10Z,4,6,Kansas City
401229408,TB,HOU,2021-09-29T00:10Z,3,4,Houston
401229409,WSH,COL,2021-09-29T00:40Z,1,3,Denver
401229396,ARI,SF,2021-09-29T01:45Z,4,6,San Francisco
401229407,SD,LAD,2021-09-29T02:00Z,1,2,Los Angeles
401229405,OAK,SEA,2021-09-29T02:10Z,2,4,Seattle
401229424,WSH,COL,2021-09-29T19:10Z,5,10,Denver
401229413,CHC,PIT,2021-09-29T22:35Z,3,2,Pittsburgh
401229419,NYY,TOR,2021-09-29T23:00Z,5,6,Toronto
401229412,BOS,BAL,2021-09-29T23:05Z,6,0,Baltimore
401229417,MIA,NYM,2021-09-29T23:10Z,3,2,Queens
401229421,PHI,ATL,2021-09-29T23:20Z,2,7,Atlanta
401229416,DET,MIN,2021-09-29T23:40Z,2,5,Minneapolis
401229418,MIL,STL,2021-09-29T23:45Z,4,0,St. Louis
401229410,LAA,TEX,2021-09-30T00:05Z,7,2,Arlington
401229414,CIN,CHW,2021-09-30T00:10Z,1,6,Chicago
401229415,CLE,KC,2021-09-30T00:10Z,5,10,Kansas City
401229423,TB,HOU,2021-09-30T00:10Z,7,0,Houston
401229411,ARI,SF,2021-09-30T01:45Z,0,1,San Francisco
401229422,SD,LAD,2021-09-30T02:00Z,9,11,Los Angeles
401229420,OAK,SEA,2021-09-30T02:10Z,2,4,Seattle
401229432,MIL,STL,2021-09-30T17:15Z,3,4,St. Louis
401229425,LAA,TEX,2021-09-30T18:05Z,6,7,Arlington
401229428,CHC,PIT,2021-09-30T22:35Z,9,0,Pittsburgh
401229427,BOS,BAL,2021-09-30T23:05Z,2,6,Baltimore
401229433,NYY,TOR,2021-09-30T23:07Z,6,2,Toronto
401229431,MIA,NYM,2021-09-30T23:10Z,3,12,Queens
401229436,TB,HOU,2021-09-30T23:10Z,2,3,Houston
401229434,PHI,ATL,2021-09-30T23:20Z,3,5,Atlanta
401229430,DET,MIN,2021-09-30T23:40Z,10,7,Minneapolis
401229429,CLE,KC,2021-10-01T00:10Z,6,1,Kansas City
401229426,ARI,SF,2021-10-01T01:45Z,4,5,San Francisco
401229435,SD,LAD,2021-10-01T02:10Z,3,8,Los Angeles
401229441,CIN,PIT,2021-10-01T22:35Z,2,9,Pittsburgh
401229439,BOS,WSH,2021-10-01T23:05Z,4,2,Washington
401229451,TB,NYY,2021-10-01T23:05Z,4,3,Bronx
401229438,BAL,TOR,2021-10-01T23:07Z,4,6,Toronto
401229449,PHI,MIA,2021-10-01T23:10Z,5,0,Miami
401229447,NYM,ATL,2021-10-01T23:20Z,4,3,Atlanta
401229442,CLE,TEX,2021-10-02T00:05Z,9,6,Arlington
401229444,DET,CHW,2021-10-02T00:10Z,1,8,Chicago
401229446,MIN,KC,2021-10-02T00:10Z,6,11,Kansas City
401229448,OAK,HOU,2021-10-02T00:10Z,8,6,Houston
401229440,CHC,STL,2021-10-02T00:15Z,3,4,St. Louis
401229443,COL,ARI,2021-10-02T01:40Z,9,7,Phoenix
401229450,SD,SF,2021-10-02T01:45Z,0,3,San Francisco
401229437,LAA,SEA,2021-10-02T02:10Z,2,1,Seattle
401229445,MIL,LAD,2021-10-02T02:10Z,6,8,Los Angeles
401229466,TB,NYY,2021-10-02T17:05Z,12,2,Bronx
401229453,BAL,TOR,2021-10-02T19:07Z,1,10,Toronto
401229454,BOS,WSH,2021-10-02T20:05Z,5,3,Washington
401229465,SD,SF,2021-10-02T20:05Z,3,2,San Francisco
401229464,PHI,MIA,2021-10-02T22:10Z,1,3,Miami
401229456,CIN,PIT,2021-10-02T22:35Z,6,8,Pittsburgh
401229457,CLE,TEX,2021-10-02T23:05Z,2,7,Arlington
401229459,DET,CHW,2021-10-02T23:10Z,4,5,Chicago
401229461,MIN,KC,2021-10-02T23:10Z,4,0,Kansas City
401229463,OAK,HOU,2021-10-02T23:10Z,4,10,Houston
401229455,CHC,STL,2021-10-02T23:15Z,6,5,St. Louis
401229462,NYM,ATL,2021-10-02T23:15Z,5,6,Atlanta
401229458,COL,ARI,2021-10-03T00:10Z,2,11,Phoenix
401229452,LAA,SEA,2021-10-03T01:10Z,4,6,Seattle
401229460,MIL,LAD,2021-10-03T01:10Z,3,8,Los Angeles
401229469,BOS,WSH,2021-10-03T19:05Z,7,5,Washington
401229471,CIN,PIT,2021-10-03T19:05Z,6,3,Pittsburgh
401229472,CLE,TEX,2021-10-03T19:05Z,6,0,Arlington
401229480,SD,SF,2021-10-03T19:05Z,4,11,San Francisco
401229481,TB,NYY,2021-10-03T19:05Z,0,1,Bronx
401229468,BAL,TOR,2021-10-03T19:07Z,4,12,Toronto
401229467,LAA,SEA,2021-10-03T19:10Z,7,3,Seattle
401229473,COL,ARI,2021-10-03T19:10Z,4,5,Phoenix
401229474,DET,CHW,2021-10-03T19:10Z,5,2,Chicago
401229475,MIL,LAD,2021-10-03T19:10Z,3,10,Los Angeles
401229476,MIN,KC,2021-10-03T19:10Z,7,3,Kansas City
401229478,OAK,HOU,2021-10-03T19:10Z,6,7,Houston
401229479,PHI,MIA,2021-10-03T19:10Z,4,5,Miami
401229470,CHC,STL,2021-10-03T19:15Z,3,2,St. Louis
401229477,NYM,ATL,2021-10-03T19:20Z,0,5,Atlanta
401361933,NYY,BOS,2021-10-06T00:00Z,2,6,Boston
401361934,STL,LAD,2021-10-07T00:10Z,1,3,Los Angeles
401361941,CHW,HOU,2021-10-07T20:07Z,1,6,Houston
401361942,BOS,TB,2021-10-08T00:07Z,0,5,St. Petersburg
401361943,CHW,HOU,2021-10-08T18:07Z,4,9,Houston
401361946,ATL,MIL,2021-10-08T20:37Z,1,2,Milwaukee
401361944,BOS,TB,2021-10-08T23:02Z,14,6,St. Petersburg
401361945,LAD,SF,2021-10-09T01:37Z,0,4,San Francisco
401361948,ATL,MIL,2021-10-09T21:07Z,3,0,Milwaukee
401361947,LAD,SF,2021-10-10T01:07Z,9,2,San Francisco
401361950,TB,BOS,2021-10-10T20:07Z,4,6,Boston
401361949,HOU,CHW,2021-10-11T00:07Z,6,12,Chicago
401361954,MIL,ATL,2021-10-11T17:07Z,0,3,Atlanta
401361952,TB,BOS,2021-10-11T23:07Z,5,6,Boston
401361953,SF,LAD,2021-10-12T01:37Z,1,0,Los Angeles
401382030,HOU,CHW,2021-10-12T18:07Z,10,1,Chicago
401361957,MIL,ATL,2021-10-12T21:15Z,4,5,Atlanta
401361955,SF,LAD,2021-10-13T01:07Z,2,7,Los Angeles
401361960,LAD,SF,2021-10-15T01:07Z,2,1,San Francisco
401361962,BOS,HOU,2021-10-16T00:07Z,4,5,Houston
401361963,BOS,HOU,2021-10-16T20:20Z,9,5,Houston
401361964,LAD,ATL,2021-10-17T00:08Z,2,3,Atlanta
401361965,LAD,ATL,2021-10-17T23:38Z,4,5,Atlanta
401361966,HOU,BOS,2021-10-19T00:08Z,3,12,Boston
401361968,ATL,LAD,2021-10-19T21:08Z,5,6,Los Angeles
401361967,HOU,BOS,2021-10-20T00:08Z,9,2,Boston
401361971,HOU,BOS,2021-10-20T21:08Z,9,1,Boston
401361969,ATL,LAD,2021-10-21T00:08Z,9,2,Los Angeles
401361970,ATL,LAD,2021-10-22T00:08Z,2,11,Los Angeles
401361972,BOS,HOU,2021-10-23T00:08Z,0,5,Houston
401361973,LAD,ATL,2021-10-24T00:08Z,2,4,Atlanta
401361976,ATL,HOU,2021-10-27T00:09Z,6,2,Houston
401361977,ATL,HOU,2021-10-28T00:09Z,2,7,Houston
401361978,HOU,ATL,2021-10-30T00:09Z,0,2,Atlanta
401361979,HOU,ATL,2021-10-31T00:09Z,2,3,Atlanta
401361980,HOU,ATL,2021-11-01T00:15Z,9,5,Atlanta
401361981,ATL,HOU,2021-11-03T00:09Z,7,0,Houston
