at_bats,hits,walks,strikeouts,game_id,team
32,5,5,14,360403123,STL
28,9,5,5,360403123,PIT
35,7,3,16,360403130,TOR
35,7,1,7,360403130,TB
33,7,6,9,360403107,NYM
30,9,2,3,360403107,KC
40,15,5,3,360404108,SF
32,8,5,10,360404108,MIL
33,7,0,10,360404101,MIN
36,10,5,10,360404101,BAL
30,4,3,11,360404113,SEA
27,1,6,10,360404113,TEX
37,8,5,11,360404115,WSH
32,4,5,11,360404115,ATL
33,6,1,10,360404117,PHI
28,6,3,7,360404117,CIN
42,17,4,10,360404125,LAD
31,4,2,10,360404125,SD
33,7,2,9,360404130,TOR
35,8,4,9,360404130,TB
42,15,4,7,360404129,COL
39,12,3,13,360404129,ARI
37,11,7,12,360404103,CHC
29,3,1,7,360404103,LAA
33,7,1,6,360404111,CHW
33,7,3,10,360404111,OAK
34,6,3,10,360405110,HOU
29,4,4,8,360405110,NYY
37,11,6,8,360405105,BOS
31,5,3,15,360405105,CLE
33,6,5,9,360405107,NYM
31,3,1,12,360405107,KC
38,8,3,13,360405123,STL
41,12,2,12,360405123,PIT
41,12,4,6,360405128,DET
41,10,3,10,360405128,MIA
36,9,4,11,360405130,TOR
30,7,0,9,360405130,TB
36,11,4,4,360405113,SEA
33,7,5,11,360405113,TEX
33,7,2,5,360405108,SF
31,6,0,6,360405108,MIL
35,9,1,2,360405129,COL
38,15,4,8,360405129,ARI
36,9,0,9,360405103,CHC
32,4,0,6,360405103,LAA
38,11,2,7,360405111,CHW
37,10,0,10,360405111,OAK
33,6,2,10,360405125,LAD
29,2,0,11,360405125,SD
32,6,2,10,360406130,TOR
33,10,1,7,360406130,TB
30,6,4,3,360406108,SF
30,9,7,9,360406108,MIL
37,14,6,6,360406113,SEA
33,7,2,11,360406113,TEX
32,8,0,7,360406129,COL
36,8,1,6,360406129,ARI
40,13,3,16,360406128,DET
33,10,4,6,360406128,MIA
36,10,3,7,360406105,BOS
31,9,6,6,360406105,CLE
30,5,2,10,360406117,PHI
33,8,0,9,360406117,CIN
30,5,6,13,360406101,MIN
31,9,6,6,360406101,BAL
38,12,1,10,360406110,HOU
41,17,7,7,360406110,NYY
31,4,2,10,360406123,STL
31,9,7,5,360406123,PIT
34,8,2,6,360406115,WSH
31,8,3,8,360406115,ATL
36,11,3,9,360406125,LAD
32,5,0,7,360406125,SD
30,6,4,6,360406111,CHW
30,7,3,8,360406111,OAK
35,9,4,6,360407117,PHI
34,12,5,9,360407117,CIN
38,10,1,9,360407111,CHW
32,4,3,6,360407111,OAK
36,9,0,14,360407110,HOU
35,12,1,6,360407110,NYY
39,13,4,7,360407120,MIA
32,6,9,10,360407120,WSH
39,13,0,5,360407126,LAD
39,17,3,6,360407126,SF
34,9,0,12,360407101,MIN
31,8,0,7,360407101,BAL
41,14,10,5,360407129,CHC
33,8,2,10,360407129,ARI
29,4,2,8,360407103,TEX
36,11,4,7,360407103,LAA
28,3,4,7,360408106,NYY
36,13,0,9,360408106,DET
34,8,0,11,360408121,PHI
34,9,4,5,360408121,NYM
34,9,2,9,360408104,CLE
27,3,4,9,360408104,CHW
44,18,5,7,360408127,SD
35,9,6,8,360408127,COL
30,5,3,7,360408101,TB
32,10,2,6,360408101,BAL
38,11,3,8,360408114,BOS
34,9,5,10,360408114,TOR
35,8,6,10,360408117,PIT
30,6,6,5,360408117,CIN
36,11,2,9,360408115,STL
31,5,5,9,360408115,ATL
34,9,3,8,360408108,HOU
29,7,4,12,360408108,MIL
32,6,8,14,360408107,MIN
32,9,4,10,360408107,KC
30,5,4,6,360408129,CHC
31,8,3,8,360408129,ARI
36,10,7,7,360408103,TEX
33,7,5,3,360408103,LAA
36,9,1,7,360408112,OAK
31,4,2,6,360408112,SEA
38,9,2,5,360408126,LAD
28,2,5,6,360408126,SF
38,11,4,13,360409114,BOS
35,7,1,10,360409114,TOR
38,13,4,7,360409106,NYY
33,7,4,8,360409106,DET
34,10,3,7,360409117,PIT
30,8,4,6,360409117,CIN
33,7,2,9,360409104,CLE
35,10,3,4,360409104,CHW
41,10,3,11,360409126,LAD
35,5,2,9,360409126,SF
30,9,4,5,360409108,HOU
34,8,3,11,360409108,MIL
42,14,9,9,360409115,STL
32,4,3,7,360409115,ATL
33,8,0,10,360409121,PHI
30,3,4,12,360409121,NYM
33,7,2,9,360409107,MIN
35,10,5,8,360409107,KC
44,19,6,8,360409127,SD
35,8,3,11,360409127,COL
35,10,5,10,360409129,CHC
30,4,1,7,360409129,ARI
36,10,1,8,360409103,TEX
29,5,3,7,360409103,LAA
37,11,1,11,360409112,OAK
30,5,2,12,360409112,SEA
32,7,2,11,360410114,BOS
28,7,4,5,360410114,TOR
32,9,6,8,360410117,PIT
30,10,2,2,360410117,CIN
31,9,4,7,360410121,PHI
31,4,1,9,360410121,NYM
34,8,4,12,360410101,TB
31,11,0,4,360410101,BAL
36,10,9,10,360410115,STL
36,11,9,13,360410115,ATL
31,7,2,7,360410120,MIA
33,11,5,6,360410120,WSH
34,8,4,12,400836044,TB
31,11,0,4,400836044,BAL
28,3,5,13,360410108,HOU
29,6,7,10,360410108,MIL
40,11,2,14,360410107,MIN
35,7,2,8,360410107,KC
33,7,1,8,360410103,TEX
26,7,5,1,360410103,LAA
35,10,3,9,360410126,LAD
34,12,3,4,360410126,SF
35,5,3,12,360410112,OAK
36,6,5,7,360410112,SEA
33,8,1,7,360410127,SD
32,9,4,3,360410127,COL
37,12,5,11,360410129,CHC
35,8,0,9,360410129,ARI
36,17,3,3,360411106,PIT
32,6,2,8,360411106,DET
35,9,4,15,360411102,BAL
36,11,4,8,360411102,BOS
31,6,2,9,360411122,SD
31,8,1,9,360411122,PHI
37,9,5,7,360411109,CHW
31,6,3,7,360411109,MIN
32,6,3,10,360411124,MIL
40,19,2,7,360411124,STL
40,15,5,11,360411121,MIA
34,7,4,8,360411121,NYM
32,8,3,6,360411120,ATL
33,11,5,7,360411120,WSH
33,7,2,9,360411116,CIN
27,3,7,5,360411116,CHC
37,11,1,5,360411118,KC
37,14,3,8,360411118,HOU
34,9,3,8,360411111,LAA
35,10,2,8,360411111,OAK
38,14,2,11,360411112,TEX
33,7,2,9,360411112,SEA
30,5,4,6,360412106,PIT
36,14,8,8,360412106,DET
35,9,3,6,360412119,ARI
34,9,1,4,360412119,LAD
33,6,4,10,360412120,ATL
29,8,1,10,360412120,WSH
30,4,5,9,360412122,SD
27,4,5,7,360412122,PHI
33,7,4,9,360412114,NYY
29,3,6,11,360412114,TOR
36,11,5,9,360412102,BAL
35,10,1,4,360412102,BOS
33,9,4,13,360412121,MIA
30,6,4,11,360412121,NYM
31,5,1,6,360412130,CLE
27,5,3,6,360412130,TB
33,7,2,6,360412118,KC
31,7,7,14,360412118,HOU
38,13,1,4,360412127,SF
33,7,2,6,360412127,COL
35,10,3,5,360412111,LAA
34,7,1,4,360412111,OAK
36,12,1,11,360412112,TEX
32,4,2,7,360412112,SEA
33,7,4,9,360413121,MIA
27,7,2,9,360413121,NYM
38,11,4,4,360413111,LAA
31,3,3,6,360413111,OAK
35,6,2,7,360413112,TEX
38,8,4,9,360413112,SEA
34,9,5,10,360413102,BAL
30,8,4,7,360413102,BOS
29,5,3,6,360413120,ATL
28,4,2,5,360413120,WSH
33,6,2,13,360413122,SD
27,5,3,6,360413122,PHI
35,10,5,9,360413123,DET
29,4,5,10,360413123,PIT
33,8,3,6,360413114,NYY
32,10,3,8,360413114,TOR
32,5,1,15,360413130,CLE
31,5,1,9,360413130,TB
30,7,4,7,360413116,CIN
31,8,10,9,360413116,CHC
35,9,0,8,360413109,CHW
29,4,5,9,360413109,MIN
35,8,2,11,360413118,KC
33,6,4,11,360413118,HOU
36,9,3,10,360413124,MIL
31,6,2,5,360413124,STL
31,7,3,5,360413127,SF
40,18,4,8,360413127,COL
29,5,4,5,360413119,ARI
31,7,1,8,360413119,LAD
32,9,3,7,360414123,DET
40,14,3,4,360414123,PIT
30,3,0,16,360414122,SD
25,3,5,10,360414122,PHI
34,9,1,9,360414109,CHW
31,4,2,6,360414109,MIN
39,13,7,8,360414130,CLE
31,5,3,14,360414130,TB
28,1,1,13,360414124,MIL
32,11,3,9,360414124,STL
38,9,2,7,360414127,SF
36,13,4,9,360414127,COL
30,5,2,8,360414120,ATL
30,6,1,7,360414120,WSH
30,3,2,3,360414114,NYY
32,8,3,10,360414114,TOR
32,6,4,6,360414116,CIN
33,11,5,4,360414116,CHC
34,9,3,7,360414113,BAL
33,10,2,5,360414113,TEX
39,13,1,5,360414118,KC
29,5,2,9,360414118,HOU
32,6,1,9,360414119,ARI
29,8,5,6,360414119,LAD
38,11,3,8,360415116,COL
30,4,4,7,360415116,CHC
36,12,4,3,360415110,SEA
33,6,7,10,360415110,NYY
43,16,3,10,360415122,WSH
32,4,3,6,360415122,PHI
35,11,10,8,360415123,MIL
36,8,4,6,360415123,PIT
29,3,2,12,360415102,TOR
32,9,6,7,360415102,BOS
40,14,2,8,360415105,NYM
42,14,3,9,360415105,CLE
33,8,1,9,360415128,ATL
37,12,5,4,360415128,MIA
32,6,1,10,360415130,CHW
30,2,0,9,360415130,TB
37,13,3,6,360415113,BAL
31,6,2,11,360415113,TEX
32,9,5,4,360415109,LAA
32,8,3,7,360415109,MIN
31,5,1,4,360415118,DET
26,5,6,6,360415118,HOU
34,7,1,7,360415124,CIN
39,13,4,5,360415124,STL
37,12,5,13,360415111,KC
32,5,5,4,360415111,OAK
33,5,0,9,360415119,SF
35,9,2,11,360415119,LAD
32,8,4,8,360415125,ARI
34,8,3,7,360415125,SD
37,10,1,13,360416110,SEA
37,10,6,7,360416110,NYY
34,9,3,4,360416109,LAA
33,10,2,4,360416109,MIN
40,15,3,4,360416124,CIN
38,10,6,5,360416124,STL
31,7,1,9,360416116,COL
30,8,5,10,360416116,CHC
32,7,0,12,360416102,TOR
31,9,2,3,360416102,BOS
36,9,2,7,360416111,KC
33,10,4,3,360416111,OAK
34,8,3,8,360416105,NYM
33,11,3,5,360416105,CLE
33,7,0,6,360416130,CHW
32,10,5,5,360416130,TB
33,8,3,10,360416122,WSH
34,7,1,10,360416122,PHI
28,3,5,6,360416123,MIL
29,8,6,8,360416123,PIT
42,15,1,12,360416118,DET
32,8,2,10,360416118,HOU
35,10,2,3,360416128,ATL
35,8,5,12,360416128,MIA
37,10,3,12,360416113,BAL
34,14,4,4,360416113,TEX
52,11,4,17,360416125,ARI
54,14,5,14,360416125,SD
33,8,6,7,360416119,SF
32,5,3,8,360416119,LAD
33,6,0,12,360417110,SEA
32,8,2,4,360417110,NYY
37,9,2,10,360417105,NYM
30,3,2,15,360417105,CLE
36,7,8,11,360417128,ATL
36,7,2,8,360417128,MIA
32,5,1,12,360417130,CHW
30,8,0,9,360417130,TB
40,14,1,12,360417102,TOR
31,4,4,10,360417102,BOS
35,8,5,10,360417122,WSH
34,7,2,9,360417122,PHI
32,6,4,9,360417123,MIL
39,17,7,2,360417123,PIT
41,4,3,11,360417109,LAA
44,13,5,6,360417109,MIN
36,8,1,10,360417118,DET
33,9,2,10,360417118,HOU
32,8,1,10,360417124,CIN
32,7,3,3,360417124,STL
30,5,2,14,360417116,COL
30,3,1,9,360417116,CHC
33,6,2,6,360417111,KC
26,4,4,4,360417111,OAK
36,11,1,5,360417125,ARI
31,6,3,10,360417125,SD
30,5,3,8,360417119,SF
27,6,3,3,360417119,LAD
30,8,7,5,360418102,TOR
32,7,1,6,360418102,BOS
36,10,3,12,360418122,NYM
33,7,3,13,360418122,PHI
32,7,3,12,360418117,COL
31,4,1,7,360418117,CIN
31,6,5,11,360418128,WSH
34,10,3,4,360418128,MIA
34,9,1,6,360418124,CHC
32,5,2,14,360418124,STL
38,13,2,5,360418104,LAA
30,3,3,10,360418104,CHW
24,6,2,6,360418109,MIL
31,14,1,5,360418109,MIN
43,16,2,7,360418126,ARI
44,13,7,10,360418126,SF
33,9,4,8,360419109,MIL
34,8,6,5,360419109,MIN
33,6,3,8,360419105,SEA
31,10,5,4,360419105,CLE
33,8,6,5,360419101,TOR
33,7,2,4,360419101,BAL
43,11,1,12,360419110,OAK
39,8,3,7,360419110,NYY
40,12,3,7,360419122,NYM
34,9,2,7,360419122,PHI
37,6,5,13,360419102,TB
30,1,2,14,360419102,BOS
30,5,4,7,360419115,LAD
34,10,3,4,360419115,ATL
32,5,2,5,360419117,COL
31,9,1,5,360419117,CIN
36,10,3,9,360419128,WSH
31,5,2,11,360419128,MIA
38,10,6,11,360419107,DET
32,9,4,5,360419107,KC
35,8,3,10,360419113,HOU
32,12,3,2,360419113,TEX
29,3,3,7,360419104,LAA
32,9,2,5,360419104,CHW
32,5,6,13,360419124,CHC
32,7,3,11,360419124,STL
37,11,2,11,360419125,PIT
31,9,10,9,360419125,SD
32,8,6,8,360419126,ARI
32,6,4,10,360419126,SF
33,8,4,9,360420117,COL
34,9,0,8,360420117,CIN
32,5,4,8,360420124,CHC
32,9,3,7,360420124,STL
30,4,0,4,360420104,LAA
26,5,4,7,360420104,CHW
31,3,3,9,360420105,SEA
30,4,1,9,360420105,CLE
35,9,2,8,360420107,DET
35,10,3,10,360420107,KC
36,9,7,9,360420101,TOR
34,9,4,7,360420101,BAL
35,11,3,8,360420110,OAK
31,6,3,9,360420110,NYY
46,14,2,17,360420122,NYM
40,10,3,10,360420122,PHI
34,7,2,11,360420102,TB
34,12,3,9,360420102,BOS
38,10,5,9,360420115,LAD
37,7,3,7,360420115,ATL
32,7,2,9,360420128,WSH
29,5,1,6,360420128,MIA
31,7,3,9,360420113,HOU
32,6,3,5,360420113,TEX
37,12,3,9,360420108,MIN
34,13,6,10,360420108,MIL
35,8,5,11,360420125,PIT
33,12,4,6,360420125,SD
32,7,1,8,360420126,ARI
34,7,1,11,360420126,SF
41,15,5,7,360421105,SEA
36,8,6,10,360421105,CLE
40,9,5,10,360421115,LAD
38,11,1,11,360421115,ATL
28,2,1,7,360421128,WSH
30,9,3,5,360421128,MIA
40,15,6,8,360421102,TB
42,15,5,8,360421102,BOS
33,11,9,6,360421108,MIN
32,5,1,9,360421108,MIL
27,6,7,2,360421104,LAA
30,5,4,5,360421104,CHW
35,10,3,3,360421126,ARI
28,3,6,2,360421126,SF
30,4,4,9,360421101,TOR
32,10,6,12,360421101,BAL
35,10,3,8,360421110,OAK
34,8,5,14,360421110,NYY
46,18,6,7,360421117,CHC
25,0,4,6,360421117,CIN
32,5,1,7,360421107,DET
29,10,5,3,360421107,KC
34,7,2,9,360421113,HOU
35,14,1,8,360421113,TEX
38,11,5,7,360421125,PIT
31,5,0,10,360421125,SD
38,11,5,7,400836187,PIT
31,5,0,10,400836187,SD
37,9,3,9,360422110,TB
32,10,3,6,360422110,NYY
36,8,2,9,360422120,MIN
30,9,5,4,360422120,WSH
40,14,2,5,360422114,OAK
32,8,5,7,360422114,TOR
33,6,2,12,360422106,CLE
31,4,1,7,360422106,DET
32,9,5,5,360422117,CHC
30,5,1,5,360422117,CIN
36,10,3,4,360422115,NYM
37,10,2,12,360422115,ATL
29,5,2,6,360422104,TEX
29,7,4,4,360422104,CHW
35,10,1,7,360422108,PHI
33,6,3,9,360422108,MIL
37,15,1,6,360422118,BOS
32,6,7,10,360422118,HOU
32,5,1,12,360422107,BAL
31,8,1,2,360422107,KC
34,8,4,14,360422127,LAD
30,9,3,5,360422127,COL
36,13,2,3,360422129,PIT
41,15,2,4,360422129,ARI
34,10,4,7,360422103,SEA
34,6,1,5,360422103,LAA
34,8,0,7,360422126,MIA
35,14,7,3,360422126,SF
31,6,1,8,360422125,STL
31,9,2,2,360422125,SD
31,6,1,9,360423110,TB
34,7,3,9,360423110,NYY
29,2,4,18,360423120,MIN
30,7,2,4,360423120,WSH
31,7,1,3,360423114,OAK
35,13,2,9,360423114,TOR
41,15,2,3,360423106,CLE
29,2,0,12,360423106,DET
38,7,4,11,360423104,TEX
39,11,7,7,360423104,CHW
35,9,2,9,360423118,BOS
35,12,5,8,360423118,HOU
39,13,6,9,360423108,PHI
34,10,4,12,360423108,MIL
41,15,3,11,360423115,NYM
36,10,0,10,360423115,ATL
35,7,8,8,360423117,CHC
36,15,4,9,360423117,CIN
39,14,4,8,360423107,BAL
34,7,1,6,360423107,KC
36,10,3,8,360423127,LAD
33,6,1,11,360423127,COL
30,4,2,7,360423129,PIT
32,7,5,7,360423129,ARI
40,16,5,4,360423125,STL
29,5,4,4,360423125,SD
31,6,2,8,360423103,SEA
30,7,3,6,360423103,LAA
33,8,1,6,360423126,MIA
31,13,4,6,360423126,SF
39,12,2,16,360424110,TB
32,6,1,8,360424110,NYY
30,5,3,8,360424114,OAK
34,11,5,6,360424114,TOR
35,11,6,5,360424106,CLE
33,7,4,11,360424106,DET
40,15,4,6,360424117,CHC
29,3,2,12,360424117,CIN
28,7,4,7,360424115,NYM
37,12,0,5,360424115,ATL
57,11,3,20,360424120,MIN
60,16,4,12,360424120,WSH
34,8,3,7,360424104,TEX
28,8,5,4,360424104,CHW
34,10,0,9,360424108,PHI
35,12,0,10,360424108,MIL
31,4,2,6,360424107,BAL
33,11,2,4,360424107,KC
33,8,5,6,360424103,SEA
31,6,2,5,360424103,LAA
37,14,3,8,360424126,MIA
36,12,6,7,360424126,SF
37,11,10,6,360424127,LAD
36,11,9,9,360424127,COL
55,20,8,17,360424129,PIT
52,15,8,17,360424129,ARI
41,14,4,8,360424125,STL
36,9,3,10,360424125,SD
49,16,5,7,360424118,BOS
47,11,5,15,360424118,HOU
36,11,5,9,360425114,CHW
39,14,3,9,360425114,TOR
37,10,1,2,360425106,OAK
35,12,1,7,360425106,DET
33,6,3,11,360425115,BOS
30,4,3,10,360425115,ATL
34,8,1,12,360425121,CIN
33,10,3,10,360425121,NYM
32,5,0,11,360425130,BAL
28,5,4,9,360425130,TB
36,10,2,9,360425113,NYY
28,3,2,7,360425113,TEX
37,12,3,10,360425109,CLE
29,5,4,5,360425109,MIN
34,9,2,5,360425127,PIT
35,9,3,9,360425127,COL
35,11,1,5,360425129,STL
40,18,6,4,360425129,ARI
31,4,5,7,360425103,KC
28,8,5,3,360425103,LAA
35,10,2,13,360425112,HOU
26,4,7,4,360425112,SEA
34,8,3,6,360425119,MIA
33,7,2,8,360425119,LAD
37,11,2,14,360425126,SD
34,12,4,9,360425126,SF
33,9,5,10,360426120,PHI
33,7,5,9,360426120,WSH
39,15,3,5,360426114,CHW
30,4,2,9,360426114,TOR
34,10,0,4,360426106,OAK
32,6,0,11,360426106,DET
39,13,3,5,360426115,BOS
35,8,3,14,360426115,ATL
33,10,3,8,360426121,CIN
30,8,3,8,360426121,NYM
32,9,1,3,360426130,BAL
30,7,4,8,360426130,TB
31,6,1,6,360426113,NYY
35,13,2,3,360426113,TEX
29,4,3,9,360426116,MIL
30,7,6,9,360426116,CHC
32,6,0,11,360426109,CLE
37,14,3,6,360426109,MIN
39,12,5,12,360426127,PIT
31,8,6,4,360426127,COL
35,11,6,7,360426129,STL
31,5,1,6,360426129,ARI
33,9,4,6,360426103,KC
36,14,5,4,360426103,LAA
30,3,5,9,360426112,HOU
37,13,2,8,360426112,SEA
38,11,1,10,360426119,MIA
33,6,5,7,360426119,LAD
31,7,1,11,360426126,SD
27,4,4,4,360426126,SF
35,9,3,12,360427126,SD
38,16,7,3,360427126,SF
30,7,5,6,360427120,PHI
28,2,3,9,360427120,WSH
33,7,6,5,360427114,CHW
31,4,3,13,360427114,TOR
35,6,3,10,360427102,ATL
34,11,6,6,360427102,BOS
35,8,2,10,360427106,OAK
32,9,7,10,360427106,DET
33,7,1,12,360427121,CIN
29,5,6,3,360427121,NYM
30,3,2,9,360427130,BAL
31,4,3,10,360427130,TB
32,7,2,4,360427113,NYY
27,5,3,6,360427113,TEX
36,10,3,11,360427109,CLE
35,9,3,7,360427109,MIN
49,15,4,11,360427127,PIT
51,18,4,11,360427127,COL
41,14,7,7,360427129,STL
35,10,2,10,360427129,ARI
35,10,3,9,360427103,KC
28,5,2,9,360427103,LAA
34,9,3,13,360427112,HOU
36,10,3,9,360427112,SEA
34,8,2,8,360427119,MIA
28,2,5,4,360427119,LAD
32,6,9,11,360428106,OAK
34,11,5,8,360428106,DET
31,6,7,13,360428116,MIL
32,8,11,5,360428116,CHC
32,6,3,8,360428120,PHI
30,4,3,9,360428120,WSH
37,10,2,7,360428101,CHW
38,15,4,8,360428101,BAL
37,12,5,3,360428102,ATL
36,10,3,9,360428102,BOS
30,3,3,11,360428129,STL
29,6,3,9,360428129,ARI
36,9,2,6,360428119,MIA
33,8,4,12,360428119,LAD
32,7,2,13,360429116,ATL
28,7,7,3,360429116,CHC
31,6,2,10,360429101,CHW
31,8,3,7,360429101,BAL
37,6,3,18,360429122,CLE
37,10,2,8,360429122,PHI
31,6,1,9,360429123,CIN
27,7,4,6,360429123,PIT
29,6,3,5,360429102,NYY
33,8,0,6,360429102,BOS
34,9,6,6,360429121,SF
36,12,6,7,360429121,NYM
33,7,4,8,360429130,TOR
35,9,2,9,360429130,TB
34,10,0,3,360429113,LAA
29,8,3,1,360429113,TEX
32,10,4,8,360429108,MIA
32,4,6,9,360429108,MIL
40,18,4,4,360429109,DET
34,7,2,9,360429109,MIN
32,7,2,2,360429124,WSH
35,10,2,10,360429124,STL
39,12,3,10,360429129,COL
29,5,4,7,360429129,ARI
31,7,4,9,360429111,HOU
32,11,1,5,360429111,OAK
30,6,3,6,360429112,KC
24,1,7,5,360429112,SEA
34,9,2,12,360429119,SD
32,6,4,11,360429119,LAD
33,6,2,11,360430109,DET
33,7,1,10,360430109,MIN
31,6,5,7,360430124,WSH
33,8,2,10,360430124,STL
28,4,4,5,360430111,HOU
29,5,3,7,360430111,OAK
30,6,7,8,360430121,SF
30,8,2,5,360430121,NYM
30,3,6,7,360430130,TOR
32,9,3,8,360430130,TB
37,10,4,8,360430101,CHW
39,14,3,6,360430101,BAL
33,9,1,5,360430122,CLE
29,7,3,6,360430122,PHI
34,6,2,9,360430123,CIN
33,10,5,7,360430123,PIT
32,5,1,8,360430102,NYY
38,14,6,9,360430102,BOS
41,14,9,12,360430108,MIA
32,7,2,6,360430108,MIL
35,9,0,3,360430113,LAA
36,12,1,7,360430113,TEX
37,13,4,9,360430129,COL
30,5,3,6,360430129,ARI
36,9,5,12,360430119,SD
30,4,5,5,360430119,LAD
31,5,0,4,360430112,KC
28,7,8,6,360430112,SEA
33,8,3,8,360501121,SF
36,10,4,9,360501121,NYM
29,5,4,8,360501130,TOR
31,4,2,11,360501130,TB
37,13,6,8,360501101,CHW
34,8,6,11,360501101,BAL
40,8,5,7,360501123,CIN
41,9,5,12,360501123,PIT
40,16,2,0,360501108,MIA
39,18,3,5,360501108,MIL
38,14,0,8,360501109,DET
35,11,3,5,360501109,MIN
37,11,0,11,360501124,WSH
33,6,0,12,360501124,STL
31,5,4,4,360501116,ATL
36,6,3,12,360501116,CHC
29,4,4,9,360501122,CLE
25,4,2,8,360501122,PHI
38,15,5,6,360501113,LAA
38,13,2,8,360501113,TEX
27,2,7,8,360501111,HOU
35,8,1,6,360501111,OAK
37,11,0,12,360501112,KC
34,8,3,10,360501112,SEA
29,3,0,14,360501119,SD
26,3,2,7,360501119,LAD
34,7,5,7,360501129,COL
38,11,2,8,360501129,ARI
33,9,2,7,360501102,NYY
37,14,3,4,360501102,BOS
37,11,5,9,360502123,CHC
32,7,3,9,360502123,PIT
32,7,3,6,360502114,TEX
32,7,4,10,360502114,TOR
40,14,4,7,360502117,SF
33,8,2,11,360502117,CIN
34,9,0,8,360502121,ATL
30,8,5,5,360502121,NYM
37,11,4,7,360502108,LAA
34,14,4,9,360502108,MIL
32,8,5,10,360502118,MIN
31,5,6,11,360502118,HOU
34,9,2,10,360502107,WSH
31,5,2,5,360502107,KC
34,8,1,6,360502124,PHI
38,14,4,7,360502124,STL
36,12,1,7,360502111,SEA
32,6,2,10,360502111,OAK
32,9,3,11,360502125,COL
29,6,3,12,360502125,SD
37,12,1,10,360503105,DET
32,10,4,5,360503105,CLE
32,7,4,9,360503101,NYY
31,5,2,6,360503101,BAL
36,11,5,7,360503123,CHC
30,3,3,7,360503123,PIT
36,6,2,7,360503114,TEX
35,9,6,11,360503114,TOR
35,10,5,7,360503117,SF
29,3,2,9,360503117,CIN
35,8,3,6,360503121,ATL
27,1,2,5,360503121,NYM
33,9,3,6,360503128,ARI
30,8,5,7,360503128,MIA
40,13,3,8,360503130,LAD
35,8,3,10,360503130,TB
30,4,0,6,360503104,BOS
28,5,7,8,360503104,CHW
32,9,3,5,360503108,LAA
30,7,5,9,360503108,MIL
33,7,2,8,360503118,MIN
28,5,4,7,360503118,HOU
39,12,1,7,360503107,WSH
35,11,2,5,360503107,KC
30,5,3,9,360503124,PHI
30,3,1,11,360503124,STL
39,13,1,9,360503111,SEA
31,6,2,4,360503111,OAK
28,5,3,11,360503125,COL
32,9,1,5,360503125,SD
34,9,2,5,360504117,SF
34,10,1,8,360504117,CIN
37,13,5,4,360504123,CHC
37,11,2,8,360504123,PIT
30,3,0,11,360504121,ATL
32,8,5,9,360504121,NYM
36,12,5,5,360504108,LAA
34,9,4,7,360504108,MIL
43,16,2,6,360504107,WSH
32,5,2,11,360504107,KC
42,16,3,9,360504111,SEA
39,11,1,3,360504111,OAK
31,8,4,6,360504125,COL
29,3,1,7,360504125,SD
30,5,2,7,360504105,DET
26,5,3,7,360504105,CLE
35,10,5,5,360504101,NYY
31,7,4,10,360504101,BAL
34,8,3,8,360504114,TEX
32,7,3,8,360504114,TOR
34,9,3,11,360504128,ARI
32,8,2,5,360504128,MIA
33,8,7,11,360504130,LAD
34,10,2,10,360504130,TB
35,11,3,7,360504104,BOS
28,3,3,7,360504104,CHW
36,9,2,6,360504118,MIN
38,14,7,8,360504118,HOU
33,6,1,8,360504124,PHI
34,10,5,2,360504124,STL
32,5,0,6,360505124,PHI
28,7,4,4,360505124,STL
33,5,2,8,360505105,DET
38,16,3,7,360505105,CLE
32,4,1,8,360505101,NYY
32,7,2,8,360505101,BAL
35,9,1,7,360505114,TEX
36,15,6,0,360505114,TOR
34,10,1,6,360505117,MIL
33,9,3,10,360505117,CIN
31,5,1,9,360505128,ARI
33,9,2,7,360505128,MIA
28,3,4,6,360505116,WSH
31,8,2,11,360505116,CHC
35,12,7,7,360505104,BOS
32,8,9,8,360505104,CHW
37,12,4,8,360505118,SEA
32,8,4,7,360505118,HOU
31,4,2,5,360505125,NYM
33,11,2,7,360505125,SD
45,17,1,3,360505126,COL
40,16,2,7,360505126,SF
35,9,2,15,360506116,WSH
30,9,5,8,360506116,CHC
39,13,2,10,360506110,BOS
27,6,3,5,360506110,NYY
35,10,3,8,360506114,LAD
28,5,6,7,360506114,TOR
35,9,1,9,360506105,KC
30,9,7,5,360506105,CLE
37,10,1,2,360506106,TEX
29,2,2,11,360506106,DET
33,8,4,6,360506117,MIL
29,6,3,8,360506117,CIN
36,12,3,4,360506128,PHI
32,10,2,6,360506128,MIA
36,10,5,4,360506115,ARI
33,10,1,11,360506115,ATL
31,7,3,7,360506104,MIN
38,14,3,8,360506104,CHW
30,5,2,4,360506118,SEA
30,8,5,5,360506118,HOU
34,8,3,10,360506124,PIT
33,7,2,12,360506124,STL
33,11,4,6,360506103,TB
34,8,4,9,360506103,LAA
33,8,1,13,360506126,COL
33,9,3,4,360506126,SF
29,3,5,9,360506125,NYM
29,8,2,8,360506125,SD
31,6,0,8,360507110,BOS
32,11,4,7,360507110,NYY
39,15,5,6,360507201,OAK
35,7,4,8,360507201,BAL
33,7,2,5,360507114,LAD
33,9,0,12,360507114,TOR
35,10,1,4,360507106,TEX
35,11,8,9,360507106,DET
36,11,2,9,360507124,PIT
33,9,4,2,360507124,STL
29,6,6,8,360507116,WSH
32,11,7,6,360507116,CHC
47,12,3,4,360507126,COL
42,7,5,8,360507126,SF
37,12,1,6,360507105,KC
31,6,2,7,360507105,CLE
34,9,1,7,360507301,OAK
31,8,4,6,360507301,BAL
31,4,2,12,360507104,MIN
35,13,6,6,360507104,CHW
35,10,6,9,360507115,ARI
28,4,3,2,360507115,ATL
46,15,2,8,360507117,MIL
40,11,1,10,360507117,CIN
40,11,1,13,360507118,SEA
38,8,2,14,360507118,HOU
30,5,3,9,360507128,PHI
35,10,1,7,360507128,MIA
35,9,7,11,360507125,NYM
34,8,1,9,360507125,SD
36,8,2,8,360507103,TB
30,7,2,6,360507103,LAA
35,8,4,12,360508114,LAD
33,5,1,9,360508114,TOR
33,9,1,6,360508105,KC
33,8,4,8,360508105,CLE
38,12,4,11,360508106,TEX
34,6,5,8,360508106,DET
33,7,5,10,360508117,MIL
31,6,3,8,360508117,CIN
37,10,2,2,360508128,PHI
36,10,2,8,360508128,MIA
38,12,4,11,400836427,TEX
34,6,5,8,400836427,DET
33,7,4,9,360508101,OAK
35,12,5,8,360508101,BAL
42,9,1,16,360508115,ARI
41,11,5,8,360508115,ATL
33,7,3,9,360508104,MIN
30,6,2,9,360508104,CHW
32,5,1,6,360508118,SEA
33,9,3,11,360508118,HOU
41,14,4,8,360508124,PIT
36,10,5,10,360508124,STL
50,11,10,9,360508116,WSH
48,14,3,10,360508116,CHC
32,7,4,15,360508103,TB
28,5,3,5,360508103,LAA
34,9,1,9,360508126,COL
30,6,4,9,360508126,SF
37,11,4,4,360508125,NYM
34,8,2,13,360508125,SD
32,7,1,10,360508110,BOS
28,3,1,7,360508110,NYY
33,7,4,14,360509120,DET
30,7,4,4,360509120,WSH
36,10,2,8,360509110,KC
32,9,1,5,360509110,NYY
38,11,3,6,360509102,OAK
39,15,5,9,360509102,BOS
30,5,4,5,360509117,PIT
29,9,2,4,360509117,CIN
29,5,8,15,360509128,MIL
33,12,5,6,360509128,MIA
49,15,4,8,360509113,CHW
44,9,5,10,360509113,TEX
30,3,2,7,360509118,CLE
31,8,5,9,360509118,HOU
36,12,5,5,360509127,ARI
38,13,3,8,360509127,COL
24,4,2,4,360509112,TB
29,9,6,8,360509112,SEA
33,8,5,10,360509119,NYM
33,6,2,8,360509119,LAD
34,7,6,10,360509126,TOR
31,4,5,7,360509126,SF
35,9,1,8,360510110,KC
35,13,4,6,360510110,NYY
36,9,4,9,360510120,DET
36,11,5,10,360510120,WSH
41,15,1,8,360510102,OAK
39,16,4,4,360510102,BOS
35,9,2,3,360510115,PHI
32,6,2,4,360510115,ATL
38,12,8,8,360510128,MIL
34,8,3,4,360510128,MIA
38,13,7,3,360510113,CHW
38,17,4,9,360510113,TEX
36,8,3,10,360510116,SD
33,12,5,5,360510116,CHC
38,14,2,9,360510109,BAL
32,6,2,12,360510109,MIN
31,8,2,9,360510118,CLE
29,4,4,9,360510118,HOU
37,14,3,6,360510127,ARI
31,4,1,6,360510127,COL
41,14,4,4,360510103,STL
34,7,1,7,360510103,LAA
33,6,3,12,360510112,TB
33,11,0,6,360510112,SEA
31,5,2,13,360510119,NYM
34,10,1,4,360510119,LAD
34,9,0,9,360510126,TOR
30,6,4,6,360510126,SF
35,10,6,10,360511216,SD
35,9,6,5,360511216,CHC
41,16,2,9,360511109,BAL
34,8,2,3,360511109,MIN
38,11,1,13,360511113,CHW
31,10,5,3,360511113,TEX
60,14,1,11,360511118,CLE
54,10,12,18,360511118,HOU
39,13,0,11,360511127,ARI
38,14,3,11,360511127,COL
43,10,6,16,360511112,TB
36,8,7,11,360511112,SEA
47,11,7,8,360511126,TOR
48,12,7,9,360511126,SF
33,9,6,7,360511110,KC
34,7,3,4,360511110,NYY
33,6,0,20,360511120,DET
29,9,4,4,360511120,WSH
34,8,3,8,360511102,OAK
41,17,4,7,360511102,BOS
30,4,0,5,360511115,PHI
32,10,2,5,360511115,ATL
31,6,2,6,360511117,PIT
30,6,1,8,360511117,CIN
33,8,3,14,360511128,MIL
27,5,1,6,360511128,MIA
29,3,0,8,360511316,SD
31,4,5,14,360511316,CHC
31,9,1,4,360511103,STL
31,4,3,8,360511103,LAA
35,8,4,11,360511119,NYM
33,7,1,7,360511119,LAD
39,13,5,4,360512101,DET
36,12,3,5,360512101,BAL
35,9,2,5,360512110,KC
31,7,5,8,360512110,NYY
34,7,1,12,360512102,HOU
37,14,3,7,360512102,BOS
36,10,3,11,360512115,PHI
35,8,2,7,360512115,ATL
31,7,1,7,360512108,SD
31,8,2,11,360512108,MIL
33,8,3,8,360512129,SF
36,10,4,12,360512129,ARI
45,18,6,9,360512103,STL
40,15,4,7,360512103,LAA
29,3,1,13,360512119,NYM
32,8,0,6,360512119,LAD
36,11,4,8,360513116,PIT
34,11,4,9,360513116,CHC
31,6,2,8,360513101,DET
26,4,2,8,360513101,BAL
36,9,7,7,360513110,CHW
33,6,0,6,360513110,NYY
35,8,2,11,360513120,MIA
31,9,6,9,360513120,WSH
29,4,1,11,360513122,CIN
26,7,5,7,360513122,PHI
39,13,4,11,360513102,HOU
36,11,4,10,360513102,BOS
36,8,5,8,360513105,MIN
31,8,4,5,360513105,CLE
37,11,3,7,360513130,OAK
32,5,7,12,360513130,TB
35,9,4,4,360513113,TOR
29,3,1,6,360513113,TEX
29,3,2,8,360513108,SD
26,7,6,7,360513108,MIL
33,7,0,6,360513107,ATL
30,7,5,6,360513107,KC
33,6,1,12,360513127,NYM
35,12,1,7,360513127,COL
30,8,4,3,360513129,SF
33,8,0,5,360513129,ARI
38,13,4,7,360513112,LAA
36,10,7,9,360513112,SEA
35,9,4,5,360513119,STL
38,11,3,7,360513119,LAD
39,11,6,9,360514102,HOU
43,14,5,5,360514102,BOS
32,5,1,10,360514110,CHW
28,5,2,6,360514110,NYY
34,8,5,12,360514220,MIA
32,9,7,2,360514220,WSH
29,3,2,12,360514116,PIT
35,11,5,7,360514116,CHC
36,11,4,7,360514105,MIN
32,7,3,9,360514105,CLE
28,2,0,5,360514130,OAK
31,8,6,2,360514130,TB
31,5,3,9,360514101,DET
35,11,3,5,360514101,BAL
32,7,3,11,360514122,CIN
29,10,3,6,360514122,PHI
38,11,4,9,360514320,MIA
30,5,6,2,360514320,WSH
46,13,5,7,360514108,SD
43,10,12,17,360514108,MIL
46,13,5,7,400836506,SD
43,10,12,17,400836506,MIL
33,11,4,9,360514107,ATL
33,8,0,6,360514107,KC
39,10,1,9,360514113,TOR
38,9,4,7,360514113,TEX
38,13,1,7,360514127,NYM
34,12,3,4,360514127,COL
37,12,3,6,360514129,SF
35,8,2,8,360514129,ARI
37,13,4,4,360514112,LAA
38,11,1,8,360514112,SEA
32,5,1,8,360514119,STL
28,6,3,8,360514119,LAD
37,12,3,12,360515110,CHW
34,10,6,3,360515110,NYY
34,7,2,13,360515105,MIN
36,9,1,9,360515105,CLE
38,12,2,8,360515130,OAK
34,6,2,9,360515130,TB
39,13,4,8,360515101,DET
34,7,5,12,360515101,BAL
37,8,5,10,360515102,HOU
39,14,3,4,360515102,BOS
33,9,2,5,360515120,MIA
34,7,4,15,360515120,WSH
39,14,7,6,360515122,CIN
39,12,7,10,360515122,PHI
33,7,0,7,360515108,SD
35,11,1,12,360515108,MIL
48,10,4,17,360515107,ATL
47,12,0,11,360515107,KC
32,5,6,12,360515116,PIT
30,4,1,7,360515116,CHC
37,12,4,6,360515113,TOR
29,9,5,6,360515113,TEX
34,9,2,12,360515112,LAA
27,2,1,7,360515112,SEA
32,8,4,5,360515127,NYM
30,6,3,5,360515127,COL
30,4,5,8,360515129,SF
29,8,4,6,360515129,ARI
32,7,3,8,360515119,STL
30,6,3,5,360515119,LAD
36,12,2,5,360516105,CIN
39,19,6,5,360516105,CLE
33,10,7,8,360516122,MIA
36,10,2,9,360516122,PHI
35,9,2,8,360516123,ATL
38,14,2,7,360516123,PIT
41,17,3,8,360516114,TB
33,8,4,7,360516114,TOR
39,11,0,12,360516106,MIN
35,14,4,5,360516106,DET
34,8,1,10,360516129,NYY
39,15,5,8,360516129,ARI
30,4,2,6,360516111,TEX
25,4,2,2,360516111,OAK
36,12,4,7,360516119,LAA
35,9,5,8,360516119,LAD
31,5,2,9,360517105,CIN
41,17,9,7,360517105,CLE
38,12,5,6,360517101,SEA
30,2,3,3,360517101,BAL
34,8,3,17,360517122,MIA
30,6,0,9,360517122,PHI
40,15,3,8,360517123,ATL
42,21,3,10,360517123,PIT
45,17,3,4,360517114,TB
30,5,4,10,360517114,TOR
33,7,3,7,360517106,MIN
33,10,0,2,360517106,DET
30,5,0,13,360517121,WSH
26,4,3,11,360517121,NYM
45,11,4,11,360517104,HOU
43,11,3,12,360517104,CHW
30,3,1,7,360517108,CHC
29,5,2,9,360517108,MIL
33,8,2,7,360517107,BOS
35,11,4,5,360517107,KC
33,7,4,9,360517124,COL
33,6,3,7,360517124,STL
33,6,1,10,360517129,NYY
34,10,1,13,360517129,ARI
39,15,1,6,360517111,TEX
38,12,3,8,360517111,OAK
31,4,0,13,360517119,LAA
34,13,2,2,360517119,LAD
35,10,3,4,360517125,SF
33,5,0,11,360517125,SD
30,6,1,6,360518122,MIA
30,8,5,6,360518122,PHI
33,7,3,11,360518106,MIN
34,13,1,9,360518106,DET
35,9,1,13,360518207,BOS
27,5,1,6,360518207,KC
31,4,1,8,360518111,TEX
33,12,4,5,360518111,OAK
32,8,11,11,360518121,WSH
33,6,1,8,360518121,NYM
33,7,4,10,360518101,SEA
31,8,3,4,360518101,BAL
33,10,3,4,360518123,ATL
31,6,0,4,360518123,PIT
37,10,1,7,360518114,TB
31,4,4,8,360518114,TOR
46,10,4,14,360518117,CLE
46,10,3,14,360518117,CIN
36,13,5,7,360518104,HOU
35,10,2,8,360518104,CHW
44,10,8,9,360518108,CHC
42,6,8,14,360518108,MIL
32,6,2,9,360518124,COL
30,7,4,6,360518124,STL
35,10,6,8,360518307,BOS
31,6,1,6,360518307,KC
36,11,4,10,360518129,NYY
29,2,2,11,360518129,ARI
34,8,3,4,360518103,LAD
33,12,5,8,360518103,LAA
32,4,2,7,360518125,SF
31,4,2,8,360518125,SD
34,9,3,5,360519101,SEA
32,6,2,10,360519101,BAL
32,6,6,15,360519108,CHC
32,8,4,10,360519108,MIL
33,7,2,8,360519123,ATL
35,11,2,6,360519123,PIT
36,10,5,6,360519117,CLE
32,5,1,8,360519117,CIN
39,11,4,5,360519121,WSH
33,6,3,14,360519121,NYM
36,9,2,10,360519124,COL
34,12,4,8,360519124,STL
31,4,0,9,360519104,HOU
28,5,1,9,360519104,CHW
41,9,3,9,360519109,TOR
35,4,1,12,360519109,MIN
35,9,2,9,360519125,SF
31,4,0,10,360519125,SD
33,6,4,6,360519103,LAD
33,11,3,6,360519103,LAA
35,10,4,7,360519111,NYY
31,6,0,8,360519111,OAK
36,8,4,6,360520122,ATL
33,6,3,9,360520122,PHI
35,12,2,1,360520123,COL
32,8,0,5,360520123,PIT
33,8,5,5,360520102,CLE
31,6,3,9,360520102,BOS
33,8,5,8,360520106,TB
38,11,2,6,360520106,DET
33,10,6,8,360520117,SEA
33,8,3,9,360520117,CIN
29,3,0,10,360520121,MIL
30,7,3,11,360520121,NYM
34,8,4,4,360520128,WSH
33,9,2,8,360520128,MIA
37,12,0,7,360520104,KC
32,6,3,10,360520104,CHW
40,14,1,5,360520109,TOR
36,10,0,8,360520109,MIN
31,5,3,13,360520118,TEX
32,6,0,9,360520118,HOU
38,15,5,5,360520124,ARI
38,11,8,9,360520124,STL
40,13,6,7,360520111,NYY
34,6,1,9,360520111,OAK
40,14,4,7,360520103,BAL
34,7,4,4,360520103,LAA
37,11,2,4,360520126,CHC
33,6,2,10,360520126,SF
36,11,5,9,360520125,LAD
29,7,8,6,360520125,SD
32,8,2,8,360521104,KC
32,7,3,7,360521104,CHW
31,6,4,7,360521109,TOR
27,4,3,6,360521109,MIN
31,6,5,4,360521122,ATL
29,2,1,8,360521122,PHI
30,2,4,11,360521102,CLE
37,13,6,1,360521102,BOS
34,8,3,7,360521111,NYY
32,6,2,4,360521111,OAK
34,6,3,7,360521123,COL
34,9,4,5,360521123,PIT
35,8,1,7,360521124,ARI
35,10,6,8,360521124,STL
33,6,3,15,360521106,TB
31,8,3,8,360521106,DET
33,6,6,4,360521117,SEA
30,4,3,7,360521117,CIN
32,7,5,13,360521121,MIL
31,9,6,7,360521121,NYM
32,6,0,9,360521118,TEX
28,3,2,9,360521118,HOU
36,10,4,8,360521126,CHC
31,9,5,4,360521126,SF
32,8,3,13,360521128,WSH
33,10,4,9,360521128,MIA
33,5,1,13,360521103,BAL
35,9,4,7,360521103,LAA
36,4,3,13,360521125,LAD
35,5,5,19,360521125,SD
36,10,1,6,360522106,TB
37,13,3,9,360522106,DET
36,12,4,4,360522117,SEA
32,8,1,9,360522117,CIN
33,8,0,12,360522121,MIL
30,6,3,11,360522121,NYM
32,10,9,3,360522128,WSH
32,6,0,9,360522128,MIA
33,6,2,9,360522102,CLE
36,12,5,11,360522102,BOS
31,6,1,4,360522122,ATL
35,13,1,3,360522122,PHI
33,8,2,8,360522104,KC
29,7,4,6,360522104,CHW
36,9,1,5,360522109,TOR
29,3,2,5,360522109,MIN
37,13,1,8,360522118,TEX
33,5,3,13,360522118,HOU
37,13,2,1,360522124,ARI
32,6,2,8,360522124,STL
31,5,1,8,360522103,BAL
37,13,3,3,360522103,LAA
35,10,0,6,360522111,NYY
35,6,1,10,360522111,OAK
65,16,8,9,360522125,LAD
59,9,5,12,360522125,SD
30,3,2,8,360522126,CHC
28,4,4,5,360522126,SF
33,7,1,7,360523123,COL
30,7,3,7,360523123,PIT
33,7,4,7,360523204,CLE
34,10,8,7,360523204,CHW
36,12,1,9,360523106,PHI
34,12,2,5,360523106,DET
37,12,5,7,360523128,TB
35,14,3,5,360523128,MIA
33,9,1,7,360523113,LAA
33,7,3,7,360523113,TEX
41,17,2,10,360523109,KC
36,12,3,5,360523109,MIN
36,11,0,10,360523120,NYM
32,6,2,4,360523120,WSH
35,9,4,6,360523124,CHC
29,5,1,11,360523124,STL
33,7,3,5,360523304,CLE
33,6,1,11,360523304,CHW
31,5,2,7,360523112,OAK
30,8,0,6,360523112,SEA
27,2,1,7,360523119,CIN
26,5,4,2,360523119,LAD
29,2,0,6,360523126,SD
29,5,5,5,360523126,SF
32,9,7,10,360524128,TB
36,8,3,10,360524128,MIA
41,15,6,10,360524124,CHC
32,7,3,5,360524124,STL
28,2,4,7,360524110,TOR
31,8,4,8,360524110,NYY
32,5,3,15,360524120,NYM
33,11,2,4,360524120,WSH
31,6,6,3,360524123,ARI
38,17,5,5,360524123,PIT
31,6,1,11,360524102,COL
35,12,5,3,360524102,BOS
30,5,2,11,360524106,PHI
29,7,1,8,360524106,DET
31,4,2,15,360524115,MIL
29,5,4,9,360524115,ATL
32,7,3,8,360524113,LAA
29,7,2,7,360524113,TEX
35,10,5,8,360524104,CLE
32,6,1,7,360524104,CHW
39,13,2,9,360524109,KC
33,7,5,10,360524109,MIN
47,8,5,19,360524118,BAL
43,8,5,11,360524118,HOU
32,9,3,7,360524126,SD
31,9,6,2,360524126,SF
35,9,3,8,360524112,OAK
34,11,3,6,360524112,SEA
30,3,1,9,360524119,CIN
35,11,6,7,360524119,LAD
31,5,2,7,360525120,NYM
32,6,1,8,360525120,WSH
38,12,2,10,360525106,PHI
37,9,2,9,360525106,DET
36,11,2,8,360525109,KC
34,12,2,9,360525109,MIN
36,10,6,12,360525124,CHC
41,13,2,7,360525124,STL
38,14,1,2,360525113,LAA
40,18,5,6,360525113,TEX
34,8,1,10,360525104,CLE
36,9,1,11,360525104,CHW
35,9,3,8,360525126,SD
39,10,2,9,360525126,SF
38,11,4,8,360525110,TOR
33,6,4,5,360525110,NYY
34,9,1,2,360525123,ARI
36,11,1,8,360525123,PIT
36,10,2,10,360525102,COL
37,13,4,6,360525102,BOS
45,11,9,15,360525115,MIL
46,9,5,12,360525115,ATL
41,13,2,12,360525130,MIA
31,9,4,11,360525130,TB
38,11,4,18,360525118,BAL
32,8,0,7,360525118,HOU
23,8,0,3,360525112,OAK
25,11,0,2,360525112,SEA
30,4,2,14,360525119,CIN
27,3,1,13,360525119,LAD
38,13,5,7,360526123,ARI
37,12,5,9,360526123,PIT
41,15,1,6,360526130,MIA
34,7,2,16,360526130,TB
34,6,1,11,360526110,TOR
30,4,3,8,360526110,NYY
31,6,1,5,360526120,STL
30,7,1,6,360526120,WSH
38,12,0,6,360526102,COL
32,6,4,7,360526102,BOS
35,10,4,12,360526115,MIL
34,8,4,8,360526115,ATL
33,5,6,15,360526118,BAL
31,6,2,13,360526118,HOU
35,10,2,10,360527116,PHI
33,10,2,9,360527116,CHC
30,4,4,8,360527120,STL
34,8,1,7,360527120,WSH
33,7,2,6,360527114,BOS
34,11,4,13,360527114,TOR
38,13,2,6,360527105,BAL
33,10,4,8,360527105,CLE
31,8,4,11,360527121,LAD
33,9,4,12,360527121,NYM
31,4,3,8,360527130,NYY
32,4,0,9,360527130,TB
33,8,2,4,360527115,MIA
36,14,3,6,360527115,ATL
41,14,2,9,360527113,PIT
37,10,1,4,360527113,TEX
32,6,0,8,360527108,CIN
35,14,6,6,360527108,MIL
35,8,1,11,360527107,CHW
34,13,1,7,360527107,KC
34,7,0,4,360527127,SF
33,11,2,3,360527127,COL
43,18,5,11,360527129,SD
34,6,1,9,360527129,ARI
34,8,1,13,360527103,HOU
33,9,4,5,360527103,LAA
36,11,3,5,360527111,DET
32,5,1,5,360527111,OAK
36,10,3,11,360527112,MIN
32,5,0,11,360527112,SEA
41,15,1,10,360528114,BOS
39,13,2,8,360528114,TOR
39,11,0,6,360528107,CHW
38,12,6,7,360528107,KC
31,5,0,7,360528116,PHI
30,8,1,9,360528116,CHC
31,6,4,7,360528111,DET
39,17,1,7,360528111,OAK
35,10,3,10,360528105,BAL
39,13,5,5,360528105,CLE
37,11,1,8,360528108,CIN
32,7,6,9,360528108,MIL
34,7,4,8,360528115,MIA
30,6,4,7,360528115,ATL
40,16,1,5,360528127,SF
35,9,5,10,360528127,COL
37,12,4,10,360528130,NYY
35,13,2,6,360528130,TB
35,7,1,11,360528113,PIT
33,9,1,6,360528113,TEX
37,12,5,12,360528120,STL
33,7,0,7,360528120,WSH
39,14,3,10,360528121,LAD
29,3,4,10,360528121,NYM
32,9,3,7,360528103,HOU
30,3,0,6,360528103,LAA
36,11,5,10,360528112,MIN
36,14,4,6,360528112,SEA
34,10,1,4,360528129,SD
33,10,7,8,360528129,ARI
40,9,8,5,360529114,BOS
42,10,4,8,360529114,TOR
34,8,4,12,360529105,BAL
34,8,5,9,360529105,CLE
28,1,1,6,360529130,NYY
34,6,2,14,360529130,TB
35,9,3,7,360529120,STL
35,12,3,8,360529120,WSH
32,9,2,6,360529108,CIN
27,8,5,5,360529108,MIL
33,9,1,8,360529107,CHW
32,11,5,7,360529107,KC
31,6,4,7,360529116,PHI
32,10,6,10,360529116,CHC
36,8,1,6,360529113,PIT
29,7,4,7,360529113,TEX
47,14,7,10,360529103,HOU
47,12,9,11,360529103,LAA
31,5,3,12,360529111,DET
32,9,3,6,360529111,OAK
33,7,2,8,360529112,MIN
32,7,1,9,360529112,SEA
39,17,3,6,360529127,SF
34,8,3,7,360529127,COL
32,5,1,11,360529129,SD
33,9,5,14,360529129,ARI
37,10,4,6,360529115,MIA
28,3,5,6,360529115,ATL
37,9,4,5,360529121,LAD
32,5,0,12,360529121,NYM
27,2,1,10,360530121,CHW
29,7,2,7,360530121,NYM
33,6,2,7,360530115,SF
30,6,2,8,360530115,ATL
37,11,5,6,360530101,BOS
29,4,5,7,360530101,BAL
39,12,0,11,360530108,STL
30,5,2,11,360530108,MIL
31,8,3,10,360530111,MIN
26,7,3,7,360530111,OAK
35,9,2,10,360530112,SD
33,10,3,6,360530112,SEA
42,17,3,7,360530127,CIN
37,11,7,8,360530127,COL
36,13,3,3,360530129,HOU
32,5,1,8,360530129,ARI
28,1,1,11,360530116,LAD
30,8,3,9,360530116,CHC
38,11,1,3,360530105,TEX
34,11,3,3,360530105,CLE
31,5,3,9,360530122,WSH
31,6,2,8,360530122,PHI
30,5,3,8,360530114,NYY
30,8,1,6,360530114,TOR
39,14,1,8,360530128,PIT
28,3,0,1,360530128,MIA
32,5,5,10,360530107,TB
32,10,2,3,360530107,KC
30,4,1,10,360530103,DET
30,6,1,7,360530103,LAA
33,7,0,6,360531112,SD
37,14,10,4,360531112,SEA
35,12,6,6,360531129,HOU
35,9,5,12,360531129,ARI
37,11,0,7,360531105,TEX
33,8,3,5,360531105,CLE
37,10,2,10,360531101,BOS
34,7,0,9,360531101,BAL
35,8,2,10,360531122,WSH
29,4,2,8,360531122,PHI
33,6,2,7,360531114,NYY
27,7,2,6,360531114,TOR
28,5,3,4,360531115,SF
27,1,1,4,360531115,ATL
37,8,5,7,360531121,CHW
34,8,3,9,360531121,NYM
28,5,2,9,360531128,PIT
34,10,2,5,360531128,MIA
37,14,6,8,360531108,STL
32,7,2,6,360531108,MIL
40,13,5,14,360531107,TB
39,18,3,5,360531107,KC
34,8,5,9,360531116,LAD
27,1,1,11,360531116,CHC
31,7,4,5,360531127,CIN
39,19,5,5,360531127,COL
34,8,3,10,360531103,DET
34,17,4,4,360531103,LAA
38,12,1,8,360531111,MIN
36,12,4,12,360531111,OAK
42,7,5,14,360601121,CHW
40,7,13,12,360601121,NYM
30,4,0,10,360601108,STL
30,6,3,4,360601108,MIL
31,6,5,10,360601111,MIN
32,11,2,8,360601111,OAK
39,8,4,9,360601105,TEX
40,10,5,7,360601105,CLE
40,15,5,6,360601101,BOS
37,14,9,4,360601101,BAL
37,11,3,10,360601103,DET
29,2,3,10,360601103,LAA
37,12,1,8,360601122,WSH
33,6,3,12,360601122,PHI
34,7,2,8,360601114,NYY
34,12,3,3,360601114,TOR
39,8,5,8,360601115,SF
35,7,3,10,360601115,ATL
29,4,6,14,360601128,PIT
32,7,3,10,360601128,MIA
31,4,0,10,360601116,LAD
26,3,2,11,360601116,CHC
37,8,2,15,360601118,ARI
40,9,3,12,360601118,HOU
35,9,2,9,360601107,TB
33,11,2,7,360601107,KC
36,10,4,11,360601127,CIN
32,7,2,3,360601127,COL
40,14,4,7,360601125,SEA
43,19,1,13,360601125,SD
34,8,5,5,360602115,SF
32,4,3,12,360602115,ATL
31,7,2,9,360602118,ARI
32,5,0,14,360602118,HOU
25,3,2,6,360602116,LAD
33,10,3,11,360602116,CHC
38,12,2,6,360602101,BOS
35,11,2,4,360602101,BAL
37,12,3,8,360602122,MIL
32,5,0,11,360602122,PHI
36,12,2,5,360602105,KC
35,11,3,5,360602105,CLE
39,4,5,12,360602128,PIT
41,7,5,9,360602128,MIA
34,8,1,6,360602106,NYY
35,11,4,13,360602106,DET
35,9,1,6,360602109,TB
36,15,3,5,360602109,MIN
39,14,4,7,360602127,CIN
31,5,3,7,360602127,COL
43,16,2,8,360602125,SEA
47,20,3,10,360602125,SD
31,6,2,12,360603116,ARI
30,7,6,13,360603116,CHC
34,10,2,5,360603101,NYY
34,11,1,8,360603101,BAL
30,5,5,9,360603122,MIL
29,7,4,6,360603122,PHI
38,15,10,5,360603123,LAA
34,8,1,9,360603123,PIT
32,7,5,8,360603102,TOR
32,5,6,7,360603102,BOS
28,3,5,9,360603105,KC
30,8,4,5,360603105,CLE
33,7,4,6,360603106,CHW
35,14,7,6,360603106,DET
31,7,3,9,360603117,WSH
35,12,0,9,360603117,CIN
35,10,1,11,360603128,NYM
33,7,1,12,360603128,MIA
33,9,1,5,360603113,SEA
34,13,5,4,360603113,TEX
33,7,0,9,360603109,TB
33,8,5,10,360603109,MIN
35,9,2,10,360603118,OAK
40,16,5,10,360603118,HOU
34,8,4,9,360603124,SF
30,5,5,4,360603124,STL
33,7,2,7,360603119,ATL
29,5,3,11,360603119,LAD
29,2,2,9,360603125,COL
29,4,3,4,360603125,SD
31,4,3,7,360604116,ARI
32,7,3,6,360604116,CHC
35,10,5,7,360604122,MIL
33,7,2,4,360604122,PHI
29,4,6,6,360604102,TOR
32,11,5,5,360604102,BOS
35,11,1,2,360604123,LAA
31,10,8,4,360604123,PIT
34,9,3,7,360604106,CHW
33,11,3,2,360604106,DET
35,11,4,6,360604109,TB
36,11,2,10,360604109,MIN
28,3,3,3,360604117,WSH
30,7,3,15,360604117,CIN
46,12,4,11,360604118,OAK
40,10,5,13,360604118,HOU
39,15,6,7,360604128,NYM
36,9,4,4,360604128,MIA
41,16,0,5,360604101,NYY
35,8,3,9,360604101,BAL
33,7,1,6,360604105,KC
34,12,2,7,360604105,CLE
32,6,2,6,360604124,SF
35,12,0,3,360604124,STL
37,11,2,2,360604113,SEA
36,14,7,5,360604113,TEX
29,5,2,8,360604119,ATL
29,6,7,3,360604119,LAD
35,9,5,9,360604125,COL
34,12,1,5,360604125,SD
29,3,2,11,360605105,KC
31,9,2,7,360605105,CLE
32,5,1,10,360605106,CHW
34,12,4,8,360605106,DET
41,14,1,7,360605117,WSH
36,12,5,13,360605117,CIN
31,4,0,15,360605128,NYM
28,5,0,4,360605128,MIA
36,10,2,8,360605101,NYY
29,6,7,12,360605101,BAL
30,4,4,5,360605102,TOR
33,6,3,7,360605102,BOS
36,11,3,13,360605122,MIL
35,13,2,2,360605122,PHI
35,9,1,7,360605123,LAA
33,9,7,8,360605123,PIT
33,10,5,10,360605109,TB
35,9,6,12,360605109,MIN
35,8,4,10,360605118,OAK
35,9,6,7,360605118,HOU
34,10,5,18,360605116,ARI
31,5,2,6,360605116,CHC
30,3,2,10,360605113,SEA
29,5,1,7,360605113,TEX
37,12,2,7,360605119,ATL
38,14,6,9,360605119,LAD
33,6,3,10,360605124,SF
32,10,2,6,360605124,STL
37,10,3,9,360605125,COL
32,6,1,12,360605125,SD
40,13,0,8,360606122,CHC
34,9,0,10,360606122,PHI
31,5,2,7,360606101,KC
29,7,2,11,360606101,BAL
30,6,2,7,360606110,LAA
31,9,0,6,360606110,NYY
29,3,4,6,360606106,TOR
39,15,4,7,360606106,DET
37,9,3,8,360606113,HOU
38,12,1,7,360606113,TEX
35,10,7,13,360606129,TB
34,7,5,15,360606129,ARI
32,5,1,14,360606112,CLE
32,5,1,13,360606112,SEA
33,9,3,10,360606119,COL
26,1,4,6,360606119,LAD
36,9,2,11,360606125,ATL
35,11,1,5,360606125,SD
32,5,3,3,360607223,NYM
33,10,4,11,360607223,PIT
37,10,4,8,360607101,KC
35,11,2,6,360607101,BAL
32,5,2,7,360607110,LAA
31,10,2,4,360607110,NYY
31,6,2,9,360607122,CHC
30,6,4,8,360607122,PHI
34,5,9,11,360607106,TOR
32,6,3,13,360607106,DET
34,10,2,5,360607117,STL
34,12,2,8,360607117,CIN
29,4,2,14,360607323,NYM
34,10,1,10,360607323,PIT
30,6,6,9,360607113,HOU
33,10,1,10,360607113,TEX
37,12,6,8,360607104,WSH
32,7,8,7,360607104,CHW
32,5,3,8,360607108,OAK
30,6,2,8,360607108,MIL
43,10,1,12,360607109,MIA
38,7,3,10,360607109,MIN
29,3,2,2,360607129,TB
29,8,2,5,360607129,ARI
31,6,2,5,360607112,CLE
32,11,5,8,360607112,SEA
35,9,4,15,360607119,COL
27,5,5,5,360607119,LAD
31,7,2,5,360607125,ATL
32,9,4,6,360607125,SD
38,9,4,5,360607126,BOS
36,7,1,10,360607126,SF
37,13,2,7,360608122,CHC
29,3,1,11,360608122,PHI
34,9,3,5,360608106,TOR
33,9,3,5,360608106,DET
40,14,3,10,360608125,ATL
30,5,2,9,360608125,SD
36,10,5,7,360608129,TB
35,10,5,11,360608129,ARI
35,9,1,12,360608101,KC
27,4,4,8,360608101,BAL
41,14,1,8,360608110,LAA
42,17,2,5,360608110,NYY
36,11,6,8,360608123,NYM
38,10,6,8,360608123,PIT
42,15,8,6,360608117,STL
41,15,1,9,360608117,CIN
32,7,5,12,360608113,HOU
35,10,1,6,360608113,TEX
44,18,4,5,360608104,WSH
35,9,2,9,360608104,CHW
30,3,0,5,360608108,OAK
30,9,2,6,360608108,MIL
40,14,1,5,360608109,MIA
37,14,1,5,360608109,MIN
30,3,0,13,360608112,CLE
30,7,2,7,360608112,SEA
31,6,1,10,360608119,COL
31,4,2,6,360608119,LAD
33,5,2,10,360608126,BOS
27,3,2,7,360608126,SF
32,7,6,5,360609113,HOU
32,8,2,8,360609113,TEX
34,7,1,12,360609127,PIT
36,14,5,4,360609127,COL
34,8,1,9,360609110,LAA
33,11,5,5,360609110,NYY
35,11,3,5,360609114,BAL
33,8,4,6,360609114,TOR
35,8,2,8,360609117,STL
30,4,1,11,360609117,CIN
31,5,0,9,360609104,WSH
29,5,2,11,360609104,CHW
37,13,3,8,360609108,NYM
33,10,0,4,360609108,MIL
44,18,0,7,360609109,MIA
32,7,3,10,360609109,MIN
34,7,8,7,360609112,CLE
38,13,1,8,360609112,SEA
32,6,2,7,360610110,DET
28,7,5,2,360610110,NYY
32,6,3,13,360610120,PHI
32,11,5,3,360610120,WSH
42,9,7,13,360610123,STL
42,8,5,7,360610123,PIT
34,4,5,10,360610114,BAL
34,10,3,7,360610114,TOR
31,9,4,4,360610117,OAK
28,5,1,4,360610117,CIN
35,11,6,10,360610130,HOU
30,8,5,12,360610130,TB
30,4,0,9,360610115,CHC
32,12,3,5,360610115,ATL
37,12,1,11,360610104,KC
33,12,1,3,360610104,CHW
40,10,5,5,360610108,NYM
31,3,6,15,360610108,MIL
44,16,1,8,360610109,BOS
34,8,2,8,360610109,MIN
35,9,2,12,360610127,SD
35,9,3,10,360610127,COL
36,9,4,8,360610129,MIA
37,13,4,11,360610129,ARI
35,10,1,7,360610103,CLE
30,3,1,8,360610103,LAA
35,10,1,5,360610112,TEX
32,7,3,6,360610112,SEA
32,5,0,9,360610126,LAD
33,6,1,14,360610126,SF
32,7,2,10,360611120,PHI
34,13,2,6,360611120,WSH
36,12,2,8,360611114,BAL
30,13,8,3,360611114,TOR
35,9,1,10,360611104,KC
30,5,3,13,360611104,CHW
41,15,4,3,360611109,BOS
31,7,8,8,360611109,MIN
32,7,2,9,360611108,NYM
29,8,7,8,360611108,MIL
40,13,1,10,360611115,CHC
34,5,2,4,360611115,ATL
33,7,3,7,360611117,OAK
29,6,5,10,360611117,CIN
28,7,3,4,360611127,SD
32,10,2,7,360611127,COL
33,7,2,8,360611130,HOU
29,6,3,4,360611130,TB
36,10,1,7,360611110,DET
32,6,3,7,360611110,NYY
34,8,4,11,360611123,STL
29,6,3,6,360611123,PIT
38,11,6,8,360611126,LAD
33,7,7,3,360611126,SF
33,7,2,11,360611103,CLE
34,11,2,3,360611103,LAA
39,10,5,11,360611112,TEX
38,6,1,3,360611112,SEA
36,9,3,6,360611129,MIA
31,7,0,12,360611129,ARI
38,13,5,15,360612114,BAL
38,14,5,10,360612114,TOR
38,15,2,6,360612117,OAK
31,7,2,9,360612117,CIN
29,2,2,11,360612130,HOU
34,9,3,12,360612130,TB
41,16,8,10,360612115,CHC
35,7,1,8,360612115,ATL
35,9,2,12,360612110,DET
31,4,4,9,360612110,NYY
33,11,3,10,360612104,KC
30,5,1,12,360612104,CHW
35,7,2,10,360612108,NYM
32,9,1,6,360612108,MIL
34,7,6,7,360612109,BOS
36,7,5,7,360612109,MIN
39,11,2,7,360612103,CLE
33,7,5,10,360612103,LAA
33,7,0,9,360612120,PHI
31,8,5,9,360612120,WSH
34,7,6,12,360612112,TEX
34,9,3,6,360612112,SEA
34,8,2,8,360612127,SD
29,4,4,12,360612127,COL
27,3,2,6,360612129,MIA
35,12,2,6,360612129,ARI
38,14,2,9,360612123,STL
32,6,0,7,360612123,PIT
32,6,1,5,360612126,LAD
29,5,3,7,360612126,SF
29,2,0,16,360613120,CHC
34,10,5,5,360613120,WSH
35,9,4,9,360613114,PHI
31,6,5,8,360613114,TOR
34,9,8,6,360613115,CIN
36,10,4,3,360613115,ATL
46,14,11,7,360613104,DET
48,16,6,10,360613104,CHW
29,4,5,4,360613107,CLE
33,11,1,9,360613107,KC
34,7,5,7,360613129,LAD
28,6,2,8,360613129,ARI
39,10,4,6,360613103,MIN
33,8,1,7,360613103,LAA
36,9,1,5,360613111,TEX
38,17,5,4,360613111,OAK
44,19,6,12,360613125,MIA
34,7,2,10,360613125,SD
35,11,6,7,360613126,MIL
33,14,5,8,360613126,SF
32,7,1,6,360614114,PHI
40,14,5,6,360614114,TOR
31,7,5,12,360614120,CHC
29,5,3,10,360614120,WSH
32,5,0,13,360614102,BAL
33,7,3,11,360614102,BOS
32,3,3,10,360614115,CIN
29,5,5,6,360614115,ATL
33,7,2,11,360614121,PIT
28,3,1,6,360614121,NYM
34,10,7,11,360614130,SEA
34,10,4,11,360614130,TB
40,16,8,9,360614104,DET
35,11,1,5,360614104,CHW
32,9,6,6,360614107,CLE
32,9,0,6,360614107,KC
33,9,0,5,360614124,HOU
32,5,1,9,360614124,STL
41,15,3,5,360614127,NYY
36,15,5,7,360614127,COL
35,9,4,12,360614129,LAD
34,9,1,11,360614129,ARI
37,10,2,6,360614103,MIN
32,12,3,2,360614103,LAA
38,13,5,8,360614111,TEX
36,11,0,5,360614111,OAK
33,6,5,6,360614125,MIA
34,7,2,12,360614125,SD
28,4,1,10,360614126,MIL
35,12,4,10,360614126,SF
34,7,0,7,360615127,NYY
34,13,3,8,360615127,COL
34,9,2,5,360615125,MIA
35,13,1,6,360615125,SD
32,7,3,10,360615129,LAD
32,5,1,13,360615129,ARI
34,8,2,9,360615126,MIL
40,16,4,4,360615126,SF
42,11,3,11,360615120,CHC
42,9,4,10,360615120,WSH
35,8,1,5,360615102,BAL
35,13,4,4,360615102,BOS
33,9,4,6,360615122,TOR
33,6,2,7,360615122,PHI
46,11,7,16,360615115,CIN
55,19,7,15,360615115,ATL
33,5,0,12,360615121,PIT
43,19,2,8,360615121,NYM
46,8,4,16,360615130,SEA
45,8,11,19,360615130,TB
31,9,5,7,360615124,HOU
33,8,3,6,360615124,STL
34,8,1,9,360615104,DET
30,9,4,2,360615104,CHW
32,5,2,8,360615107,CLE
35,10,3,10,360615107,KC
32,5,3,8,360615103,MIN
37,12,6,5,360615103,LAA
34,10,3,6,360615111,TEX
34,7,3,7,360615111,OAK
33,8,4,8,360616115,CIN
32,9,3,6,360616115,ATL
37,13,5,11,360616130,SEA
39,12,3,10,360616130,TB
36,9,3,10,360616111,TEX
29,2,1,4,360616111,OAK
44,17,3,11,360616122,TOR
32,5,2,6,360616122,PHI
37,11,3,10,360616102,BAL
31,4,1,6,360616102,BOS
35,10,0,8,360616121,PIT
33,11,2,6,360616121,NYM
30,7,2,8,360616109,NYY
34,7,3,11,360616109,MIN
39,13,3,7,360616107,DET
35,10,1,9,360616107,KC
35,10,3,11,360616119,MIL
33,8,2,8,360616119,LAD
35,9,5,5,360616125,WSH
35,10,4,8,360616125,SD
29,3,4,13,360617116,PIT
31,9,11,6,360617116,CHC
38,13,4,8,360617101,TOR
34,7,2,10,360617101,BAL
42,16,1,15,360617122,ARI
33,7,1,10,360617122,PHI
36,10,3,6,360617102,SEA
35,11,1,4,360617102,BOS
33,7,4,13,360617105,CHW
31,8,1,6,360617105,CLE
37,11,5,7,360617121,ATL
30,6,4,7,360617121,NYM
28,1,5,7,360617128,COL
32,9,4,7,360617128,MIA
33,7,4,13,360617130,SF
30,4,0,4,360617130,TB
33,7,4,13,400836967,SF
30,4,0,4,400836967,TB
37,14,6,2,360617109,NYY
35,9,0,5,360617109,MIN
39,11,4,8,360617118,CIN
41,8,8,12,360617118,HOU
36,10,0,6,360617107,DET
36,14,6,7,360617107,KC
32,6,2,8,360617124,TEX
29,3,3,6,360617124,STL
32,6,1,4,360617111,LAA
34,10,2,7,360617111,OAK
41,12,2,16,360617119,MIL
34,8,3,8,360617119,LAD
35,11,2,7,360617125,WSH
36,9,5,8,360617125,SD
36,12,2,8,360618109,NYY
34,9,0,15,360618109,MIN
38,11,1,11,360618122,ARI
30,4,1,7,360618122,PHI
31,7,6,9,360618101,TOR
31,9,3,4,360618101,BAL
34,9,0,8,360618102,SEA
34,12,1,5,360618102,BOS
39,13,2,4,360618111,LAA
31,5,2,4,360618111,OAK
41,9,0,12,360618118,CIN
41,13,5,11,360618118,HOU
34,8,4,8,360618128,COL
38,17,5,6,360618128,MIA
34,11,2,6,360618130,SF
35,8,3,6,360618130,TB
34,9,2,7,360618124,TEX
31,7,3,6,360618124,STL
34,7,1,11,360618105,CHW
38,15,9,9,360618105,CLE
34,10,1,8,360618107,DET
43,21,4,3,360618107,KC
33,8,3,10,360618116,PIT
28,6,7,6,360618116,CHC
33,7,3,10,360618121,ATL
32,7,2,7,360618121,NYM
35,11,4,7,360618119,MIL
36,14,4,9,360618119,LAD
34,8,2,10,360618125,WSH
32,9,3,10,360618125,SD
33,6,5,10,360619105,CHW
36,12,4,10,360619105,CLE
36,11,1,10,360619121,ATL
28,1,0,7,360619121,NYM
28,2,6,10,360619128,COL
31,8,1,7,360619128,MIA
34,9,3,8,360619130,SF
34,7,1,11,360619130,TB
35,7,1,8,360619101,TOR
41,19,1,8,360619101,BAL
33,8,0,10,360619102,SEA
32,11,4,5,360619102,BOS
37,10,4,9,360619122,ARI
30,3,3,8,360619122,PHI
35,7,0,6,360619109,NYY
34,11,2,4,360619109,MIN
31,5,1,7,360619118,CIN
28,8,4,4,360619118,HOU
42,5,2,12,360619107,DET
40,7,2,8,360619107,KC
35,10,1,7,360619124,TEX
32,10,5,2,360619124,STL
32,7,2,8,360619111,LAA
28,3,1,1,360619111,OAK
30,6,3,10,360619119,MIL
31,8,2,6,360619119,LAD
32,7,1,13,360619125,WSH
30,10,4,6,360619125,SD
41,13,1,14,360619116,PIT
37,14,2,9,360619116,CHC
32,7,0,10,360620122,ARI
32,6,1,7,360620122,PHI
32,6,0,4,360620123,SF
27,5,2,8,360620123,PIT
35,7,4,8,360620102,CHW
35,5,5,10,360620102,BOS
32,5,0,7,360620105,TB
33,11,0,6,360620105,CLE
51,19,2,10,360620106,SEA
46,14,4,9,360620106,DET
36,12,4,9,360620128,COL
32,7,3,7,360620128,MIA
39,15,2,7,360620113,BAL
31,9,1,8,360620113,TEX
32,8,5,10,360620116,STL
34,9,2,8,360620116,CHC
36,9,2,7,360620118,LAA
36,15,6,6,360620118,HOU
34,7,0,10,360620119,WSH
30,7,2,9,360620119,LAD
41,15,5,7,360621101,SD
38,10,5,14,360621101,BAL
42,15,2,13,360621110,COL
35,10,2,11,360621110,NYY
47,22,5,6,360621123,SF
37,9,3,8,360621123,PIT
30,3,3,14,360621114,ARI
33,9,3,4,360621114,TOR
30,6,2,9,360621102,CHW
32,6,2,11,360621102,BOS
30,3,2,9,360621105,TB
31,10,3,5,360621105,CLE
33,8,2,6,360621106,SEA
32,11,3,6,360621106,DET
34,7,1,11,360621121,KC
30,6,2,6,360621121,NYM
32,5,3,9,360621128,ATL
36,8,5,14,360621128,MIA
35,11,1,4,360621113,CIN
30,6,2,6,360621113,TEX
32,6,1,7,360621116,STL
30,7,6,6,360621116,CHC
42,14,1,7,360621109,PHI
38,14,6,6,360621109,MIN
32,5,1,8,360621118,LAA
24,5,6,5,360621118,HOU
34,10,1,9,360621111,MIL
36,13,4,4,360621111,OAK
37,11,2,5,360621119,WSH
29,7,1,6,360621119,LAD
31,6,1,5,360622128,ATL
32,9,0,8,360622128,MIA
35,9,2,11,360622110,COL
33,10,7,7,360622110,NYY
34,9,0,6,360622121,KC
29,6,4,12,360622121,NYM
36,10,3,8,360622118,LAA
29,8,2,8,360622118,HOU
38,9,5,12,360622116,STL
28,3,3,5,360622116,CHC
38,13,1,11,360622111,MIL
32,5,2,9,360622111,OAK
34,8,4,12,360622114,ARI
27,5,3,11,360622114,TOR
32,5,5,11,360622101,SD
33,11,1,4,360622101,BAL
38,12,5,8,360622123,SF
36,10,2,11,360622123,PIT
38,10,2,13,360622102,CHW
37,13,8,5,360622102,BOS
29,3,1,10,360622105,TB
32,9,2,6,360622105,CLE
30,3,1,9,360622106,SEA
35,12,3,9,360622106,DET
35,8,4,11,360622113,CIN
28,5,2,5,360622113,TEX
35,9,2,5,360622109,PHI
36,13,2,7,360622109,MIN
36,11,3,10,360622119,WSH
33,9,1,8,360622119,LAD
33,9,2,4,360623123,SF
30,5,2,10,360623123,PIT
37,8,2,8,360623106,SEA
36,8,8,11,360623106,DET
36,15,6,3,360623109,PHI
34,8,1,6,360623109,MIN
41,15,3,6,360623102,CHW
37,12,9,7,360623102,BOS
33,7,5,2,360623115,NYM
32,12,1,4,360623115,ATL
33,8,5,7,360623117,SD
34,7,5,9,360623117,CIN
33,7,3,11,360623128,CHC
30,7,4,8,360623128,MIA
40,15,3,8,360623127,ARI
40,13,3,8,360623127,COL
36,10,3,4,360623103,OAK
34,10,0,3,360623103,LAA
32,9,3,6,360624101,TB
32,8,1,7,360624101,BAL
33,7,2,12,360624110,MIN
33,8,3,6,360624110,NYY
36,13,1,6,360624123,LAD
34,12,2,8,360624123,PIT
37,12,0,5,360624106,CLE
33,9,5,5,360624106,DET
41,15,4,12,360624117,SD
31,5,6,8,360624117,CIN
32,8,4,11,360624128,CHC
30,2,5,8,360624128,MIA
31,8,6,6,360624115,NYM
36,11,0,4,360624115,ATL
34,9,5,5,360624113,BOS
41,16,1,11,360624113,TEX
35,8,4,12,360624104,TOR
35,11,1,5,360624104,CHW
36,9,2,16,360624108,WSH
29,5,3,13,360624108,MIL
43,14,7,7,360624107,HOU
35,10,3,2,360624107,KC
42,16,5,9,360624127,ARI
42,14,8,7,360624127,COL
38,14,1,6,360624103,OAK
38,11,2,6,360624103,LAA
30,4,4,5,360624112,STL
30,6,4,5,360624112,SEA
34,10,6,6,360624126,PHI
34,9,1,1,360624126,SF
30,3,1,12,360625110,MIN
34,10,2,5,360625110,NYY
31,4,2,8,360625201,TB
34,11,5,10,360625201,BAL
40,13,5,5,360625104,TOR
39,12,1,11,360625104,CHW
34,8,2,5,360625106,CLE
31,4,1,7,360625106,DET
32,10,5,1,360625108,WSH
32,10,1,9,360625108,MIL
32,5,6,10,360625117,SD
30,4,1,10,360625117,CIN
33,10,9,7,360625127,ARI
37,15,4,6,360625127,COL
33,8,8,8,360625128,CHC
32,10,3,7,360625128,MIA
36,14,5,5,360625301,TB
35,14,1,2,360625301,BAL
41,16,6,7,360625107,HOU
38,15,4,4,360625107,KC
38,8,1,8,360625115,NYM
37,9,2,8,360625115,ATL
34,8,0,6,360625123,LAD
28,5,4,5,360625123,PIT
32,7,4,9,360625113,BOS
35,11,6,9,360625113,TEX
34,12,6,3,360625103,OAK
40,13,2,5,360625103,LAA
31,6,1,10,360625126,PHI
32,6,2,5,360625126,SF
36,8,2,9,360625112,STL
34,10,4,5,360625112,SEA
33,8,4,6,360626110,MIN
29,2,0,8,360626110,NYY
38,13,2,10,360626106,CLE
33,6,1,4,360626106,DET
29,5,0,6,360626117,SD
32,9,4,7,360626117,CIN
30,5,3,15,360626128,CHC
34,9,3,5,360626128,MIA
37,12,2,6,360626101,TB
38,17,3,9,360626101,BAL
33,7,0,11,360626115,NYM
34,10,2,2,360626115,ATL
29,5,2,7,360626104,TOR
31,8,4,9,360626104,CHW
31,4,6,5,360626108,WSH
36,11,1,11,360626108,MIL
30,4,1,13,360626107,HOU
36,13,0,7,360626107,KC
34,8,3,3,360626113,BOS
29,10,7,5,360626113,TEX
35,9,4,9,360626103,OAK
37,13,3,4,360626103,LAA
35,12,2,4,360626126,PHI
39,16,1,8,360626126,SF
45,17,3,12,360626112,STL
38,12,4,7,360626112,SEA
39,15,3,9,360626127,ARI
33,11,8,4,360626127,COL
30,4,4,7,360626123,LAD
30,9,2,6,360626123,PIT
32,7,7,4,360627123,LAD
31,5,6,10,360627123,PIT
37,9,4,10,360627110,TEX
42,16,4,5,360627110,NYY
38,14,1,9,360627120,NYM
38,17,5,8,360627120,WSH
38,14,1,6,360627115,CLE
33,8,4,9,360627115,ATL
42,17,3,7,360627117,CHC
34,8,6,6,360627117,CIN
37,12,4,7,360627130,BOS
41,18,3,11,360627130,TB
31,6,0,8,360627107,STL
36,12,1,9,360627107,KC
33,6,0,8,360627127,TOR
33,10,3,10,360627127,COL
43,16,2,10,360627129,PHI
32,7,2,13,360627129,ARI
35,11,5,9,360627103,HOU
33,9,3,6,360627103,LAA
36,12,5,3,360627126,OAK
32,7,3,6,360627126,SF
37,11,1,4,360628110,TEX
33,8,1,7,360628110,NYY
31,5,3,4,360628120,NYM
29,7,7,7,360628120,WSH
41,16,2,3,360628106,MIA
33,9,3,12,360628106,DET
34,9,5,11,360628115,CLE
29,5,1,8,360628115,ATL
54,9,7,13,360628117,CHC
51,8,1,13,360628117,CIN
37,11,6,11,360628130,BOS
33,6,3,11,360628130,TB
33,7,3,10,360628104,MIN
34,6,1,10,360628104,CHW
38,12,5,7,360628108,LAD
28,4,8,10,360628108,MIL
35,9,5,6,360628107,STL
38,11,2,6,360628107,KC
42,18,8,4,360628127,TOR
41,14,2,8,360628127,COL
36,11,4,10,360628129,PHI
33,10,3,11,360628129,ARI
36,12,5,12,360628103,HOU
35,8,1,4,360628103,LAA
32,7,1,6,360628112,PIT
33,12,2,7,360628112,SEA
42,17,3,7,360628125,BAL
34,8,6,9,360628125,SD
40,12,8,7,360628126,OAK
43,18,5,6,360628126,SF
32,5,2,9,360629130,BOS
33,9,1,12,360629130,TB
37,12,5,11,360629117,CHC
33,9,5,7,360629117,CIN
41,14,1,13,360629106,MIA
38,15,2,7,360629106,DET
36,11,6,9,360629127,TOR
34,9,3,6,360629127,COL
39,12,6,5,360629103,HOU
38,11,4,6,360629103,LAA
40,12,5,10,360629125,BAL
34,8,5,8,360629125,SD
45,17,3,4,360629129,PHI
44,15,1,7,360629129,ARI
33,6,1,14,360629120,NYM
26,5,5,2,360629120,WSH
36,9,3,9,360629110,TEX
34,10,7,3,360629110,NYY
33,8,1,2,360629115,CLE
33,7,2,10,360629115,ATL
37,11,4,8,360629104,MIN
36,13,1,8,360629104,CHW
28,2,2,8,360629108,LAD
33,12,3,11,360629108,MIL
51,14,6,9,360629124,KC
46,10,4,7,360629124,STL
32,8,3,6,360629111,SF
30,7,2,2,360629111,OAK
41,11,3,10,360629112,PIT
32,6,0,7,360629112,SEA
31,4,3,16,360630110,TEX
29,5,6,9,360630110,NYY
33,8,2,12,360630104,MIN
32,12,3,7,360630104,CHW
39,14,4,10,360630108,LAD
30,4,2,7,360630108,MIL
33,9,5,11,360630120,CIN
33,11,7,8,360630120,WSH
35,10,1,5,360630114,CLE
29,3,3,17,360630114,TOR
34,7,8,8,360630115,MIA
38,14,3,5,360630115,ATL
35,9,6,12,360630121,CHC
31,6,3,7,360630121,NYM
33,11,5,7,360630130,DET
38,14,2,5,360630130,TB
34,7,1,6,360630124,KC
29,3,7,12,360630124,STL
38,14,11,8,360630111,SF
37,10,1,10,360630111,OAK
34,8,1,11,360630112,BAL
32,9,4,7,360630112,SEA
72,15,3,15,360701114,CLE
65,11,8,18,360701114,TOR
48,11,2,10,360701120,CIN
48,10,4,12,360701120,WSH
34,8,1,7,360701122,KC
34,12,3,11,360701122,PHI
36,12,5,6,360701102,LAA
36,16,2,7,360701102,BOS
32,6,2,12,360701121,CHC
35,12,4,6,360701121,NYM
40,14,4,9,360701130,DET
31,4,1,13,360701130,TB
50,17,3,10,360701115,MIA
46,11,3,9,360701115,ATL
38,8,4,10,360701109,TEX
33,7,3,8,360701109,MIN
31,5,3,8,360701118,CHW
29,6,3,5,360701118,HOU
31,4,4,6,360701124,MIL
35,11,5,7,360701124,STL
36,10,2,8,360701129,SF
34,9,1,11,360701129,ARI
34,8,2,7,360701111,PIT
32,4,3,8,360701111,OAK
33,5,1,11,360701112,BAL
34,10,2,10,360701112,SEA
29,3,3,12,360701119,COL
29,9,4,4,360701119,LAD
33,7,2,9,360701125,NYY
31,8,5,5,360701125,SD
37,10,1,12,360702114,CLE
36,12,5,10,360702114,TOR
36,10,0,5,360702109,TEX
37,13,6,5,360702109,MIN
30,7,3,7,360702124,MIL
31,8,3,7,360702124,STL
33,7,2,9,360702115,MIA
34,9,1,9,360702115,ATL
37,13,5,11,360702118,CHW
33,7,1,11,360702118,HOU
30,5,5,6,360702130,DET
28,5,1,9,360702130,TB
35,10,2,11,360702122,KC
34,7,0,9,360702122,PHI
50,22,3,5,360702102,LAA
35,8,4,4,360702102,BOS
41,14,3,5,360702120,CIN
33,3,6,6,360702120,WSH
33,6,4,11,360702121,CHC
31,8,2,7,360702121,NYM
36,9,4,10,360702111,PIT
39,11,2,9,360702111,OAK
38,12,2,4,360702112,BAL
39,16,7,5,360702112,SEA
32,5,1,14,360702119,COL
33,10,3,7,360702119,LAD
32,6,1,7,360702125,NYY
29,7,3,11,360702125,SD
33,7,2,7,360702129,SF
33,9,2,6,360702129,ARI
32,5,0,14,360703114,CLE
40,18,10,5,360703114,TOR
37,11,0,9,360703121,CHC
46,22,4,8,360703121,NYM
34,8,5,14,360703130,DET
32,6,4,8,360703130,TB
33,10,4,2,360703102,LAA
38,16,5,6,360703102,BOS
30,3,4,8,360703120,CIN
37,15,5,7,360703120,WSH
32,7,3,11,360703122,KC
34,11,1,4,360703122,PHI
34,8,3,7,360703109,TEX
34,11,4,7,360703109,MIN
36,9,4,12,360703118,CHW
30,3,3,8,360703118,HOU
42,16,4,11,360703124,MIL
34,11,8,4,360703124,STL
36,11,5,9,360703111,PIT
35,10,2,6,360703111,OAK
39,12,1,6,360703112,BAL
35,10,3,8,360703112,SEA
30,4,1,15,360703119,COL
28,7,4,6,360703119,LAD
41,9,5,15,360703129,SF
40,9,3,9,360703129,ARI
37,10,4,6,360703125,NYY
34,8,1,12,360703125,SD
38,13,3,7,360703115,MIA
31,5,2,6,360703115,ATL
32,5,3,11,360704120,MIL
29,2,3,7,360704120,WSH
35,8,3,7,360704130,LAA
30,7,2,5,360704130,TB
41,16,0,5,360704102,TEX
44,21,4,4,360704102,BOS
37,8,2,10,360704104,NYY
37,13,3,9,360704104,CHW
34,7,3,9,360704109,OAK
31,4,5,5,360704109,MIN
30,5,1,12,360704118,SEA
29,8,4,2,360704118,HOU
36,11,2,10,360704124,PIT
36,10,3,7,360704124,STL
35,9,1,4,360704116,CIN
38,12,6,7,360704116,CHC
33,6,2,8,360704126,COL
28,5,1,3,360704126,SF
34,6,3,9,360704122,ATL
35,12,1,4,360704122,PHI
41,17,2,10,360704121,MIA
33,13,5,2,360704121,NYM
33,9,3,8,360704105,DET
29,8,5,9,360704105,CLE
31,4,1,4,360704114,KC
27,6,5,5,360704114,TOR
34,8,2,8,360704119,BAL
31,9,6,7,360704119,LAD
35,9,4,11,360704129,SD
38,11,0,10,360704129,ARI
34,10,7,6,360705116,CIN
34,7,5,7,360705116,CHC
34,10,4,6,360705120,MIL
35,12,2,4,360705120,WSH
29,6,0,6,360705122,ATL
31,8,2,9,360705122,PHI
32,7,3,10,360705114,KC
34,13,2,11,360705114,TOR
36,11,2,10,360705102,TEX
36,11,5,4,360705102,BOS
29,4,5,8,360705105,DET
35,13,7,8,360705105,CLE
34,9,1,8,360705121,MIA
31,4,3,5,360705121,NYM
42,16,3,5,360705130,LAA
38,14,1,8,360705130,TB
38,11,0,6,360705124,PIT
33,6,3,9,360705124,STL
45,20,3,6,360705104,NYY
32,6,1,7,360705104,CHW
35,8,3,3,360705109,OAK
36,12,4,8,360705109,MIN
34,7,1,10,360705118,SEA
31,7,2,7,360705118,HOU
35,12,3,8,360705129,SD
33,10,0,8,360705129,ARI
34,9,3,11,360705119,BAL
31,6,2,7,360705119,LAD
40,13,5,10,360705126,COL
34,6,5,9,360705126,SF
38,12,2,9,360706105,DET
30,7,3,4,360706105,CLE
35,7,2,5,360706122,ATL
31,9,4,6,360706122,PHI
28,2,0,8,360706109,OAK
32,10,6,5,360706109,MIN
32,7,2,9,360706121,MIA
30,6,2,7,360706121,NYM
34,8,3,11,360706116,CIN
32,8,2,9,360706116,CHC
53,13,7,18,360706119,BAL
55,16,7,18,360706119,LAD
34,8,1,11,360706120,MIL
33,10,2,5,360706120,WSH
37,10,4,13,360706102,TEX
35,10,4,5,360706102,BOS
30,4,1,7,360706114,KC
32,8,1,16,360706114,TOR
32,9,5,4,360706130,LAA
35,9,1,9,360706130,TB
34,8,1,6,360706104,NYY
26,5,5,6,360706104,CHW
36,10,6,12,360706118,SEA
37,12,4,9,360706118,HOU
36,9,5,10,360706124,PIT
37,12,1,7,360706124,STL
41,14,3,12,360706129,SD
38,12,3,6,360706129,ARI
30,5,1,8,360706126,COL
31,9,2,7,360706126,SF
34,8,3,10,360707130,LAA
32,5,4,13,360707130,TB
33,6,1,10,360707124,PIT
27,6,2,5,360707124,STL
33,8,2,10,360707114,DET
37,12,5,8,360707114,TOR
36,11,4,9,360707105,NYY
34,7,1,10,360707105,CLE
38,12,2,8,360707121,WSH
38,15,9,9,360707121,NYM
44,18,7,7,360707113,MIN
30,4,4,11,360707113,TEX
40,6,4,15,360707116,ATL
38,8,3,9,360707116,CHC
31,4,5,2,360707118,OAK
30,3,2,13,360707118,HOU
33,9,2,10,360707107,SEA
30,9,1,3,360707107,KC
35,9,1,9,360707127,PHI
37,14,1,7,360707127,COL
37,10,3,7,360707119,SD
29,2,4,9,360707119,LAD
35,10,4,3,360708101,LAA
37,9,4,7,360708101,BAL
32,6,6,8,360708123,CHC
35,10,5,7,360708123,PIT
34,7,1,10,360708114,DET
33,13,4,5,360708114,TOR
36,10,2,10,360708102,TB
33,11,2,5,360708102,BOS
33,7,0,9,360708105,NYY
33,9,3,10,360708105,CLE
29,4,5,11,360708121,WSH
30,4,3,10,360708121,NYM
29,6,0,11,360708128,CIN
29,7,2,4,360708128,MIA
32,7,6,6,360708113,MIN
32,10,3,11,360708113,TEX
39,15,4,9,360708104,ATL
38,13,2,8,360708104,CHW
36,8,5,6,360708108,STL
32,6,3,9,360708108,MIL
38,14,2,8,360708118,OAK
36,12,3,11,360708118,HOU
35,7,3,10,360708127,PHI
37,12,4,8,360708127,COL
32,7,1,8,360708107,SEA
31,6,3,9,360708107,KC
39,14,3,7,360708119,SD
33,14,8,6,360708119,LAD
33,7,3,10,360708126,ARI
33,8,7,4,360708126,SF
33,7,2,9,360709114,DET
33,6,2,9,360709114,TOR
34,8,3,9,360709104,ATL
33,11,1,2,360709104,CHW
36,10,7,8,360709108,STL
29,4,6,15,360709108,MIL
31,8,5,4,360709101,LAA
31,10,2,9,360709101,BAL
33,7,0,7,360709102,TB
32,8,4,6,360709102,BOS
36,8,2,5,360709126,ARI
30,8,4,7,360709126,SF
46,14,5,12,360709105,NYY
42,11,5,10,360709105,CLE
35,10,5,9,360709118,OAK
32,6,0,4,360709118,HOU
34,8,2,11,360709128,CIN
31,8,2,12,360709128,MIA
33,8,3,4,360709107,SEA
35,12,2,6,360709107,KC
30,3,3,14,360709119,SD
32,9,2,6,360709119,LAD
33,7,6,5,360709121,WSH
30,4,3,12,360709121,NYM
39,14,4,10,360709123,CHC
31,9,6,12,360709123,PIT
39,13,0,7,360709127,PHI
33,10,2,6,360709127,COL
38,12,6,6,360709113,MIN
38,13,2,5,360709113,TEX
33,6,3,6,360710114,DET
37,14,4,9,360710114,TOR
41,13,3,8,360710105,NYY
38,11,5,8,360710105,CLE
30,6,4,6,360710121,WSH
31,5,4,7,360710121,NYM
35,9,1,6,360710128,CIN
33,10,5,12,360710128,MIA
30,5,6,6,360710101,LAA
33,12,5,7,360710101,BAL
29,4,1,12,360710102,TB
31,8,1,9,360710102,BOS
40,15,2,6,360710123,CHC
33,7,2,11,360710123,PIT
32,6,3,2,360710104,ATL
31,6,0,10,360710104,CHW
38,12,3,11,360710108,STL
32,6,0,12,360710108,MIL
32,4,2,8,360710118,OAK
37,8,1,10,360710118,HOU
40,14,3,11,360710107,SEA
34,10,3,7,360710107,KC
44,18,3,5,360710113,MIN
33,9,6,7,360710113,TEX
30,3,1,16,360710119,SD
33,10,1,10,360710119,LAD
39,13,5,8,360710127,PHI
36,10,2,5,360710127,COL
27,1,1,14,360710126,ARI
33,11,3,8,360710126,SF
37,10,2,9,360712132,NL
32,8,3,5,360712132,AL
31,5,2,6,360715116,TEX
31,7,5,3,360715116,CHC
35,8,4,10,360715110,BOS
31,4,1,6,360715110,NYY
30,4,2,9,360715120,PIT
29,7,5,6,360715120,WSH
36,9,2,8,360715122,NYM
33,5,2,9,360715122,PHI
32,5,2,12,360715106,KC
32,8,3,5,360715106,DET
34,9,3,11,360715117,MIL
32,9,3,7,360715117,CIN
34,7,1,6,360715130,BAL
34,9,7,7,360715130,TB
37,10,6,10,360715115,COL
33,9,4,5,360715115,ATL
34,8,3,8,360715109,CLE
29,4,1,7,360715109,MIN
39,13,4,7,360715124,MIA
37,10,2,9,360715124,STL
45,18,4,11,360715129,LAD
39,12,0,8,360715129,ARI
31,5,2,7,360715103,CHW
32,9,2,7,360715103,LAA
32,7,8,6,360715111,TOR
34,12,3,8,360715111,OAK
35,11,1,6,360715112,HOU
34,8,3,10,360715112,SEA
30,5,0,10,360715125,SF
30,7,2,11,360715125,SD
28,3,2,9,360716116,TEX
29,4,6,12,360716116,CHC
37,10,4,4,360716110,BOS
31,5,2,3,360716110,NYY
33,7,4,3,360716111,TOR
28,6,4,6,360716111,OAK
31,4,1,12,360716112,HOU
25,5,4,11,360716112,SEA
33,7,2,2,360716130,BAL
30,4,3,6,360716130,TB
29,6,2,6,360716122,NYM
34,10,2,6,360716122,PHI
36,11,7,4,360716106,KC
32,7,1,8,360716106,DET
39,9,4,5,360716109,CLE
43,10,6,12,360716109,MIN
34,8,3,6,360716115,COL
33,7,4,9,360716115,ATL
38,12,5,11,360716117,MIL
35,9,3,8,360716117,CIN
29,3,2,5,360716124,MIA
32,8,3,6,360716124,STL
44,10,8,7,360716129,LAD
39,8,4,16,360716129,ARI
31,6,1,6,360716120,PIT
33,10,3,8,360716120,WSH
43,14,1,7,360716125,SF
36,10,7,8,360716125,SD
33,6,0,13,360716103,CHW
25,2,2,2,360716103,LAA
32,6,1,6,360717106,KC
34,11,1,7,360717106,DET
31,4,2,4,360717117,MIL
28,4,2,7,360717117,CIN
34,8,1,14,360717130,BAL
29,6,4,5,360717130,TB
27,4,4,5,360717115,COL
30,7,5,9,360717115,ATL
62,12,4,17,360717120,PIT
57,8,4,16,360717120,WSH
34,8,2,5,360717122,NYM
27,1,1,7,360717122,PHI
37,13,3,4,360717109,CLE
33,6,1,5,360717109,MIN
38,13,3,7,360717124,MIA
31,4,3,15,360717124,STL
32,6,2,9,360717116,TEX
31,4,0,10,360717116,CHC
32,7,1,4,360717103,CHW
31,10,4,5,360717103,LAA
37,10,3,9,360717111,TOR
34,8,1,9,360717111,OAK
38,11,4,11,360717112,HOU
29,7,7,12,360717112,SEA
37,11,3,12,360717129,LAD
32,9,3,6,360717129,ARI
30,2,7,6,360717125,SF
34,10,3,8,360717125,SD
29,3,3,9,360717110,BOS
35,11,2,2,360717110,NYY
30,6,3,4,360718116,NYM
31,10,1,8,360718116,CHC
30,5,5,6,360718110,BAL
29,7,2,6,360718110,NYY
36,6,4,10,360718122,MIA
35,4,3,18,360718122,PHI
28,3,2,10,360718106,MIN
25,3,3,2,360718106,DET
35,9,2,8,360718117,ATL
35,12,3,7,360718117,CIN
32,7,4,6,360718107,CLE
30,10,6,8,360718107,KC
34,7,1,15,360718124,SD
36,13,5,5,360718124,STL
32,6,4,8,360718127,TB
32,12,4,4,360718127,COL
34,8,2,7,360718103,TEX
31,9,3,7,360718103,LAA
36,10,1,7,360718111,HOU
34,11,6,9,360718111,OAK
36,11,1,6,360718112,CHW
28,4,4,7,360718112,SEA
34,8,1,10,360719116,NYM
34,9,4,9,360719116,CHC
30,4,2,6,360719110,BAL
27,7,7,5,360719110,NYY
39,13,3,11,360719120,LAD
34,7,1,9,360719120,WSH
34,7,5,8,360719122,MIA
35,5,4,11,360719122,PHI
33,7,2,8,360719123,MIL
29,5,4,9,360719123,PIT
29,5,2,5,360719102,SF
29,4,1,6,360719102,BOS
34,10,2,13,360719106,MIN
32,6,2,6,360719106,DET
39,10,3,8,360719117,ATL
41,12,4,6,360719117,CIN
36,12,2,6,360719107,CLE
34,8,1,11,360719107,KC
38,13,4,3,360719127,TB
30,4,3,12,360719127,COL
35,8,3,9,360719129,TOR
31,6,1,5,360719129,ARI
40,13,2,9,360719103,TEX
31,10,3,2,360719103,LAA
39,10,2,8,360719111,HOU
37,11,6,10,360719111,OAK
33,10,5,10,360719112,CHW
32,6,3,11,360719112,SEA
35,9,0,5,360720117,ATL
34,12,3,5,360720117,CIN
32,4,2,10,360720106,MIN
35,9,1,4,360720106,DET
33,9,2,8,360720116,NYM
34,11,2,6,360720116,CHC
37,10,7,12,360720107,CLE
34,7,2,7,360720107,KC
30,4,1,8,360720224,SD
30,9,3,4,360720224,STL
42,16,4,8,360720127,TB
34,8,3,15,360720127,COL
38,10,8,9,360720111,HOU
31,4,2,8,360720111,OAK
43,10,3,9,360720112,CHW
37,9,5,9,360720112,SEA
39,13,3,5,360720129,TOR
36,11,0,8,360720129,ARI
41,15,4,8,360720102,SF
40,16,2,3,360720102,BOS
32,5,2,11,360720110,BAL
27,6,4,6,360720110,NYY
30,4,2,7,360720120,LAD
33,9,1,12,360720120,WSH
31,5,0,8,360720122,MIA
34,12,0,8,360720122,PHI
34,12,9,12,360720123,MIL
36,11,2,8,360720123,PIT
34,7,2,7,360720324,SD
31,7,3,9,360720324,STL
36,10,3,3,360720103,TEX
32,12,3,4,360720103,LAA
35,8,1,14,360721120,LAD
36,10,4,9,360721120,WSH
36,9,1,3,360721110,BAL
30,5,2,8,360721110,NYY
42,16,0,10,360721122,MIA
31,3,1,5,360721122,PHI
33,5,0,14,360721123,MIL
33,11,3,3,360721123,PIT
32,5,1,9,360721102,MIN
39,17,2,7,360721102,BOS
35,10,2,12,360721124,SD
34,10,2,9,360721124,STL
28,7,1,5,360721104,DET
24,8,1,2,360721104,CHW
32,7,4,7,360721127,ATL
30,8,6,7,360721127,COL
35,10,0,9,360721111,TB
32,5,2,8,360721111,OAK
34,8,1,9,360722101,CLE
30,10,4,6,360722101,BAL
36,9,3,9,360722110,SF
32,8,4,6,360722110,NYY
31,6,2,8,360722120,SD
34,6,2,6,360722120,WSH
37,11,2,8,360722123,PHI
28,3,0,6,360722123,PIT
36,9,1,4,360722114,SEA
30,4,2,14,360722114,TOR
34,10,2,9,360722102,MIN
30,4,2,6,360722102,BOS
30,5,4,12,360722117,ARI
30,8,9,8,360722117,CIN
34,9,3,7,360722128,NYM
33,7,2,7,360722128,MIA
37,11,8,11,360722104,DET
35,8,3,7,360722104,CHW
33,8,4,6,360722108,CHC
30,4,4,10,360722108,MIL
30,5,4,11,360722118,LAA
30,7,2,7,360722118,HOU
31,5,2,5,360722107,TEX
31,8,2,12,360722107,KC
60,14,3,12,360722124,LAD
53,8,5,11,360722124,STL
32,9,3,9,360722127,ATL
30,8,3,8,360722127,COL
44,7,2,12,360722111,TB
43,10,2,6,360722111,OAK
42,19,3,6,360723114,SEA
34,8,3,5,360723114,TOR
43,9,3,13,360723110,SF
43,9,4,12,360723110,NYY
40,12,3,10,360723123,PHI
31,8,2,6,360723123,PIT
31,7,3,9,360723101,CLE
33,10,0,9,360723101,BAL
33,6,1,13,360723120,SD
30,8,4,4,360723120,WSH
42,19,3,9,360723102,MIN
40,15,6,7,360723102,BOS
35,8,3,11,360723104,DET
32,7,1,8,360723104,CHW
32,6,2,7,360723108,CHC
29,8,3,6,360723108,MIL
31,4,3,11,360723117,ARI
34,10,1,14,360723117,CIN
32,6,1,13,360723118,LAA
32,10,5,4,360723118,HOU
36,10,2,9,360723128,NYM
37,15,4,6,360723128,MIA
33,8,6,8,360723107,TEX
36,9,5,8,360723107,KC
37,13,1,7,360723124,LAD
31,6,0,7,360723124,STL
33,9,2,7,360723127,ATL
31,7,6,5,360723127,COL
34,9,1,4,360723111,TB
33,8,2,4,360723111,OAK
36,10,3,7,360724110,SF
30,8,1,5,360724110,NYY
25,1,5,10,360724114,SEA
27,4,2,6,360724114,TOR
38,13,3,5,360724117,ARI
37,11,6,8,360724117,CIN
34,6,3,8,360724128,NYM
32,5,2,9,360724128,MIA
32,7,3,6,360724101,CLE
32,7,3,11,360724101,BAL
36,9,2,12,360724102,MIN
34,10,1,7,360724102,BOS
38,12,5,8,360724120,SD
33,9,2,5,360724120,WSH
35,9,2,9,360724123,PHI
30,9,4,9,360724123,PIT
33,11,6,4,360724108,CHC
35,8,8,16,360724108,MIL
36,11,0,2,360724118,LAA
38,15,3,8,360724118,HOU
32,11,3,7,360724107,TEX
33,7,2,6,360724107,KC
35,8,2,7,360724104,DET
35,12,3,6,360724104,CHW
31,5,1,8,360724111,TB
34,10,2,4,360724111,OAK
30,5,9,7,360724127,ATL
34,11,5,6,360724127,COL
38,13,7,7,360724124,LAD
34,8,2,8,360724124,STL
34,8,2,8,360725102,DET
37,10,3,8,360725102,BOS
33,6,2,11,360725101,COL
35,6,3,4,360725101,BAL
31,5,2,8,360725114,SD
30,9,4,4,360725114,TOR
33,7,7,13,360725128,PHI
29,2,1,3,360725128,MIA
36,9,3,9,360725108,ARI
34,12,4,8,360725108,MIL
37,12,2,5,360725113,OAK
37,11,3,10,360725113,TEX
38,12,4,10,360725104,CHC
32,8,3,9,360725104,CHW
33,7,0,5,360725118,NYY
33,6,2,12,360725118,HOU
33,9,5,5,360725107,LAA
31,5,4,10,360725107,KC
36,9,3,9,360725126,CIN
33,7,2,11,360725126,SF
33,8,3,11,360726221,STL
34,7,5,5,360726221,NYM
30,4,4,6,360726104,CHC
29,6,5,8,360726104,CHW
30,4,4,6,400837445,CHC
29,6,5,8,400837445,CHW
35,9,0,7,360726101,COL
31,5,4,6,360726101,BAL
36,11,4,9,360726123,SEA
36,12,2,5,360726123,PIT
46,10,1,12,360726114,SD
39,8,7,10,360726114,TOR
38,13,6,3,360726102,DET
35,9,3,4,360726102,BOS
36,10,2,7,360726105,WSH
33,11,4,4,360726105,CLE
30,4,1,10,360726128,PHI
33,9,4,10,360726128,MIA
30,4,0,12,360726321,STL
28,6,2,7,360726321,NYM
35,10,3,3,360726113,OAK
32,6,3,13,360726113,TEX
36,8,4,8,360726108,ARI
31,11,7,10,360726108,MIL
33,7,0,5,360726109,ATL
31,5,3,8,360726109,MIN
37,13,3,10,360726118,NYY
33,6,5,11,360726118,HOU
48,22,4,4,360726107,LAA
29,3,1,5,360726107,KC
32,6,4,10,360726119,TB
30,5,0,9,360726119,LAD
36,11,2,7,360726126,CIN
34,13,7,6,360726126,SF
31,6,4,8,360727105,WSH
32,6,3,9,360727105,CLE
35,10,3,6,360727128,PHI
35,16,7,4,360727128,MIA
31,6,7,9,360727114,SD
31,6,3,8,360727114,TOR
37,11,4,8,360727102,DET
31,7,0,5,360727102,BOS
34,8,3,13,360727119,TB
31,5,4,7,360727119,LAD
32,6,0,12,360727126,CIN
31,4,1,5,360727126,SF
32,5,3,11,360727101,COL
31,6,2,6,360727101,BAL
29,3,0,6,360727123,SEA
37,14,3,9,360727123,PIT
33,7,5,9,360727121,STL
36,12,1,6,360727121,NYM
31,5,2,9,360727116,CHW
30,6,6,4,360727116,CHC
35,9,0,9,360727113,OAK
38,13,0,11,360727113,TEX
40,11,2,12,360727108,ARI
29,5,3,7,360727108,MIL
41,16,3,10,360727109,ATL
41,13,1,9,360727109,MIN
32,5,2,15,360727118,NYY
30,8,3,7,360727118,HOU
36,11,6,9,360727107,LAA
34,11,1,2,360727107,KC
36,8,3,9,360728121,COL
36,10,1,8,360728121,NYM
36,9,1,9,360728108,ARI
31,7,4,13,360728108,MIL
35,11,1,7,360728109,BAL
34,12,5,10,360728109,MIN
37,10,3,7,360728115,PHI
37,13,7,8,360728115,ATL
35,8,4,12,360728128,STL
33,8,0,3,360728128,MIA
32,6,2,12,360728113,KC
27,4,1,6,360728113,TEX
31,5,2,9,360728116,CHW
30,7,4,5,360728116,CHC
30,8,2,4,360728103,BOS
33,10,1,7,360728103,LAA
38,11,6,8,360728126,WSH
32,5,6,6,360728126,SF
35,8,4,9,360729116,SEA
35,14,6,5,360729116,CHC
34,7,3,9,360729114,BAL
30,7,4,7,360729114,TOR
36,7,3,8,360729105,OAK
30,8,4,3,360729105,CLE
35,7,3,8,360729106,HOU
38,16,1,5,360729106,DET
38,13,2,9,360729121,COL
30,6,4,4,360729121,NYM
38,14,6,8,360729128,STL
35,9,0,7,360729128,MIA
37,10,1,5,360729130,NYY
30,7,6,8,360729130,TB
31,5,6,6,360729115,PHI
30,9,2,6,360729115,ATL
32,7,2,4,360729113,KC
34,12,2,6,360729113,TEX
31,4,1,5,360729108,PIT
28,8,3,4,360729108,MIL
39,6,1,8,360729109,CHW
39,8,6,11,360729109,MIN
31,7,7,8,360729103,BOS
31,5,0,3,360729103,LAA
35,9,2,7,360729119,ARI
34,10,5,6,360729119,LAD
32,8,3,4,360729126,WSH
33,9,3,7,360729126,SF
37,11,6,6,360729125,CIN
29,6,4,12,360729125,SD
31,5,3,13,360730114,BAL
33,10,7,11,360730114,TOR
32,5,4,5,360730116,SEA
29,3,2,14,360730116,CHC
34,8,2,10,360730126,WSH
30,8,9,5,360730126,SF
30,5,2,10,360730130,NYY
30,7,2,5,360730130,TB
30,5,2,10,400837503,NYY
30,7,2,5,400837503,TB
34,8,2,9,360730105,OAK
35,12,2,5,360730105,CLE
32,5,1,11,360730106,HOU
33,7,3,11,360730106,DET
33,8,3,10,360730108,PIT
35,12,1,8,360730108,MIL
45,15,0,5,360730109,CHW
38,8,5,6,360730109,MIN
37,9,8,6,360730115,PHI
39,14,1,7,360730115,ATL
34,9,3,10,360730121,COL
31,6,2,4,360730121,NYM
31,6,3,12,360730128,STL
35,12,3,5,360730128,MIA
29,5,3,6,360730113,KC
32,8,0,7,360730113,TEX
33,5,1,4,360730125,CIN
33,6,2,11,360730125,SD
33,6,7,12,360730103,BOS
30,8,4,6,360730103,LAA
36,10,0,9,360730119,ARI
33,8,3,6,360730119,LAD
42,8,5,11,360731114,BAL
39,6,6,11,360731114,TOR
32,6,3,8,360731105,OAK
30,10,5,8,360731105,CLE
33,7,3,7,360731106,HOU
32,10,4,5,360731106,DET
32,8,4,12,360731121,COL
30,6,4,10,360731121,NYM
33,6,2,5,360731128,STL
31,9,4,5,360731128,MIA
33,9,4,13,360731130,NYY
30,6,5,10,360731130,TB
29,5,4,3,360731115,PHI
27,6,4,1,360731115,ATL
31,5,2,12,360731108,PIT
29,8,5,14,360731108,MIL
37,9,3,8,360731109,CHW
31,9,3,8,360731109,MIN
29,4,3,4,360731113,KC
29,9,2,6,360731113,TEX
37,9,3,13,360731103,BOS
35,11,3,6,360731103,LAA
29,3,4,9,360731126,WSH
34,10,3,4,360731126,SF
29,3,4,6,360731119,ARI
42,17,3,13,360731119,LAD
36,9,2,7,360731125,CIN
31,5,4,12,360731125,SD
45,11,4,14,360731116,SEA
44,9,6,16,360731116,CHC
33,7,6,7,360801121,NYY
39,11,5,10,360801121,NYM
45,19,4,9,360801105,MIN
34,7,1,10,360801105,CLE
31,9,1,7,360801130,KC
28,1,1,17,360801130,TB
30,7,3,5,360801116,MIA
31,10,7,7,360801116,CHC
48,6,3,22,360801118,TOR
46,7,3,18,360801118,HOU
44,19,5,1,360801129,WSH
31,5,2,9,360801129,ARI
31,5,0,6,360801112,BOS
31,4,4,12,360801112,SEA
31,6,7,8,360801125,MIL
31,10,8,7,360801125,SD
28,3,3,9,360802101,TEX
30,9,1,11,360802101,BAL
38,10,5,9,360802122,SF
39,15,3,11,360802122,PHI
39,14,4,5,360802105,MIN
39,13,3,5,360802105,CLE
35,11,4,5,360802106,CHW
35,13,5,4,360802106,DET
31,5,3,6,360802115,PIT
36,9,4,10,360802115,ATL
37,10,3,8,360802117,STL
36,12,6,9,360802117,CIN
32,6,2,10,360802121,NYY
35,10,0,5,360802121,NYM
35,9,0,9,360802130,KC
35,9,5,9,360802130,TB
35,9,2,7,360802116,MIA
31,9,3,10,360802116,CHC
33,8,2,14,360802118,TOR
34,7,0,8,360802118,HOU
32,5,3,9,360802127,LAD
31,11,8,6,360802127,COL
42,15,2,11,360802129,WSH
38,11,3,8,360802129,ARI
34,9,3,8,360802103,OAK
31,7,4,5,360802103,LAA
32,6,2,8,360802112,BOS
32,8,0,6,360802112,SEA
35,11,4,8,360802125,MIL
32,6,2,7,360802125,SD
37,11,1,11,360803116,MIA
33,9,5,11,360803116,CHC
36,9,0,6,360803125,MIL
38,14,5,8,360803125,SD
40,14,4,8,360803129,WSH
32,5,1,12,360803129,ARI
35,10,5,8,360803110,NYM
32,9,4,8,360803110,NYY
31,7,2,7,360803101,TEX
27,4,4,6,360803101,BAL
42,10,2,4,360803122,SF
42,9,4,13,360803122,PHI
39,15,7,4,360803105,MIN
32,8,2,9,360803105,CLE
31,6,3,7,360803106,CHW
28,6,1,10,360803106,DET
31,4,4,10,360803115,PIT
34,15,2,6,360803115,ATL
34,9,2,5,360803117,STL
35,10,2,7,360803117,CIN
29,2,3,10,360803130,KC
38,14,7,5,360803130,TB
35,7,2,14,360803118,TOR
33,5,0,8,360803118,HOU
30,6,3,6,360803127,LAD
40,17,3,5,360803127,COL
36,13,6,4,360803103,OAK
37,12,3,4,360803103,LAA
34,7,0,8,360803112,BOS
27,4,1,8,360803112,SEA
31,7,5,8,360804105,MIN
36,11,4,7,360804105,CLE
36,9,2,14,360804130,KC
28,4,6,12,360804130,TB
32,5,0,6,360804117,STL
32,11,1,4,360804117,CIN
35,8,3,12,360804122,SF
33,4,7,11,360804122,PHI
34,10,4,3,360804106,CHW
34,9,1,4,360804106,DET
38,11,0,10,360804101,TEX
33,9,0,7,360804101,BAL
41,11,2,10,360804103,OAK
41,14,4,5,360804103,LAA
34,6,2,8,360804110,NYM
35,9,0,3,360804110,NYY
29,5,5,3,360804115,PIT
29,6,3,6,360804115,ATL
34,8,0,11,360804118,TOR
30,5,2,10,360804118,HOU
36,11,3,11,360804127,LAD
32,5,0,8,360804127,COL
41,13,4,6,360804112,BOS
36,6,9,13,360804112,SEA
35,11,4,10,360805110,CLE
39,16,8,4,360805110,NYY
30,4,1,9,360805120,SF
27,6,2,5,360805120,WSH
31,6,4,10,360805123,CIN
27,6,4,9,360805123,PIT
32,5,1,12,360805106,NYM
31,8,2,9,360805106,DET
36,10,3,10,360805130,MIN
34,7,0,9,360805130,TB
41,16,0,4,360805104,BAL
37,10,4,7,360805104,CHW
30,3,2,7,360805118,TEX
32,9,3,5,360805118,HOU
34,8,5,7,360805107,TOR
35,8,2,7,360805107,KC
29,3,1,12,360805124,ATL
25,2,7,3,360805124,STL
33,8,5,6,360805127,MIA
36,11,4,7,360805127,COL
37,6,7,8,360805129,MIL
38,7,4,10,360805129,ARI
37,11,1,11,360805111,CHC
32,6,1,10,360805111,OAK
29,3,3,9,360805112,LAA
36,14,3,3,360805112,SEA
35,10,5,6,360805119,BOS
29,3,1,9,360805119,LAD
34,6,1,5,360805125,PHI
33,10,2,5,360805125,SD
34,10,6,10,360806110,CLE
30,6,1,10,360806110,NYY
36,8,3,6,360806111,CHC
30,4,1,5,360806111,OAK
32,5,2,11,360806119,BOS
34,11,1,11,360806119,LAD
33,7,4,10,360806130,MIN
35,10,3,7,360806130,TB
37,14,4,13,360806120,SF
33,8,3,6,360806120,WSH
31,7,1,6,360806123,CIN
31,9,2,10,360806123,PIT
33,6,3,10,360806104,BAL
30,10,2,7,360806104,CHW
39,14,3,6,360806106,NYM
32,10,4,4,360806106,DET
37,13,3,5,360806118,TEX
34,9,5,12,360806118,HOU
33,5,2,10,360806107,TOR
35,11,1,5,360806107,KC
42,15,4,8,360806124,ATL
36,11,3,7,360806124,STL
36,10,5,5,360806127,MIA
40,17,4,12,360806127,COL
41,19,10,9,360806129,MIL
37,8,3,4,360806129,ARI
38,9,1,9,360806125,PHI
35,14,4,5,360806125,SD
32,10,3,2,360806112,LAA
33,10,6,6,360806112,SEA
35,8,3,12,360807110,CLE
27,5,2,12,360807110,NYY
32,5,0,10,360807106,NYM
35,11,3,7,360807106,DET
39,12,3,9,360807130,MIN
33,8,4,6,360807130,TB
32,5,3,8,360807120,SF
25,2,2,7,360807120,WSH
32,8,4,8,360807123,CIN
31,6,5,7,360807123,PIT
37,12,9,2,360807104,BAL
30,4,1,12,360807104,CHW
48,15,1,13,360807118,TEX
43,11,2,11,360807118,HOU
32,6,4,6,360807107,TOR
34,11,2,9,360807107,KC
36,11,3,5,360807124,ATL
34,9,3,8,360807124,STL
34,10,4,7,360807111,CHC
31,4,0,6,360807111,OAK
33,5,2,6,360807112,LAA
29,7,0,4,360807112,SEA
42,17,3,9,360807127,MIA
33,9,4,6,360807127,COL
30,5,7,14,360807129,MIL
35,12,3,6,360807129,ARI
40,14,1,9,360807125,PHI
29,5,2,9,360807125,SD
30,6,6,10,360807119,BOS
33,9,6,5,360807119,LAD
34,9,4,7,360808114,TB
35,12,6,7,360808114,TOR
56,18,11,12,360808128,SF
52,13,2,12,360808128,MIA
42,10,2,7,360808108,ATL
43,8,2,15,360808108,MIL
30,4,2,9,360808109,HOU
33,11,1,7,360808109,MIN
34,8,5,7,360808124,CIN
33,9,5,6,360808124,STL
31,6,5,7,360808127,TEX
32,8,2,9,360808127,COL
33,7,0,7,360808111,BAL
31,7,3,7,360808111,OAK
31,5,1,8,360808112,DET
29,7,1,8,360808112,SEA
36,8,2,7,360808119,PHI
33,11,2,4,360808119,LAD
37,11,1,12,360809127,TEX
37,11,4,8,360809127,COL
32,5,1,14,360809120,CLE
34,6,3,9,360809120,WSH
30,7,5,7,360809123,SD
33,10,7,8,360809123,PIT
41,15,6,11,360809114,TB
31,6,3,3,360809114,TOR
34,7,5,8,360809102,NYY
31,9,1,5,360809102,BOS
34,8,3,13,360809121,ARI
32,6,2,9,360809121,NYM
30,3,4,7,360809128,SF
27,4,6,9,360809128,MIA
29,3,1,7,360809116,LAA
30,8,2,7,360809116,CHC
28,6,4,7,360809108,ATL
28,4,4,6,360809108,MIL
35,12,2,6,360809109,HOU
35,9,4,10,360809109,MIN
42,14,1,9,360809107,CHW
39,10,1,10,360809107,KC
36,11,5,2,360809124,CIN
32,9,6,9,360809124,STL
29,3,2,6,360809111,BAL
27,6,5,4,360809111,OAK
58,16,4,13,360809112,DET
56,16,4,17,360809112,SEA
35,9,2,9,360809119,PHI
36,13,3,11,360809119,LAD
32,6,5,8,360810128,SF
31,5,3,7,360810128,MIA
33,7,5,12,360810119,PHI
34,8,3,11,360810119,LAD
36,10,1,9,360810120,CLE
35,11,1,8,360810120,WSH
39,15,4,7,360810102,NYY
35,9,6,5,360810102,BOS
33,6,2,9,360810123,SD
27,2,3,9,360810123,PIT
31,5,2,10,360810114,TB
34,9,5,12,360810114,TOR
43,11,2,13,360810121,ARI
41,6,1,7,360810121,NYM
32,6,1,5,360810124,CIN
32,9,3,8,360810124,STL
32,6,4,6,360810113,COL
33,9,6,3,360810113,TEX
33,6,2,10,360810116,LAA
32,7,1,6,360810116,CHC
33,9,2,6,360810108,ATL
32,10,3,5,360810108,MIL
51,13,4,8,360810107,CHW
50,12,4,12,360810107,KC
33,7,0,3,360810111,BAL
28,4,3,9,360810111,OAK
29,4,4,10,360810112,DET
33,10,3,6,360810112,SEA
39,12,5,11,360811121,ARI
30,5,1,7,360811121,NYM
29,4,3,5,360811123,SD
30,9,1,4,360811123,PIT
46,19,6,5,360811209,HOU
37,13,2,6,360811209,MIN
39,15,5,10,360811113,COL
41,14,5,9,360811113,TEX
33,9,4,4,360811108,ATL
34,14,5,5,360811108,MIL
37,11,4,9,360811111,BAL
36,10,4,4,360811111,OAK
33,7,2,11,360811102,NYY
34,9,3,8,360811102,BOS
31,6,4,5,360811105,LAA
37,14,4,8,360811105,CLE
43,16,3,6,360811309,HOU
37,9,0,9,360811309,MIN
41,10,4,12,360811116,STL
42,11,6,10,360811116,CHC
33,7,0,6,360811107,CHW
27,4,1,11,360811107,KC
35,6,3,8,360812116,STL
38,14,4,7,360812116,CHC
28,4,4,12,360812110,TB
32,8,1,9,360812110,NYY
34,9,5,9,360812120,ATL
34,9,3,5,360812120,WSH
34,8,3,11,360812122,COL
36,11,6,11,360812122,PHI
38,12,5,5,360812114,HOU
32,7,1,8,360812114,TOR
38,12,2,9,360812102,ARI
36,11,0,9,360812102,BOS
35,8,0,9,360812105,LAA
40,17,3,8,360812105,CLE
32,6,3,12,360812121,SD
35,8,3,6,360812121,NYM
35,12,6,10,360812128,CHW
30,4,4,8,360812128,MIA
35,7,2,6,360812113,DET
37,13,2,7,360812113,TEX
40,12,4,12,360812108,CIN
33,6,2,15,360812108,MIL
37,11,2,11,360812109,KC
32,5,1,12,360812109,MIN
27,4,3,8,360812111,SEA
34,12,0,4,360812111,OAK
34,7,0,6,360812119,PIT
38,12,0,7,360812119,LAD
36,10,3,11,360812126,BAL
31,5,2,7,360812126,SF
33,6,0,9,360813110,TB
35,11,1,12,360813110,NYY
32,7,3,10,360813114,HOU
29,7,2,8,360813114,TOR
35,8,4,14,360813116,STL
32,8,4,6,360813116,CHC
37,10,11,11,360813119,PIT
41,17,0,7,360813119,LAD
36,11,3,3,360813120,ATL
35,11,1,6,360813120,WSH
38,13,2,9,360813122,COL
28,6,5,6,360813122,PHI
30,5,7,7,360813102,ARI
33,8,2,5,360813102,BOS
43,16,1,7,360813108,CIN
39,14,2,8,360813108,MIL
35,8,1,7,360813109,KC
36,12,2,7,360813109,MIN
35,5,1,13,360813121,SD
37,7,3,6,360813121,NYM
36,10,7,7,360813128,CHW
38,14,1,6,360813128,MIA
37,14,5,8,360813113,DET
29,3,3,4,360813113,TEX
35,9,2,3,360813111,SEA
37,11,0,6,360813111,OAK
32,5,5,10,360813126,BAL
30,7,9,13,360813126,SF
27,1,6,7,360813105,LAA
35,14,0,7,360813105,CLE
42,15,2,12,360814110,TB
32,7,2,7,360814110,NYY
35,7,0,11,360814114,HOU
33,11,4,9,360814114,TOR
30,5,2,7,360814105,LAA
32,11,4,1,360814105,CLE
30,4,2,10,360814121,SD
27,5,7,6,360814121,NYM
37,11,1,8,360814128,CHW
29,9,2,7,360814128,MIA
33,7,0,4,360814102,ARI
44,19,4,7,360814102,BOS
29,5,3,3,360814120,ATL
31,9,3,4,360814120,WSH
38,12,4,6,360814122,COL
37,10,6,8,360814122,PHI
33,7,2,9,360814108,CIN
32,8,5,8,360814108,MIL
42,16,2,6,360814109,KC
32,6,2,6,360814109,MIN
40,13,1,8,360814113,DET
30,4,0,9,360814113,TEX
38,12,3,5,360814111,SEA
36,9,1,10,360814111,OAK
40,15,2,7,360814126,BAL
42,14,4,4,360814126,SF
42,16,5,7,360814119,PIT
34,7,1,9,360814119,LAD
36,10,2,8,360814116,STL
34,8,2,10,360814116,CHC
36,10,1,5,360815105,BOS
31,6,3,8,360815105,CLE
32,9,6,2,360815106,KC
33,6,1,8,360815106,DET
29,3,1,13,360815110,TOR
32,8,7,9,360815110,NYY
36,9,5,7,360815117,MIA
34,7,5,13,360815117,CIN
29,3,4,5,360815130,SD
29,8,6,5,360815130,TB
31,6,1,8,360815113,OAK
31,10,6,5,360815113,TEX
36,10,6,8,360815127,WSH
34,10,2,5,360815127,COL
35,12,5,10,360815129,NYM
38,16,2,6,360815129,ARI
35,9,3,4,360815103,SEA
31,4,4,10,360815103,LAA
37,12,5,9,360815126,PIT
36,12,5,5,360815126,SF
28,3,6,7,360816216,MIL
27,6,4,4,360816216,CHC
32,7,6,6,360816101,BOS
30,4,5,13,360816101,BAL
41,15,3,8,360816110,TOR
35,8,0,10,360816110,NYY
40,13,5,12,360816122,LAD
34,8,1,13,360816122,PHI
33,7,2,9,360816105,CHW
34,11,3,5,360816105,CLE
34,6,1,7,360816106,KC
29,3,2,7,360816106,DET
35,11,6,7,360816115,MIN
33,6,3,7,360816115,ATL
34,9,2,10,360816117,MIA
29,8,4,7,360816117,CIN
34,7,4,15,360816130,SD
40,16,3,5,360816130,TB
40,11,8,11,360816113,OAK
33,6,5,6,360816113,TEX
31,6,4,9,360816316,MIL
31,10,5,3,360816316,CHC
36,9,1,15,360816118,STL
35,9,4,11,360816118,HOU
34,9,2,5,360816127,WSH
30,9,4,4,360816127,COL
34,12,3,4,360816129,NYM
38,9,3,12,360816129,ARI
35,10,4,4,360816103,SEA
30,8,4,6,360816103,LAA
33,8,5,7,360816126,PIT
35,8,2,6,360816126,SF
39,11,2,16,360817110,TOR
35,9,1,11,360817110,NYY
32,5,1,10,360817130,SD
30,6,1,7,360817130,TB
38,12,4,11,360817118,STL
34,7,3,10,360817118,HOU
38,13,4,8,360817127,WSH
34,11,5,8,360817127,COL
32,7,4,10,360817126,PIT
36,10,5,8,360817126,SF
30,13,2,4,360817101,BOS
23,4,0,4,360817101,BAL
38,11,5,8,360817122,LAD
36,11,3,5,360817122,PHI
38,13,1,12,360817105,CHW
38,13,5,5,360817105,CLE
33,7,3,10,360817106,KC
32,6,2,10,360817106,DET
40,14,9,13,360817115,MIN
33,8,3,6,360817115,ATL
34,6,3,10,360817117,MIA
30,8,5,1,360817117,CIN
34,8,1,13,360817113,OAK
34,11,3,5,360817113,TEX
31,4,2,9,360817116,MIL
31,8,4,6,360817116,CHC
36,10,2,6,360817129,NYM
33,12,7,9,360817129,ARI
35,10,2,13,360817103,SEA
37,14,3,6,360817103,LAA
35,9,4,6,360818106,BOS
32,10,2,4,360818106,DET
32,6,10,5,360818116,MIL
38,14,2,6,360818116,CHC
34,7,1,11,360818101,HOU
40,18,1,5,360818101,BAL
34,7,2,9,360818122,LAD
34,9,4,9,360818122,PHI
31,6,4,8,360818105,CHW
33,12,1,8,360818105,CLE
32,6,7,7,360818115,WSH
33,7,2,14,360818115,ATL
35,8,1,10,360818117,MIA
31,8,3,12,360818117,CIN
31,5,1,9,360818107,MIN
30,7,3,8,360818107,KC
34,8,2,6,360818103,SEA
33,10,2,3,360818103,LAA
39,14,5,5,360818125,ARI
35,12,6,6,360818125,SD
38,13,4,11,360818126,NYM
37,17,4,8,360818126,SF
43,16,2,7,360819106,BOS
31,4,2,10,360819106,DET
43,18,5,12,360819101,HOU
37,10,2,8,360819101,BAL
41,9,3,6,360819122,STL
40,11,5,13,360819122,PHI
39,16,6,6,360819123,MIA
34,12,4,3,360819123,PIT
31,5,2,15,360819105,TOR
30,6,3,9,360819105,CLE
36,10,5,6,360819117,LAD
34,12,4,8,360819117,CIN
38,11,4,9,360819130,TEX
33,6,2,13,360819130,TB
37,12,5,11,360819115,WSH
33,7,4,6,360819115,ATL
38,11,4,7,360819104,OAK
28,2,0,5,360819104,CHW
40,7,5,12,360819107,MIN
40,12,7,7,360819107,KC
41,15,1,4,360819103,NYY
33,6,1,11,360819103,LAA
36,11,4,9,360819112,MIL
37,11,6,5,360819112,SEA
35,11,0,2,360819126,NYM
37,15,1,4,360819126,SF
40,13,8,11,360819125,ARI
35,11,5,11,360819125,SD
42,12,3,12,360819127,CHC
40,11,3,7,360819127,COL
37,13,4,9,360820126,NYM
35,11,4,6,360820126,SF
35,9,2,6,360820130,TEX
34,12,1,7,360820130,TB
39,14,10,4,360820101,HOU
35,7,2,9,360820101,BAL
33,9,1,11,360820122,STL
34,11,0,10,360820122,PHI
33,6,0,2,360820123,MIA
30,4,2,14,360820123,PIT
33,6,3,9,360820104,OAK
34,10,1,8,360820104,CHW
40,14,1,9,360820105,TOR
32,6,1,9,360820105,CLE
41,17,3,9,360820115,WSH
40,12,5,7,360820115,ATL
30,3,3,10,360820117,LAD
40,18,4,3,360820117,CIN
30,4,0,6,360820107,MIN
39,17,2,2,360820107,KC
40,15,3,8,360820127,CHC
31,5,3,9,360820127,COL
34,8,2,10,360820106,BOS
32,6,2,7,360820106,DET
30,4,4,6,360820125,ARI
31,3,3,15,360820125,SD
33,7,1,10,360820112,MIL
34,12,3,2,360820112,SEA
36,8,1,7,360820103,NYY
30,4,2,7,360820103,LAA
33,7,7,13,360821105,TOR
31,9,1,10,360821105,CLE
32,7,3,8,360821106,BOS
32,10,6,10,360821106,DET
32,8,3,7,360821117,LAD
33,9,1,12,360821117,CIN
33,7,2,9,360821130,TEX
31,8,4,8,360821130,TB
39,8,3,12,360821115,WSH
37,9,5,11,360821115,ATL
40,13,2,10,360821122,STL
33,9,1,8,360821122,PHI
34,6,2,8,360821123,MIA
30,5,2,5,360821123,PIT
36,10,1,9,360821104,OAK
34,11,1,5,360821104,CHW
34,8,2,5,360821107,MIN
28,4,1,11,360821107,KC
32,6,3,8,360821103,NYY
30,8,2,5,360821103,LAA
36,10,2,10,360821112,MIL
38,11,1,7,360821112,SEA
32,7,1,6,360821127,CHC
39,14,3,10,360821127,COL
32,5,0,8,360821125,ARI
34,11,3,7,360821125,SD
35,9,3,5,360821101,HOU
32,6,1,7,360821101,BAL
30,4,1,7,360821126,NYM
27,3,2,8,360821126,SF
46,21,4,7,360822117,LAD
41,14,8,4,360822117,CIN
31,5,5,9,360822101,WSH
28,5,3,9,360822101,BAL
31,5,1,8,360822123,HOU
31,5,1,9,360822123,PIT
33,9,8,7,360822130,BOS
31,5,2,10,360822130,TB
34,7,1,6,360822108,COL
26,4,8,4,360822108,MIL
36,12,5,9,360822129,ATL
37,16,1,9,360822129,ARI
33,7,1,9,360822111,CLE
31,4,0,12,360822111,OAK
34,9,3,8,360822112,NYY
31,10,3,9,360822112,SEA
34,11,5,2,360822125,CHC
31,6,2,14,360822125,SD
33,10,2,3,360823101,WSH
37,13,4,8,360823101,BAL
31,6,1,6,360823123,HOU
34,11,3,9,360823123,PIT
33,8,2,3,360823114,LAA
29,10,7,2,360823114,TOR
32,5,4,8,360823117,TEX
26,6,3,7,360823117,CIN
32,6,3,8,360823128,KC
33,7,2,10,360823128,MIA
30,5,4,12,360823130,BOS
30,6,2,13,360823130,TB
32,5,2,6,360823104,PHI
32,11,4,5,360823104,CHW
38,11,5,9,360823108,COL
31,8,5,12,360823108,MIL
37,14,4,5,360823109,DET
32,6,0,2,360823109,MIN
37,12,3,12,360823124,NYM
35,9,5,8,360823124,STL
37,12,5,11,360823129,ATL
32,5,4,10,360823129,ARI
37,9,3,10,360823112,NYY
30,4,1,9,360823112,SEA
29,4,2,10,360823111,CLE
36,13,3,7,360823111,OAK
34,9,4,7,360823119,SF
37,14,3,12,360823119,LAD
37,10,4,4,360823125,CHC
26,4,6,8,360823125,SD
32,7,3,8,360824123,HOU
37,11,2,9,360824123,PIT
34,6,4,10,360824108,COL
33,10,4,12,360824108,MIL
34,9,2,4,360824111,CLE
32,10,4,4,360824111,OAK
33,9,5,8,360824112,NYY
33,8,2,9,360824112,SEA
36,10,0,10,360824125,CHC
33,6,3,14,360824125,SD
39,12,5,8,360824120,BAL
40,15,2,11,360824120,WSH
40,17,6,10,360824114,LAA
36,9,2,4,360824114,TOR
33,7,0,1,360824117,TEX
30,4,6,6,360824117,CIN
34,8,3,10,360824128,KC
30,7,1,5,360824128,MIA
40,9,2,14,360824130,BOS
45,12,2,11,360824130,TB
37,10,1,10,360824104,PHI
33,7,2,5,360824104,CHW
40,14,2,7,360824109,DET
35,8,3,10,360824109,MIN
30,4,3,5,360824124,NYM
39,19,3,7,360824124,STL
44,14,10,12,360824129,ATL
47,18,2,5,360824129,ARI
33,6,2,7,360824119,SF
28,5,1,8,360824119,LAD
37,11,6,5,360825109,DET
36,9,1,7,360825109,MIN
29,7,3,7,360825130,BOS
29,7,2,13,360825130,TB
30,3,0,10,360825120,BAL
34,10,0,6,360825120,WSH
34,11,3,7,360825114,LAA
34,7,3,7,360825114,TOR
34,8,3,9,360825128,KC
36,8,2,7,360825128,MIA
40,15,4,7,360825124,NYM
38,11,3,8,360825124,STL
29,2,1,8,360825113,CLE
33,8,4,9,360825113,TEX
34,8,3,5,360825104,SEA
34,11,4,7,360825104,CHW
35,7,4,6,360825108,PIT
34,5,4,12,360825108,MIL
34,8,5,9,360825129,ATL
29,2,3,5,360825129,ARI
36,8,2,6,360825119,SF
28,1,3,7,360825119,LAD
34,7,1,7,360826110,BAL
42,18,2,4,360826110,NYY
31,6,2,10,360826120,COL
32,10,5,5,360826120,WSH
32,9,5,9,360826114,MIN
40,15,5,6,360826114,TOR
34,9,4,4,360826102,KC
40,15,2,11,360826102,BOS
30,4,3,9,360826106,LAA
31,9,3,3,360826106,DET
34,7,3,8,360826121,PHI
33,11,3,12,360826121,NYM
33,6,6,13,360826128,SD
39,13,6,7,360826128,MIA
41,17,1,4,360826113,CLE
32,6,3,13,360826113,TEX
31,5,0,14,360826104,SEA
31,8,2,8,360826104,CHW
36,7,4,11,360826108,PIT
33,7,7,11,360826108,MIL
32,8,1,8,360826118,TB
29,6,3,10,360826118,HOU
30,5,3,8,360826124,OAK
28,6,3,8,360826124,STL
40,12,6,4,360826129,CIN
39,7,5,13,360826129,ARI
39,9,4,12,360826119,CHC
38,9,5,12,360826119,LAD
33,7,3,7,360826126,ATL
34,10,1,5,360826126,SF
38,12,2,8,360827110,BAL
42,18,7,11,360827110,NYY
47,16,5,10,360827120,COL
44,12,3,16,360827120,WSH
37,11,2,10,360827114,MIN
32,10,5,4,360827114,TOR
31,8,4,10,360827119,CHC
30,6,0,6,360827119,LAD
33,6,3,9,360827102,KC
34,12,3,3,360827102,BOS
30,7,3,8,360827104,SEA
37,15,3,5,360827104,CHW
34,8,2,8,360827106,LAA
33,8,3,10,360827106,DET
38,12,5,5,360827108,PIT
36,11,3,12,360827108,MIL
34,9,1,7,360827118,TB
33,12,6,12,360827118,HOU
29,3,2,10,360827121,PHI
37,13,6,8,360827121,NYM
33,7,3,12,360827128,SD
34,9,1,6,360827128,MIA
31,4,5,8,360827124,OAK
33,6,0,9,360827124,STL
34,7,1,10,360827113,CLE
36,10,1,12,360827113,TEX
44,16,2,6,360827129,CIN
29,4,1,9,360827129,ARI
31,7,4,7,360827126,ATL
32,5,1,6,360827126,SF
36,10,3,9,360828110,BAL
34,8,0,10,360828110,NYY
37,10,4,9,360828114,MIN
34,13,4,2,360828114,TOR
33,11,0,8,360828106,LAA
30,4,3,8,360828106,DET
30,8,2,10,360828121,PHI
33,7,1,9,360828121,NYM
33,8,1,3,360828128,SD
27,6,3,3,360828128,MIA
37,10,2,5,360828120,COL
32,6,1,8,360828120,WSH
33,7,1,9,360828104,SEA
28,5,1,4,360828104,CHW
34,7,3,9,360828108,PIT
31,5,0,8,360828108,MIL
42,15,2,4,360828118,TB
35,7,3,13,360828118,HOU
35,9,2,9,360828124,OAK
33,8,0,10,360828124,STL
31,6,3,8,360828113,CLE
28,5,3,10,360828113,TEX
31,6,3,7,360828126,ATL
40,18,3,4,360828126,SF
30,4,4,10,360828119,CHC
28,4,3,12,360828119,LAD
30,5,0,7,360828129,CIN
41,18,1,7,360828129,ARI
36,10,4,2,360828102,KC
33,9,4,5,360828102,BOS
33,7,4,11,360829101,TOR
30,4,1,7,360829101,BAL
36,9,2,5,360829122,WSH
27,4,1,7,360829122,PHI
32,9,1,9,360829102,TB
37,14,4,7,360829102,BOS
38,9,3,10,360829105,MIN
34,8,4,5,360829105,CLE
35,9,4,6,360829106,CHW
29,7,5,8,360829106,DET
34,5,7,9,360829121,MIA
35,7,4,10,360829121,NYM
38,11,5,12,360829108,STL
34,8,6,19,360829108,MIL
34,7,3,13,360829113,SEA
31,8,2,8,360829113,TEX
49,13,6,12,360829116,PIT
52,17,6,12,360829116,CHC
29,4,4,10,360829118,OAK
32,8,4,11,360829118,HOU
35,9,3,7,360829107,NYY
34,11,2,12,360829107,KC
35,9,3,7,400837909,NYY
34,11,2,12,400837909,KC
31,5,5,10,360829127,LAD
36,12,3,9,360829127,COL
34,8,1,9,360829103,CIN
37,14,2,4,360829103,LAA
32,7,2,5,360830101,TOR
31,7,3,5,360830101,BAL
32,7,3,7,360830122,WSH
28,3,2,12,360830122,PHI
34,8,3,9,360830102,TB
31,6,3,12,360830102,BOS
36,10,3,8,360830105,MIN
29,9,8,10,360830105,CLE
35,9,3,7,360830106,CHW
35,11,5,3,360830106,DET
34,7,0,12,360830115,SD
32,12,7,2,360830115,ATL
34,9,2,7,360830121,MIA
37,13,4,7,360830121,NYM
37,11,5,6,360830113,SEA
37,15,3,6,360830113,TEX
29,4,1,5,360830116,PIT
28,5,3,7,360830116,CHC
35,7,2,15,360830108,STL
34,5,3,12,360830108,MIL
32,5,1,10,360830118,OAK
27,5,1,2,360830118,HOU
43,14,4,9,360830107,NYY
35,7,3,9,360830107,KC
37,11,1,9,360830103,CIN
31,10,1,6,360830103,LAA
33,7,5,5,360830126,ARI
33,8,4,2,360830126,SF
30,4,1,10,360831106,CHW
30,9,4,6,360831106,DET
36,12,5,8,360831102,TB
34,12,3,5,360831102,BOS
34,8,3,6,360831113,SEA
34,12,6,6,360831113,TEX
35,8,2,10,360831118,OAK
30,6,3,9,360831118,HOU
32,6,2,8,360831227,LAD
35,14,2,6,360831227,COL
35,9,3,11,360831126,ARI
32,9,3,5,360831126,SF
33,9,2,8,360831101,TOR
35,8,4,4,360831101,BAL
29,4,0,7,360831103,CIN
30,7,1,9,360831103,LAA
33,6,1,8,360831122,WSH
28,2,2,6,360831122,PHI
34,8,3,13,360831105,MIN
32,12,5,3,360831105,CLE
32,5,3,14,360831115,SD
32,12,7,4,360831115,ATL
35,7,0,5,360831121,MIA
31,9,5,2,360831121,NYM
36,9,8,12,360831116,PIT
31,8,6,5,360831116,CHC
31,3,3,9,360831108,STL
28,4,2,12,360831108,MIL
36,10,8,2,360831327,LAD
36,12,4,9,360831327,COL
48,11,4,5,360831107,NYY
43,6,4,6,360831107,KC
34,8,0,4,360901115,SD
35,11,4,5,360901115,ATL
37,10,5,9,360901121,MIA
35,9,3,4,360901121,NYM
28,3,3,6,360901116,SF
32,8,5,8,360901116,CHC
41,15,4,11,360901109,CHW
32,9,2,12,360901109,MIN
30,3,2,4,360902116,SF
27,5,5,6,360902116,CHC
28,2,4,7,360902101,NYY
34,10,3,11,360902101,BAL
37,13,5,9,360902122,ATL
36,9,2,11,360902122,PHI
29,3,4,8,360902123,MIL
31,7,4,5,360902123,PIT
35,8,1,13,360902105,MIA
29,7,8,7,360902105,CLE
31,6,2,4,360902117,STL
33,11,7,10,360902117,CIN
34,8,1,7,360902121,WSH
31,4,3,10,360902121,NYM
33,6,4,12,360902130,TOR
34,8,3,7,360902130,TB
34,7,6,8,360902113,HOU
34,13,6,3,360902113,TEX
42,17,6,12,360902109,CHW
31,8,1,6,360902109,MIN
39,13,1,9,360902107,DET
39,11,1,8,360902107,KC
36,10,4,6,360902127,ARI
36,14,6,3,360902127,COL
42,17,6,5,360902111,BOS
31,6,3,11,360902111,OAK
35,10,4,6,360902112,LAA
38,13,7,10,360902112,SEA
32,6,4,12,360902119,SD
39,13,1,13,360902119,LAD
32,4,2,8,360903116,SF
32,7,3,12,360903116,CHC
35,11,4,4,360903113,HOU
38,16,3,7,360903113,TEX
28,5,8,10,360903117,STL
34,12,9,9,360903117,CIN
33,6,6,8,360903130,TOR
35,13,3,10,360903130,TB
29,4,2,10,360903101,NYY
30,8,5,5,360903101,BAL
38,9,4,9,360903122,ATL
37,6,1,9,360903122,PHI
38,14,4,8,360903123,MIL
31,9,6,7,360903123,PIT
28,4,3,4,360903105,MIA
35,12,5,6,360903105,CLE
31,4,4,9,360903109,CHW
36,12,6,10,360903109,MIN
33,7,3,8,360903121,WSH
29,6,4,5,360903121,NYM
34,9,7,7,360903107,DET
33,9,4,7,360903107,KC
40,14,2,5,360903127,ARI
35,10,2,9,360903127,COL
45,17,4,12,360903111,BOS
31,5,0,3,360903111,OAK
41,15,2,2,360903112,LAA
35,9,2,10,360903112,SEA
31,4,3,13,360903119,SD
30,9,3,7,360903119,LAD
41,15,2,2,400837966,LAA
35,9,2,10,400837966,SEA
33,5,3,12,360904117,STL
34,11,5,9,360904117,CIN
36,10,4,12,360904130,TOR
34,8,2,11,360904130,TB
29,7,7,6,360904101,NYY
33,6,4,10,360904101,BAL
34,8,6,9,360904122,ATL
32,5,3,13,360904122,PHI
37,11,5,6,360904123,MIL
31,6,1,3,360904123,PIT
53,16,4,13,360904109,CHW
55,18,6,13,360904109,MIN
38,13,1,7,360904107,DET
32,7,4,8,360904107,KC
42,4,3,15,360904116,SF
46,10,4,8,360904116,CHC
39,11,5,11,360904113,HOU
37,11,3,10,360904113,TEX
33,6,3,9,360904111,BOS
27,2,3,5,360904111,OAK
36,11,2,14,360904105,MIA
35,10,7,7,360904105,CLE
32,10,2,7,360904112,LAA
33,8,2,5,360904112,SEA
30,7,1,12,360904119,SD
32,9,6,7,360904119,LAD
34,10,2,7,360904127,ARI
37,11,2,12,360904127,COL
36,9,0,7,360904121,WSH
31,9,1,5,360904121,NYM
37,10,2,4,360905108,CHC
31,6,2,10,360905108,MIL
33,8,5,7,360905110,TOR
31,8,2,11,360905110,NYY
33,10,2,11,360905117,NYM
33,8,1,5,360905117,CIN
33,8,3,8,360905128,PHI
32,6,0,7,360905128,MIA
36,9,2,10,360905130,BAL
29,2,1,6,360905130,TB
39,16,5,9,360905109,KC
37,12,3,10,360905109,MIN
40,14,5,7,360905123,STL
37,12,1,8,360905123,PIT
38,14,3,5,360905111,LAA
38,11,7,7,360905111,OAK
39,11,3,6,360905120,ATL
29,9,4,7,360905120,WSH
41,9,3,12,360905104,DET
43,10,2,16,360905104,CHW
33,7,4,8,360905112,TEX
38,14,9,14,360905112,SEA
29,2,0,7,360905127,SF
29,6,5,3,360905127,COL
32,7,2,14,360905125,BOS
29,6,2,8,360905125,SD
36,11,7,14,360905105,HOU
33,7,3,9,360905105,CLE
31,4,3,9,360905119,ARI
34,11,3,9,360905119,LAD
36,11,8,8,360906110,TOR
30,7,4,6,360906110,NYY
36,11,0,7,360906120,ATL
37,12,3,9,360906120,WSH
42,15,2,8,360906123,STL
40,12,2,9,360906123,PIT
34,7,4,11,360906105,HOU
34,7,2,7,360906105,CLE
34,8,4,10,360906117,NYM
31,5,4,11,360906117,CIN
35,10,5,8,360906128,PHI
34,7,3,10,360906128,MIA
42,14,6,7,360906130,BAL
35,8,2,7,360906130,TB
33,7,2,9,360906104,DET
29,8,3,8,360906104,CHW
35,8,2,6,360906108,CHC
37,16,3,7,360906108,MIL
36,10,5,8,360906109,KC
34,8,1,6,360906109,MIN
32,8,2,4,360906127,SF
28,4,3,10,360906127,COL
29,5,1,7,360906111,LAA
27,4,3,6,360906111,OAK
44,15,6,10,360906112,TEX
39,12,4,7,360906112,SEA
30,4,1,10,360906119,ARI
33,11,2,6,360906119,LAD
35,10,5,10,360906125,BOS
36,9,0,9,360906125,SD
40,13,2,10,360907117,NYM
37,13,5,12,360907117,CIN
35,10,4,7,360907130,BAL
37,13,4,15,360907130,TB
33,10,3,10,360907104,DET
36,13,3,6,360907104,CHW
28,2,2,7,360907111,LAA
35,10,7,10,360907111,OAK
34,9,2,8,360907123,STL
32,11,1,9,360907123,PIT
30,5,3,7,360907110,TOR
33,9,2,12,360907110,NYY
45,13,3,15,360907120,ATL
42,15,6,11,360907120,WSH
38,12,1,10,360907105,HOU
34,12,4,4,360907105,CLE
28,4,5,13,360907128,PHI
33,13,1,3,360907128,MIA
29,3,2,8,360907108,CHC
26,5,5,8,360907108,MIL
35,11,3,7,360907109,KC
37,12,1,11,360907109,MIN
37,13,2,7,360907127,SF
34,11,1,7,360907127,COL
36,9,4,6,360907125,BOS
32,7,0,11,360907125,SD
32,7,4,6,360907112,TEX
30,8,4,9,360907112,SEA
34,7,5,8,360907119,ARI
27,4,4,12,360907119,LAD
35,9,3,9,360908105,HOU
31,9,6,5,360908105,CLE
38,12,1,9,360908110,TB
34,10,1,4,360908110,NYY
32,6,1,11,360908120,PHI
31,5,2,3,360908120,WSH
32,6,0,4,360908123,CIN
34,11,5,8,360908123,PIT
39,17,4,4,360908124,MIL
35,11,3,5,360908124,STL
34,8,2,7,360908112,TEX
32,11,5,9,360908112,SEA
34,8,3,9,360908125,COL
37,12,6,8,360908125,SD
38,12,3,12,360909110,TB
31,9,11,6,360909110,NYY
31,7,4,12,360909120,PHI
33,9,1,9,360909120,WSH
32,10,2,2,360909123,CIN
27,10,4,1,360909123,PIT
42,18,4,6,360909114,BOS
36,9,1,10,360909114,TOR
31,5,1,7,360909106,BAL
30,9,3,10,360909106,DET
33,7,3,17,360909128,LAD
31,8,2,8,360909128,MIA
32,6,5,7,360909115,NYM
36,11,5,10,360909115,ATL
35,7,3,12,360909104,KC
35,13,2,3,360909104,CHW
38,9,5,8,360909109,CLE
32,6,4,8,360909109,MIN
32,5,3,8,360909118,CHC
31,7,0,10,360909118,HOU
32,9,2,5,360909124,MIL
27,5,3,6,360909124,STL
45,12,9,10,360909129,SF
45,10,5,14,360909129,ARI
34,8,4,9,360909103,TEX
31,4,2,12,360909103,LAA
33,6,3,12,360909111,SEA
33,7,1,8,360909111,OAK
34,9,2,7,360909125,COL
30,5,3,9,360909125,SD
31,4,2,8,360910114,BOS
31,6,3,8,360910114,TOR
26,2,6,12,360910118,CHC
27,5,4,8,360910118,HOU
40,17,5,6,360910111,SEA
36,9,2,3,360910111,OAK
31,6,0,11,360910110,TB
29,6,1,6,360910110,NYY
31,5,1,10,360910120,PHI
30,7,3,8,360910120,WSH
39,15,2,9,360910123,CIN
36,10,7,6,360910123,PIT
33,7,5,7,360910104,KC
37,13,3,9,360910104,CHW
39,12,7,9,360910106,BAL
35,8,4,6,360910106,DET
41,7,5,5,360910109,CLE
40,7,5,9,360910109,MIN
36,7,4,7,360910115,NYM
35,8,1,4,360910115,ATL
33,8,3,8,360910128,LAD
30,2,0,12,360910128,MIA
29,6,4,8,360910124,MIL
30,8,3,7,360910124,STL
43,19,5,8,360910129,SF
30,5,3,8,360910129,ARI
32,4,2,11,360910125,COL
31,8,3,5,360910125,SD
38,12,2,8,360910103,TEX
35,9,4,8,360910103,LAA
36,9,1,9,360911110,TB
34,7,1,7,360911110,NYY
37,11,6,11,360911114,BOS
35,8,7,13,360911114,TOR
31,8,5,9,360911106,BAL
31,5,3,6,360911106,DET
30,4,0,4,360911128,LAD
31,10,1,5,360911128,MIA
37,11,4,7,360911115,NYM
34,11,2,5,360911115,ATL
32,7,2,9,360911120,PHI
27,4,3,3,360911120,WSH
36,13,4,4,360911123,CIN
32,7,5,9,360911123,PIT
36,10,1,12,360911104,KC
27,2,5,8,360911104,CHW
38,13,6,6,360911109,CLE
33,5,2,12,360911109,MIN
29,4,1,13,360911124,MIL
32,5,1,10,360911124,STL
31,5,2,12,360911103,TEX
30,8,2,6,360911103,LAA
36,12,1,5,360911111,SEA
29,7,3,6,360911111,OAK
33,8,5,6,360911129,SF
37,11,1,15,360911129,ARI
36,7,1,8,360911125,COL
34,5,4,9,360911125,SD
36,10,4,11,360911118,CHC
32,7,3,5,360911118,HOU
39,12,1,9,360912110,LAD
32,5,3,11,360912110,NYY
31,5,5,5,360912120,NYM
33,10,6,8,360912120,WSH
32,5,3,8,360912122,PIT
31,9,8,11,360912122,PHI
32,4,2,6,360912114,TB
30,6,1,5,360912114,TOR
29,2,1,9,360912102,BAL
37,16,3,7,360912102,BOS
31,5,6,14,360912106,MIN
29,6,3,7,360912106,DET
42,17,2,8,360912115,MIA
39,17,5,5,360912115,ATL
32,6,2,11,360912117,MIL
30,7,1,6,360912117,CIN
40,17,10,6,360912107,OAK
33,7,2,6,360912107,KC
35,8,2,6,360912104,CLE
40,16,3,7,360912104,CHW
41,9,4,7,360912118,TEX
41,7,5,11,360912118,HOU
32,7,3,6,360912124,CHC
27,1,3,8,360912124,STL
41,14,2,9,360912129,COL
39,16,3,10,360912129,ARI
39,11,2,4,360912103,SEA
32,6,3,4,360912103,LAA
34,9,2,8,360912126,SD
32,5,2,4,360912126,SF
32,5,1,10,360913110,LAD
29,8,4,5,360913110,NYY
40,12,3,7,360913120,NYM
38,8,1,14,360913120,WSH
31,7,7,7,360913122,PIT
31,6,3,15,360913122,PHI
30,7,7,8,360913114,TB
34,9,2,7,360913114,TOR
35,9,6,10,360913102,BAL
35,9,4,6,360913102,BOS
37,13,4,7,360913106,MIN
32,6,3,5,360913106,DET
35,10,4,4,360913115,MIA
35,9,3,9,360913115,ATL
31,4,2,9,360913117,MIL
32,10,0,5,360913117,CIN
32,6,2,6,360913107,OAK
37,10,2,3,360913107,KC
32,6,1,7,360913104,CLE
32,9,3,9,360913104,CHW
33,6,3,12,360913118,TEX
29,4,1,9,360913118,HOU
30,4,8,7,360913124,CHC
30,7,3,11,360913124,STL
35,8,2,11,360913129,COL
39,17,8,10,360913129,ARI
36,10,3,5,360913103,SEA
30,3,0,11,360913103,LAA
37,12,3,5,360913126,SD
36,12,4,5,360913126,SF
39,13,3,10,360914114,TB
28,2,4,6,360914114,TOR
38,12,1,12,360914124,CHC
28,3,1,9,360914124,STL
35,8,4,7,360914126,SD
29,4,2,10,360914126,SF
31,4,2,9,360914110,LAD
30,3,2,14,360914110,NYY
29,3,4,9,360914120,NYM
27,6,2,7,360914120,WSH
31,5,0,6,360914102,BAL
31,4,1,7,360914102,BOS
30,9,6,7,360914122,PIT
39,15,0,9,360914122,PHI
33,6,2,10,360914106,MIN
37,13,1,10,360914106,DET
32,8,2,7,360914115,MIA
33,9,2,3,360914115,ATL
33,6,6,8,360914117,MIL
31,6,2,8,360914117,CIN
40,13,7,9,360914107,OAK
30,4,3,11,360914107,KC
36,10,3,6,360914104,CLE
33,6,0,5,360914104,CHW
36,8,2,11,360914118,TEX
35,12,2,8,360914118,HOU
36,13,4,9,360914129,COL
42,17,4,7,360914129,ARI
33,6,0,7,360914103,SEA
29,5,3,4,360914103,LAA
34,11,2,7,360915106,MIN
34,9,3,3,360915106,DET
30,4,5,12,360915104,CLE
33,9,2,7,360915104,CHW
38,12,3,13,360915101,TB
36,9,5,8,360915101,BAL
40,13,3,8,360915122,PIT
31,5,0,9,360915122,PHI
38,14,3,8,360915102,NYY
34,9,5,2,360915102,BOS
44,16,5,7,360915107,OAK
35,9,1,7,360915107,KC
34,7,2,11,360915116,MIL
35,10,5,11,360915116,CHC
35,9,2,11,360915129,LAD
29,6,3,12,360915129,ARI
33,10,6,8,360915103,TOR
34,6,3,5,360915103,LAA
32,5,1,7,360915126,STL
34,12,4,2,360915126,SF
38,10,2,13,360916116,MIL
34,11,4,4,360916116,CHC
35,10,0,8,360916101,TB
32,9,3,7,360916101,BAL
51,13,4,12,360916122,MIA
48,13,5,18,360916122,PHI
34,9,3,7,360916102,NYY
31,12,2,2,360916102,BOS
32,5,4,11,360916105,DET
34,14,5,6,360916105,CLE
40,12,6,11,360916117,PIT
38,9,2,11,360916117,CIN
29,3,4,8,360916121,MIN
30,7,5,8,360916121,NYM
34,12,3,8,360916115,WSH
35,9,2,12,360916115,ATL
36,10,3,11,360916113,OAK
37,12,3,7,360916113,TEX
36,11,4,9,360916107,CHW
34,7,1,10,360916107,KC
34,10,2,8,360916127,SD
40,14,3,8,360916127,COL
31,5,4,6,360916129,LAD
32,6,7,12,360916129,ARI
33,10,7,5,360916103,TOR
35,8,5,10,360916103,LAA
37,10,4,10,360916112,HOU
29,3,3,7,360916112,SEA
33,7,5,8,360916126,STL
30,7,6,12,360916126,SF
37,11,10,8,360917217,PIT
37,11,2,4,360917217,CIN
35,9,2,12,360917102,NYY
33,10,4,5,360917102,BOS
33,7,4,9,360917115,WSH
34,13,2,9,360917115,ATL
34,8,6,11,360917116,MIL
33,8,2,9,360917116,CHC
32,4,3,10,360917105,DET
31,4,9,10,360917105,CLE
36,11,9,4,360917317,PIT
32,7,2,7,360917317,CIN
34,6,2,7,360917101,TB
30,7,1,4,360917101,BAL
28,3,0,5,360917122,MIA
35,11,5,11,360917122,PHI
43,8,6,12,360917121,MIN
44,10,3,16,360917121,NYM
36,8,1,7,360917107,CHW
29,7,0,2,360917107,KC
38,12,5,10,360917113,OAK
32,6,1,5,360917113,TEX
31,4,0,16,360917127,SD
35,12,3,8,360917127,COL
36,11,4,4,360917129,LAD
33,6,1,15,360917129,ARI
35,10,3,9,360917103,TOR
32,8,2,4,360917103,LAA
28,7,5,5,360917126,STL
34,9,1,4,360917126,SF
32,5,1,7,360917112,HOU
33,7,1,10,360917112,SEA
35,11,5,7,360918105,DET
33,7,1,9,360918105,CLE
34,7,4,8,360918117,PIT
34,14,2,6,360918117,CIN
34,8,2,15,360918121,MIN
29,7,2,6,360918121,NYM
31,6,3,11,360918101,TB
32,8,1,6,360918101,BAL
26,7,0,4,360918115,WSH
29,12,4,10,360918115,ATL
35,8,2,8,360918122,MIA
33,8,5,8,360918122,PHI
36,11,2,9,360918107,CHW
35,12,3,2,360918107,KC
34,7,1,12,360918116,MIL
36,9,2,9,360918116,CHC
34,8,6,6,360918113,OAK
33,8,5,6,360918113,TEX
29,4,5,12,360918103,TOR
32,10,4,6,360918103,LAA
32,9,1,9,360918126,STL
32,5,2,8,360918126,SF
31,5,2,8,360918112,HOU
34,12,3,6,360918112,SEA
32,6,1,10,360918127,SD
34,10,5,5,360918127,COL
46,10,7,14,360918129,LAD
49,16,8,12,360918129,ARI
38,11,2,7,360918102,NYY
34,10,3,8,360918102,BOS
35,9,1,5,360919107,CHW
36,12,1,8,360919107,KC
34,9,2,4,360919101,BOS
31,4,0,7,360919101,BAL
40,13,4,12,360919121,ATL
35,8,2,5,360919121,NYM
33,9,0,6,360919128,WSH
31,7,3,7,360919128,MIA
33,5,0,2,360919113,LAA
34,12,4,6,360919113,TEX
33,6,2,9,360919116,CIN
33,9,0,6,360919116,CHC
37,11,0,8,360919127,STL
35,8,5,8,360919127,COL
33,7,2,7,360919111,HOU
29,3,3,4,360919111,OAK
33,8,5,12,360919112,TOR
30,3,5,10,360919112,SEA
29,3,1,9,360919119,SF
30,6,0,11,360919119,LAD
32,7,2,5,360919125,ARI
31,8,3,5,360919125,SD
38,11,1,8,360920101,BOS
33,6,2,9,360920101,BAL
33,10,5,3,360920122,CHW
34,12,3,6,360920122,PHI
31,6,0,6,360920105,KC
31,5,4,7,360920105,CLE
35,10,4,11,360920121,ATL
35,9,2,3,360920121,NYM
31,4,0,13,360920128,WSH
27,3,3,7,360920128,MIA
37,10,4,6,360920130,NYY
33,5,1,16,360920130,TB
33,8,8,4,360920113,LAA
34,12,1,2,360920113,TEX
33,7,2,7,360920116,CIN
33,11,6,5,360920116,CHC
37,13,2,8,360920108,PIT
33,7,3,11,360920108,MIL
38,11,3,11,360920109,DET
29,3,2,9,360920109,MIN
38,14,4,11,360920127,STL
37,12,2,5,360920127,COL
36,11,2,10,360920119,SF
35,9,2,13,360920119,LAD
35,8,3,10,360920111,HOU
32,3,5,10,360920111,OAK
39,14,5,9,360920112,TOR
34,7,2,11,360920112,SEA
31,4,2,5,360920125,ARI
26,4,5,12,360920125,SD
34,8,1,11,360921127,STL
35,12,2,7,360921127,COL
36,9,3,10,360921111,HOU
34,7,4,8,360921111,OAK
38,6,6,10,360921112,TOR
39,6,6,14,360921112,SEA
32,6,4,10,360921101,BOS
30,4,2,6,360921101,BAL
32,7,2,7,360921122,CHW
33,10,3,8,360921122,PHI
32,7,3,11,360921105,KC
33,13,3,7,360921105,CLE
35,9,1,7,360921121,ATL
33,7,6,7,360921121,NYM
33,8,4,9,360921128,WSH
31,4,2,11,360921128,MIA
43,17,3,8,360921130,NYY
34,8,2,7,360921130,TB
34,8,4,6,360921113,LAA
34,8,2,7,360921113,TEX
31,6,1,5,360921116,CIN
39,15,5,5,360921116,CHC
36,9,2,8,360921108,PIT
33,7,1,9,360921108,MIL
30,5,1,2,360921125,ARI
31,4,5,11,360921125,SD
34,7,2,9,360921119,SF
33,12,2,4,360921119,LAD
33,9,7,8,360922209,DET
31,5,3,8,360922209,MIN
34,9,7,8,360922101,BOS
33,6,2,9,360922101,BAL
32,6,2,8,360922105,KC
26,5,4,5,360922105,CLE
39,9,7,9,360922121,PHI
42,11,5,16,360922121,NYM
32,7,4,9,360922128,ATL
32,6,4,5,360922128,MIA
35,8,3,9,360922130,NYY
28,7,2,9,360922130,TB
30,5,3,9,360922108,PIT
27,4,3,10,360922108,MIL
31,5,3,12,360922118,LAA
31,8,1,6,360922118,HOU
31,6,4,12,360922309,DET
30,4,4,17,360922309,MIN
31,7,1,7,360922119,COL
31,9,8,6,360922119,LAD
33,6,3,9,360922125,SF
33,6,0,11,360922125,SD
28,5,2,13,360923116,STL
33,9,6,4,360923116,CHC
30,3,3,8,360923114,NYY
34,13,6,5,360923114,TOR
43,9,2,13,360923101,ARI
41,9,6,8,360923101,BAL
47,13,3,15,360923123,WSH
43,12,7,10,360923123,PIT
32,7,2,8,360923105,CHW
37,13,3,4,360923105,CLE
37,11,1,12,360923106,KC
33,9,7,9,360923106,DET
37,10,5,8,360923121,PHI
33,10,4,5,360923121,NYM
34,9,5,10,360923128,ATL
28,3,4,8,360923128,MIA
35,9,5,7,360923130,BOS
32,6,2,9,360923130,TB
35,9,0,5,360923108,CIN
31,8,4,7,360923108,MIL
40,13,7,8,360923109,SEA
31,5,1,11,360923109,MIN
38,12,7,9,360923118,LAA
32,8,5,5,360923118,HOU
31,4,1,3,360923111,TEX
31,7,3,10,360923111,OAK
33,8,2,11,360923119,COL
29,8,6,14,360923119,LAD
31,4,5,6,360923125,SF
30,8,3,3,360923125,SD
37,10,3,8,360924106,KC
41,14,4,10,360924106,DET
40,14,4,8,360924116,STL
34,8,3,10,360924116,CHC
36,9,1,8,360924111,TEX
32,5,3,9,360924111,OAK
27,3,3,7,360924114,NYY
28,6,5,2,360924114,TOR
33,8,2,7,360924130,BOS
37,11,1,12,360924130,TB
34,7,0,11,360924101,ARI
32,10,4,8,360924101,BAL
37,12,2,9,360924123,WSH
35,8,3,10,360924123,PIT
42,15,1,15,360924105,CHW
33,8,3,6,360924105,CLE
34,10,7,6,360924108,CIN
32,6,2,8,360924108,MIL
32,5,0,7,360924109,SEA
27,3,1,6,360924109,MIN
38,12,4,12,360924118,LAA
34,8,4,8,360924118,HOU
42,17,5,13,360924121,PHI
37,11,5,4,360924121,NYM
33,8,2,11,360924128,ATL
31,9,6,2,360924128,MIA
43,12,4,4,360924125,SF
38,8,1,10,360924125,SD
32,6,0,8,360924119,COL
36,13,8,7,360924119,LAD
34,8,2,9,360925114,NYY
32,9,6,12,360925114,TOR
33,6,2,3,360925105,CHW
28,2,3,14,360925105,CLE
45,19,1,10,360925106,KC
42,17,5,5,360925106,DET
30,3,2,11,360925121,PHI
37,14,9,9,360925121,NYM
35,8,6,8,360925130,BOS
35,7,3,23,360925130,TB
31,4,2,11,360925101,ARI
28,5,3,10,360925101,BAL
40,14,6,13,360925123,WSH
32,7,5,10,360925123,PIT
30,8,3,7,360925108,CIN
33,7,0,13,360925108,MIL
33,6,2,5,360925109,SEA
34,9,4,11,360925109,MIN
32,7,2,6,360925118,LAA
28,9,2,5,360925118,HOU
31,5,0,9,360925111,TEX
35,13,3,4,360925111,OAK
34,8,2,10,360925119,COL
40,12,3,7,360925119,LAD
34,7,3,2,360925125,SF
28,8,5,8,360925125,SD
31,5,3,11,360925116,STL
30,8,5,10,360925116,CHC
41,13,2,12,360926120,ARI
33,8,5,11,360926120,WSH
44,18,6,10,360926123,CHC
37,10,1,10,360926123,PIT
36,11,2,3,360926114,NYY
32,6,8,6,360926114,TOR
34,8,6,3,360926106,CLE
35,10,2,10,360926106,DET
34,7,6,10,360926128,NYM
37,14,2,4,360926128,MIA
34,10,3,5,360926113,MIL
35,8,1,5,360926113,TEX
33,9,4,6,360926104,TB
33,11,2,6,360926104,CHW
44,12,6,16,360926118,SEA
40,10,2,10,360926118,HOU
45,22,1,4,360926124,CIN
31,6,0,5,360926124,STL
30,4,2,4,360926103,OAK
29,6,2,4,360926103,LAA
35,10,3,6,360927110,BOS
32,14,1,2,360927110,NYY
32,6,2,11,360927120,ARI
26,3,2,6,360927120,WSH
35,8,7,9,360927123,CHC
34,8,8,9,360927123,PIT
34,8,3,12,360927114,BAL
30,9,3,6,360927114,TOR
30,4,1,13,360927106,CLE
35,16,5,5,360927106,DET
40,14,4,10,360927115,PHI
34,10,3,7,360927115,ATL
44,19,6,5,360927128,NYM
32,6,1,11,360927128,MIA
39,8,7,11,360927107,MIN
33,7,4,7,360927107,KC
36,10,4,11,360927113,MIL
30,7,6,5,360927113,TEX
39,11,0,8,360927104,TB
39,14,5,9,360927104,CHW
35,11,1,7,360927118,SEA
34,11,2,6,360927118,HOU
37,12,2,8,360927124,CIN
36,13,5,7,360927124,STL
30,6,3,4,360927103,OAK
34,12,1,3,360927103,LAA
32,5,6,6,360927125,LAD
29,6,3,10,360927125,SD
34,8,1,13,360927126,COL
40,19,3,3,360927126,SF
40,15,7,10,360928118,SEA
37,11,1,10,360928118,HOU
21,7,5,4,360928106,CLE
22,8,2,5,360928106,DET
31,5,8,3,360928110,BOS
28,3,6,8,360928110,NYY
23,8,3,4,360928120,ARI
18,5,1,5,360928120,WSH
32,4,4,6,360928123,CHC
34,12,2,8,360928123,PIT
37,11,1,13,360928114,BAL
29,6,4,7,360928114,TOR
29,4,4,8,360928115,PHI
34,13,4,5,360928115,ATL
37,10,5,4,360928128,NYM
33,7,3,8,360928128,MIA
34,8,3,10,360928107,MIN
32,8,3,4,360928107,KC
33,10,1,6,360928113,MIL
35,10,3,7,360928113,TEX
29,3,0,5,360928104,TB
28,5,2,8,360928104,CHW
39,10,0,10,360928124,CIN
32,7,3,5,360928124,STL
34,9,2,14,360928126,COL
28,5,2,11,360928126,SF
36,9,2,10,360928103,OAK
36,10,4,6,360928103,LAA
35,9,1,9,360928125,LAD
29,8,3,8,360928125,SD
33,6,3,9,360929120,ARI
31,7,4,6,360929120,WSH
29,4,2,10,360929110,BOS
32,8,7,9,360929110,NYY
18,4,0,5,360929123,CHC
16,2,2,4,360929123,PIT
35,9,2,7,360929114,BAL
28,3,3,8,360929114,TOR
34,9,0,7,360929115,PHI
30,7,6,12,360929115,ATL
38,13,3,7,360929107,MIN
37,13,2,11,360929107,KC
37,12,3,11,360929124,CIN
35,9,3,11,360929124,STL
35,11,4,11,360929104,TB
33,8,2,7,360929104,CHW
42,15,2,8,360929125,LAD
39,14,2,10,360929125,SD
35,9,0,11,360929112,OAK
35,12,2,7,360929112,SEA
35,10,1,14,360929126,COL
31,10,6,3,360929126,SF
36,10,6,7,360930102,TOR
35,10,2,8,360930102,BOS
38,10,8,9,360930110,BAL
28,3,6,7,360930110,NYY
40,12,3,7,360930120,MIA
33,7,3,13,360930120,WSH
36,9,1,6,360930122,NYM
33,7,2,14,360930122,PHI
33,8,4,4,360930117,CHC
32,5,1,8,360930117,CIN
38,11,3,8,360930115,DET
33,6,2,12,360930115,ATL
33,4,2,13,360930113,TB
33,10,1,9,360930113,TEX
30,6,5,12,360930104,MIN
36,12,2,9,360930104,CHW
33,8,4,8,360930127,MIL
30,10,0,5,360930127,COL
34,10,4,11,360930107,CLE
30,5,0,9,360930107,KC
32,5,1,11,360930124,PIT
30,7,5,7,360930124,STL
36,9,2,7,360930129,SD
28,6,2,6,360930129,ARI
33,8,1,10,360930103,HOU
30,6,4,7,360930103,LAA
28,2,5,4,360930112,OAK
31,7,1,6,360930112,SEA
34,9,1,7,360930126,LAD
36,13,5,6,360930126,SF
34,11,3,6,361001122,NYM
34,8,1,10,361001122,PHI
34,7,2,13,361001124,PIT
32,11,2,7,361001124,STL
34,9,4,6,361001110,BAL
34,12,4,10,361001110,NYY
30,4,5,7,361001120,MIA
29,7,3,8,361001120,WSH
29,3,1,7,361001126,LAD
30,7,3,6,361001126,SF
33,8,3,9,361001117,CHC
32,10,5,9,361001117,CIN
33,8,8,8,361001107,CLE
35,8,3,15,361001107,KC
28,4,7,13,361001102,TOR
31,5,6,2,361001102,BOS
33,5,3,10,361001104,MIN
30,4,3,9,361001104,CHW
32,7,3,12,361001115,DET
30,8,3,4,361001115,ATL
33,5,1,4,361001113,TB
31,3,1,12,361001113,TEX
37,7,4,14,361001127,MIL
41,12,1,7,361001127,COL
38,11,1,12,361001129,SD
29,10,4,3,361001129,ARI
36,10,5,5,361001103,HOU
31,4,2,6,361001103,LAA
45,16,2,12,361001112,OAK
44,13,5,12,361001112,SEA
34,9,4,6,361002102,TOR
30,4,3,8,361002102,BOS
32,7,1,8,361002103,HOU
32,9,6,5,361002103,LAA
31,7,1,8,361002110,BAL
36,10,1,6,361002110,NYY
42,13,3,8,361002113,TB
40,11,6,14,361002113,TEX
38,14,3,10,361002120,MIA
30,10,8,3,361002120,WSH
33,8,2,9,361002122,NYM
33,10,2,3,361002122,PHI
30,4,2,7,361002126,LAD
39,16,4,11,361002126,SF
35,9,4,11,361002104,MIN
33,6,4,9,361002104,CHW
31,7,4,9,361002112,OAK
32,6,1,10,361002112,SEA
31,5,1,15,361002115,DET
28,6,1,10,361002115,ATL
35,9,9,12,361002117,CHC
32,6,3,7,361002117,CIN
39,10,4,12,361002127,MIL
41,13,3,11,361002127,COL
33,7,0,9,361002129,SD
32,9,2,9,361002129,ARI
30,4,2,6,361002107,CLE
31,6,1,5,361002107,KC
35,9,4,11,361002124,PIT
36,12,4,5,361002124,STL
37,4,1,12,361004114,BAL
37,9,2,11,361004114,TOR
30,5,6,12,361005121,SF
30,4,2,6,361005121,NYM
39,13,6,2,361006113,TOR
29,4,0,6,361006113,TEX
36,10,1,14,361006105,BOS
32,10,1,12,361006105,CLE
33,6,2,7,361007113,TOR
40,13,3,7,361007113,TEX
29,3,3,8,361007105,BOS
32,9,3,8,361007105,CLE
33,8,2,9,361007120,LAD
35,9,3,11,361007120,WSH
31,6,0,6,361007116,SF
27,3,0,10,361007116,CHC
32,6,0,6,361008116,SF
33,9,1,6,361008116,CHC
34,8,6,6,361009120,LAD
31,9,2,14,361009120,WSH
34,4,4,9,361009114,TEX
37,10,4,9,361009114,TOR
35,9,6,11,361010119,WSH
33,6,2,9,361010119,LAD
32,7,2,10,361010102,CLE
33,8,4,9,361010102,BOS
49,10,4,12,361010126,CHC
46,13,4,7,361010126,SF
34,8,2,15,361011119,WSH
31,7,3,11,361011119,LAD
31,6,3,10,361011126,CHC
34,11,2,10,361011126,SF
33,8,5,9,361013120,LAD
32,7,9,12,361013120,WSH
33,7,2,12,361014105,TOR
27,6,1,6,361014105,CLE
30,3,2,13,361015105,TOR
28,4,2,6,361015105,CLE
34,9,3,7,361015116,LAD
33,9,6,5,361015116,CHC
27,3,7,6,361016116,LAD
29,2,1,10,361016116,CHC
33,7,4,8,361017114,CLE
33,7,3,9,361017114,TOR
28,2,2,9,361018114,CLE
32,9,4,8,361018114,TOR
31,4,2,10,361018119,CHC
34,10,1,8,361018119,LAD
33,6,0,10,361019114,CLE
31,6,0,8,361019114,TOR
40,13,3,8,361019119,CHC
31,6,5,8,361019119,LAD
39,13,4,9,361020119,CHC
34,9,2,6,361020119,LAD
26,2,1,7,361022116,LAD
30,7,0,8,361022116,CHC
34,7,2,15,361025105,CHC
33,10,4,9,361025105,CLE
37,9,8,8,361026105,CHC
31,4,5,12,361026105,CLE
29,8,3,10,361028116,CLE
33,5,1,8,361028116,CHC
36,10,3,10,361029116,CLE
33,7,1,8,361029116,CHC
32,6,0,9,361030116,CLE
30,7,3,14,361030116,CHC
39,13,3,6,361101105,CHC
31,6,6,10,361101105,CLE
39,13,4,5,361102105,CHC
40,11,3,9,361102105,CLE
36,9,1,8,370402130,NYY
36,13,3,10,370402130,TB
34,11,5,7,370402129,SF
38,13,0,12,370402129,ARI
34,8,0,12,370402124,CHC
35,11,8,8,370402124,STL
33,7,0,11,370403121,ATL
30,7,8,6,370403121,NYM
33,7,0,11,400905593,ATL
30,7,8,6,400905593,NYM
33,6,0,5,370403120,MIA
31,9,3,9,370403120,WSH
34,8,2,8,370403102,PIT
33,10,2,7,370403102,BOS
34,10,2,8,370403108,COL
31,7,6,14,370403108,MIL
34,10,2,8,400905596,COL
31,7,6,14,400905596,MIL
42,11,6,8,370403101,TOR
39,9,2,5,370403101,BAL
33,5,0,9,370403119,SD
36,14,5,5,370403119,LAD
28,3,2,4,370403109,KC
31,8,7,11,370403109,MIN
35,10,5,8,370403117,PHI
32,9,2,6,370403117,CIN
34,9,5,4,370403113,CLE
34,8,3,12,370403113,TEX
29,3,4,8,370403118,SEA
27,6,1,6,370403118,HOU
29,3,4,8,400905603,SEA
27,6,1,6,400905603,HOU
32,7,4,11,370403111,LAA
32,9,5,6,370403111,OAK
32,6,6,5,370404104,DET
34,8,2,11,370404104,CHW
36,9,3,5,370404130,NYY
32,5,3,8,370404130,TB
34,12,8,4,370404108,COL
34,9,2,14,370404108,MIL
32,8,5,9,370404113,CLE
32,7,1,10,370404113,TEX
36,7,2,11,370404118,SEA
26,5,3,3,370404118,HOU
31,5,4,8,370404124,CHC
31,4,3,8,370404124,STL
31,5,4,8,400905614,CHC
31,4,3,8,400905614,STL
43,15,4,12,370404129,SF
34,7,4,11,370404129,ARI
34,9,2,7,370404111,LAA
34,9,3,9,370404111,OAK
33,11,2,9,370404119,SD
28,5,2,5,370404119,LAD
29,4,3,9,370405109,KC
31,8,9,7,370405109,MIN
33,7,1,11,370405101,TOR
29,5,0,9,370405101,BAL
33,9,2,10,370405120,MIA
31,11,4,5,370405120,WSH
41,5,1,9,370405102,PIT
39,8,6,10,370405102,BOS
43,8,6,12,370405121,ATL
40,5,3,12,370405121,NYM
33,8,2,6,370405130,NYY
31,8,2,10,370405130,TB
31,4,1,13,370405117,PHI
28,5,1,8,370405117,CIN
34,9,4,7,370405113,CLE
31,7,5,12,370405113,TEX
29,5,6,9,370405108,COL
30,10,1,7,370405108,MIL
45,6,8,14,370405118,SEA
51,13,3,9,370405118,HOU
36,10,2,11,370405129,SF
36,12,4,7,370405129,ARI
37,13,2,5,370405111,LAA
33,6,1,7,370405111,OAK
27,3,4,7,370405119,SD
30,6,3,12,370405119,LAD
30,6,6,12,370406117,PHI
34,13,2,6,370406117,CIN
35,9,4,10,370406109,KC
33,9,7,7,370406109,MIN
30,5,2,7,370406108,COL
30,5,5,10,370406108,MIL
38,10,3,7,370406124,CHC
34,7,3,11,370406124,STL
30,4,6,9,370406104,DET
34,10,6,9,370406104,CHW
33,6,2,8,370406119,SD
32,8,11,5,370406119,LAD
32,5,3,7,370406111,LAA
28,5,4,11,370406111,OAK
40,14,4,9,370406120,MIA
36,8,6,7,370406120,WSH
32,6,0,8,370406121,ATL
31,8,2,2,370406121,NYM
32,5,5,8,370406130,TOR
31,8,3,7,370406130,TB
33,7,4,8,370406118,SEA
32,6,3,10,370406118,HOU
31,4,5,7,370406129,SF
34,11,5,10,370406129,ARI
36,10,0,6,370407123,ATL
35,11,4,2,370407123,PIT
37,10,3,6,370407106,BOS
27,8,7,7,370407106,DET
35,11,6,17,370407122,WSH
35,9,4,9,370407122,PHI
30,5,3,11,370407127,LAD
30,6,1,11,370407127,COL
33,8,2,8,370407125,SF
31,8,7,5,370407125,SD
35,10,4,10,370407101,NYY
31,7,1,9,370407101,BAL
37,11,6,8,370407121,MIA
35,9,2,8,370407121,NYM
38,11,5,7,370407130,TOR
35,13,7,14,370407130,TB
32,6,3,5,370407113,OAK
36,11,3,4,370407113,TEX
33,6,2,9,370407104,MIN
34,7,2,8,370407104,CHW
36,6,6,12,370407108,CHC
38,7,3,10,370407108,MIL
35,10,6,5,370407118,KC
30,6,3,8,370407118,HOU
32,7,3,7,370407124,CIN
28,2,3,8,370407124,STL
34,6,4,8,370407129,CLE
34,11,4,8,370407129,ARI
33,5,1,10,370407103,SEA
33,11,2,8,370407103,LAA
30,6,2,7,370408106,BOS
26,5,5,9,370408106,DET
35,9,2,9,370408104,MIN
30,8,3,4,370408104,CHW
33,7,1,10,370408124,CIN
33,10,12,7,370408124,STL
34,9,6,8,370408101,NYY
32,10,4,7,370408101,BAL
35,5,4,12,370408130,TOR
39,8,9,9,370408130,TB
34,10,2,10,370408122,WSH
37,15,5,10,370408122,PHI
34,11,6,7,370408123,ATL
33,10,4,5,370408123,PIT
43,17,6,8,370408108,CHC
34,7,3,13,370408108,MIL
32,7,2,7,370408118,KC
32,9,2,4,370408118,HOU
39,13,7,11,370408121,MIA
31,3,3,13,370408121,NYM
36,9,3,10,370408113,OAK
29,2,1,8,370408113,TEX
32,7,3,7,370408127,LAD
33,9,0,7,370408127,COL
33,7,0,7,370408129,CLE
38,15,3,8,370408129,ARI
32,5,1,7,370408125,SF
30,6,2,5,370408125,SD
33,8,1,8,370408103,SEA
35,13,1,7,370408103,LAA
34,11,6,3,370409106,BOS
39,13,3,14,370409106,DET
29,3,1,4,370409130,TOR
32,9,5,8,370409130,TB
34,9,11,8,370409101,NYY
32,6,4,8,370409101,BAL
33,6,4,6,370409122,WSH
32,7,5,8,370409122,PHI
41,13,2,7,370409123,ATL
33,11,3,4,370409123,PIT
34,8,1,9,370409104,MIN
32,5,5,7,370409104,CHW
37,11,5,8,370409108,CHC
31,4,2,13,370409108,MIL
43,9,0,17,370409118,KC
41,12,8,7,370409118,HOU
36,11,4,3,370409124,CIN
31,6,1,9,370409124,STL
34,8,4,11,370409113,OAK
33,7,5,12,370409113,TEX
40,15,5,8,370409127,LAD
35,9,2,11,370409127,COL
33,7,2,5,370409103,SEA
34,11,7,5,370409103,LAA
33,7,2,5,400905681,SEA
34,11,7,5,400905681,LAA
34,7,3,5,370409129,CLE
32,8,1,6,370409129,ARI
35,8,4,5,370409125,SF
33,7,5,8,370409125,SD
30,5,0,11,370409121,MIA
33,8,1,8,370409121,NYM
29,2,0,12,370410110,TB
36,10,1,7,370410110,NYY
31,4,3,7,370410106,BOS
29,5,1,10,370410106,DET
32,6,2,6,370410107,OAK
29,3,4,12,370410107,KC
31,4,0,5,370410126,ARI
29,6,4,5,370410126,SF
32,6,3,10,370410112,HOU
32,11,3,7,370410112,SEA
39,10,0,6,370410120,STL
40,19,6,8,370410120,WSH
29,4,5,8,370410122,NYM
34,10,4,6,370410122,PHI
35,8,6,3,370410123,CIN
31,4,5,13,370410123,PIT
32,6,3,10,370410116,LAD
32,6,7,10,370410116,CHC
32,9,3,10,370410127,SD
32,8,3,8,370410127,COL
31,5,4,8,370411106,MIN
28,4,2,2,370411106,DET
35,6,0,12,370411105,CHW
31,5,7,12,370411105,CLE
31,7,1,7,370411120,STL
36,11,4,5,370411120,WSH
47,20,5,9,370411122,NYM
35,8,2,8,370411122,PHI
36,10,1,8,370411123,CIN
34,6,5,6,370411123,PIT
39,11,1,13,370411114,MIL
31,5,5,10,370411114,TOR
32,5,2,9,370411102,BAL
35,15,3,5,370411102,BOS
34,7,3,12,370411128,ATL
30,10,3,7,370411128,MIA
31,5,2,10,370411127,SD
29,4,2,7,370411127,COL
39,10,2,9,370411103,TEX
39,12,5,7,370411103,LAA
39,14,3,10,370411112,HOU
33,9,5,5,370411112,SEA
35,9,4,12,370411126,ARI
36,10,6,11,370411126,SF
35,9,2,11,370412110,TB
34,8,5,1,370412110,NYY
29,4,4,9,370412106,MIN
29,6,2,4,370412106,DET
32,8,4,6,370412127,SD
29,3,6,7,370412127,COL
35,8,3,14,370412120,STL
34,8,0,8,370412120,WSH
31,4,2,13,370412105,CHW
30,3,4,9,370412105,CLE
31,4,2,13,400905710,CHW
30,3,4,9,400905710,CLE
30,6,5,13,370412122,NYM
32,6,2,7,370412122,PHI
41,15,3,5,370412123,CIN
33,7,1,10,370412123,PIT
33,7,1,4,370412114,MIL
28,4,3,8,370412114,TOR
41,17,1,6,370412102,BAL
37,11,4,5,370412102,BOS
30,8,3,4,370412128,ATL
35,7,2,9,370412128,MIA
32,5,6,14,370412116,LAD
28,5,3,9,370412116,CHC
35,12,6,5,370412107,OAK
35,8,2,5,370412107,KC
37,11,5,8,370412103,TEX
32,6,1,7,370412103,LAA
39,16,6,4,370412112,HOU
37,9,1,7,370412112,SEA
34,8,3,12,370412126,ARI
35,9,5,7,370412126,SF
37,11,8,5,370413106,MIN
35,9,3,11,370413106,DET
32,7,5,10,370413102,PIT
31,8,3,7,370413102,BOS
32,6,4,5,370413116,LAD
29,8,4,9,370413116,CHC
37,11,3,7,370413103,TEX
33,7,3,11,370413103,LAA
42,15,4,7,370413105,CHW
37,12,4,9,370413105,CLE
33,7,2,15,370413110,TB
29,7,5,7,370413110,NYY
31,5,2,15,370413114,BAL
32,6,3,6,370413114,TOR
33,10,1,5,370413117,MIL
30,5,0,6,370413117,CIN
62,16,3,11,370413128,NYM
57,12,9,16,370413128,MIA
32,6,1,8,370413107,OAK
31,8,3,8,370413107,KC
34,7,2,10,370413126,COL
29,5,3,5,370413126,SF
34,10,2,6,370414116,PIT
35,7,3,7,370414116,CHC
34,6,3,11,370414120,PHI
35,9,4,9,370414120,WSH
33,6,4,9,370414110,STL
32,9,4,10,370414110,NYY
35,9,4,6,370414114,BAL
37,10,0,15,370414114,TOR
39,12,4,6,370414102,TB
40,14,3,7,370414102,BOS
37,11,3,8,370414105,DET
37,8,7,9,370414105,CLE
38,12,6,9,370414117,MIL
35,8,1,9,370414117,CIN
31,7,7,8,370414128,NYM
34,10,2,6,370414128,MIA
30,6,4,8,370414115,SD
31,9,4,5,370414115,ATL
31,7,3,6,370414109,CHW
31,6,4,4,370414109,MIN
30,4,3,6,370414107,LAA
29,8,3,4,370414107,KC
37,10,4,3,370414111,HOU
34,7,2,11,370414111,OAK
33,7,0,5,370414112,TEX
30,9,4,7,370414112,SEA
30,4,2,9,370414119,ARI
34,13,4,4,370414119,LAD
32,6,1,6,370414126,COL
36,11,2,6,370414126,SF
32,5,2,10,370415110,STL
31,5,8,17,370415110,NYY
32,6,0,5,370415120,PHI
31,4,1,3,370415120,WSH
31,6,3,9,370415114,BAL
28,6,1,7,370415114,TOR
32,7,6,12,370415117,MIL
33,11,5,5,370415117,CIN
28,1,1,8,370415109,CHW
34,11,5,6,370415109,MIN
36,10,2,9,370415116,PIT
37,9,3,11,370415116,CHC
28,3,5,15,370415102,TB
30,6,2,4,370415102,BOS
32,8,8,9,370415111,HOU
35,10,4,11,370415111,OAK
38,11,3,7,370415126,COL
29,2,1,4,370415126,SF
38,11,2,12,370415105,DET
42,19,4,7,370415105,CLE
34,8,1,10,370415115,SD
31,9,2,4,370415115,ATL
30,5,2,7,370415128,NYM
30,6,2,15,370415128,MIA
33,6,5,8,370415107,LAA
29,6,2,10,370415107,KC
28,2,1,12,370415112,TEX
30,8,3,4,370415112,SEA
34,5,1,12,370415119,ARI
34,11,4,7,370415119,LAD
43,15,2,6,370416114,BAL
36,12,2,9,370416114,TOR
30,7,6,8,370416105,DET
31,8,2,8,370416105,CLE
32,5,4,10,370416117,MIL
30,5,3,6,370416117,CIN
32,5,5,9,370416128,NYM
34,11,2,7,370416128,MIA
33,7,3,14,370416102,TB
37,17,3,3,370416102,BOS
29,3,3,8,370416115,SD
32,10,4,8,370416115,ATL
34,8,4,5,370416120,PHI
37,11,2,5,370416120,WSH
28,2,2,11,370416107,LAA
31,6,3,11,370416107,KC
30,6,6,4,370416116,PIT
33,7,3,7,370416116,CHC
34,8,0,11,370416126,COL
31,7,0,6,370416126,SF
38,10,0,8,370416109,CHW
36,7,4,12,370416109,MIN
36,9,5,6,370416112,TEX
35,12,4,8,370416112,SEA
33,9,4,7,370416119,ARI
31,5,3,9,370416119,LAD
35,8,3,8,370416110,STL
31,13,7,5,370416110,NYY
37,11,2,11,370417102,TB
32,9,3,6,370417102,BOS
32,5,1,6,370417124,PIT
28,5,0,3,370417124,STL
34,11,3,5,370417110,CHW
33,9,1,9,370417110,NYY
34,8,5,9,370417115,SD
37,12,1,5,370417115,ATL
36,10,1,5,370417116,MIL
34,9,3,11,370417116,CHC
36,10,2,6,370417109,CLE
36,9,4,10,370417109,MIN
32,5,2,10,370417118,LAA
29,9,2,5,370417118,HOU
32,5,2,10,400905777,LAA
29,9,2,5,400905777,HOU
33,7,7,6,370417111,TEX
28,3,2,10,370417111,OAK
32,5,0,8,370417112,MIA
32,8,3,7,370417112,SEA
35,10,5,14,370417119,ARI
30,5,4,15,370417119,LAD
31,3,0,11,370418110,CHW
29,4,3,5,370418110,NYY
40,15,3,8,370418114,BOS
40,12,5,7,370418114,TOR
34,7,2,10,370418117,BAL
35,11,6,8,370418117,CIN
42,11,4,13,370418121,PHI
34,4,5,9,370418121,NYM
31,4,1,8,370418130,DET
33,9,5,10,370418130,TB
31,7,4,4,370418115,WSH
30,5,5,9,370418115,ATL
36,10,1,12,370418116,MIL
36,14,3,6,370418116,CHC
37,12,2,6,370418109,CLE
36,11,1,7,370418109,MIN
35,9,3,11,370418118,LAA
35,11,1,7,370418118,HOU
42,11,3,10,370418107,SF
39,10,4,7,370418107,KC
36,11,0,3,370418124,PIT
27,4,1,5,370418124,STL
31,3,0,8,370418111,TEX
28,6,4,7,370418111,OAK
35,10,0,6,370418112,MIA
28,1,2,4,370418112,SEA
33,7,2,12,370418119,COL
34,9,5,7,370418119,LAD
38,9,9,8,370418125,ARI
32,7,2,5,370418125,SD
32,5,3,6,370419124,PIT
30,8,2,11,370419124,STL
32,6,7,9,370419116,MIL
36,9,4,12,370419116,CHC
30,3,4,6,370419111,TEX
35,14,2,6,370419111,OAK
37,14,3,6,370419112,MIA
34,11,10,10,370419112,SEA
32,6,2,7,370419110,CHW
33,11,3,7,370419110,NYY
32,6,2,9,370419114,BOS
32,6,1,7,370419114,TOR
33,9,1,16,370419117,BAL
29,2,4,4,370419117,CIN
33,8,1,11,370419121,PHI
31,8,3,4,370419121,NYM
33,9,6,14,370419130,DET
39,14,3,8,370419130,TB
46,20,6,7,370419115,WSH
33,8,2,8,370419115,ATL
32,8,1,7,370419118,LAA
29,9,2,9,370419118,HOU
30,4,1,10,370419107,SF
32,10,1,6,370419107,KC
32,6,2,12,370419119,COL
31,7,2,7,370419119,LAD
30,4,1,7,370419125,ARI
28,5,1,6,370419125,SD
36,7,4,10,370420114,BOS
35,5,1,18,370420114,TOR
37,11,7,7,370420109,CLE
30,4,5,11,370420109,MIN
32,5,2,8,370420130,DET
34,11,3,7,370420130,TB
31,6,3,12,370420118,LAA
27,3,2,8,370420118,HOU
33,5,2,9,370420117,BAL
31,2,1,14,370420117,CIN
38,10,2,13,370420121,PHI
33,8,4,6,370420121,NYM
30,4,3,6,370420115,WSH
33,7,3,12,370420115,ATL
41,4,5,14,370420113,KC
41,6,4,8,370420113,TEX
37,11,4,10,370420108,STL
32,9,4,11,370420108,MIL
36,9,0,14,370420125,ARI
29,5,0,12,370420125,SD
33,8,4,8,370420111,SEA
32,11,4,11,370420111,OAK
31,6,2,4,370421101,BOS
30,6,3,4,370421101,BAL
33,6,0,7,370421122,ATL
33,11,1,5,370421122,PHI
39,10,2,8,370421123,NYY
31,8,4,9,370421123,PIT
41,10,4,11,370421117,CHC
41,10,6,12,370421117,CIN
36,5,6,6,370421121,WSH
38,7,5,8,370421121,NYM
35,11,3,9,370421130,HOU
34,8,1,8,370421130,TB
31,6,2,3,370421113,KC
30,6,4,9,370421113,TEX
29,6,4,11,370421104,CLE
27,3,2,9,370421104,CHW
35,12,1,2,370421108,STL
37,10,1,17,370421108,MIL
35,8,1,7,370421109,DET
28,5,6,7,370421109,MIN
37,11,4,4,370421127,SF
30,9,4,4,370421127,COL
35,9,1,7,370421129,LAD
38,14,8,11,370421129,ARI
31,6,4,8,370421111,SEA
25,6,6,5,370421111,OAK
50,12,7,15,370421103,TOR
51,11,5,10,370421103,LAA
32,5,2,7,370421125,MIA
31,10,3,7,370421125,SD
36,9,8,13,370422117,CHC
41,14,0,13,370422117,CIN
38,11,6,11,370422109,DET
36,10,3,7,370422109,MIN
33,9,3,6,370422111,SEA
31,8,3,5,370422111,OAK
34,8,7,15,370422121,WSH
29,2,3,8,370422121,NYM
41,13,3,6,370422123,NYY
34,8,4,10,370422123,PIT
29,4,5,6,370422130,HOU
36,12,2,10,370422130,TB
33,6,3,5,370422101,BOS
33,10,1,5,370422101,BAL
35,6,4,12,370422122,ATL
37,11,3,11,370422122,PHI
36,9,4,3,370422104,CLE
29,3,1,10,370422104,CHW
38,12,2,7,370422108,STL
30,5,4,7,370422108,MIL
32,6,1,4,370422113,KC
29,7,4,4,370422113,TEX
32,7,1,6,370422127,SF
37,14,3,9,370422127,COL
35,11,5,9,370422129,LAD
37,14,3,7,370422129,ARI
41,9,1,7,370422125,MIA
39,7,4,17,370422125,SD
33,10,2,6,370422103,TOR
32,9,3,4,370422103,LAA
35,9,0,10,370423117,CHC
31,6,3,8,370423117,CIN
37,12,5,5,370423130,HOU
36,7,3,11,370423130,TB
37,14,4,4,370423101,BOS
33,6,6,9,370423101,BAL
32,6,2,5,370423122,ATL
31,8,2,9,370423122,PHI
33,6,3,9,370423123,NYY
28,8,4,7,370423123,PIT
31,6,5,11,370423104,CLE
33,10,5,15,370423104,CHW
32,8,8,8,370423108,STL
34,7,4,11,370423108,MIL
39,13,6,8,370423109,DET
33,6,3,9,370423109,MIN
31,5,1,9,370423113,KC
31,9,3,9,370423113,TEX
32,6,3,3,370423127,SF
29,8,3,6,370423127,COL
33,9,4,10,370423103,TOR
31,7,1,5,370423103,LAA
36,11,6,4,370423111,SEA
31,5,1,11,370423111,OAK
34,9,5,5,370423129,LAD
33,7,1,8,370423129,ARI
37,11,3,9,370423125,MIA
32,7,2,8,370423125,SD
32,6,2,8,370423121,WSH
32,6,1,10,370423121,NYM
42,17,9,4,370424123,CHC
33,7,6,5,370424123,PIT
33,7,7,10,370424101,TB
29,7,5,5,370424101,BAL
38,9,6,9,370424108,CIN
35,9,5,8,370424108,MIL
31,6,6,6,370424113,MIN
32,7,2,4,370424113,TEX
30,2,1,6,370424104,KC
37,15,3,8,370424104,CHW
33,8,2,7,370424127,WSH
38,14,0,8,370424127,COL
37,10,1,16,370424129,SD
34,10,2,8,370424129,ARI
30,7,5,8,370424103,TOR
27,5,4,5,370424103,LAA
29,4,2,6,370424126,LAD
29,8,3,5,370424126,SF
36,11,1,8,370425105,HOU
31,6,3,5,370425105,CLE
30,6,7,8,370425101,TB
29,2,2,9,370425101,BAL
29,2,2,10,370425123,CHC
31,5,3,5,370425123,PIT
38,16,7,1,370425106,SEA
48,24,7,5,370425106,DET
35,8,3,9,370425108,CIN
34,10,7,6,370425108,MIL
38,15,6,4,370425113,MIN
28,5,2,7,370425113,TEX
34,8,3,12,370425104,KC
36,14,4,3,370425104,CHW
44,10,3,12,370425124,TOR
43,13,1,15,370425124,STL
41,14,6,5,370425127,WSH
40,15,2,3,370425127,COL
37,10,2,12,370425129,SD
36,16,3,8,370425129,ARI
35,5,3,11,370425103,OAK
35,5,2,8,370425103,LAA
32,7,4,7,370425126,LAD
35,8,1,9,370425126,SF
35,8,3,9,370426108,CIN
36,14,4,8,370426108,MIL
37,9,2,13,370426104,KC
33,9,0,6,370426104,CHW
36,8,3,13,370426105,HOU
30,10,5,10,370426105,CLE
33,5,7,12,370426102,NYY
30,4,4,10,370426102,BOS
40,8,4,5,370426101,TB
39,12,6,8,370426101,BAL
34,8,2,5,370426122,MIA
33,10,2,7,370426122,PHI
38,12,6,7,370426123,CHC
32,10,4,8,370426123,PIT
43,15,3,10,370426106,SEA
31,4,2,10,370426106,DET
42,16,4,7,370426121,ATL
30,5,4,5,370426121,NYM
33,9,4,2,370426113,MIN
36,14,8,9,370426113,TEX
40,14,5,9,370426127,WSH
33,8,5,6,370426127,COL
37,12,3,12,370426129,SD
36,11,5,13,370426129,ARI
37,11,3,13,370426103,OAK
39,14,2,8,370426103,LAA
39,9,2,6,370426126,LAD
32,6,3,7,370426126,SF
36,9,0,4,370427122,MIA
28,7,5,2,370427122,PHI
33,7,2,12,370427106,SEA
32,4,2,6,370427106,DET
34,7,7,9,370427121,ATL
33,8,3,4,370427121,NYM
40,9,4,11,370427224,TOR
41,13,7,9,370427224,STL
45,19,7,4,370427127,WSH
36,10,3,6,370427127,COL
33,5,7,11,370427126,LAD
34,7,4,8,370427126,SF
33,5,7,11,400905914,LAD
34,7,4,8,400905914,SF
36,11,4,11,370427105,HOU
30,8,4,9,370427105,CLE
31,9,0,10,370427102,NYY
29,3,0,3,370427102,BOS
34,9,1,8,370427324,TOR
33,12,6,2,370427324,STL
30,4,0,11,370427129,SD
31,8,3,2,370427129,ARI
31,3,3,8,370427103,OAK
29,7,0,4,370427103,LAA
45,15,4,10,370428110,BAL
41,14,7,7,370428110,NYY
38,12,5,9,370428120,NYM
38,13,1,15,370428120,WSH
37,11,3,11,370428114,TB
37,11,3,5,370428114,TOR
38,11,3,14,370428102,CHC
33,13,3,10,370428102,BOS
31,6,0,8,370428105,SEA
32,4,2,14,370428105,CLE
39,12,3,7,370428106,CHW
33,7,4,7,370428106,DET
41,18,8,6,370428128,PIT
37,10,3,8,370428128,MIA
37,10,3,7,370428113,LAA
32,7,0,11,370428113,TEX
38,12,4,8,370428108,ATL
38,13,2,11,370428108,MIL
35,7,0,14,370428118,OAK
36,14,2,5,370428118,HOU
34,6,3,10,370428107,MIN
34,8,3,2,370428107,KC
35,10,4,7,370428124,CIN
32,11,4,4,370428124,STL
32,6,3,12,370428129,COL
32,6,3,6,370428129,ARI
33,7,1,12,370428119,PHI
33,10,3,5,370428119,LAD
30,5,1,6,370428126,SD
32,8,1,7,370428126,SF
37,9,3,11,370429110,BAL
33,10,6,12,370429110,NYY
33,8,0,3,370429120,NYM
33,7,5,10,370429120,WSH
32,5,5,10,370429114,TB
28,6,3,4,370429114,TOR
37,9,4,9,370429106,CHW
37,8,3,9,370429106,DET
38,10,3,6,370429102,CHC
34,10,1,8,370429102,BOS
30,3,4,12,370429105,SEA
30,6,3,7,370429105,CLE
43,20,1,4,370429108,ATL
28,4,7,4,370429108,MIL
34,8,3,10,370429118,OAK
32,7,0,9,370429118,HOU
31,6,5,6,370429128,PIT
29,3,0,7,370429128,MIA
32,6,4,13,370429113,LAA
33,10,3,5,370429113,TEX
36,11,5,13,370429129,COL
35,8,3,4,370429129,ARI
41,14,4,15,370429126,SD
35,8,4,11,370429126,SF
38,13,3,6,370429119,PHI
37,11,1,7,370429119,LAD
44,11,7,14,370430110,BAL
43,13,7,12,370430110,NYY
28,4,5,10,370430114,TB
31,7,3,6,370430114,TOR
33,10,2,6,370430105,SEA
37,15,3,4,370430105,CLE
34,8,3,11,370430106,CHW
35,14,4,2,370430106,DET
33,8,5,7,370430128,PIT
37,15,5,7,370430128,MIA
36,9,2,12,370430120,NYM
46,23,6,6,370430120,WSH
32,7,1,8,370430108,ATL
31,5,0,10,370430108,MIL
33,6,5,10,370430118,OAK
33,10,1,8,370430118,HOU
40,13,4,10,370430107,MIN
39,12,0,5,370430107,KC
42,16,3,9,370430124,CIN
33,8,5,7,370430124,STL
36,10,6,2,370430113,LAA
31,5,4,15,370430113,TEX
48,10,2,8,370430126,SD
42,8,1,9,370430126,SF
32,6,5,13,370430119,PHI
34,13,2,8,370430119,LAD
44,5,4,17,370430129,COL
47,11,3,13,370430129,ARI
32,5,4,9,370430102,CHC
29,6,5,9,370430102,BOS
34,6,1,10,370501102,BAL
30,6,4,2,370501102,BOS
35,12,3,4,370501110,TOR
34,7,1,7,370501110,NYY
35,12,3,4,400905977,TOR
34,7,1,7,400905977,NYY
33,7,4,12,370501106,CLE
34,10,7,9,370501106,DET
31,3,3,8,370501117,PIT
34,6,3,10,370501117,CIN
32,5,8,11,370501128,TB
30,4,2,7,370501128,MIA
33,8,5,7,370501115,NYM
33,9,2,5,370501115,ATL
37,12,4,7,370501116,PHI
30,4,3,6,370501116,CHC
31,6,3,12,370501118,TEX
33,8,3,4,370501118,HOU
32,5,4,6,370501107,CHW
30,9,4,2,370501107,KC
36,11,3,7,370501124,MIL
38,13,4,7,370501124,STL
33,8,1,8,370501119,SF
33,6,1,8,370501119,LAD
38,11,2,7,370502110,TOR
39,16,4,10,370502110,NYY
35,10,5,10,370502120,ARI
33,7,7,11,370502120,WSH
30,3,2,12,370502102,BAL
32,10,2,4,370502102,BOS
33,6,5,8,370502106,CLE
30,7,3,10,370502106,DET
37,10,8,8,370502117,PIT
32,5,5,8,370502117,CIN
33,8,11,15,370502128,TB
32,6,3,5,370502128,MIA
35,9,4,4,370502115,NYM
33,13,5,3,370502115,ATL
31,4,5,9,370502116,PHI
33,11,5,3,370502116,CHC
33,6,3,11,370502109,OAK
34,11,4,5,370502109,MIN
37,10,2,16,370502118,TEX
35,11,3,5,370502118,HOU
35,11,3,5,370502107,CHW
30,4,2,8,370502107,KC
33,5,1,7,370502124,MIL
29,6,4,13,370502124,STL
41,10,9,11,370502112,LAA
39,7,6,11,370502112,SEA
39,12,1,14,370502119,SF
32,11,9,5,370502119,LAD
33,6,1,15,370502125,COL
29,5,5,9,370502125,SD
33,8,5,11,370503110,TOR
34,12,8,11,370503110,NYY
29,5,7,12,370503120,ARI
29,6,1,10,370503120,WSH
36,9,2,11,370503102,BAL
29,6,5,2,370503102,BOS
32,6,4,5,370503106,CLE
31,6,3,11,370503106,DET
29,5,7,4,370503117,PIT
32,10,3,9,370503117,CIN
42,17,3,11,370503130,MIA
35,8,4,8,370503130,TB
45,20,5,3,370503115,NYM
36,9,5,9,370503115,ATL
33,8,2,11,370503116,PHI
32,9,5,6,370503116,CHC
33,8,5,5,370503109,OAK
33,9,6,8,370503109,MIN
29,5,5,13,370503118,TEX
36,13,3,1,370503118,HOU
31,2,1,11,370503107,CHW
30,9,2,2,370503107,KC
37,11,1,9,370503112,LAA
34,12,3,13,370503112,SEA
39,11,8,10,370503119,SF
37,6,0,13,370503119,LAD
42,14,1,6,370503125,COL
33,7,1,6,370503125,SD
34,7,1,8,370504117,PIT
32,11,2,6,370504117,CIN
31,4,2,14,370504120,ARI
32,9,8,6,370504120,WSH
39,14,8,10,370504109,OAK
33,6,5,12,370504109,MIN
36,11,4,10,370504118,TEX
35,10,10,11,370504118,HOU
36,11,3,8,370504107,CHW
31,5,2,8,370504107,KC
51,15,5,11,370504116,PHI
45,13,5,5,370504116,CHC
40,11,4,10,370504125,COL
38,7,7,8,370504125,SD
42,17,4,6,370504102,BAL
35,9,1,4,370504102,BOS
33,7,5,11,370504130,MIA
32,7,5,5,370504130,TB
40,15,5,9,370504124,MIL
34,10,6,8,370504124,STL
36,9,1,6,370504112,LAA
37,16,4,8,370504112,SEA
34,11,3,10,370505116,NYY
32,4,2,10,370505116,CHC
37,12,2,6,370505101,CHW
34,9,1,6,370505101,BAL
39,12,2,11,370505122,WSH
35,8,4,12,370505122,PHI
34,7,1,8,370505123,MIL
32,7,2,6,370505123,PIT
39,13,4,9,370505121,MIA
32,10,4,6,370505121,NYM
35,9,3,13,370505130,TOR
35,7,5,12,370505130,TB
41,16,5,12,370505115,STL
32,7,2,10,370505115,ATL
36,9,2,5,370505109,BOS
36,10,1,10,370505109,MIN
30,4,2,9,370505107,CLE
33,10,3,11,370505107,KC
33,7,2,8,370505117,SF
38,16,12,8,370505117,CIN
35,8,3,6,370505127,ARI
36,9,1,10,370505127,COL
37,11,3,10,370505111,DET
36,9,2,10,370505111,OAK
39,12,2,6,370505103,HOU
36,10,2,6,370505103,LAA
45,7,5,10,370505112,TEX
44,11,7,8,370505112,SEA
39,14,3,10,370505125,LAD
28,4,6,13,370505125,SD
43,16,6,8,370506109,BOS
34,8,0,6,370506109,MIN
30,4,0,7,370506130,TOR
31,6,4,10,370506130,TB
35,9,3,11,370506107,CLE
31,4,1,5,370506107,KC
34,8,1,6,370506101,CHW
37,12,2,7,370506101,BAL
34,8,2,9,370506122,WSH
30,8,4,4,370506122,PHI
32,3,2,13,370506123,MIL
36,11,1,8,370506123,PIT
38,12,2,8,370506115,STL
31,4,2,3,370506115,ATL
30,5,5,4,370506117,SF
40,18,3,5,370506117,CIN
35,10,0,2,370506121,MIA
32,7,7,5,370506121,NYM
39,14,6,5,370506116,NYY
35,7,5,6,370506116,CHC
33,7,1,13,370506127,ARI
37,14,2,9,370506127,COL
31,8,9,9,370506125,LAD
34,7,5,12,370506125,SD
39,9,6,14,370506111,DET
33,7,2,8,370506111,OAK
33,9,2,6,370506103,HOU
29,5,3,6,370506103,LAA
34,7,1,10,370506112,TEX
36,14,2,5,370506112,SEA
39,13,3,8,370507121,MIA
28,1,2,6,370507121,NYM
30,4,2,5,370507130,TOR
31,3,2,11,370507130,TB
35,8,3,6,370507101,CHW
34,11,3,5,370507101,BAL
50,10,5,10,370507115,STL
47,11,7,15,370507115,ATL
33,8,3,8,370507123,MIL
32,6,5,11,370507123,PIT
42,16,9,5,370507109,BOS
29,6,6,13,370507109,MIN
31,7,2,4,370507107,CLE
27,1,6,11,370507107,KC
35,7,6,8,370507122,WSH
37,11,5,8,370507122,PHI
27,3,4,7,370507127,ARI
32,9,1,5,370507127,COL
32,6,3,6,370507103,HOU
32,6,4,8,370507103,LAA
35,8,3,6,370507111,DET
37,12,3,6,370507111,OAK
30,6,2,9,370507112,TEX
28,6,6,6,370507112,SEA
30,4,1,5,370507117,SF
31,7,1,12,370507117,CIN
63,10,5,22,370507116,NYY
65,11,10,26,370507116,CHC
32,5,3,14,370508121,SF
35,11,4,7,370508121,NYM
34,8,2,11,370508101,WSH
33,10,4,4,370508101,BAL
32,8,3,5,370508114,CLE
27,6,5,10,370508114,TOR
36,13,7,5,370508117,NYY
36,11,1,6,370508117,CIN
39,10,5,6,370508128,STL
31,7,2,8,370508128,MIA
38,13,2,7,370508130,KC
35,9,3,16,370508130,TB
42,9,1,9,370508111,LAA
37,6,0,12,370508111,OAK
32,5,2,17,370508119,PIT
39,15,4,7,370508119,LAD
28,2,5,13,370508125,TEX
33,10,2,6,370508125,SD
34,8,5,5,370509227,CHC
37,15,3,8,370509227,COL
35,9,7,8,370509125,TEX
29,4,1,4,370509125,SD
42,8,4,11,370509101,WSH
46,12,4,14,370509101,BAL
45,16,5,6,370509122,SEA
34,11,7,7,370509122,PHI
33,7,6,8,370509114,CLE
29,4,0,7,370509114,TOR
31,7,6,7,370509117,NYY
32,8,4,7,370509117,CIN
28,2,4,5,370509121,SF
37,13,0,9,370509121,NYM
32,9,3,5,370509128,STL
29,6,4,4,370509128,MIA
44,12,6,9,370509130,KC
44,12,7,14,370509130,TB
37,12,6,10,370509108,BOS
34,13,3,2,370509108,MIL
39,12,1,5,370509104,MIN
30,4,5,10,370509104,CHW
33,6,4,10,370509118,ATL
33,9,2,5,370509118,HOU
36,8,5,9,370509327,CHC
33,7,3,13,370509327,COL
33,8,7,12,370509129,DET
35,8,4,10,370509129,ARI
33,8,2,9,370509111,LAA
32,7,7,10,370509111,OAK
33,4,2,10,370509119,PIT
41,13,2,8,370509119,LAD
41,16,7,6,370510122,SEA
38,11,5,4,370510122,PHI
38,11,4,8,370510121,SF
39,11,4,7,370510121,NYM
29,6,4,8,370510118,ATL
29,7,6,5,370510118,HOU
30,3,1,10,370510127,CHC
29,6,2,10,370510127,COL
31,4,3,7,370510111,LAA
28,5,5,8,370510111,OAK
37,12,3,7,370510128,STL
35,9,8,9,370510128,MIA
34,10,2,14,370510120,BAL
37,13,6,9,370510120,WSH
36,11,3,8,370510114,CLE
34,11,6,7,370510114,TOR
34,8,0,13,370510130,KC
37,16,3,7,370510130,TB
37,10,1,8,370510113,SD
28,8,6,10,370510113,TEX
34,11,5,4,370510108,BOS
36,13,1,7,370510108,MIL
29,5,1,10,370510129,DET
36,11,5,7,370510129,ARI
32,5,0,5,370510119,PIT
29,8,4,6,370510119,LAD
33,8,6,11,370511108,BOS
30,5,1,11,370511108,MIL
33,8,4,7,370511130,KC
28,4,1,7,370511130,TB
35,9,3,8,370511110,HOU
33,7,4,14,370511110,NYY
33,6,4,10,370511114,SEA
32,9,3,6,370511114,TOR
32,9,2,3,370511113,SD
32,9,1,6,370511113,TEX
32,6,6,10,370511104,MIN
33,8,4,8,370511104,CHW
40,14,3,11,370511127,LAD
37,12,6,9,370511127,COL
26,1,2,12,370511129,PIT
29,7,1,6,370511129,ARI
37,11,4,7,370511103,DET
32,4,2,9,370511103,LAA
33,7,2,4,370511126,CIN
37,11,1,6,370511126,SF
38,11,2,11,370512110,HOU
35,7,0,13,370512110,NYY
34,7,0,8,370512114,SEA
31,10,1,3,370512114,TOR
38,11,0,10,370512102,TB
33,5,4,7,370512102,BOS
31,6,1,9,370512105,MIN
29,3,5,4,370512105,CLE
34,10,7,10,370512128,ATL
37,11,0,7,370512128,MIA
32,7,2,5,370512113,OAK
29,8,4,3,370512113,TEX
36,10,4,7,370512104,SD
35,8,1,6,370512104,CHW
32,8,4,7,370512108,NYM
35,12,6,9,370512108,MIL
33,9,1,6,370512107,BAL
30,7,3,9,370512107,KC
33,6,5,8,370512124,CHC
30,4,6,11,370512124,STL
33,9,4,9,370512127,LAD
31,7,2,7,370512127,COL
33,6,2,6,370512129,PIT
39,16,3,11,370512129,ARI
30,4,2,8,370512103,DET
36,13,3,5,370512103,LAA
56,11,8,13,370512126,CIN
55,12,1,9,370512126,SF
30,3,2,16,370513102,TB
29,7,3,9,370513102,BOS
36,12,4,11,370513114,SEA
36,11,0,2,370513114,TOR
33,6,4,9,370513124,CHC
28,8,5,12,370513124,STL
35,8,4,7,370513126,CIN
29,6,2,5,370513126,SF
29,5,6,9,370513105,MIN
30,3,1,5,370513105,CLE
33,8,6,10,370513120,PHI
35,10,4,7,370513120,WSH
32,6,4,17,370513104,SD
33,10,3,9,370513104,CHW
36,10,2,6,370513108,NYM
40,16,4,8,370513108,MIL
33,7,3,6,370513128,ATL
32,5,2,6,370513128,MIA
33,6,2,15,370513107,BAL
33,12,2,5,370513107,KC
35,11,1,5,370513113,OAK
33,10,4,5,370513113,TEX
32,7,4,12,370513127,LAD
33,7,1,14,370513127,COL
35,9,3,7,370513129,PIT
34,8,3,6,370513129,ARI
32,6,4,9,370513103,DET
34,8,2,9,370513103,LAA
32,6,3,8,370514114,SEA
31,7,5,10,370514114,TOR
35,9,1,12,370514105,MIN
36,13,4,3,370514105,CLE
32,8,6,8,370514128,ATL
27,5,4,2,370514128,MIA
39,16,5,11,370514102,TB
34,6,4,10,370514102,BOS
34,10,4,5,370514220,PHI
33,9,2,1,370514220,WSH
34,9,5,7,370514210,HOU
37,11,3,11,370514210,NYY
30,5,5,7,370514104,SD
32,9,7,4,370514104,CHW
40,15,2,2,370514108,NYM
37,13,4,10,370514108,MIL
40,13,7,6,370514107,BAL
38,14,4,7,370514107,KC
29,4,4,7,370514124,CHC
35,12,1,8,370514124,STL
36,11,3,4,370514113,OAK
33,12,2,4,370514113,TEX
38,12,6,10,370514127,LAD
33,13,2,6,370514127,COL
28,4,2,9,370514103,DET
27,5,6,9,370514103,LAA
35,11,0,9,370514126,CIN
33,9,4,5,370514126,SF
38,9,6,9,370514129,PIT
42,14,6,9,370514129,ARI
36,10,2,10,370514320,PHI
31,8,4,9,370514320,WSH
36,10,2,9,370514310,HOU
36,10,6,16,370514310,NYY
36,11,7,14,370515105,TB
33,9,8,7,370515105,CLE
34,8,4,6,370515128,HOU
35,12,2,10,370515128,MIA
37,13,3,9,370515114,ATL
38,10,5,5,370515114,TOR
31,4,5,12,370515129,NYM
36,13,3,8,370515129,ARI
31,5,2,7,370515103,CHW
30,6,4,5,370515103,LAA
32,5,8,9,370515112,OAK
28,4,7,12,370515112,SEA
37,9,3,15,370515125,MIL
37,11,6,12,370515125,SD
33,8,4,9,370515126,LAD
33,10,2,8,370515126,SF
40,15,1,7,370516114,ATL
32,7,5,6,370516114,TOR
36,10,3,16,370516105,TB
34,8,1,8,370516105,CLE
39,14,2,8,370516123,WSH
35,8,3,7,370516123,PIT
59,20,4,11,370516106,BAL
55,18,9,9,370516106,DET
42,14,5,9,370516128,HOU
32,4,2,9,370516128,MIA
31,4,2,11,370516113,PHI
32,8,3,9,370516113,TEX
37,10,3,5,370516116,CIN
36,13,4,4,370516116,CHC
36,10,1,7,370516109,COL
31,6,4,6,370516109,MIN
40,13,3,3,370516107,NYY
34,8,3,6,370516107,KC
31,6,3,4,370516124,BOS
30,6,3,7,370516124,STL
32,5,3,12,370516129,NYM
30,7,4,8,370516129,ARI
42,11,2,6,370516103,CHW
42,13,6,7,370516103,LAA
37,11,6,9,370516112,OAK
33,9,2,8,370516112,SEA
38,12,1,9,370516125,MIL
33,8,1,8,370516125,SD
32,7,2,5,370516126,LAD
31,11,0,9,370516126,SF
38,12,1,10,370517105,TB
34,7,2,7,370517105,CLE
36,8,2,7,370517128,HOU
30,3,4,5,370517128,MIA
42,11,4,10,370517129,NYM
38,8,5,9,370517129,ARI
35,9,2,9,370517126,LAD
30,4,0,7,370517126,SF
29,3,3,3,370517123,WSH
29,8,6,2,370517123,PIT
37,11,1,6,370517106,BAL
32,10,3,6,370517106,DET
32,7,2,6,370517115,TOR
30,6,5,6,370517115,ATL
48,11,3,11,370517124,BOS
47,12,5,12,370517124,STL
32,9,1,4,370517113,PHI
34,17,4,1,370517113,TEX
35,9,3,7,370517116,CIN
29,6,6,9,370517116,CHC
40,16,5,8,370517107,NYY
36,11,2,7,370517107,KC
40,15,2,14,370517103,CHW
35,13,6,4,370517103,LAA
29,2,2,12,370517112,OAK
29,6,3,8,370517112,SEA
34,7,2,9,370517125,MIL
33,6,2,7,370517125,SD
33,6,4,11,370518123,WSH
35,13,5,4,370518123,PIT
35,8,1,8,370518106,BAL
28,8,7,3,370518106,DET
30,6,4,8,370518209,COL
33,8,3,6,370518209,MIN
34,8,0,10,370518113,PHI
32,9,7,9,370518113,TEX
39,12,1,9,370518116,CIN
31,9,9,7,370518116,CHC
32,9,4,5,370518125,MIL
30,5,4,9,370518125,SD
28,3,2,11,370518309,COL
31,8,6,7,370518309,MIN
38,12,4,7,370518115,TOR
34,7,1,11,370518115,ATL
34,7,2,14,370518107,NYY
28,5,3,10,370518107,KC
31,6,3,10,370518111,BOS
34,13,3,10,370518111,OAK
36,9,1,5,370518112,CHW
33,8,5,4,370518112,SEA
32,7,3,13,370518119,MIA
28,11,9,5,370518119,LAD
35,9,10,9,370519116,MIL
33,6,1,10,370519116,CHC
35,7,5,10,370519101,TOR
38,9,3,10,370519101,BAL
35,9,2,1,370519123,PHI
31,3,1,3,370519123,PIT
31,8,3,11,370519106,TEX
34,7,4,12,370519106,DET
40,16,7,8,370519117,COL
36,10,2,11,370519117,CIN
32,6,3,12,370519121,LAA
30,6,3,7,370519121,NYM
32,8,2,7,370519130,NYY
34,11,5,13,370519130,TB
34,9,3,6,370519115,WSH
34,12,7,9,370519115,ATL
40,11,1,4,370519109,KC
36,10,5,6,370519109,MIN
34,9,4,10,370519118,CLE
32,5,2,11,370519118,HOU
37,13,6,7,370519124,SF
32,8,4,8,370519124,STL
38,10,4,9,370519111,BOS
34,8,0,13,370519111,OAK
35,7,2,11,370519112,CHW
31,1,1,9,370519112,SEA
32,9,2,6,370519119,MIA
31,8,4,8,370519119,LAD
42,16,7,11,370519125,ARI
30,4,4,6,370519125,SD
35,7,0,9,370520111,BOS
35,11,5,10,370520111,OAK
35,9,0,3,370520123,PHI
34,10,5,10,370520123,PIT
34,7,1,8,370520115,WSH
32,9,4,9,370520115,ATL
37,11,5,7,370520117,COL
33,12,8,7,370520117,CIN
34,8,1,5,370520118,CLE
28,3,2,10,370520118,HOU
34,7,1,10,370520130,NYY
36,12,6,9,370520130,TB
32,4,2,7,370520106,TEX
34,10,3,5,370520106,DET
32,8,8,8,370520121,LAA
30,7,6,11,370520121,NYM
43,7,1,8,370520124,SF
46,10,0,13,370520124,STL
36,11,2,9,370520101,TOR
33,11,7,5,370520101,BAL
43,19,2,4,370520112,CHW
28,5,3,3,370520112,SEA
39,14,4,9,370520119,MIA
34,7,4,10,370520119,LAD
40,14,4,7,370520125,ARI
31,4,5,8,370520125,SD
37,11,3,7,370521117,COL
34,9,3,9,370521117,CIN
36,12,9,9,370521121,LAA
33,7,2,8,370521121,NYM
35,7,3,17,370521130,NYY
30,4,2,11,370521130,TB
32,6,2,5,370521101,TOR
33,7,1,13,370521101,BAL
34,7,0,9,370521115,WSH
32,6,1,12,370521115,ATL
31,3,2,9,370521123,PHI
27,5,4,5,370521123,PIT
36,10,5,12,370521118,CLE
32,6,4,9,370521118,HOU
36,11,6,7,370521209,KC
35,9,6,11,370521209,MIN
34,7,3,11,370521124,SF
32,12,3,1,370521124,STL
40,13,2,7,370521116,MIL
35,14,4,5,370521116,CHC
39,15,6,7,370521111,BOS
33,6,1,9,370521111,OAK
36,10,6,7,370521112,CHW
29,6,3,6,370521112,SEA
33,7,2,7,370521119,MIA
34,12,2,7,370521119,LAD
32,5,0,6,370521125,ARI
30,9,2,2,370521125,SD
32,7,2,5,370521309,KC
34,11,6,6,370521309,MIN
40,15,3,5,370521106,TEX
34,7,4,12,370521106,DET
47,21,3,8,370522101,MIN
37,11,5,10,370522101,BAL
34,7,1,7,370522110,KC
29,6,3,8,370522110,NYY
37,13,0,7,370522122,COL
30,3,0,11,370522122,PHI
33,7,2,12,370522117,CLE
33,10,0,6,370522117,CIN
29,5,8,10,370522130,LAA
32,7,3,10,370522130,TB
33,8,3,8,370522115,PIT
35,13,3,3,370522115,ATL
35,9,3,9,370522116,SF
35,11,0,4,370522116,CHC
26,1,2,14,370522118,DET
32,9,2,7,370522118,HOU
30,4,1,12,370522129,CHW
30,7,3,4,370522129,ARI
29,4,0,10,370523116,SF
28,5,1,10,370523116,CHC
32,6,3,9,370523101,MIN
29,2,2,6,370523101,BAL
33,6,1,8,370523110,KC
33,8,4,8,370523110,NYY
30,5,0,6,370523120,SEA
36,15,2,4,370523120,WSH
33,10,2,8,370523122,COL
34,8,3,8,370523122,PHI
36,13,0,5,370523102,TEX
34,12,8,7,370523102,BOS
36,7,4,6,370523117,CLE
36,11,5,10,370523117,CIN
33,7,4,13,370523121,SD
36,14,0,6,370523121,NYM
32,9,4,6,370523130,LAA
29,3,3,10,370523130,TB
40,15,4,5,370523115,PIT
38,15,3,6,370523115,ATL
34,9,2,5,370523108,TOR
31,5,5,11,370523108,MIL
30,4,4,8,370523118,DET
32,8,3,4,370523118,HOU
36,10,3,7,370523129,CHW
31,9,0,6,370523129,ARI
42,4,0,14,370523119,STL
41,3,5,19,370523119,LAD
45,19,2,8,370523111,MIA
35,8,6,8,370523111,OAK
37,10,3,9,370524101,MIN
32,6,3,10,370524101,BAL
36,10,1,7,370524108,TOR
30,5,4,9,370524108,MIL
32,4,2,13,370524111,MIA
33,11,2,5,370524111,OAK
36,11,3,10,370524129,CHW
31,10,1,11,370524129,ARI
34,7,3,8,370524105,CIN
33,10,5,6,370524105,CLE
30,4,1,10,370524110,KC
30,7,2,8,370524110,NYY
35,9,0,9,370524120,SEA
29,7,4,2,370524120,WSH
35,12,4,5,370524122,COL
28,3,5,12,370524122,PHI
33,7,1,8,370524102,TEX
33,12,5,5,370524102,BOS
36,11,3,5,370524121,SD
35,8,9,7,370524121,NYM
31,4,2,6,370524130,LAA
29,7,4,11,370524130,TB
43,14,7,10,370524115,PIT
41,12,2,13,370524115,ATL
35,8,3,7,370524116,SF
28,8,5,6,370524116,CHC
33,8,4,9,370524118,DET
31,6,2,6,370524118,HOU
33,8,9,8,370524119,STL
29,4,0,6,370524119,LAD
33,9,6,13,370525120,SEA
33,6,3,7,370525120,WSH
38,13,4,6,370525115,PIT
37,11,1,2,370525115,ATL
40,10,2,10,370525122,COL
38,8,4,12,370525122,PHI
31,6,3,5,370525130,LAA
32,9,3,6,370525130,TB
30,5,3,1,370525116,SF
32,9,1,10,370525116,CHC
32,4,1,20,370525102,TEX
32,10,5,7,370525102,BOS
35,9,6,11,370525121,SD
33,8,6,11,370525121,NYM
34,9,2,8,370525108,ARI
29,3,0,10,370525108,MIL
38,14,5,6,370525118,DET
34,11,4,5,370525118,HOU
33,9,3,6,370525119,STL
33,11,2,10,370525119,LAD
36,9,1,13,370526110,OAK
29,5,3,10,370526110,NYY
29,3,2,14,370526120,SD
33,9,3,9,370526120,WSH
34,7,2,8,370526122,CIN
29,3,3,5,370526122,PHI
39,12,4,7,370526123,NYM
33,6,1,11,370526123,PIT
36,10,5,8,370526114,TEX
32,9,5,9,370526114,TOR
31,6,3,6,370526102,SEA
31,8,7,8,370526102,BOS
37,11,1,8,370526105,KC
33,6,3,9,370526105,CLE
37,9,2,7,370526128,LAA
36,14,3,5,370526128,MIA
38,7,4,7,370526108,ARI
35,8,5,9,370526108,MIL
34,7,2,8,370526109,TB
33,6,1,13,370526109,MIN
33,7,0,8,370526118,BAL
34,10,0,3,370526118,HOU
35,6,2,13,370526304,DET
36,14,4,5,370526304,CHW
28,5,0,3,370526127,STL
36,14,2,10,370526127,COL
27,2,3,10,370526119,CHC
27,5,3,12,370526119,LAD
33,7,3,4,370526126,ATL
31,4,3,7,370526126,SF
33,7,4,14,370527110,OAK
24,2,5,8,370527110,NYY
32,6,1,12,370527114,TEX
32,7,4,7,370527114,TOR
33,8,3,9,370527109,TB
32,10,6,5,370527109,MIN
30,4,9,15,370527204,DET
31,9,1,4,370527204,CHW
32,5,0,8,370527102,SEA
31,9,2,3,370527102,BOS
32,3,1,17,370527120,SD
33,10,2,8,370527120,WSH
35,9,3,8,370527122,CIN
29,7,1,5,370527122,PHI
34,10,6,10,370527105,KC
35,10,4,7,370527105,CLE
28,3,4,12,370527108,ARI
30,7,2,9,370527108,MIL
35,8,4,7,370527128,LAA
32,8,2,6,370527128,MIA
36,11,6,14,370527304,DET
34,8,2,14,370527304,CHW
32,7,2,13,370527118,BAL
33,11,3,5,370527118,HOU
30,3,1,8,370527119,CHC
31,6,6,11,370527119,LAD
43,12,1,10,370527123,NYM
40,13,4,6,370527123,PIT
34,9,5,7,370527127,STL
32,4,3,10,370527127,COL
32,8,4,6,370527126,ATL
31,9,4,6,370527126,SF
30,4,5,7,370528110,OAK
32,10,4,6,370528110,NYY
37,10,2,9,370528114,TEX
30,7,2,3,370528114,TOR
32,6,0,3,370528105,KC
38,18,4,5,370528105,CLE
30,4,7,10,370528128,LAA
34,12,5,6,370528128,MIA
40,16,1,7,370528102,SEA
29,5,2,4,370528102,BOS
40,14,2,7,370528120,SD
34,8,4,11,370528120,WSH
37,12,1,7,370528122,CIN
33,10,2,6,370528122,PHI
33,5,0,7,370528104,DET
34,10,2,8,370528104,CHW
36,11,2,11,370528108,ARI
39,15,3,8,370528108,MIL
62,18,9,17,370528109,TB
53,13,11,16,370528109,MIN
35,7,2,13,370528118,BAL
34,11,1,6,370528118,HOU
36,10,2,9,370528127,STL
33,10,1,5,370528127,COL
33,7,3,10,370528126,ATL
28,6,5,3,370528126,SF
37,11,3,12,370528119,CHC
34,11,5,10,370528119,LAD
41,14,0,7,370528123,NYM
35,9,4,8,370528123,PIT
30,7,1,6,370529101,NYY
33,8,2,11,370529101,BAL
30,4,4,10,370529104,BOS
28,5,3,10,370529104,CHW
44,18,5,6,370529109,HOU
37,11,3,12,370529109,MIN
32,9,2,8,370529124,LAD
30,5,2,6,370529124,STL
36,10,6,8,370529127,SEA
32,7,3,6,370529127,COL
35,8,1,6,370529126,WSH
33,8,2,9,370529126,SF
33,7,1,6,370529123,ARI
30,9,2,9,370529123,PIT
33,7,1,12,370529105,OAK
33,9,2,7,370529105,CLE
31,5,2,9,370529121,MIL
29,7,3,5,370529121,NYM
28,3,10,6,370529125,CHC
31,8,1,8,370529125,SD
37,12,6,6,370529107,DET
34,9,5,5,370529107,KC
32,6,1,7,370529114,CIN
46,23,7,1,370529114,TOR
30,4,3,10,370529128,PHI
28,7,3,2,370529128,MIA
39,13,2,12,370529113,TB
37,13,5,8,370529113,TEX
34,8,2,11,370529103,ATL
33,7,2,7,370529103,LAA
36,10,1,19,370530105,OAK
32,11,4,4,370530105,CLE
36,11,8,11,370530124,LAD
33,8,3,8,370530124,STL
40,14,3,6,370530101,NYY
37,9,3,11,370530101,BAL
32,7,1,5,370530123,ARI
30,4,0,10,370530123,PIT
34,8,6,11,370530114,CIN
29,7,3,8,370530114,TOR
44,10,8,13,370530121,MIL
45,13,3,8,370530121,NYM
42,19,4,6,370530127,SEA
32,7,5,2,370530127,COL
29,3,3,8,370530128,PHI
35,10,5,11,370530128,MIA
34,10,2,5,370530113,TB
34,11,4,10,370530113,TEX
42,16,4,11,370530104,BOS
40,14,3,14,370530104,CHW
33,10,6,8,370530109,HOU
34,7,3,8,370530109,MIN
29,3,1,10,370530107,DET
30,7,1,6,370530107,KC
39,14,3,11,370530126,WSH
36,9,4,10,370530126,SF
31,7,1,6,370530103,ATL
38,10,3,7,370530103,LAA
33,6,3,13,370530125,CHC
33,8,3,13,370530125,SD
54,14,6,14,370531123,ARI
49,10,5,13,370531123,PIT
34,7,4,15,370531114,CIN
28,7,3,6,370531114,TOR
44,19,7,3,370531109,HOU
38,12,3,14,370531109,MIN
36,10,2,15,370531128,PHI
36,14,4,10,370531128,MIA
29,2,2,5,370531125,CHC
29,6,3,9,370531125,SD
32,6,2,11,370531105,OAK
30,3,1,10,370531105,CLE
37,11,5,9,370531101,NYY
37,14,2,6,370531101,BAL
37,10,8,12,370531121,MIL
33,7,4,7,370531121,NYM
41,10,5,5,370531113,TB
37,9,3,10,370531113,TEX
33,7,3,9,370531104,BOS
35,7,0,11,370531104,CHW
36,10,4,6,370531107,DET
37,11,1,5,370531107,KC
30,5,3,11,370531124,LAD
28,5,1,5,370531124,STL
32,6,1,5,370531103,ATL
28,6,3,4,370531103,LAA
30,4,0,6,370531112,COL
32,10,2,9,370531112,SEA
36,10,3,6,370531126,WSH
31,5,0,11,370531126,SF
29,3,1,17,370601105,OAK
32,9,5,6,370601105,CLE
35,11,3,12,370601121,MIL
30,4,2,9,370601121,NYM
30,5,4,9,370601124,LAD
32,9,2,10,370601124,STL
32,9,6,11,370601112,COL
33,9,4,6,370601112,SEA
35,9,1,6,370601101,BOS
34,10,0,7,370601101,BAL
43,15,3,11,370601114,NYY
32,7,0,9,370601114,TOR
32,6,3,12,370601128,ARI
31,5,3,12,370601128,MIA
35,8,5,7,370601103,MIN
34,9,2,8,370601103,LAA
28,4,5,9,370602116,STL
27,5,5,8,370602116,CHC
30,4,1,8,370602101,BOS
32,9,1,7,370602101,BAL
42,15,10,11,370602122,SF
32,7,0,4,370602122,PHI
35,8,4,10,370602114,NYY
34,12,3,5,370602114,TOR
34,8,1,5,370602106,CHW
39,18,4,7,370602106,DET
38,12,1,5,370602117,ATL
32,6,3,12,370602117,CIN
38,13,5,9,370602121,PIT
35,9,4,9,370602121,NYM
35,9,1,4,370602128,ARI
35,11,2,7,370602128,MIA
37,9,2,12,370602113,HOU
31,4,3,10,370602113,TEX
42,8,3,16,370602108,LAD
42,5,2,26,370602108,MIL
30,7,1,3,370602107,CLE
33,9,0,5,370602107,KC
47,20,3,6,370602111,WSH
32,7,4,8,370602111,OAK
42,15,1,8,370602103,MIN
34,9,2,8,370602103,LAA
36,9,3,11,370602112,TB
35,11,5,6,370602112,SEA
38,13,1,10,370602125,COL
36,14,1,14,370602125,SD
36,8,1,8,370603114,NYY
30,3,5,9,370603114,TOR
36,9,0,9,370603107,CLE
39,13,3,6,370603107,KC
29,6,4,8,370603116,STL
28,6,1,5,370603116,CHC
35,8,5,8,370603111,WSH
36,12,5,7,370603111,OAK
31,8,3,3,370603122,SF
33,11,1,10,370603122,PHI
33,9,2,9,370603106,CHW
38,15,1,1,370603106,DET
38,10,7,5,370603108,LAD
35,8,7,14,370603108,MIL
45,12,4,4,370603117,ATL
44,8,10,11,370603117,CIN
39,13,5,10,370603125,COL
30,4,1,8,370603125,SD
25,0,2,10,370603128,ARI
32,9,4,8,370603128,MIA
34,9,3,6,370603101,BOS
33,7,2,10,370603101,BAL
39,12,3,4,370603113,HOU
37,9,4,18,370603113,TEX
38,10,3,9,370603121,PIT
29,7,4,7,370603121,NYM
32,6,5,10,370603103,MIN
34,12,4,2,370603103,LAA
32,6,1,10,370603112,TB
36,16,2,7,370603112,SEA
31,6,1,9,370604114,NYY
29,7,1,8,370604114,TOR
37,13,4,9,370604106,CHW
34,11,5,4,370604106,DET
39,14,4,4,370604117,ATL
37,12,3,9,370604117,CIN
38,15,2,6,370604121,PIT
30,7,3,3,370604121,NYM
35,8,5,12,370604128,ARI
34,12,4,5,370604128,MIA
35,9,5,7,370604101,BOS
35,9,1,11,370604101,BAL
32,7,5,7,370604122,SF
33,10,3,6,370604122,PHI
30,3,3,11,370604108,LAD
29,5,5,10,370604108,MIL
32,9,8,4,370604107,CLE
32,7,2,7,370604107,KC
35,9,5,6,370604113,HOU
33,6,2,13,370604113,TEX
34,8,0,14,370604103,MIN
30,7,3,4,370604103,LAA
36,11,5,7,370604111,WSH
37,10,2,4,370604111,OAK
31,4,1,9,370604112,TB
34,11,2,8,370604112,SEA
35,9,5,12,370604125,COL
29,3,0,10,370604125,SD
32,6,5,10,370604116,STL
31,9,6,9,370604116,CHC
31,8,3,10,370605117,STL
28,6,2,9,370605117,CIN
38,13,4,7,370605115,PHI
33,8,4,8,370605115,ATL
36,11,7,5,370605108,SF
31,6,0,12,370605108,MIL
30,6,1,7,370605116,MIA
29,6,0,5,370605116,CHC
35,10,3,7,370605107,HOU
37,10,1,11,370605107,KC
36,7,1,5,370605119,WSH
33,6,3,11,370605119,LAD
34,7,4,12,370605111,TOR
29,5,3,5,370605111,OAK
37,9,4,11,370606101,PIT
39,10,1,8,370606101,BAL
33,6,2,8,370606110,BOS
35,9,4,13,370606110,NYY
30,6,5,7,370606106,LAA
34,10,3,5,370606106,DET
30,5,3,7,370606117,STL
35,11,6,6,370606117,CIN
33,8,2,15,370606130,CHW
32,6,7,9,370606130,TB
34,9,0,6,370606115,PHI
32,7,1,7,370606115,ATL
34,9,1,5,370606108,SF
33,11,2,5,370606108,MIL
42,17,6,5,370606113,NYM
38,16,3,8,370606113,TEX
30,3,4,9,370606116,MIA
35,11,6,7,370606116,CHC
40,13,3,6,370606107,HOU
39,14,2,9,370606107,KC
32,7,1,6,370606127,CLE
33,12,5,9,370606127,COL
32,5,3,13,370606129,SD
32,7,6,13,370606129,ARI
32,8,3,8,370606111,TOR
28,7,2,10,370606111,OAK
37,11,4,7,370606112,MIN
35,12,5,10,370606112,SEA
28,4,3,6,370606119,WSH
33,4,2,17,370606119,LAD
32,5,3,11,370607119,WSH
29,3,1,11,370607119,LAD
33,7,1,6,370607127,CLE
34,11,9,7,370607127,COL
36,6,5,9,370607111,TOR
37,8,1,13,370607111,OAK
45,14,4,9,370607101,PIT
36,10,7,9,370607101,BAL
31,5,0,5,370607110,BOS
36,12,3,7,370607110,NYY
28,3,2,5,370607106,LAA
31,7,4,11,370607106,DET
35,11,2,7,370607117,STL
32,10,2,6,370607117,CIN
30,4,2,8,370607130,CHW
31,6,3,9,370607130,TB
32,7,2,6,370607115,PHI
36,12,6,6,370607115,ATL
31,4,4,11,370607113,NYM
33,8,3,8,370607113,TEX
34,9,1,11,370607116,MIA
35,8,5,9,370607116,CHC
32,7,2,10,370607108,SF
33,10,1,7,370607108,MIL
38,11,3,11,370607107,HOU
35,11,2,10,370607107,KC
38,11,2,12,370607129,SD
28,7,8,8,370607129,ARI
32,7,2,7,370607112,MIN
30,5,3,7,370607112,SEA
32,6,0,6,370608117,STL
35,12,2,7,370608117,CIN
39,15,3,1,370608106,LAA
40,15,2,11,370608106,DET
44,16,5,8,370608108,SF
40,11,7,9,370608108,MIL
36,9,3,12,370608129,SD
37,15,5,9,370608129,ARI
31,4,4,12,370608110,BOS
37,13,5,6,370608110,NYY
31,4,0,15,370608120,BAL
35,11,4,11,370608120,WSH
40,14,1,7,370608123,MIA
30,4,3,9,370608123,PIT
38,12,1,10,370608130,CHW
32,10,4,5,370608130,TB
31,4,1,9,370608115,PHI
32,11,2,3,370608115,ATL
33,6,2,9,370608116,COL
30,5,3,5,370608116,CHC
35,9,2,8,370608107,HOU
29,3,2,10,370608107,KC
34,7,3,9,370608112,MIN
31,7,3,7,370608112,SEA
33,10,3,14,370609116,COL
29,3,9,12,370609116,CHC
40,13,3,9,370609120,TEX
35,9,2,6,370609120,WSH
42,18,1,4,370609123,MIA
39,13,6,5,370609123,PIT
37,11,2,10,370609102,DET
33,11,3,5,370609102,BOS
33,9,2,12,370609105,CHW
33,10,4,5,370609105,CLE
33,6,4,10,370609130,OAK
39,15,2,6,370609130,TB
31,5,2,9,370609110,BAL
33,11,4,6,370609110,NYY
31,5,4,7,370609115,NYM
33,9,3,5,370609115,ATL
36,13,6,4,370609118,LAA
33,8,1,4,370609118,HOU
33,7,2,8,370609124,PHI
32,11,1,6,370609124,STL
37,14,5,10,370609129,MIL
35,8,4,8,370609129,ARI
34,10,3,11,370609112,TOR
30,7,3,6,370609112,SEA
32,5,3,11,370609119,CIN
32,9,5,6,370609119,LAD
31,7,2,8,370609125,KC
32,14,5,13,370609125,SD
33,8,4,5,370609126,MIN
30,4,1,5,370609126,SF
40,9,3,17,370610120,TEX
40,10,2,14,370610120,WSH
33,7,5,9,370610215,NYM
36,6,2,7,370610215,ATL
45,16,2,8,370610230,OAK
37,11,2,15,370610230,TB
31,4,1,11,370610124,PHI
26,6,6,6,370610124,STL
39,14,3,8,370610116,COL
32,5,1,11,370610116,CHC
37,11,1,12,370610123,MIA
38,16,2,6,370610123,PIT
33,5,2,9,370610126,MIN
32,6,3,10,370610126,SF
29,2,3,12,370610118,LAA
30,10,1,2,370610118,HOU
38,14,3,9,370610125,KC
36,10,4,9,370610125,SD
37,12,5,11,370610315,NYM
31,5,2,3,370610315,ATL
42,16,1,13,370610330,OAK
31,6,2,8,370610330,TB
36,9,0,9,370610102,DET
34,13,9,8,370610102,BOS
35,14,2,2,370610105,CHW
32,5,2,9,370610105,CLE
30,4,3,8,370610110,BAL
40,18,5,7,370610110,NYY
29,4,6,4,370610112,TOR
35,8,0,9,370610112,SEA
35,8,0,11,370610119,CIN
34,10,1,4,370610119,LAD
27,2,2,6,370610129,MIL
29,6,6,6,370610129,ARI
34,9,3,7,370611110,BAL
37,15,9,4,370611110,NYY
32,8,2,10,370611105,CHW
31,7,3,6,370611105,CLE
36,10,4,10,370611130,OAK
32,11,2,8,370611130,TB
31,8,3,9,370611115,NYM
31,6,2,9,370611115,ATL
32,4,0,6,370611123,MIA
34,11,2,5,370611123,PIT
37,12,5,13,370611118,LAA
37,10,5,8,370611118,HOU
36,12,3,10,370611124,PHI
32,10,3,10,370611124,STL
35,8,3,7,370611116,COL
35,12,2,9,370611116,CHC
31,4,3,11,370611120,TEX
29,3,1,5,370611120,WSH
38,11,7,7,370611126,MIN
39,17,4,6,370611126,SF
34,8,4,10,370611112,TOR
36,9,2,12,370611112,SEA
38,12,2,7,370611119,CIN
34,10,5,6,370611119,LAD
30,4,5,13,370611129,MIL
36,13,4,12,370611129,ARI
35,7,1,9,370611125,KC
33,6,2,9,370611125,SD
40,14,3,6,370611102,DET
36,12,6,11,370611102,BOS
39,11,4,12,370612120,ATL
42,17,4,6,370612120,WSH
35,11,4,10,370612123,COL
34,11,5,4,370612123,PIT
47,14,2,11,370612102,PHI
43,16,3,8,370612102,BOS
29,5,4,6,370612121,CHC
33,11,3,2,370612121,NYM
35,13,6,9,370612104,BAL
37,14,2,7,370612104,CHW
45,19,4,8,370612109,SEA
34,7,1,7,370612109,MIN
34,9,3,9,370612118,TEX
29,2,4,5,370612118,HOU
38,11,8,9,370612103,NYY
32,5,3,12,370612103,LAA
34,8,2,8,370612125,CIN
36,14,1,7,370612125,SD
32,6,4,10,370613224,MIL
31,8,4,5,370613224,STL
36,13,4,6,370613120,ATL
37,14,1,7,370613120,WSH
30,4,4,6,370613123,COL
31,9,2,8,370613123,PIT
39,16,2,9,370613114,TB
35,8,2,10,370613114,TOR
46,12,6,11,370613102,PHI
44,14,4,5,370613102,BOS
38,12,6,10,370613105,LAD
35,8,2,7,370613105,CLE
39,16,3,7,370613106,ARI
36,9,3,6,370613106,DET
40,15,9,13,370613121,CHC
34,7,1,12,370613121,NYM
30,3,1,9,370613128,OAK
34,11,4,6,370613128,MIA
32,9,2,7,370613104,BAL
31,8,4,1,370613104,CHW
41,14,0,6,370613109,SEA
49,28,2,4,370613109,MIN
33,6,5,16,370613118,TEX
32,7,2,4,370613118,HOU
37,11,3,6,370613324,MIL
35,12,2,8,370613324,STL
41,7,5,12,370613103,NYY
41,10,4,11,370613103,LAA
35,9,2,6,370613125,CIN
34,12,2,9,370613125,SD
40,15,4,6,370613126,KC
31,5,2,6,370613126,SF
36,10,6,7,370614128,OAK
36,13,3,7,370614128,MIA
29,6,1,5,370614125,CIN
31,8,5,11,370614125,SD
42,16,3,6,370614126,KC
37,10,2,5,370614126,SF
41,16,5,11,370614120,ATL
32,7,1,4,370614120,WSH
35,13,3,3,370614122,BOS
33,6,4,6,370614122,PHI
32,8,2,8,370614123,COL
31,6,3,5,370614123,PIT
34,8,3,11,370614114,TB
33,10,4,7,370614114,TOR
35,9,4,11,370614105,LAD
33,8,3,2,370614105,CLE
29,6,1,7,370614106,ARI
34,7,1,11,370614106,DET
36,9,1,11,370614121,CHC
36,13,4,8,370614121,NYM
40,13,2,7,370614104,BAL
35,10,3,6,370614104,CHW
40,12,1,9,370614109,SEA
34,8,3,9,370614109,MIN
33,7,2,14,370614118,TEX
40,19,4,7,370614118,HOU
38,12,2,8,370614124,MIL
33,7,4,7,370614124,STL
36,14,1,5,370614103,NYY
35,12,2,4,370614103,LAA
35,9,4,11,370615105,LAD
38,15,3,9,370615105,CLE
32,6,1,6,370615109,SEA
33,11,3,4,370615109,MIN
35,9,2,9,370615104,BAL
35,12,5,8,370615104,CHW
31,5,3,12,370615122,BOS
28,4,1,10,370615122,PHI
34,9,5,8,370615106,TB
36,11,2,4,370615106,DET
39,12,2,7,370615121,WSH
33,6,0,7,370615121,NYM
36,11,3,8,370615124,MIL
34,9,3,3,370615124,STL
41,17,6,4,370615127,SF
39,15,4,13,370615127,COL
44,16,5,14,370615111,NYY
42,14,5,11,370615111,OAK
42,15,3,6,370615103,KC
32,6,1,4,370615103,LAA
39,12,4,7,370616121,WSH
29,5,2,10,370616121,NYM
38,15,4,10,370616101,STL
29,5,3,11,370616101,BAL
37,12,3,8,370616122,ARI
32,5,2,9,370616122,PHI
37,11,4,8,370616123,CHC
35,8,4,5,370616123,PIT
39,14,3,10,370616114,CHW
31,8,3,6,370616114,TOR
32,9,2,9,370616106,TB
37,13,3,6,370616106,DET
32,7,7,7,370616117,LAD
30,5,0,8,370616117,CIN
36,10,4,5,370616115,MIA
30,4,0,11,370616115,ATL
33,7,3,8,370616113,SEA
36,12,4,6,370616113,TEX
34,4,5,8,370616108,SD
35,10,2,10,370616108,MIL
34,10,5,8,370616109,CLE
30,4,3,8,370616109,MIN
33,7,2,6,370616118,BOS
29,6,5,6,370616118,HOU
36,11,2,9,370616127,SF
36,15,1,8,370616127,COL
36,10,4,12,370616111,NYY
28,7,7,7,370616111,OAK
36,10,0,5,370616103,KC
30,3,1,6,370616103,LAA
33,8,2,6,370617114,CHW
31,6,1,9,370617114,TOR
39,14,7,5,370617209,CLE
34,8,1,9,370617209,MIN
35,10,3,8,370617127,SF
36,14,3,5,370617127,COL
38,10,5,11,370617101,STL
39,15,3,9,370617101,BAL
32,5,3,12,370617111,NYY
36,12,4,16,370617111,OAK
35,9,4,8,370617122,ARI
35,9,5,10,370617122,PHI
32,8,4,6,370617106,TB
35,8,2,11,370617106,DET
42,9,3,11,370617108,SD
40,7,0,19,370617108,MIL
39,10,4,13,370617115,MIA
43,16,2,9,370617115,ATL
39,12,5,9,370617117,LAD
37,11,2,11,370617117,CIN
37,11,3,7,370617121,WSH
33,12,2,7,370617121,NYM
36,9,2,12,370617113,SEA
35,10,1,6,370617113,TEX
37,11,6,6,370617309,CLE
31,5,3,6,370617309,MIN
30,2,1,12,370617103,KC
35,13,0,9,370617103,LAA
29,3,1,6,370617118,BOS
32,11,1,5,370617118,HOU
31,7,3,7,370617123,CHC
30,6,3,9,370617123,PIT
34,8,1,13,370618114,CHW
36,13,3,3,370618114,TOR
37,10,2,8,370618106,TB
32,6,2,12,370618106,DET
37,10,5,8,370618117,LAD
36,9,5,9,370618117,CIN
31,4,2,7,370618121,WSH
34,11,3,6,370618121,NYM
31,6,5,4,370618101,STL
33,11,2,8,370618101,BAL
33,9,4,5,370618115,MIA
31,9,3,7,370618115,ATL
40,13,3,7,370618122,ARI
38,11,6,15,370618122,PHI
37,13,1,9,370618123,CHC
29,3,3,5,370618123,PIT
31,6,2,10,370618108,SD
30,9,2,6,370618108,MIL
36,11,4,8,370618109,CLE
29,4,4,9,370618109,MIN
36,11,3,10,370618113,SEA
30,4,5,5,370618113,TEX
33,9,5,8,370618127,SF
36,13,2,8,370618127,COL
35,10,5,14,370618103,KC
35,12,3,6,370618103,LAA
32,6,1,8,370618111,NYY
30,7,2,7,370618111,OAK
33,8,2,10,370618118,BOS
38,14,6,8,370618118,HOU
44,17,6,5,370619101,CLE
30,3,0,11,370619101,BAL
40,13,2,8,370619128,WSH
34,12,5,4,370619128,MIA
35,9,6,6,370619130,CIN
33,7,1,10,370619130,TB
30,4,1,8,370619115,SF
35,11,3,4,370619115,ATL
37,11,3,6,370619108,PIT
31,5,2,7,370619108,MIL
37,10,6,11,370619113,TOR
34,7,7,10,370619113,TEX
33,7,4,9,370619116,SD
25,7,4,5,370619116,CHC
37,10,1,5,370619107,BOS
34,10,2,4,370619107,KC
31,5,6,5,370619112,DET
32,10,3,8,370619112,SEA
35,9,2,7,370619111,HOU
30,4,3,13,370619111,OAK
34,8,4,13,370619119,NYM
41,17,3,12,370619119,LAD
35,11,7,2,370620101,CLE
34,11,1,9,370620101,BAL
40,14,1,10,370620110,LAA
30,4,5,9,370620110,NYY
43,12,4,9,370620122,STL
38,7,2,10,370620122,PHI
38,11,6,8,370620128,WSH
33,6,2,11,370620128,MIA
40,13,2,10,370620130,CIN
31,8,5,9,370620130,TB
33,9,0,2,370620115,SF
33,9,1,7,370620115,ATL
37,11,2,7,370620108,PIT
34,9,4,9,370620108,MIL
32,6,5,5,370620113,TOR
29,8,2,7,370620113,TEX
31,5,4,9,370620116,SD
29,9,4,7,370620116,CHC
43,16,4,8,370620109,CHW
36,11,6,10,370620109,MIN
38,13,3,7,370620107,BOS
29,4,1,10,370620107,KC
30,6,3,6,370620127,ARI
33,10,0,8,370620127,COL
28,4,2,8,370620119,NYM
38,13,7,7,370620119,LAD
37,11,6,8,370620111,HOU
34,9,3,9,370620111,OAK
36,7,3,8,370620112,DET
34,9,6,9,370620112,SEA
29,5,2,9,370621128,WSH
26,2,1,11,370621128,MIA
32,5,6,12,370621130,CIN
35,14,4,8,370621130,TB
31,5,3,9,370621107,BOS
29,8,5,5,370621107,KC
34,8,5,12,370621116,SD
28,2,2,5,370621116,CHC
38,11,3,11,370621101,CLE
36,9,0,14,370621101,BAL
32,7,3,10,370621110,LAA
34,12,5,7,370621110,NYY
39,9,3,17,370621122,STL
45,16,3,10,370621122,PHI
39,7,3,7,370621115,SF
39,7,1,12,370621115,ATL
36,11,4,8,370621113,TOR
36,9,2,8,370621113,TEX
34,10,5,12,370621108,PIT
31,8,2,8,370621108,MIL
31,5,1,9,370621109,CHW
34,10,6,5,370621109,MIN
46,20,4,7,370621127,ARI
35,8,4,11,370621127,COL
35,7,3,15,370621119,NYM
31,7,5,9,370621119,LAD
37,10,2,9,370621111,HOU
29,4,3,8,370621111,OAK
36,12,3,10,370621112,DET
33,9,3,12,370621112,SEA
30,4,2,9,370622122,STL
29,8,4,6,370622122,PHI
44,18,2,7,370622109,CHW
33,7,0,11,370622109,MIN
35,11,2,5,370622113,TOR
34,11,5,8,370622113,TEX
29,4,3,10,370622108,PIT
31,11,2,5,370622108,MIL
37,11,4,10,370622127,ARI
33,7,1,10,370622127,COL
38,13,3,7,370622111,HOU
38,12,5,12,370622111,OAK
38,13,4,6,370622101,CLE
33,9,5,12,370622101,BAL
36,11,4,10,370622110,LAA
34,8,2,10,370622110,NYY
42,16,4,10,370622128,CHC
32,7,0,4,370622128,MIA
42,15,5,6,370622115,SF
39,16,1,2,370622115,ATL
42,15,5,6,400906847,SF
39,16,1,2,400906847,ATL
36,10,1,8,370622112,DET
30,8,4,6,370622112,SEA
32,7,5,5,370622119,NYM
29,6,9,10,370622119,LAD
37,9,3,6,370623120,CIN
37,13,9,11,370623120,WSH
35,10,1,11,370623102,LAA
33,10,3,6,370623102,BOS
35,9,1,7,370623105,MIN
33,4,5,8,370623105,CLE
30,6,4,7,370623128,CHC
26,3,2,5,370623128,MIA
36,10,2,5,370623130,BAL
35,11,8,5,370623130,TB
33,7,5,12,370623115,MIL
34,8,4,13,370623115,ATL
32,5,6,8,370623104,OAK
31,7,1,7,370623104,CHW
36,11,4,8,370623107,TOR
36,9,1,7,370623107,KC
33,5,3,6,370623124,PIT
31,6,6,10,370623124,STL
33,4,4,12,370623110,TEX
35,7,0,14,370623110,NYY
39,12,1,7,370623129,PHI
32,6,2,11,370623129,ARI
36,10,2,7,370623112,HOU
40,16,3,7,370623112,SEA
30,3,2,11,370623119,COL
32,11,5,5,370623119,LAD
28,3,5,11,370623125,DET
25,2,4,8,370623125,SD
42,20,2,5,370623126,NYM
33,8,3,5,370623126,SF
35,8,4,12,370624110,TEX
31,5,1,6,370624110,NYY
43,15,6,12,370624104,OAK
33,5,1,9,370624104,CHW
34,9,0,5,370624107,TOR
28,5,4,6,370624107,KC
34,10,1,5,370624120,CIN
40,19,7,10,370624120,WSH
32,5,3,13,370624105,MIN
33,8,5,4,370624105,CLE
32,6,2,10,370624115,MIL
33,9,1,8,370624115,ATL
35,11,1,10,370624128,CHC
30,4,1,7,370624128,MIA
37,11,3,10,370624130,BAL
30,7,5,9,370624130,TB
35,9,2,8,370624102,LAA
33,6,2,11,370624102,BOS
33,6,3,6,370624124,PIT
33,8,4,7,370624124,STL
34,10,5,5,370624126,NYM
33,6,1,7,370624126,SF
35,9,4,7,370624112,HOU
33,7,3,11,370624112,SEA
32,5,1,10,370624119,COL
29,6,10,8,370624119,LAD
34,6,1,8,370624125,DET
28,7,3,7,370624125,SD
32,6,4,7,370624129,PHI
36,12,3,2,370624129,ARI
35,9,3,8,370625105,MIN
36,9,0,9,370625105,CLE
30,8,7,7,370625128,CHC
30,6,2,8,370625128,MIA
34,10,3,9,370625130,BAL
35,13,3,10,370625130,TB
34,10,3,7,370625102,LAA
33,8,0,6,370625102,BOS
36,11,2,8,370625115,MIL
30,6,3,1,370625115,ATL
37,12,2,9,370625120,CIN
34,8,2,6,370625120,WSH
33,8,3,11,370625110,TEX
37,11,3,8,370625110,NYY
38,12,3,9,370625104,OAK
32,6,1,9,370625104,CHW
39,11,7,8,370625107,TOR
34,9,1,6,370625107,KC
41,14,7,11,370625126,NYM
33,9,3,12,370625126,SF
33,8,6,3,370625112,HOU
32,5,5,10,370625112,SEA
35,8,6,8,370625119,COL
36,13,7,10,370625119,LAD
39,9,3,8,370625129,PHI
38,7,3,13,370625129,ARI
38,14,3,7,370625125,DET
31,7,5,12,370625125,SD
31,7,2,3,370625124,PIT
34,11,4,10,370625124,STL
32,5,4,10,370626129,PHI
33,10,6,11,370626129,ARI
33,9,1,7,370626124,CIN
34,13,4,7,370626124,STL
34,9,6,11,370626120,CHC
39,12,1,8,370626120,WSH
29,4,2,13,370626102,MIN
31,9,3,8,370626102,BOS
35,9,5,17,370626105,TEX
41,19,7,3,370626105,CLE
31,6,7,5,370626104,NYY
38,11,3,10,370626104,CHW
36,9,1,10,370626126,COL
35,14,3,7,370626126,SF
32,8,3,9,370626119,LAA
31,5,3,8,370626119,LAD
28,2,1,7,370627120,CHC
32,9,7,6,370627120,WSH
34,7,1,10,370627123,TB
33,4,3,5,370627123,PIT
33,7,5,6,370627114,BAL
31,6,3,9,370627114,TOR
34,8,1,7,370627102,MIN
32,10,7,6,370627102,BOS
29,3,3,16,370627105,TEX
29,3,2,8,370627105,CLE
37,11,1,10,370627106,KC
34,9,1,8,370627106,DET
34,9,4,8,370627117,MIL
32,10,3,7,370627117,CIN
33,7,4,6,370627128,NYM
33,10,3,8,370627128,MIA
32,7,5,9,370627104,NYY
31,7,6,14,370627104,CHW
36,9,2,10,370627118,OAK
38,14,3,6,370627118,HOU
34,6,5,4,370627129,STL
36,10,5,12,370627129,ARI
32,9,5,10,370627112,PHI
30,5,4,13,370627112,SEA
31,5,0,7,370627119,LAA
27,4,4,7,370627119,LAD
32,8,1,6,370627125,ATL
34,7,2,14,370627125,SD
46,10,7,11,370627126,COL
50,12,3,15,370627126,SF
32,7,4,11,370628112,PHI
36,11,2,7,370628112,SEA
35,8,3,7,370628126,COL
29,7,3,6,370628126,SF
33,6,2,15,370628120,CHC
34,11,3,6,370628120,WSH
35,10,3,4,370628123,TB
28,6,5,9,370628123,PIT
31,5,2,12,370628114,BAL
29,7,4,8,370628114,TOR
34,7,4,11,370628102,MIN
34,7,3,7,370628102,BOS
34,7,1,9,370628105,TEX
32,11,5,7,370628105,CLE
39,14,4,4,370628106,KC
32,7,1,5,370628106,DET
32,8,3,14,370628117,MIL
28,4,6,5,370628117,CIN
35,10,4,9,370628128,NYM
32,7,2,6,370628128,MIA
35,9,10,5,370628104,NYY
35,8,3,11,370628104,CHW
36,8,1,17,370628118,OAK
37,17,3,4,370628118,HOU
31,6,4,10,370628129,STL
35,9,3,10,370628129,ARI
30,4,5,6,370628103,LAD
35,8,2,10,370628103,LAA
32,7,2,7,370628125,ATL
35,12,5,9,370628125,SD
30,4,1,12,370629105,TEX
33,9,3,5,370629105,CLE
32,7,0,8,370629106,KC
32,9,4,7,370629106,DET
32,5,7,14,370629118,OAK
32,10,3,4,370629118,HOU
38,11,6,10,370629129,STL
33,6,1,10,370629129,ARI
34,8,3,8,370629120,CHC
31,6,5,10,370629120,WSH
34,7,0,9,370629102,MIN
33,10,2,4,370629102,BOS
34,8,2,8,370629123,TB
32,10,1,6,370629123,PIT
33,8,2,5,370629114,BAL
30,3,1,9,370629114,TOR
39,12,4,10,370629117,MIL
33,7,2,11,370629117,CIN
34,8,1,5,370629128,NYM
33,9,1,8,370629128,MIA
33,7,4,5,370629104,NYY
31,6,3,6,370629104,CHW
31,4,1,13,370629125,ATL
32,9,4,8,370629125,SD
36,9,1,6,370629103,LAD
33,6,2,15,370629103,LAA
38,10,5,11,370630101,TB
35,5,0,12,370630101,BAL
43,18,5,7,370630123,SF
34,10,5,6,370630123,PIT
43,12,14,8,370630114,BOS
38,6,6,10,370630114,TOR
30,3,2,7,370630117,CHC
31,10,3,10,370630117,CIN
31,4,1,13,370630121,PHI
28,6,4,4,370630121,NYM
35,11,6,7,370630104,TEX
38,14,0,5,370630104,CHW
33,8,3,8,370630108,MIA
28,5,3,8,370630108,MIL
40,14,7,11,370630118,NYY
35,9,0,4,370630118,HOU
30,3,4,6,370630107,MIN
33,10,2,5,370630107,KC
28,6,4,5,370630124,WSH
35,11,7,7,370630124,STL
34,8,5,10,370630129,COL
37,9,2,12,370630129,ARI
30,4,2,4,370630111,ATL
29,2,4,11,370630111,OAK
41,17,1,5,370630103,SEA
30,5,3,5,370630103,LAA
40,16,7,8,370630125,LAD
32,6,6,12,370630125,SD
36,12,4,8,370701114,BOS
33,6,1,13,370701114,TOR
32,6,2,7,370701206,CLE
34,13,4,6,370701206,DET
37,10,6,11,370701104,TEX
30,4,2,9,370701104,CHW
39,12,8,12,370701207,MIN
40,17,2,6,370701207,KC
41,14,3,10,370701101,TB
34,8,3,5,370701101,BAL
34,7,1,6,370701111,ATL
34,8,4,9,370701111,OAK
37,5,3,8,370701123,SF
39,7,10,11,370701123,PIT
34,7,3,7,370701108,MIA
36,11,4,10,370701108,MIL
33,8,2,10,370701117,CHC
29,8,7,5,370701117,CIN
37,10,3,9,370701121,PHI
31,10,2,6,370701121,NYM
34,10,3,9,370701118,NYY
31,8,4,9,370701118,HOU
33,7,3,14,370701124,WSH
28,4,2,10,370701124,STL
32,6,2,6,370701306,CLE
32,4,2,10,370701306,DET
41,14,4,6,370701307,MIN
35,10,1,5,370701307,KC
29,3,0,7,370701103,SEA
29,7,3,5,370701103,LAA
40,14,4,11,370701125,LAD
31,4,1,13,370701125,SD
33,6,0,10,370701129,COL
32,8,4,6,370701129,ARI
46,21,4,9,370702114,BOS
30,5,3,6,370702114,TOR
41,14,8,7,370702106,CLE
39,11,5,10,370702106,DET
36,11,3,8,370702117,CHC
32,5,3,9,370702117,CIN
37,12,2,10,370702121,PHI
29,2,4,6,370702121,NYM
31,5,2,9,370702101,TB
31,7,2,3,370702101,BAL
34,8,1,7,370702123,SF
34,7,0,7,370702123,PIT
38,9,3,12,370702104,TEX
25,5,7,8,370702104,CHW
43,17,7,12,370702108,MIA
33,7,3,8,370702108,MIL
32,6,5,13,370702118,NYY
38,14,2,8,370702118,HOU
34,8,3,8,370702107,MIN
35,11,3,9,370702107,KC
33,7,5,7,370702103,SEA
30,6,2,5,370702103,LAA
41,9,3,11,370702111,ATL
40,6,10,17,370702111,OAK
36,10,1,9,370702129,COL
32,8,3,8,370702129,ARI
35,9,4,10,370702125,LAD
31,11,2,7,370702125,SD
31,10,8,5,370702124,WSH
33,5,3,15,370702124,STL
32,6,2,12,370703108,BAL
33,11,2,6,370703108,MIL
30,6,4,7,370703120,NYM
31,6,6,4,370703120,WSH
33,8,2,11,370703110,TOR
30,8,4,6,370703110,NYY
32,4,1,9,370703122,PIT
30,7,1,3,370703122,PHI
40,13,3,10,370703124,MIA
36,15,6,5,370703124,STL
42,10,7,8,370703113,BOS
39,7,3,9,370703113,TEX
37,12,1,5,370703109,LAA
36,13,5,10,370703109,MIN
29,5,3,6,370703127,CIN
32,10,3,10,370703127,COL
36,11,8,9,370703111,CHW
33,5,4,13,370703111,OAK
33,7,0,6,370703112,KC
31,4,2,9,370703112,SEA
36,11,3,8,370704120,NYM
37,14,5,7,370704120,WSH
34,9,3,6,370704110,TOR
31,4,3,11,370704110,NYY
32,5,1,6,370704106,SF
31,9,1,3,370704106,DET
33,9,3,6,370704109,LAA
31,11,3,4,370704109,MIN
35,10,1,8,370704124,MIA
34,7,2,12,370704124,STL
33,9,3,9,370704116,TB
36,11,6,11,370704116,CHC
30,5,2,10,370704122,PIT
32,6,5,14,370704122,PHI
38,13,0,7,370704111,CHW
32,8,3,7,370704111,OAK
33,8,0,10,370704108,BAL
30,8,3,11,370704108,MIL
35,7,4,8,370704112,KC
33,8,4,8,370704112,SEA
30,5,1,13,370704105,SD
31,5,3,11,370704105,CLE
43,19,5,5,370704115,HOU
33,8,4,9,370704115,ATL
46,19,3,9,370704113,BOS
37,10,4,15,370704113,TEX
35,10,4,3,370704127,CIN
35,10,0,8,370704127,COL
33,6,3,13,370704119,ARI
33,9,3,9,370704119,LAD
37,11,6,8,370705110,TOR
31,6,6,10,370705110,NYY
31,8,2,6,370705116,TB
31,10,6,7,370705116,CHC
31,5,2,12,370705111,CHW
31,9,5,9,370705111,OAK
35,8,4,6,370705122,PIT
36,10,1,13,370705122,PHI
38,13,2,12,370705105,SD
38,14,0,9,370705105,CLE
33,9,6,4,370705106,SF
34,9,2,5,370705106,DET
35,8,2,11,370705108,BAL
31,6,2,9,370705108,MIL
41,16,2,7,370705115,HOU
35,8,1,9,370705115,ATL
30,3,3,6,370705113,BOS
29,8,3,7,370705113,TEX
31,7,2,5,370705109,LAA
34,7,3,8,370705109,MIN
38,14,3,7,370705124,MIA
33,9,4,6,370705124,STL
37,11,3,9,370705127,CIN
29,6,3,11,370705127,COL
41,10,4,14,370705112,KC
37,9,2,8,370705112,SEA
30,4,3,14,370705119,ARI
27,4,3,10,370705119,LAD
32,5,0,13,370706106,SF
30,8,5,4,370706106,DET
38,12,3,12,370706124,MIA
32,8,4,10,370706124,STL
38,13,9,11,370706116,MIL
31,6,0,6,370706116,CHC
35,13,5,8,370706127,CIN
32,8,1,11,370706127,COL
38,11,2,8,370706122,PIT
27,6,3,4,370706122,PHI
36,11,2,6,370706114,HOU
37,13,3,9,370706114,TOR
31,5,0,8,370706105,SD
37,14,4,7,370706105,CLE
30,6,4,6,370706130,BOS
32,8,1,13,370706130,TB
38,11,1,6,370706109,BAL
33,8,2,8,370706109,MIN
35,10,5,10,370706112,OAK
34,11,1,0,370706112,SEA
34,7,1,11,370706119,ARI
30,8,10,16,370706119,LAD
38,12,3,10,370706120,ATL
36,11,1,9,370706120,WSH
32,6,6,6,370707116,PIT
33,10,5,5,370707116,CHC
34,8,0,12,370707122,SD
36,9,2,8,370707122,PHI
39,14,5,5,370707110,MIL
31,4,6,12,370707110,NYY
34,7,5,11,370707120,ATL
35,10,3,9,370707120,WSH
39,14,5,9,370707114,HOU
30,6,2,8,370707114,TOR
33,10,1,11,370707105,DET
37,16,7,5,370707105,CLE
37,11,4,9,370707130,BOS
34,10,6,12,370707130,TB
27,3,1,9,370707113,LAA
34,12,4,5,370707113,TEX
36,12,1,7,370707109,BAL
36,14,0,10,370707109,MIN
36,9,3,10,370707124,NYM
34,10,0,6,370707124,STL
35,11,2,6,370707127,CHW
38,15,3,7,370707127,COL
34,8,1,8,370707129,CIN
31,8,3,6,370707129,ARI
28,3,3,10,370707112,OAK
31,11,2,3,370707112,SEA
30,5,2,7,370707119,KC
33,10,4,11,370707119,LAD
40,16,1,7,370707126,MIA
31,5,1,4,370707126,SF
32,6,2,15,370708110,MIL
31,6,3,8,370708110,NYY
30,7,3,7,370708114,HOU
31,8,6,8,370708114,TOR
34,7,4,8,370708109,BAL
35,9,3,11,370708109,MIN
42,15,5,3,370708120,ATL
32,4,4,7,370708120,WSH
32,5,2,10,370708122,SD
29,4,3,8,370708122,PHI
34,7,0,9,370708124,NYM
32,11,5,9,370708124,STL
31,3,3,4,370708130,BOS
29,6,0,7,370708130,TB
30,4,2,6,370708105,DET
32,9,5,7,370708105,CLE
34,7,2,8,370708116,PIT
31,4,2,8,370708116,CHC
40,11,3,7,370708119,KC
34,8,5,8,370708119,LAD
33,7,3,7,370708113,LAA
32,10,5,8,370708113,TEX
32,9,3,3,370708127,CHW
34,8,3,15,370708127,COL
36,10,1,7,370708126,MIA
34,7,5,8,370708126,SF
36,9,4,6,370708112,OAK
33,7,1,7,370708112,SEA
33,7,5,9,370708129,CIN
31,3,3,10,370708129,ARI
35,9,3,13,370709110,MIL
35,8,5,14,370709110,NYY
45,17,8,7,370709114,HOU
33,7,5,7,370709114,TOR
38,12,7,3,370709116,PIT
35,11,5,5,370709116,CHC
35,9,4,10,370709130,BOS
28,7,4,6,370709130,TB
33,7,3,7,370709120,ATL
33,12,7,9,370709120,WSH
35,9,2,13,370709122,SD
32,9,0,9,370709122,PHI
40,15,2,5,370709109,BAL
33,5,4,5,370709109,MIN
28,3,1,5,370709124,NYM
34,10,2,5,370709124,STL
29,5,5,8,370709113,LAA
26,2,6,6,370709113,TEX
26,1,3,9,370709127,CHW
35,12,6,7,370709127,COL
26,1,3,9,400907175,CHW
35,12,6,7,400907175,COL
46,13,9,4,370709126,MIA
46,14,2,9,370709126,SF
28,2,5,10,370709112,OAK
28,7,3,6,370709112,SEA
33,6,0,13,370709119,KC
30,6,0,9,370709119,LAD
35,8,2,10,370709129,CIN
30,7,5,9,370709129,ARI
37,10,6,10,370709105,DET
34,8,4,4,370709105,CLE
39,10,1,14,370711132,AL
34,7,5,9,370711132,NL
36,10,2,11,370714101,CHC
37,10,7,8,370714101,BAL
33,6,0,5,370714123,STL
34,12,6,6,370714123,PIT
32,6,2,10,370714102,NYY
35,10,5,12,370714102,BOS
34,8,10,10,370714106,TOR
36,10,2,8,370714106,DET
35,9,4,11,370714117,WSH
33,7,2,7,370714117,CIN
32,6,2,13,370714121,COL
42,19,7,8,370714121,NYM
34,10,2,5,370714128,LAD
34,8,2,9,370714128,MIA
35,10,3,6,370714115,ARI
34,9,0,8,370714115,ATL
35,10,4,2,370714104,SEA
32,5,0,15,370714104,CHW
35,9,6,12,370714108,PHI
33,8,4,9,370714108,MIL
32,5,9,13,370714118,MIN
37,14,5,5,370714118,HOU
35,7,3,5,370714107,TEX
32,8,1,3,370714107,KC
32,4,1,11,370714111,CLE
29,6,3,13,370714111,OAK
33,4,2,8,370714103,TB
35,5,2,6,370714103,LAA
37,14,3,8,370714125,SF
36,11,4,11,370714125,SD
55,9,9,19,370715102,NYY
53,8,4,12,370715102,BOS
28,2,1,4,370715106,TOR
35,14,7,8,370715106,DET
41,16,4,6,370715101,CHC
33,7,4,3,370715101,BAL
32,8,2,9,370715123,STL
35,9,1,5,370715123,PIT
32,6,2,6,370715104,SEA
35,8,2,9,370715104,CHW
28,4,4,12,370715108,PHI
32,8,2,10,370715108,MIL
37,10,6,9,370715115,ARI
37,14,2,8,370715115,ATL
38,12,6,9,370715117,WSH
37,9,6,13,370715117,CIN
37,11,4,11,370715118,MIN
33,7,6,4,370715118,HOU
32,7,2,11,370715121,COL
33,8,4,10,370715121,NYM
36,12,6,10,370715128,LAD
33,8,2,6,370715128,MIA
29,5,0,6,370715107,TEX
30,4,2,7,370715107,KC
32,6,5,7,370715125,SF
30,7,3,6,370715125,SD
31,5,4,6,370715111,CLE
30,6,1,13,370715111,OAK
39,14,2,7,370715103,TB
33,8,3,6,370715103,LAA
38,12,0,9,370716202,NYY
30,4,7,6,370716202,BOS
42,10,2,8,370716106,TOR
37,8,9,7,370716106,DET
44,17,3,11,370716117,WSH
36,7,5,11,370716117,CIN
45,19,4,10,370716121,COL
33,8,1,6,370716121,NYM
32,7,6,8,370716128,LAD
35,9,0,16,370716128,MIA
40,15,3,6,370716101,CHC
29,3,0,14,370716101,BAL
30,4,3,9,370716115,ARI
33,8,1,10,370716115,ATL
36,12,3,8,370716123,STL
34,8,2,6,370716123,PIT
39,10,2,8,370716104,SEA
37,9,3,7,370716104,CHW
35,10,4,5,370716108,PHI
34,7,2,11,370716108,MIL
30,5,1,12,370716118,MIN
30,7,4,9,370716118,HOU
32,7,1,8,370716107,TEX
35,9,3,8,370716107,KC
32,9,2,11,370716103,TB
30,8,5,10,370716103,LAA
34,8,3,11,370716111,CLE
32,10,6,6,370716111,OAK
35,9,1,9,370716125,SF
33,11,0,10,370716125,SD
35,8,1,10,370716302,NYY
31,8,0,10,370716302,BOS
36,11,4,8,370717117,WSH
29,4,2,12,370717117,CIN
34,8,5,13,370717102,TOR
31,6,3,7,370717102,BOS
28,3,5,5,370717101,TEX
28,8,2,5,370717101,BAL
35,8,4,10,370717123,MIL
34,13,3,5,370717123,PIT
37,10,5,11,370717121,STL
35,8,3,6,370717121,NYM
34,6,6,6,370717128,PHI
37,9,9,10,370717128,MIA
36,9,4,10,370717115,CHC
32,6,3,7,370717115,ATL
33,8,2,8,370717109,NYY
34,10,3,7,370717109,MIN
41,11,3,11,370717118,SEA
40,12,4,8,370717118,HOU
39,15,6,7,370717107,DET
35,8,3,7,370717107,KC
38,13,3,11,370717127,SD
31,11,7,3,370717127,COL
34,8,2,4,370717111,TB
30,2,3,6,370717111,OAK
36,8,2,6,370717126,CLE
31,6,0,5,370717126,SF
32,6,1,7,370718101,TEX
40,16,5,10,370718101,BAL
37,13,1,11,370718123,MIL
29,6,2,4,370718123,PIT
35,12,9,6,370718117,ARI
32,6,3,7,370718117,CIN
39,13,1,9,370718121,STL
30,3,1,8,370718121,NYM
37,13,3,4,370718128,PHI
30,5,1,6,370718128,MIA
34,8,4,6,370718115,CHC
33,7,3,7,370718115,ATL
39,13,1,6,370718109,NYY
34,7,6,8,370718109,MIN
54,15,5,10,370718102,TOR
55,13,2,15,370718102,BOS
32,9,6,7,370718104,LAD
33,8,1,8,370718104,CHW
33,6,1,10,370718118,SEA
29,10,2,6,370718118,HOU
42,16,0,4,370718107,DET
35,10,2,5,370718107,KC
35,9,4,6,370718127,SD
34,11,5,12,370718127,COL
32,6,3,7,370718111,TB
30,4,3,12,370718111,OAK
37,12,1,9,370718103,WSH
30,4,1,4,370718103,LAA
34,7,2,3,370718126,CLE
34,7,4,8,370718126,SF
38,13,3,7,370719115,CHC
32,6,1,10,370719115,ATL
42,20,6,11,370719128,PHI
33,7,2,6,370719128,MIA
32,7,2,8,370719109,NYY
31,7,2,7,370719109,MIN
33,6,1,10,370719118,SEA
32,8,2,10,370719118,HOU
33,10,4,7,370719127,SD
43,21,3,6,370719127,COL
35,9,2,9,370719111,TB
31,11,5,5,370719111,OAK
35,9,4,8,370719126,CLE
32,9,3,10,370719126,SF
37,10,4,7,370719121,STL
38,13,1,6,370719121,NYM
34,8,3,10,370719101,TEX
35,11,2,6,370719101,BAL
37,8,1,15,370719123,MIL
37,12,3,6,370719123,PIT
29,5,5,6,370719102,TOR
29,7,5,7,370719102,BOS
42,8,2,13,370719117,ARI
43,15,5,9,370719117,CIN
34,13,5,9,370719104,LAD
26,6,1,4,370719104,CHW
34,7,2,5,370719107,DET
32,8,3,10,370719107,KC
28,1,1,9,370719103,WSH
32,9,4,6,370719103,LAA
32,6,1,5,370720121,STL
32,6,2,7,370720121,NYM
35,9,4,13,370720117,ARI
33,8,1,9,370720117,CIN
34,9,4,10,370720123,MIL
30,8,1,5,370720123,PIT
37,9,7,10,370720102,TOR
34,9,6,10,370720102,BOS
34,9,5,7,370720101,TEX
36,14,3,6,370720101,BAL
37,11,2,7,370720107,DET
43,19,2,8,370720107,KC
34,7,3,9,370720112,NYY
37,10,2,9,370720112,SEA
35,11,2,9,370720119,ATL
34,7,3,7,370720119,LAD
34,9,2,7,370720126,SD
34,8,2,6,370720126,SF
37,11,8,9,370721116,STL
38,12,1,6,370721116,CHC
41,16,1,5,370721101,HOU
39,12,2,13,370721101,BAL
31,6,2,12,370721122,MIL
30,8,5,8,370721122,PHI
33,9,4,6,370721105,TOR
38,15,5,8,370721105,CLE
34,10,2,6,370721117,MIA
28,4,3,6,370721117,CIN
39,14,3,10,370721121,OAK
32,10,2,4,370721121,NYM
35,7,3,5,370721130,TEX
36,6,1,12,370721130,TB
35,11,3,6,370721109,DET
33,7,4,9,370721109,MIN
38,10,3,11,370721107,CHW
40,14,5,7,370721107,KC
42,18,6,5,370721127,PIT
33,9,2,7,370721127,COL
34,8,4,12,370721129,WSH
37,12,5,15,370721129,ARI
35,9,1,8,370721103,BOS
33,7,4,10,370721103,LAA
35,11,2,3,370721112,NYY
33,7,3,11,370721112,SEA
41,13,5,7,370721119,ATL
33,7,2,6,370721119,LAD
50,20,6,8,370721126,SD
43,11,5,8,370721126,SF
29,3,2,12,370722116,STL
30,6,1,3,370722116,CHC
43,8,1,13,370722126,SD
47,12,4,11,370722126,SF
41,15,0,9,370722101,HOU
31,4,3,9,370722101,BAL
38,13,5,10,370722122,MIL
40,13,1,8,370722122,PHI
32,3,2,11,370722105,TOR
32,6,6,10,370722105,CLE
34,8,4,5,370722109,DET
35,14,4,3,370722109,MIN
36,10,2,8,370722117,MIA
30,8,8,9,370722117,CIN
33,10,6,7,370722121,OAK
39,14,1,6,370722121,NYM
33,5,1,14,370722130,TEX
33,7,4,5,370722130,TB
34,8,3,3,370722107,CHW
30,9,6,6,370722107,KC
31,6,6,10,370722127,PIT
34,13,3,5,370722127,COL
38,12,1,10,370722129,WSH
31,4,2,13,370722129,ARI
32,6,3,9,370722103,BOS
34,10,3,7,370722103,LAA
35,9,3,9,370722112,NYY
37,10,1,10,370722112,SEA
33,6,2,10,370722119,ATL
36,12,1,7,370722119,LAD
31,6,2,15,370723105,TOR
37,12,4,5,370723105,CLE
34,7,1,9,370723117,MIA
30,9,3,3,370723117,CIN
30,9,2,4,370723121,OAK
34,6,2,8,370723121,NYM
34,8,6,12,370723130,TEX
32,6,7,13,370723130,TB
34,8,6,12,400907392,TEX
32,6,7,13,400907392,TB
36,10,5,8,370723101,HOU
32,14,4,4,370723101,BAL
30,5,2,11,370723122,MIL
30,8,5,7,370723122,PHI
42,16,5,11,370723109,DET
35,9,5,15,370723109,MIN
35,10,1,6,370723107,CHW
30,8,3,7,370723107,KC
37,11,4,7,370723127,PIT
38,15,3,8,370723127,COL
32,6,1,4,370723103,BOS
29,5,1,6,370723103,LAA
36,9,4,10,370723126,SD
35,8,1,7,370723126,SF
36,10,7,9,370723112,NYY
33,7,1,8,370723112,SEA
35,5,3,7,370723119,ATL
35,8,6,11,370723119,LAD
35,9,3,6,370723129,WSH
33,6,7,10,370723129,ARI
32,7,4,10,370723116,STL
30,6,0,9,370723116,CHC
37,10,1,12,370724116,CHW
35,9,4,5,370724116,CHC
41,18,6,6,370724122,HOU
36,10,4,11,370724122,PHI
27,2,3,9,370724114,OAK
31,8,6,4,370724114,TOR
30,5,1,9,370724105,CIN
29,9,4,8,370724105,CLE
42,8,2,11,370724106,KC
42,7,4,9,370724106,DET
35,9,1,5,370724130,BAL
30,6,5,10,370724130,TB
34,7,1,11,370724124,COL
33,12,6,7,370724124,STL
33,8,4,5,370724113,MIA
33,8,2,6,370724113,TEX
31,5,0,7,370724129,ATL
35,13,7,7,370724129,ARI
31,4,0,12,370724112,BOS
30,6,2,7,370724112,SEA
33,9,5,7,370724119,MIN
32,11,0,9,370724119,LAD
37,12,3,9,370724125,NYM
34,8,2,9,370724125,SD
39,14,3,7,370724126,PIT
34,9,6,5,370724126,SF
32,7,3,9,370725116,CHW
33,10,9,17,370725116,CHC
29,3,3,8,370725110,CIN
29,8,3,6,370725110,NYY
38,11,5,8,370725120,MIL
32,5,3,7,370725120,WSH
32,7,2,8,370725122,HOU
33,4,1,12,370725122,PHI
31,6,2,6,370725114,OAK
30,6,4,11,370725114,TOR
43,13,4,10,370725105,LAA
39,13,10,8,370725105,CLE
33,8,0,6,370725106,KC
34,8,2,5,370725106,DET
35,10,4,6,370725130,BAL
27,6,4,4,370725130,TB
34,8,3,10,370725113,MIA
36,15,3,3,370725113,TEX
28,6,3,8,370725124,COL
33,12,0,8,370725124,STL
36,9,4,6,370725129,ATL
35,8,4,15,370725129,ARI
48,9,6,9,370725112,BOS
47,10,8,16,370725112,SEA
33,5,3,8,370725119,MIN
31,11,1,7,370725119,LAD
35,9,2,7,370725125,NYM
36,10,0,4,370725125,SD
38,12,2,8,370725126,PIT
39,14,3,3,370725126,SF
31,6,1,9,370726130,BAL
30,8,3,11,370726130,TB
33,4,3,12,370726110,CIN
37,12,2,4,370726110,NYY
34,9,1,5,370726112,BOS
32,5,2,14,370726112,SEA
36,11,4,7,370726129,ATL
34,12,9,8,370726129,ARI
31,5,2,9,370726126,PIT
30,7,4,4,370726126,SF
36,9,2,12,370726120,MIL
34,10,2,12,370726120,WSH
35,9,1,13,370726122,HOU
38,14,3,14,370726122,PHI
36,9,2,12,400907449,MIL
34,10,2,12,400907449,WSH
30,3,5,9,370726114,OAK
27,5,4,4,370726114,TOR
36,12,0,7,370726105,LAA
37,17,4,5,370726105,CLE
47,22,4,7,370726106,KC
31,7,3,7,370726106,DET
36,12,0,7,400907437,LAA
37,17,4,5,400907437,CLE
37,10,8,8,370726104,CHC
30,5,2,10,370726104,CHW
47,22,6,11,370726113,MIA
35,10,8,6,370726113,TEX
34,9,2,11,370726124,COL
37,15,8,6,370726124,STL
35,7,1,8,370726119,MIN
36,11,2,8,370726119,LAD
32,5,4,9,370726125,NYM
33,10,1,11,370726125,SD
30,4,3,10,370727120,MIL
42,19,5,9,370727120,WSH
32,7,1,8,370727105,LAA
26,5,6,6,370727105,CLE
37,9,8,9,370727114,OAK
38,10,4,11,370727114,TOR
44,11,1,13,370727110,TB
42,14,3,12,370727110,NYY
36,10,3,6,370727128,CIN
27,7,9,8,370727128,MIA
33,9,2,7,370727104,CHC
32,5,1,6,370727104,CHW
32,8,2,8,370727124,ARI
31,5,2,12,370727124,STL
36,10,2,8,370727125,NYM
28,7,6,6,370727125,SD
29,2,0,15,370728110,TB
28,5,3,10,370728110,NYY
36,11,4,9,370728122,ATL
35,12,3,8,370728122,PHI
38,11,4,6,370728114,LAA
33,6,1,4,370728114,TOR
32,8,1,6,370728102,KC
33,7,2,5,370728102,BOS
34,9,0,3,370728106,HOU
35,9,5,9,370728106,DET
32,7,3,11,370728128,CIN
33,10,8,10,370728128,MIA
32,6,3,5,370728113,BAL
34,10,2,11,370728113,TEX
40,16,5,0,370728104,CLE
33,6,6,12,370728104,CHW
30,5,3,7,370728108,CHC
29,4,3,7,370728108,MIL
33,7,1,10,370728124,ARI
31,8,2,5,370728124,STL
36,11,7,10,370728111,MIN
33,8,4,10,370728111,OAK
36,10,1,14,370728112,NYM
32,8,5,8,370728112,SEA
34,8,0,10,370728119,SF
29,6,5,8,370728119,LAD
29,3,1,12,370728125,PIT
28,6,6,6,370728125,SD
33,8,4,10,370729110,TB
32,9,3,8,370729110,NYY
33,7,3,7,370729114,LAA
34,8,3,10,370729114,TOR
29,4,4,5,370729119,SF
29,8,3,5,370729119,LAD
33,8,5,4,370729112,NYM
30,9,1,13,370729112,SEA
33,9,0,5,370729106,HOU
31,8,2,9,370729106,DET
32,6,4,12,370729120,COL
30,3,0,12,370729120,WSH
40,10,3,11,370729122,ATL
39,8,5,12,370729122,PHI
41,14,5,11,370729102,KC
39,13,6,8,370729102,BOS
34,8,7,6,370729104,CLE
35,10,2,16,370729104,CHW
37,6,7,17,370729108,CHC
40,7,5,11,370729108,MIL
31,6,3,8,370729128,CIN
31,9,4,7,370729128,MIA
33,8,7,7,370729124,ARI
32,5,1,11,370729124,STL
34,6,6,8,370729113,BAL
31,7,3,8,370729113,TEX
30,5,3,11,370729125,PIT
30,8,1,9,370729125,SD
36,10,5,10,370729111,MIN
33,11,4,4,370729111,OAK
35,9,8,16,370730110,TB
32,4,7,11,370730110,NYY
37,14,3,6,370730114,LAA
34,12,6,4,370730114,TOR
33,7,4,8,370730106,HOU
37,15,6,6,370730106,DET
34,8,9,7,370730128,CIN
30,5,2,7,370730128,MIA
37,12,1,7,370730102,KC
34,9,2,7,370730102,BOS
31,8,4,7,370730122,ATL
33,9,5,10,370730122,PHI
41,16,3,11,370730220,COL
40,13,2,9,370730220,WSH
34,8,2,11,370730104,CLE
29,4,1,10,370730104,CHW
35,9,1,9,370730108,CHC
32,6,2,9,370730108,MIL
30,5,5,9,370730124,ARI
29,6,4,13,370730124,STL
37,13,3,5,370730113,BAL
35,7,3,14,370730113,TEX
42,8,8,15,370730111,MIN
47,14,2,10,370730111,OAK
35,9,0,14,370730112,NYM
36,12,3,6,370730112,SEA
37,11,3,8,370730125,PIT
32,6,2,11,370730125,SD
30,4,2,9,370730320,COL
28,4,1,8,370730320,WSH
37,10,3,9,370730119,SF
42,11,7,8,370730119,LAD
37,10,4,6,370731122,ATL
33,9,4,6,370731122,PHI
32,7,2,6,370731102,CLE
35,13,5,6,370731102,BOS
30,5,2,9,370731101,KC
35,10,1,7,370731101,BAL
37,9,4,15,370731110,DET
31,7,3,8,370731110,NYY
29,3,1,8,370731128,WSH
27,2,3,5,370731128,MIA
35,8,5,7,370731113,SEA
32,6,4,13,370731113,TEX
34,9,3,7,370731104,TOR
36,10,2,6,370731104,CHW
34,7,6,8,370731118,TB
40,17,5,2,370731118,HOU
37,11,1,8,370731111,SF
33,12,9,5,370731111,OAK
32,5,1,6,370801101,KC
37,15,2,6,370801101,BAL
34,9,2,6,370801110,DET
34,8,3,4,370801110,NYY
39,14,3,7,370801123,CIN
32,7,2,5,370801123,PIT
39,13,3,9,370801102,CLE
40,15,4,7,370801102,BOS
37,11,3,6,370801128,WSH
31,9,4,5,370801128,MIA
32,8,1,7,370801115,LAD
30,4,2,9,370801115,ATL
33,7,2,12,370801108,STL
28,5,7,11,370801108,MIL
39,12,3,2,370801113,SEA
39,12,0,12,370801113,TEX
36,8,4,12,370801116,ARI
40,17,4,6,370801116,CHC
37,13,7,6,370801104,TOR
36,11,1,7,370801104,CHW
35,12,3,8,370801118,TB
34,7,1,6,370801118,HOU
34,8,3,9,370801127,NYM
34,12,4,6,370801127,COL
41,14,4,5,370801111,SF
32,7,3,5,370801111,OAK
34,8,3,7,370801103,PHI
35,13,1,5,370801103,LAA
30,3,2,6,370801125,MIN
25,4,2,5,370801125,SD
33,6,2,11,370802110,DET
34,7,0,10,370802110,NYY
34,7,6,3,370802104,TOR
35,8,3,14,370802104,CHW
30,7,2,6,370802125,MIN
31,4,1,9,370802125,SD
31,5,2,4,370802101,KC
31,7,4,8,370802101,BAL
35,10,4,11,370802123,CIN
32,5,4,5,370802123,PIT
28,4,0,3,370802128,WSH
34,10,5,10,370802128,MIA
31,6,1,9,370802115,LAD
31,9,6,4,370802115,ATL
32,6,3,8,370802113,SEA
31,9,0,7,370802113,TEX
31,4,4,11,370802116,ARI
29,3,2,9,370802116,CHC
35,10,4,13,370802108,STL
35,8,2,12,370802108,MIL
36,9,4,7,370802118,TB
30,5,3,4,370802118,HOU
39,13,1,8,370802127,NYM
37,11,1,9,370802127,COL
31,6,2,4,370802103,PHI
33,10,1,4,370802103,LAA
37,11,4,10,370802126,OAK
29,5,3,6,370802126,SF
31,6,4,8,370803108,STL
32,9,3,12,370803108,MIL
40,13,3,13,370803116,ARI
37,11,6,15,370803116,CHC
35,9,4,9,370803127,NYM
33,12,4,8,370803127,COL
32,8,3,3,370803101,DET
32,9,5,8,370803101,BAL
30,4,3,7,370803123,CIN
36,13,0,5,370803123,PIT
34,7,2,10,370803102,CHW
38,15,4,4,370803102,BOS
29,3,1,11,370803105,NYY
31,5,3,7,370803105,CLE
33,9,9,11,370803115,LAD
36,11,2,8,370803115,ATL
35,9,4,11,370803109,TEX
29,3,2,8,370803109,MIN
36,8,5,8,370803118,TB
35,9,1,10,370803118,HOU
36,10,3,6,370803107,SEA
30,8,4,2,370803107,KC
36,10,4,7,370803103,PHI
29,6,6,7,370803103,LAA
33,7,1,6,370803126,OAK
37,13,3,4,370803126,SF
32,7,3,7,370804116,WSH
31,6,4,7,370804116,CHC
34,9,4,9,370804117,STL
30,9,0,4,370804117,CIN
33,6,2,9,370804101,DET
33,7,0,12,370804101,BAL
36,9,5,9,370804123,SD
36,14,5,8,370804123,PIT
40,9,4,12,370804102,CHW
40,8,0,14,370804102,BOS
36,11,2,10,370804105,NYY
30,8,4,10,370804105,CLE
32,7,5,11,370804121,LAD
31,4,2,11,370804121,NYM
31,5,2,13,370804130,MIL
34,9,3,11,370804130,TB
33,6,2,4,370804115,MIA
30,7,1,5,370804115,ATL
35,9,1,5,370804109,TEX
33,12,3,5,370804109,MIN
35,10,2,7,370804118,TOR
40,18,7,1,370804118,HOU
32,9,1,6,370804107,SEA
31,4,1,9,370804107,KC
37,10,1,8,370804127,PHI
29,7,8,3,370804127,COL
34,6,6,9,370804103,OAK
36,13,5,5,370804103,LAA
31,6,2,10,370804126,ARI
28,3,4,10,370804126,SF
33,7,5,9,370805116,WSH
32,9,2,14,370805116,CHC
36,8,4,8,370805121,LAD
34,7,3,13,370805121,NYM
33,7,4,12,370805130,MIL
31,4,2,5,370805130,TB
31,5,4,11,370805101,DET
34,11,3,5,370805101,BAL
36,10,4,7,370805123,SD
31,6,5,6,370805123,PIT
32,8,1,10,370805102,CHW
30,5,2,8,370805102,BOS
31,5,4,15,370805105,NYY
33,6,0,12,370805105,CLE
33,8,2,10,370805109,TEX
29,4,1,5,370805109,MIN
36,9,0,13,370805115,MIA
31,9,4,7,370805115,ATL
29,4,7,9,370805117,STL
31,5,4,9,370805117,CIN
39,9,5,12,370805118,TOR
34,5,3,11,370805118,HOU
38,12,1,7,370805127,PHI
32,11,3,11,370805127,COL
38,10,6,6,370805126,ARI
38,11,3,7,370805126,SF
36,9,5,9,370805103,OAK
32,6,0,2,370805103,LAA
38,12,3,10,370806105,NYY
29,2,1,10,370806105,CLE
39,16,6,8,370806117,STL
33,8,5,5,370806117,CIN
31,6,3,9,370806130,MIL
29,7,2,9,370806130,TB
39,14,3,6,370806101,DET
40,17,3,5,370806101,BAL
35,9,0,12,370806102,CHW
29,8,5,6,370806102,BOS
33,6,2,4,370806115,MIA
30,4,1,5,370806115,ATL
44,9,5,14,370806123,SD
40,7,4,8,370806123,PIT
34,7,1,8,370806109,TEX
30,7,3,9,370806109,MIN
35,8,5,9,370806118,TOR
41,16,2,9,370806118,HOU
39,11,3,9,370806207,SEA
35,10,3,9,370806207,KC
35,10,2,11,370806116,WSH
34,10,4,10,370806116,CHC
34,9,3,9,370806127,PHI
34,7,3,9,370806127,COL
44,18,4,12,370806103,OAK
40,12,6,6,370806103,LAA
32,6,3,6,370806126,ARI
32,8,3,10,370806126,SF
31,4,1,9,370806307,SEA
37,13,2,4,370806307,KC
35,10,4,12,370806121,LAD
28,1,1,13,370806121,NYM
33,6,3,10,370807120,MIA
28,7,1,6,370807120,WSH
27,1,2,8,370807123,DET
27,5,3,3,370807123,PIT
34,8,1,11,370807117,SD
31,8,6,5,370807117,CIN
34,8,2,9,370807109,MIL
31,8,7,3,370807109,MIN
35,10,4,6,370807107,STL
35,8,0,9,370807107,KC
38,12,2,8,370807126,CHC
35,9,1,6,370807126,SF
33,9,2,3,370807103,BAL
30,5,2,10,370807103,LAA
33,7,4,8,370808120,MIA
34,11,3,4,370808120,WSH
30,5,1,7,370808123,DET
34,10,1,12,370808123,PIT
31,7,5,6,370808114,NYY
33,11,2,3,370808114,TOR
29,3,0,11,370808105,COL
31,6,5,4,370808105,CLE
33,11,3,7,370808117,SD
32,9,6,9,370808117,CIN
32,6,3,10,370808121,TEX
29,6,4,8,370808121,NYM
37,12,1,7,370808130,BOS
30,2,1,16,370808130,TB
37,11,6,9,370808115,PHI
33,8,1,5,370808115,ATL
33,9,8,8,370808104,HOU
36,13,5,5,370808104,CHW
39,13,1,11,370808109,MIL
35,14,5,5,370808109,MIN
38,14,7,8,370808107,STL
32,6,2,8,370808107,KC
33,9,2,8,370808129,LAD
32,8,3,8,370808129,ARI
41,11,4,4,370808111,SEA
37,8,3,13,370808111,OAK
36,8,0,8,370808103,BAL
29,6,2,10,370808103,LAA
33,8,2,4,370808126,CHC
33,9,2,4,370808126,SF
46,12,2,14,370809105,COL
40,7,5,10,370809105,CLE
37,10,8,15,370809121,TEX
29,3,0,7,370809121,NYM
35,8,2,5,370809111,SEA
34,7,3,8,370809111,OAK
30,4,0,9,370809103,BAL
31,10,4,8,370809103,LAA
33,6,1,8,370809126,CHC
31,9,4,7,370809126,SF
36,9,4,5,370809130,BOS
30,4,2,9,370809130,TB
33,8,0,8,370809120,MIA
34,14,7,6,370809120,WSH
43,17,2,9,370809114,NYY
31,6,7,9,370809114,TOR
29,3,3,7,370809106,PIT
37,14,4,8,370809106,DET
34,7,0,8,370809117,SD
36,11,4,9,370809117,CIN
33,5,1,8,370809115,PHI
34,9,1,8,370809115,ATL
34,6,1,5,370809104,HOU
32,11,4,7,370809104,CHW
33,6,6,6,370809108,MIN
31,5,1,10,370809108,MIL
39,15,1,9,370809124,KC
32,11,7,7,370809124,STL
30,5,6,9,370809129,LAD
33,7,1,7,370809129,ARI
33,8,4,6,370810117,SD
30,8,7,7,370810117,CIN
38,13,2,4,370810106,PIT
34,9,1,8,370810106,DET
32,6,5,7,370810120,MIA
28,7,1,2,370810120,WSH
39,13,3,11,370810122,NYM
29,4,1,13,370810122,PHI
33,6,5,10,370810114,NYY
27,5,4,9,370810114,TOR
30,4,2,8,370810130,CLE
33,10,4,12,370810130,TB
35,12,5,7,370810124,KC
34,9,5,9,370810124,STL
42,12,1,7,370810104,HOU
41,11,4,14,370810104,CHW
36,12,3,7,370810108,MIN
33,7,2,6,370810108,MIL
37,9,3,6,370810129,LAD
36,10,3,14,370810129,ARI
38,10,1,6,370810111,BAL
33,7,5,10,370810111,OAK
34,8,5,8,370810112,LAA
32,8,3,9,370810112,SEA
33,8,6,8,370811110,BOS
30,7,5,8,370811110,NYY
36,13,2,8,370811122,NYM
40,13,4,12,370811122,PHI
30,4,1,6,370811114,PIT
34,8,1,9,370811114,TOR
40,16,1,8,370811106,MIN
35,9,3,8,370811106,DET
32,7,3,7,370811128,COL
31,11,4,6,370811128,MIA
33,7,5,9,370811130,CLE
30,3,2,12,370811130,TB
34,8,5,8,370811113,HOU
34,10,2,8,370811113,TEX
34,7,3,9,370811104,KC
33,9,0,8,370811104,CHW
41,15,8,8,370811108,CIN
42,16,7,11,370811108,MIL
31,7,5,1,370811124,ATL
31,8,8,10,370811124,STL
34,11,5,6,370811129,CHC
30,5,5,9,370811129,ARI
34,10,2,5,370811111,BAL
31,10,1,12,370811111,OAK
38,11,4,2,370811112,LAA
35,10,1,8,370811112,SEA
33,7,3,12,370811119,SD
33,8,5,9,370811119,LAD
35,8,3,7,370812114,PIT
31,8,4,9,370812114,TOR
39,12,2,8,370812110,BOS
36,9,2,5,370812110,NYY
45,19,2,5,370812106,MIN
35,13,2,3,370812106,DET
33,7,3,14,370812130,CLE
29,4,1,13,370812130,TB
34,7,2,7,370812120,SF
34,11,3,7,370812120,WSH
30,3,4,11,370812122,NYM
27,5,4,3,370812122,PHI
35,10,2,9,370812104,KC
33,9,2,9,370812104,CHW
35,6,6,11,370812108,CIN
39,12,6,12,370812108,MIL
33,9,6,7,370812128,COL
31,10,3,2,370812128,MIA
36,9,4,11,370812124,ATL
32,11,2,4,370812124,STL
29,4,6,4,370812113,HOU
29,9,6,6,370812113,TEX
37,9,2,10,370812129,CHC
36,12,3,11,370812129,ARI
43,20,3,10,370812111,BAL
36,10,4,11,370812111,OAK
33,8,3,4,370812112,LAA
36,13,3,7,370812112,SEA
37,10,3,10,370812119,SD
31,8,6,6,370812119,LAD
34,9,4,7,370813220,SF
34,7,1,12,370813220,WSH
31,4,5,10,370813114,PIT
31,7,6,9,370813114,TOR
30,7,5,7,370813106,MIN
38,10,3,11,370813106,DET
34,10,3,5,370813128,COL
30,8,2,7,370813128,MIA
34,8,3,9,370813130,CLE
30,4,3,12,370813130,TB
40,12,0,10,370813122,NYM
33,7,5,8,370813122,PHI
42,16,9,8,370813104,KC
36,9,3,11,370813104,CHW
32,8,5,6,370813108,CIN
30,8,2,10,370813108,MIL
37,12,2,4,370813124,ATL
35,11,2,6,370813124,STL
31,6,2,4,370813113,HOU
31,7,5,9,370813113,TEX
35,10,1,11,370813111,BAL
32,8,2,7,370813111,OAK
32,6,7,9,370813112,LAA
33,8,1,4,370813112,SEA
32,5,1,12,370813119,SD
30,5,1,2,370813119,LAD
36,9,5,12,370813129,CHC
28,4,5,12,370813129,ARI
37,6,3,13,370813320,SF
39,11,3,16,370813320,WSH
34,4,6,12,370813110,BOS
33,5,5,15,370813110,NYY
37,10,6,8,370814102,CLE
36,8,2,15,370814102,BOS
31,6,3,13,370814110,NYM
30,8,2,10,370814110,NYY
31,4,4,4,370814114,TB
29,5,4,4,370814114,TOR
32,7,4,3,370814128,SF
32,11,5,3,370814128,MIA
35,9,2,7,370814113,DET
29,11,3,3,370814113,TEX
34,8,7,5,370814116,CIN
41,17,4,8,370814116,CHC
32,7,1,3,370814127,ATL
29,7,5,8,370814127,COL
32,7,2,12,370814129,HOU
31,8,2,7,370814129,ARI
35,10,4,4,370814111,KC
33,5,0,6,370814111,OAK
43,16,2,10,370814112,BAL
34,8,2,9,370814112,SEA
38,11,2,8,370814125,PHI
32,10,5,7,370814125,SD
39,13,4,8,370815129,HOU
34,8,4,17,370815129,ARI
33,7,3,9,370815110,NYM
31,10,2,5,370815110,NYY
29,3,3,7,370815120,LAA
32,9,2,8,370815120,WSH
41,13,5,5,370815114,TB
34,8,1,6,370815114,TOR
41,13,5,5,400907837,TB
34,8,1,6,400907837,TOR
33,10,3,9,370815102,STL
38,15,3,5,370815102,BOS
38,14,2,6,370815128,SF
35,12,2,5,370815128,MIA
31,6,3,5,370815108,PIT
29,7,3,5,370815108,MIL
35,10,3,7,370815113,DET
33,11,5,11,370815113,TEX
32,8,6,10,370815116,CIN
32,7,4,11,370815116,CHC
37,11,6,7,370815109,CLE
30,3,0,12,370815109,MIN
32,6,2,7,370815127,ATL
31,6,4,11,370815127,COL
34,8,2,7,370815111,KC
37,14,2,9,370815111,OAK
31,6,1,9,370815112,BAL
29,7,3,9,370815112,SEA
32,6,1,7,370815119,CHW
31,9,6,7,370815119,LAD
32,6,1,7,370815125,PHI
32,8,5,5,370815125,SD
30,4,2,6,370816120,LAA
32,6,4,8,370816120,WSH
34,8,2,6,370816128,SF
35,10,4,9,370816128,MIA
37,11,1,11,370816108,PIT
32,8,3,15,370816108,MIL
39,14,6,7,370816111,KC
39,12,3,14,370816111,OAK
36,12,3,3,370816112,BAL
35,15,2,3,370816112,SEA
31,3,1,6,370816125,PHI
30,7,3,16,370816125,SD
33,8,5,5,370816121,NYY
30,6,3,8,370816121,NYM
34,7,4,10,370816114,TB
29,7,2,6,370816114,TOR
37,10,1,11,370816102,STL
31,9,6,6,370816102,BOS
35,11,7,7,370816113,DET
40,16,7,10,370816113,TEX
34,9,3,9,370816116,CIN
32,8,6,13,370816116,CHC
34,9,4,13,370816118,ARI
37,16,2,5,370816118,HOU
32,7,2,12,370816127,ATL
42,18,7,11,370816127,COL
36,12,1,4,370816119,CHW
30,9,4,4,370816119,LAD
39,14,3,5,370817209,CLE
35,10,3,19,370817209,MIN
32,10,3,9,370817118,ARI
31,4,1,8,370817118,HOU
37,12,8,7,370817116,CIN
38,13,2,10,370817116,CHC
38,12,5,5,370817127,ATL
35,9,5,3,370817127,COL
37,11,7,6,370817114,TB
31,6,1,10,370817114,TOR
39,15,5,11,370817123,STL
38,15,5,4,370817123,PIT
36,9,2,8,370817121,NYY
35,7,5,12,370817121,NYM
29,3,3,7,370817309,CLE
36,13,4,9,370817309,MIN
37,10,6,7,370817113,CHW
31,8,9,9,370817113,TEX
27,4,5,13,370817125,WSH
34,8,1,7,370817125,SD
35,9,2,9,370817126,PHI
31,9,5,5,370817126,SF
36,10,2,8,370818116,TOR
35,13,3,11,370818116,CHC
36,11,1,4,370818101,LAA
37,11,1,7,370818101,BAL
39,13,4,5,370818123,STL
35,10,6,6,370818123,PIT
39,12,6,13,370818102,NYY
32,10,6,5,370818102,BOS
35,12,6,7,370818106,LAD
40,14,3,11,370818106,DET
30,5,4,4,370818121,MIA
33,7,1,5,370818121,NYM
39,14,2,5,370818130,SEA
30,4,3,11,370818130,TB
34,9,4,11,370818115,CIN
34,8,4,5,370818115,ATL
33,9,4,4,370818113,CHW
30,6,5,9,370818113,TEX
33,7,3,7,370818109,ARI
38,17,3,11,370818109,MIN
30,5,1,6,370818118,OAK
31,7,1,2,370818118,HOU
40,13,4,7,370818107,CLE
35,9,2,8,370818107,KC
36,9,2,11,370818127,MIL
30,9,5,5,370818127,COL
34,9,4,10,370818125,WSH
28,4,3,8,370818125,SD
31,4,4,5,370818126,PHI
36,12,2,6,370818126,SF
34,6,2,11,370819116,TOR
29,8,4,8,370819116,CHC
31,6,3,6,370819106,LAD
30,4,5,10,370819106,DET
33,7,1,10,370819123,STL
36,12,2,7,370819123,PIT
36,10,7,7,370819130,SEA
36,9,1,12,370819130,TB
33,7,6,9,370819101,LAA
33,7,3,6,370819101,BAL
35,9,2,10,370819102,NYY
34,6,2,11,370819102,BOS
29,2,1,8,370819109,ARI
32,9,6,8,370819109,MIN
39,14,5,8,370819115,CIN
43,15,3,7,370819115,ATL
28,6,3,5,370819118,OAK
28,8,4,4,370819118,HOU
28,6,7,5,370819121,MIA
32,8,3,4,370819121,NYM
36,9,3,13,370819107,CLE
32,7,3,6,370819107,KC
37,12,4,7,370819113,CHW
42,20,7,6,370819113,TEX
33,10,3,8,370819127,MIL
35,11,4,8,370819127,COL
30,3,2,7,370819125,WSH
27,5,3,10,370819125,SD
39,13,4,11,370819126,PHI
39,14,5,6,370819126,SF
30,3,1,10,370820106,LAD
32,8,1,9,370820106,DET
38,11,1,11,370820121,MIA
31,7,3,13,370820121,NYM
29,3,2,11,370820130,SEA
28,5,5,7,370820130,TB
30,3,3,7,370820102,NYY
35,12,5,3,370820102,BOS
31,6,9,6,370820101,LAA
35,9,2,9,370820101,BAL
33,8,6,3,370820115,CIN
36,12,4,9,370820115,ATL
36,9,2,8,370820109,ARI
37,12,4,5,370820109,MIN
35,10,4,12,370820118,OAK
32,7,3,6,370820118,HOU
35,8,2,5,370820107,CLE
35,15,2,7,370820107,KC
37,8,8,10,370820116,TOR
38,8,3,10,370820116,CHC
34,9,3,7,370820113,CHW
32,6,7,7,370820113,TEX
35,12,6,9,370820127,MIL
33,8,7,8,370820127,COL
39,13,1,11,370820126,PHI
33,10,3,9,370820126,SF
31,5,8,12,370820125,WSH
34,5,1,12,370820125,SD
37,11,2,9,370820123,STL
33,9,1,7,370820123,PIT
33,8,6,11,370821204,MIN
28,6,4,8,370821204,CHW
30,7,5,8,370821101,OAK
33,10,3,7,370821101,BAL
47,10,6,10,370821123,LAD
46,10,4,10,370821123,PIT
31,5,6,8,370821105,BOS
31,7,3,9,370821105,CLE
36,6,3,7,370821121,ARI
38,11,3,7,370821121,NYM
34,9,3,6,370821115,SEA
36,12,1,4,370821115,ATL
34,10,6,3,370821304,MIN
30,3,1,6,370821304,CHW
34,7,1,10,370821103,TEX
32,5,6,5,370821103,LAA
31,4,3,5,370821126,MIL
33,8,3,8,370821126,SF
40,14,3,11,370822222,MIA
34,8,2,13,370822222,PHI
40,13,3,6,370822101,OAK
32,7,2,6,370822101,BAL
35,10,7,6,370822123,LAD
31,7,6,11,370822123,PIT
38,12,1,7,370822105,BOS
26,1,2,6,370822105,CLE
42,15,5,7,370822106,NYY
33,8,0,7,370822106,DET
38,13,9,7,370822117,CHC
39,13,5,6,370822117,CIN
35,8,4,7,370822121,ARI
32,7,3,7,370822121,NYM
33,7,1,13,370822130,TOR
35,12,4,3,370822130,TB
30,5,3,6,370822115,SEA
31,11,5,6,370822115,ATL
38,13,4,11,370822322,MIA
34,8,2,7,370822322,PHI
30,6,1,5,370822104,MIN
33,8,1,9,370822104,CHW
32,6,1,8,370822118,WSH
34,9,3,9,370822118,HOU
30,2,5,10,370822107,COL
30,6,1,6,370822107,KC
37,11,4,8,370822124,SD
33,7,4,12,370822124,STL
34,9,3,10,370822103,TEX
41,16,5,6,370822103,LAA
36,10,3,8,370822126,MIL
34,10,5,11,370822126,SF
48,14,5,15,370823101,OAK
43,13,4,15,370823101,BAL
31,6,3,8,370823126,MIL
31,9,2,10,370823126,SF
28,2,2,6,370823122,MIA
34,11,5,8,370823122,PHI
36,8,4,7,370823123,LAD
28,1,0,10,370823123,PIT
35,8,2,14,370823105,BOS
30,3,5,13,370823105,CLE
39,14,3,6,370823106,NYY
36,9,1,13,370823106,DET
36,10,6,11,370823117,CHC
33,7,1,8,370823117,CIN
33,7,5,9,370823121,ARI
30,8,6,9,370823121,NYM
38,12,1,9,370823130,TOR
37,11,4,7,370823130,TB
41,15,4,10,370823115,SEA
36,11,4,10,370823115,ATL
30,3,3,9,370823104,MIN
30,7,3,9,370823104,CHW
30,6,1,8,370823118,WSH
33,10,5,2,370823118,HOU
33,9,5,10,370823107,COL
38,14,2,4,370823107,KC
33,6,1,12,370823124,SD
29,9,6,7,370823124,STL
39,13,3,9,370823103,TEX
37,8,4,3,370823103,LAA
34,10,4,12,370824121,ARI
31,5,7,12,370824121,NYM
35,12,6,7,370824122,MIA
38,12,4,9,370824122,PHI
32,8,3,5,370824106,NYY
34,11,7,9,370824106,DET
33,6,2,7,370824130,TOR
28,5,3,14,370824130,TB
36,11,2,9,370824107,COL
34,9,2,7,370824107,KC
38,14,8,6,370824123,LAD
33,6,4,5,370824123,PIT
34,9,5,13,370824105,BOS
40,18,6,9,370824105,CLE
32,7,4,11,370824117,CHC
31,7,5,11,370824117,CIN
35,10,5,9,370824124,SD
35,12,2,6,370824124,STL
31,5,5,7,370824104,MIN
29,5,4,12,370824104,CHW
40,7,2,10,370824118,WSH
40,9,2,11,370824118,HOU
31,5,2,11,370824103,TEX
33,7,2,4,370824103,LAA
41,8,3,8,370825110,SEA
38,5,8,8,370825110,NYY
34,9,5,9,370825120,NYM
34,7,3,12,370825120,WSH
36,9,3,14,370825122,CHC
32,11,4,9,370825122,PHI
38,13,2,10,370825114,MIN
37,10,2,1,370825114,TOR
48,21,2,8,370825102,BAL
34,6,1,3,370825102,BOS
34,8,1,5,370825105,KC
33,10,3,4,370825105,CLE
36,11,5,15,370825117,PIT
33,9,6,11,370825117,CIN
35,9,1,9,370825128,SD
34,11,3,6,370825128,MIA
31,6,0,6,370825115,COL
29,7,5,4,370825115,ATL
33,7,0,10,370825104,DET
30,9,3,9,370825104,CHW
42,16,4,14,370825124,TB
29,5,4,7,370825124,STL
33,8,0,8,370825129,SF
30,7,3,5,370825129,ARI
33,9,1,9,370825111,TEX
28,4,2,7,370825111,OAK
35,8,0,8,370825103,HOU
32,6,4,11,370825103,LAA
27,1,3,11,370825119,MIL
32,8,4,10,370825119,LAD
34,6,2,12,370826110,SEA
30,8,7,6,370826110,NYY
36,10,1,6,370826114,MIN
35,13,5,8,370826114,TOR
36,10,1,10,370826102,BAL
30,4,4,6,370826102,BOS
35,9,3,8,370826111,TEX
31,11,6,4,370826111,OAK
36,11,1,3,370826120,NYM
36,13,4,5,370826120,WSH
28,4,1,10,370826117,PIT
30,5,0,10,370826117,CIN
41,14,5,9,370826122,CHC
33,8,0,9,370826122,PHI
35,9,2,7,370826104,DET
34,7,3,9,370826104,CHW
38,12,4,11,370826115,COL
35,13,1,6,370826115,ATL
39,6,2,8,370826128,SD
36,7,6,9,370826128,MIA
31,4,3,11,370826105,KC
30,6,3,5,370826105,CLE
32,6,0,5,370826124,TB
33,10,4,8,370826124,STL
32,5,1,7,370826129,SF
29,5,1,9,370826129,ARI
36,8,2,6,370826103,HOU
31,8,2,11,370826103,LAA
33,6,2,14,370826119,MIL
32,5,0,12,370826119,LAD
33,6,1,11,370827110,SEA
39,15,4,8,370827110,NYY
41,14,3,17,370827114,MIN
33,7,1,9,370827114,TOR
32,6,0,10,370827105,KC
38,17,6,5,370827105,CLE
31,8,6,8,370827117,PIT
32,6,7,6,370827117,CIN
31,7,3,8,370827128,SD
32,9,2,7,370827128,MIA
33,6,2,10,370827102,BAL
33,8,8,8,370827102,BOS
34,8,5,9,370827115,COL
30,6,3,7,370827115,ATL
33,7,4,7,370827122,CHC
33,8,1,12,370827122,PHI
35,9,3,6,370827220,NYM
36,14,4,9,370827220,WSH
31,5,3,7,370827104,DET
33,10,2,10,370827104,CHW
36,8,5,12,370827124,TB
39,9,1,14,370827124,STL
34,9,4,9,370827103,HOU
32,8,3,9,370827103,LAA
36,8,1,9,370827111,TEX
36,12,5,8,370827111,OAK
32,8,4,14,370827119,MIL
30,4,3,9,370827119,LAD
29,5,2,9,370827129,SF
32,11,8,11,370827129,ARI
38,11,0,10,370827320,NYM
28,6,4,7,370827320,WSH
32,6,4,12,370828110,CLE
31,3,1,8,370828110,NYY
32,8,5,5,370828101,SEA
37,16,2,5,370828101,BAL
33,8,3,13,370828120,MIA
37,13,4,7,370828120,WSH
31,7,0,8,370828122,ATL
33,10,3,9,370828122,PHI
37,12,4,6,370828114,BOS
34,8,7,5,370828114,TOR
31,6,1,5,370828116,PIT
34,11,4,7,370828116,CHC
35,12,5,3,370828107,TB
28,2,2,6,370828107,KC
33,9,3,7,370828127,DET
38,13,2,8,370828127,COL
30,4,5,14,370828103,OAK
31,9,1,8,370828103,LAA
33,7,6,6,370828125,SF
29,3,0,5,370828125,SD
30,1,2,12,370829101,SEA
30,9,2,9,370829101,BAL
34,8,4,6,370829120,MIA
32,12,6,8,370829120,WSH
34,9,1,8,370829114,BOS
31,4,0,15,370829114,TOR
35,10,5,8,370829117,NYM
39,15,9,9,370829117,CIN
41,14,4,9,370829118,TEX
34,9,2,5,370829118,HOU
40,11,9,7,370829108,STL
36,9,1,13,370829108,MIL
32,6,2,6,370829116,PIT
29,8,4,10,370829116,CHC
35,10,3,12,370829109,CHW
29,8,5,4,370829109,MIN
32,5,1,11,370829107,TB
35,10,2,7,370829107,KC
32,7,1,13,370829127,DET
31,9,3,6,370829127,COL
37,10,2,10,370829129,LAD
33,10,1,10,370829129,ARI
33,7,3,8,370829103,OAK
31,8,5,5,370829103,LAA
35,8,3,7,370829125,SF
33,10,2,4,370829125,SD
40,15,5,5,370830222,ATL
33,7,1,9,370830222,PHI
34,8,4,13,370830210,CLE
30,5,4,9,370830210,NYY
32,5,3,11,370830108,STL
35,10,0,8,370830108,MIL
36,10,2,7,370830101,SEA
34,12,3,9,370830101,BAL
36,11,4,8,370830127,DET
33,6,2,12,370830127,COL
38,13,3,7,370830322,ATL
32,6,4,12,370830322,PHI
32,6,1,8,370830120,MIA
32,10,4,4,370830120,WSH
40,13,5,9,370830310,CLE
33,8,3,2,370830310,NYY
37,11,6,10,370830118,TEX
31,4,0,6,370830118,HOU
35,10,6,6,370830114,BOS
32,6,2,9,370830114,TOR
31,5,1,3,370830117,NYM
28,3,4,10,370830117,CIN
33,6,0,12,370830116,PIT
45,20,1,9,370830116,CHC
32,6,1,13,370830109,CHW
40,16,7,6,370830109,MIN
33,8,1,4,370830107,TB
31,5,3,8,370830107,KC
31,6,6,8,370830125,SF
32,8,3,2,370830125,SD
33,6,5,12,370830129,LAD
34,11,3,4,370830129,ARI
37,11,3,10,370830103,OAK
34,11,4,7,370830103,LAA
32,7,4,9,370831117,NYM
33,9,4,5,370831117,CIN
38,12,2,13,370831109,CHW
34,9,5,6,370831109,MIN
30,4,4,6,370831118,TEX
30,9,2,6,370831118,HOU
32,5,3,8,370831129,LAD
32,10,3,9,370831129,ARI
37,11,6,6,370831101,TOR
42,16,1,7,370831101,BAL
31,4,8,8,370831110,BOS
36,14,4,8,370831110,NYY
34,8,2,10,370831128,PHI
35,9,3,10,370831128,MIA
31,6,4,9,370831116,ATL
35,11,5,9,370831116,CHC
31,7,2,6,370831108,WSH
34,13,3,7,370831108,MIL
38,10,3,5,370831126,STL
32,7,2,2,370831126,SF
36,11,2,8,370901206,CLE
38,12,0,11,370901206,DET
30,4,1,6,370901116,ATL
27,5,6,4,370901116,CHC
45,7,3,11,370901101,TOR
45,9,2,15,370901101,BAL
35,7,1,13,370901110,BOS
31,4,1,6,370901110,NYY
33,9,4,8,370901123,CIN
33,7,2,8,370901123,PIT
33,6,4,10,370901128,PHI
29,4,3,9,370901128,MIA
40,15,4,8,370901306,CLE
33,7,1,9,370901306,DET
40,14,6,7,370901113,LAA
36,11,8,4,370901113,TEX
34,6,1,10,370901104,TB
32,7,2,4,370901104,CHW
29,3,4,17,370901108,WSH
29,6,1,11,370901108,MIL
37,12,3,8,370901109,KC
36,9,2,6,370901109,MIN
34,10,7,9,370901127,ARI
33,8,8,12,370901127,COL
33,8,2,8,370901112,OAK
28,8,3,4,370901112,SEA
34,9,4,12,370901125,LAD
29,2,0,13,370901125,SD
40,15,2,4,370901126,STL
38,11,3,10,370901126,SF
32,6,2,7,370902110,BOS
34,9,2,8,370902110,NYY
38,11,3,15,370902218,NYM
42,17,2,6,370902218,HOU
43,17,5,9,370902116,ATL
35,12,6,7,370902116,CHC
34,10,3,6,370902225,LAD
31,7,8,9,370902225,SD
32,3,2,14,370902126,STL
28,4,4,5,370902126,SF
41,14,0,4,370902106,CLE
37,11,0,7,370902106,DET
35,9,2,8,370902101,TOR
35,9,1,8,370902101,BAL
31,5,2,6,370902123,CIN
35,11,2,5,370902123,PIT
33,9,4,8,370902104,TB
32,10,2,12,370902104,CHW
32,6,2,8,370902108,WSH
30,5,4,6,370902108,MIL
33,7,0,7,370902109,KC
36,14,9,4,370902109,MIN
40,14,4,9,370902128,PHI
42,17,2,11,370902128,MIA
38,9,6,7,370902113,LAA
35,6,6,10,370902113,TEX
35,8,6,10,370902127,ARI
30,4,4,6,370902127,COL
32,6,4,7,370902318,NYM
30,9,2,8,370902318,HOU
36,11,5,9,370902112,OAK
37,10,4,6,370902112,SEA
33,7,4,7,370902325,LAD
35,11,6,14,370902325,SD
43,16,9,6,370903106,CLE
30,8,2,4,370903106,DET
44,11,2,8,370903128,PHI
39,4,2,11,370903128,MIA
39,6,6,7,370903101,TOR
48,15,3,8,370903101,BAL
33,11,3,8,370903123,CIN
28,5,5,7,370903123,PIT
30,4,2,13,370903104,TB
33,8,2,10,370903104,CHW
29,3,3,11,370903108,WSH
29,7,4,7,370903108,MIL
33,9,3,2,370903109,KC
33,6,3,4,370903109,MIN
34,10,7,6,370903118,NYM
32,11,3,1,370903118,HOU
32,8,4,6,370903116,ATL
30,5,3,10,370903116,CHC
38,12,7,7,370903113,LAA
31,10,7,10,370903113,TEX
36,9,0,11,370903127,ARI
30,5,6,12,370903127,COL
34,8,5,6,370903126,STL
33,7,3,14,370903126,SF
31,5,2,8,370903112,OAK
38,17,6,7,370903112,SEA
31,5,2,8,400908203,OAK
38,17,6,7,400908203,SEA
33,7,0,8,370903125,LAD
31,10,4,9,370903125,SD
34,5,2,15,370903110,BOS
37,13,5,13,370903110,NYY
34,9,0,9,370904117,MIL
34,8,3,6,370904117,CIN
42,16,1,5,370904106,KC
38,12,4,6,370904106,DET
35,10,5,8,370904121,PHI
37,12,4,6,370904121,NYM
32,8,10,7,370904101,NYY
33,6,3,12,370904101,BAL
34,10,4,6,370904104,CLE
31,6,3,10,370904104,CHW
33,7,0,5,370904127,SF
34,8,8,9,370904127,COL
33,7,2,10,370904123,CHC
39,16,4,12,370904123,PIT
46,14,5,9,370904111,LAA
45,16,4,11,370904111,OAK
32,7,3,10,370904125,STL
30,3,3,10,370904125,SD
34,8,6,6,370904112,HOU
33,7,2,8,370904112,SEA
41,14,3,10,370904102,TOR
37,9,4,8,370904102,BOS
35,8,4,5,370904128,WSH
31,6,5,9,370904128,MIA
32,5,4,11,370904130,MIN
35,13,4,10,370904130,TB
34,11,4,6,370904115,TEX
35,8,2,6,370904115,ATL
40,14,2,11,370904119,ARI
30,3,1,16,370904119,LAD
34,8,2,3,370905123,CHC
30,8,2,4,370905123,PIT
65,12,4,23,370905102,TOR
63,11,5,12,370905102,BOS
31,5,4,7,370905106,KC
40,15,2,6,370905106,DET
28,5,10,11,370905117,MIL
32,11,4,7,370905117,CIN
43,17,4,12,370905121,PHI
32,6,4,4,370905121,NYM
33,8,2,4,370905128,WSH
33,7,0,10,370905128,MIA
29,4,2,7,370905130,MIN
31,6,1,6,370905130,TB
35,10,7,4,370905104,CLE
36,10,5,10,370905104,CHW
37,12,5,12,370905127,SF
36,13,2,6,370905127,COL
35,9,5,7,370905101,NYY
35,9,3,7,370905101,BAL
37,9,6,7,370905111,LAA
40,13,6,11,370905111,OAK
28,2,7,6,370905112,HOU
33,7,1,11,370905112,SEA
34,4,9,11,370905119,ARI
32,6,1,8,370905119,LAD
35,9,4,11,370905125,STL
32,9,3,8,370905125,SD
31,4,0,12,370906117,MIL
33,10,4,8,370906117,CIN
37,12,3,11,370906130,MIN
33,8,4,9,370906130,TB
36,12,5,12,370906215,TEX
42,15,2,8,370906215,ATL
34,7,3,9,370906111,LAA
31,7,2,13,370906111,OAK
29,3,5,10,370906123,CHC
31,6,2,9,370906123,PIT
32,4,3,10,370906102,TOR
32,9,5,5,370906102,BOS
44,18,3,5,370906106,KC
37,10,3,9,370906106,DET
23,5,1,4,370906121,PHI
24,10,1,6,370906121,NYM
35,12,4,7,370906128,WSH
33,7,3,5,370906128,MIA
35,9,5,7,370906315,TEX
31,7,3,7,370906315,ATL
35,8,7,4,370906104,CLE
28,3,0,9,370906104,CHW
44,17,3,10,370906127,SF
34,8,1,11,370906127,COL
36,9,3,5,370906112,HOU
32,6,1,7,370906112,SEA
36,8,4,11,370906119,ARI
29,4,3,7,370906119,LAD
29,5,5,10,370906125,STL
30,5,6,9,370906125,SD
39,13,3,9,370907101,NYY
33,7,2,8,370907101,BAL
35,8,1,9,370907120,PHI
33,10,3,11,370907120,WSH
37,13,3,8,370907123,CHC
34,8,6,9,370907123,PIT
31,6,1,6,370907121,CIN
34,11,6,6,370907121,NYM
35,10,5,9,370907115,MIA
35,12,3,8,370907115,ATL
41,16,4,6,370907104,CLE
29,3,2,14,370907104,CHW
34,10,5,7,370907107,MIN
31,9,1,0,370907107,KC
36,11,1,11,370907125,STL
30,9,3,4,370907125,SD
40,16,6,12,370907119,COL
32,6,3,8,370907119,LAD
38,14,3,10,370908120,PHI
40,16,3,4,370908120,WSH
34,7,1,8,370908114,DET
32,8,3,5,370908114,TOR
32,5,3,10,370908102,TB
36,12,3,10,370908102,BOS
30,4,3,11,370908105,BAL
29,7,6,7,370908105,CLE
34,9,1,7,370908121,CIN
31,8,3,7,370908121,NYM
38,11,4,10,370908115,MIA
32,5,6,8,370908115,ATL
35,8,1,10,370908113,NYY
37,15,3,11,370908113,TEX
30,4,3,11,370908116,MIL
31,5,3,12,370908116,CHC
35,8,6,8,370908104,SF
33,5,3,6,370908104,CHW
35,10,6,6,370908107,MIN
33,9,1,7,370908107,KC
34,9,1,11,370908124,PIT
28,5,4,8,370908124,STL
37,14,5,7,370908129,SD
38,10,2,11,370908129,ARI
36,11,4,7,370908111,HOU
36,14,3,2,370908111,OAK
34,8,0,10,370908112,LAA
35,11,2,10,370908112,SEA
32,6,4,14,370908119,COL
35,7,6,7,370908119,LAD
32,5,0,10,370909105,BAL
33,9,1,8,370909105,CLE
34,9,2,4,370909113,NYY
29,1,3,13,370909113,TEX
37,12,9,9,370909116,MIL
33,6,2,9,370909116,CHC
30,5,4,11,370909211,HOU
36,11,13,12,370909211,OAK
34,8,1,9,370909114,DET
33,13,5,8,370909114,TOR
35,9,5,10,370909120,PHI
34,7,2,14,370909120,WSH
33,8,1,10,370909102,TB
39,15,4,11,370909102,BOS
29,3,3,6,370909104,SF
42,18,1,10,370909104,CHW
36,9,4,9,370909115,MIA
35,13,7,6,370909115,ATL
29,4,6,10,370909121,CIN
31,9,3,6,370909121,NYM
31,9,4,8,370909107,MIN
31,11,4,2,370909107,KC
33,7,2,12,370909124,PIT
28,4,5,8,370909124,STL
32,7,4,5,370909311,HOU
37,14,1,11,370909311,OAK
39,12,1,12,370909129,SD
35,13,5,6,370909129,ARI
33,7,3,6,370909112,LAA
35,11,2,4,370909112,SEA
37,11,3,8,370909119,COL
36,8,1,10,370909119,LAD
33,7,2,11,370910114,DET
39,16,1,8,370910114,TOR
35,10,7,14,370910121,CIN
38,13,1,8,370910121,NYM
36,9,3,11,370910102,TB
30,5,3,7,370910102,BOS
44,13,4,11,370910115,MIA
43,13,8,3,370910115,ATL
30,5,1,11,370910120,PHI
29,6,1,7,370910120,WSH
31,5,3,10,370910104,SF
35,13,1,7,370910104,CHW
33,8,3,6,370910107,MIN
38,17,3,5,370910107,KC
32,6,0,8,370910124,PIT
31,8,3,9,370910124,STL
31,7,4,11,370910116,MIL
33,8,1,11,370910116,CHC
44,18,3,2,370910113,NYY
37,10,7,13,370910113,TEX
34,8,3,6,370910111,HOU
36,12,8,8,370910111,OAK
34,8,1,8,370910112,LAA
33,8,1,6,370910112,SEA
37,11,4,10,370910119,COL
34,8,3,12,370910119,LAD
32,6,2,16,370910129,SD
30,6,2,9,370910129,ARI
32,7,0,10,370910105,BAL
30,5,1,1,370910105,CLE
33,6,1,12,370911114,BAL
32,8,2,8,370911114,TOR
36,9,1,12,370911105,DET
35,11,6,4,370911105,CLE
30,4,6,11,370911130,NYY
34,8,3,12,370911130,TB
36,9,4,7,370911108,PIT
29,3,2,9,370911108,MIL
34,6,3,11,370911113,SEA
30,7,4,8,370911113,TEX
45,17,3,14,370911107,CHW
36,9,0,4,370911107,KC
35,8,1,10,370911129,COL
32,7,6,5,370911129,ARI
36,8,8,6,370911126,LAD
34,12,2,8,370911126,SF
39,13,0,7,370912107,CHW
26,4,5,2,370912107,KC
41,14,1,10,370912120,ATL
33,9,2,6,370912120,WSH
56,13,4,12,370912122,MIA
57,17,8,10,370912122,PHI
33,6,0,4,370912114,BAL
34,10,3,11,370912114,TOR
29,3,6,14,370912102,OAK
39,16,1,5,370912102,BOS
29,5,0,8,370912105,DET
32,9,4,7,370912105,CLE
30,3,2,10,370912130,NYY
28,5,1,9,370912130,TB
32,6,3,11,370912108,PIT
31,8,4,11,370912108,MIL
42,15,4,6,370912113,SEA
35,10,3,9,370912113,TEX
32,7,3,9,370912116,NYM
29,11,8,7,370912116,CHC
31,4,2,8,370912109,SD
42,18,1,6,370912109,MIN
33,9,1,5,370912124,CIN
37,14,9,9,370912124,STL
33,7,5,8,370912129,COL
33,8,0,10,370912129,ARI
32,6,0,7,370912103,HOU
27,2,1,9,370912103,LAA
36,9,7,13,370912126,LAD
39,14,1,11,370912126,SF
35,7,2,10,370913105,DET
30,7,3,11,370913105,CLE
37,10,4,8,370913130,NYY
35,9,3,12,370913130,TB
36,10,3,8,370913107,CHW
34,8,4,5,370913107,KC
35,8,1,9,370913102,OAK
34,9,3,5,370913102,BOS
36,10,7,9,370913120,ATL
32,7,0,12,370913120,WSH
31,4,3,14,370913122,MIA
35,13,1,7,370913122,PHI
33,7,4,11,370913114,BAL
30,7,1,8,370913114,TOR
35,11,6,8,370913113,SEA
31,5,2,10,370913113,TEX
34,10,6,10,370913116,NYM
38,16,11,9,370913116,CHC
36,10,1,4,370913108,PIT
34,12,7,8,370913108,MIL
36,7,3,8,370913109,SD
36,10,2,9,370913109,MIN
33,8,2,5,370913124,CIN
31,5,3,8,370913124,STL
34,6,2,8,370913129,COL
38,16,2,5,370913129,ARI
32,7,5,10,370913126,LAD
30,5,0,7,370913126,SF
28,5,1,6,370913103,HOU
36,13,2,9,370913103,LAA
51,25,5,10,370914106,CHW
39,12,1,11,370914106,DET
31,8,7,11,370914102,OAK
31,9,1,5,370914102,BOS
32,6,1,11,370914124,CIN
29,6,7,8,370914124,STL
29,5,1,9,370914129,COL
33,9,5,8,370914129,ARI
39,12,2,10,370914110,BAL
37,14,6,6,370914110,NYY
33,6,1,11,370914120,ATL
30,8,2,5,370914120,WSH
33,8,4,11,370914122,MIA
36,14,3,10,370914122,PHI
36,9,1,7,370914105,KC
36,12,5,3,370914105,CLE
38,11,9,5,370914113,SEA
32,6,1,9,370914113,TEX
35,11,2,12,370914116,NYM
38,14,2,11,370914116,CHC
37,8,6,11,370914109,TOR
32,7,7,6,370914109,MIN
35,10,2,2,370914103,HOU
32,5,3,7,370914103,LAA
32,7,3,9,370915116,STL
31,8,3,10,370915116,CHC
30,3,2,7,370915110,BAL
31,10,4,6,370915110,NYY
36,9,3,9,370915120,LAD
30,4,4,13,370915120,WSH
34,8,2,14,370915122,OAK
27,2,0,7,370915122,PHI
38,11,2,9,370915105,KC
30,6,6,8,370915105,CLE
35,8,1,12,370915106,CHW
32,6,3,6,370915106,DET
32,7,4,12,370915117,PIT
31,9,5,8,370915117,CIN
67,21,5,13,370915130,BOS
57,13,7,24,370915130,TB
32,7,3,8,370915115,NYM
31,10,2,8,370915115,ATL
35,8,5,5,370915109,TOR
33,7,1,7,370915109,MIN
35,9,1,12,370915118,SEA
32,9,6,6,370915118,HOU
37,12,8,9,370915128,MIL
33,6,1,13,370915128,MIA
34,7,2,6,370915127,SD
30,9,3,3,370915127,COL
32,8,1,10,370915103,TEX
31,9,3,6,370915103,LAA
32,6,0,8,370915126,ARI
32,6,0,11,370915126,SF
36,10,3,7,370916118,SEA
36,12,3,6,370916118,HOU
31,7,3,10,370916120,LAD
31,5,2,9,370916120,WSH
32,6,8,11,370916110,BAL
33,10,4,6,370916110,NYY
30,6,1,8,370916116,STL
34,10,6,10,370916116,CHC
33,9,2,7,370916105,KC
34,13,2,3,370916105,CLE
32,6,1,7,370916117,PIT
26,4,2,7,370916117,CIN
40,17,6,5,370916106,CHW
35,9,2,2,370916106,DET
34,7,1,7,370916130,BOS
31,5,1,6,370916130,TB
29,3,1,8,370916122,OAK
31,8,3,7,370916122,PHI
37,11,4,10,370916109,TOR
31,4,1,4,370916109,MIN
35,11,3,5,370916115,NYM
34,8,3,7,370916115,ATL
34,8,6,10,370916128,MIL
34,12,1,7,370916128,MIA
29,3,3,8,370916127,SD
37,17,6,4,370916127,COL
32,7,1,8,370916126,ARI
29,2,1,8,370916126,SF
29,3,2,11,370916103,TEX
26,4,5,5,370916103,LAA
35,9,2,11,370917110,BAL
34,7,4,14,370917110,NYY
35,7,1,13,370917105,KC
29,3,2,8,370917105,CLE
28,1,1,5,370917106,CHW
34,13,5,4,370917106,DET
29,3,4,10,370917117,PIT
28,4,5,12,370917117,CIN
29,3,2,8,370917130,BOS
33,8,1,9,370917130,TB
33,7,6,12,370917115,NYM
33,4,2,6,370917115,ATL
33,6,3,11,370917122,OAK
35,6,4,9,370917122,PHI
33,6,6,10,370917109,TOR
41,16,4,7,370917109,MIN
31,6,1,13,370917118,SEA
37,12,1,4,370917118,HOU
40,16,5,6,370917128,MIL
35,8,0,5,370917128,MIA
36,10,4,11,370917116,STL
33,11,5,8,370917116,CHC
34,8,3,13,370917127,SD
35,9,2,5,370917127,COL
32,5,2,15,370917103,TEX
26,4,6,5,370917103,LAA
32,6,2,5,370917126,ARI
28,10,6,6,370917126,SF
32,4,4,11,370917120,LAD
32,8,5,8,370917120,WSH
44,12,5,10,370918101,BOS
40,11,7,8,370918101,BAL
29,4,2,13,370918110,MIN
32,8,1,4,370918110,NYY
31,5,4,12,370918122,LAD
28,4,2,10,370918122,PHI
35,10,2,8,370918123,MIL
33,8,0,11,370918123,PIT
39,14,6,5,370918106,OAK
35,9,4,6,370918106,DET
33,8,6,13,370918128,NYM
43,19,4,5,370918128,MIA
30,5,6,8,370918125,ARI
26,4,5,6,370918125,SD
34,8,2,9,370919110,MIN
35,11,6,7,370919110,NYY
37,6,3,7,370919101,BOS
38,5,2,13,370919101,BAL
34,9,2,9,370919122,LAD
31,8,4,9,370919122,PHI
30,6,5,9,370919123,MIL
33,6,0,11,370919123,PIT
30,6,2,7,370919114,KC
31,8,0,8,370919114,TOR
42,14,4,14,370919106,OAK
41,15,7,9,370919106,DET
38,8,4,3,370919117,STL
33,8,5,11,370919117,CIN
40,11,2,6,370919128,NYM
36,10,5,9,370919128,MIA
32,6,1,9,370919130,CHC
28,1,0,11,370919130,TB
37,11,2,6,370919115,WSH
31,5,2,9,370919115,ATL
35,6,2,14,370919118,CHW
29,8,1,3,370919118,HOU
38,14,3,5,370919103,CLE
30,7,2,8,370919103,LAA
34,10,0,7,370919112,TEX
31,6,3,5,370919112,SEA
28,4,2,6,370919125,ARI
31,9,4,9,370919125,SD
32,10,5,7,370919126,COL
35,12,1,7,370919126,SF
32,6,3,10,370920110,MIN
38,15,3,8,370920110,NYY
34,6,3,11,370920106,OAK
36,9,1,6,370920106,DET
33,8,1,4,370920128,NYM
35,12,5,4,370920128,MIA
33,6,2,10,370920126,COL
28,7,6,6,370920126,SF
37,11,7,8,370920101,BOS
32,6,0,14,370920101,BAL
35,7,6,7,370920122,LAD
31,6,3,8,370920122,PHI
31,7,8,8,370920123,MIL
33,8,3,4,370920123,PIT
44,18,5,8,370920114,KC
32,6,2,5,370920114,TOR
38,11,5,6,370920117,STL
33,6,0,11,370920117,CIN
29,5,4,8,370920130,CHC
32,10,7,7,370920130,TB
34,8,6,11,370920115,WSH
31,4,1,9,370920115,ATL
31,4,2,10,370920118,CHW
32,9,4,7,370920118,HOU
37,11,6,7,370920125,ARI
38,12,5,8,370920125,SD
39,13,3,7,370920103,CLE
36,11,2,9,370920103,LAA
35,8,4,14,370920112,TEX
36,11,6,4,370920112,SEA
34,7,4,7,370921122,LAD
34,7,5,12,370921122,PHI
32,6,2,6,370921103,CLE
29,5,5,11,370921103,LAA
29,5,3,4,370921101,TB
30,7,2,8,370921101,BAL
33,8,2,7,370921114,KC
28,2,3,10,370921114,TOR
39,14,10,7,370921106,MIN
34,6,1,10,370921106,DET
39,14,7,8,370921117,STL
38,11,3,11,370921117,CIN
30,4,0,7,370921115,WSH
29,7,0,7,370921115,ATL
37,12,6,5,370921108,CHC
40,12,4,11,370921108,MIL
31,6,3,10,370921118,CHW
28,3,6,8,370921118,HOU
35,7,2,13,370921112,TEX
30,4,2,8,370921112,SEA
32,7,1,12,370921125,COL
28,7,2,11,370921125,SD
38,13,2,5,370922101,TB
35,10,2,11,370922101,BAL
33,11,6,3,370922123,STL
33,5,2,7,370922123,PIT
29,3,4,4,370922114,NYY
32,7,3,9,370922114,TOR
37,10,1,9,370922106,MIN
31,6,2,8,370922106,DET
31,6,4,5,370922117,BOS
33,9,4,8,370922117,CIN
35,6,4,7,370922121,WSH
33,12,2,7,370922121,NYM
35,9,6,8,370922108,CHC
35,8,3,9,370922108,MIL
31,6,5,9,370922115,PHI
34,11,3,7,370922115,ATL
38,13,0,2,370922104,KC
33,10,2,7,370922104,CHW
27,2,3,7,370922118,LAA
27,3,2,9,370922118,HOU
41,17,3,9,370922129,MIA
38,15,6,6,370922129,ARI
34,8,3,7,370922111,TEX
31,7,2,9,370922111,OAK
30,3,1,10,370922112,CLE
28,7,3,7,370922112,SEA
34,8,2,13,370922119,SF
29,5,3,8,370922119,LAD
33,7,3,10,370922125,COL
33,7,1,11,370922125,SD
33,8,4,8,370923108,CHC
39,11,1,13,370923108,MIL
30,5,1,8,370923118,LAA
31,8,2,5,370923118,HOU
30,7,5,7,370923114,NYY
31,4,3,8,370923114,TOR
41,14,1,8,370923112,CLE
35,11,5,11,370923112,SEA
31,7,8,6,370923117,BOS
28,3,4,10,370923117,CIN
39,12,3,7,370923106,MIN
33,8,0,5,370923106,DET
39,12,3,7,400910076,MIN
33,8,0,5,400910076,DET
35,10,1,8,370923101,TB
39,12,3,13,370923101,BAL
36,9,3,9,370923123,STL
34,14,6,2,370923123,PIT
38,12,4,8,370923104,KC
34,8,2,6,370923104,CHW
33,8,1,8,370923115,PHI
33,9,5,4,370923115,ATL
38,10,6,8,370923121,WSH
38,8,2,13,370923121,NYM
38,12,8,10,370923129,MIA
33,7,4,4,370923129,ARI
32,5,3,12,370923125,COL
34,12,2,9,370923125,SD
30,4,2,10,370923111,TEX
29,5,0,7,370923111,OAK
35,9,2,5,370923119,SF
30,6,1,5,370923119,LAD
38,14,4,8,370924106,MIN
35,9,3,8,370924106,DET
35,9,4,8,370924114,NYY
32,11,5,9,370924114,TOR
32,5,5,5,370924117,BOS
34,9,2,14,370924117,CIN
32,5,1,12,370924121,WSH
34,8,3,13,370924121,NYM
37,10,1,7,370924101,TB
37,13,1,8,370924101,BAL
31,7,2,11,370924115,PHI
33,8,1,7,370924115,ATL
31,4,5,9,370924123,STL
31,8,2,8,370924123,PIT
33,5,0,7,370924104,KC
35,10,3,10,370924104,CHW
34,10,2,12,370924108,CHC
30,3,1,10,370924108,MIL
29,3,1,8,370924111,TEX
33,10,4,3,370924111,OAK
35,9,0,8,370924112,CLE
34,6,2,14,370924112,SEA
30,8,0,8,370924119,SF
28,7,3,2,370924119,LAD
29,5,5,7,370924129,MIA
34,8,5,10,370924129,ARI
38,12,3,8,370924125,COL
32,8,3,10,370924125,SD
39,11,5,8,370924118,LAA
35,9,2,11,370924118,HOU
31,6,3,10,370925110,KC
37,15,4,5,370925110,NYY
33,10,7,6,370925221,ATL
30,6,2,8,370925221,NYM
35,8,2,13,370925122,WSH
33,6,3,7,370925122,PHI
34,11,3,4,370925102,TOR
32,7,3,8,370925102,BOS
35,7,1,9,370925321,ATL
31,9,2,4,370925321,NYM
39,12,3,7,370925113,HOU
36,8,4,14,370925113,TEX
32,5,2,11,370925104,LAA
30,7,2,8,370925104,CHW
38,12,5,7,370925124,CHC
32,6,3,6,370925124,STL
36,10,6,5,370925127,MIA
33,9,3,7,370925127,COL
36,11,4,9,370925129,SF
31,7,3,9,370925129,ARI
33,7,4,6,370925111,SEA
28,4,3,5,370925111,OAK
33,6,0,13,370925119,SD
30,10,6,7,370925119,LAD
32,6,2,8,370926110,TB
33,10,8,7,370926110,NYY
30,4,2,14,370926122,WSH
29,6,7,11,370926122,PHI
32,5,1,7,370926123,BAL
34,11,2,8,370926123,PIT
39,13,3,13,370926102,TOR
35,8,0,12,370926102,BOS
43,17,1,11,370926105,MIN
36,11,2,6,370926105,CLE
35,11,3,6,370926121,ATL
31,7,2,7,370926121,NYM
36,11,3,9,370926108,CIN
34,10,5,9,370926108,MIL
34,7,7,15,370926124,CHC
32,10,6,6,370926124,STL
34,7,7,15,400910112,CHC
32,10,6,6,400910112,STL
43,18,4,8,370926113,HOU
33,7,2,13,370926113,TEX
35,10,4,5,370926104,LAA
32,6,2,3,370926104,CHW
27,6,2,7,370926107,DET
28,8,2,7,370926107,KC
30,5,0,8,370926127,MIA
30,12,6,5,370926127,COL
35,10,4,7,370926129,SF
35,10,7,7,370926129,ARI
34,10,3,5,370926111,SEA
35,9,0,8,370926111,OAK
36,9,1,4,370926119,SD
35,11,9,9,370926119,LAD
43,16,2,5,370927113,HOU
33,8,0,12,370927113,TEX
41,14,0,7,370927127,MIA
35,14,10,5,370927127,COL
36,10,1,6,370927111,SEA
30,9,2,6,370927111,OAK
33,6,2,8,370927129,SF
32,7,5,8,370927129,ARI
33,8,2,9,370927124,CHC
31,5,3,6,370927124,STL
31,5,2,12,370927110,TB
34,9,3,6,370927110,NYY
35,11,7,12,370927122,WSH
31,9,7,7,370927122,PHI
35,10,1,8,370927123,BAL
31,9,2,8,370927123,PIT
36,10,2,12,370927102,TOR
37,13,1,7,370927102,BOS
32,5,1,13,370927105,MIN
32,9,5,6,370927105,CLE
34,8,1,5,370927121,ATL
32,7,10,10,370927121,NYM
34,6,4,10,370927104,LAA
35,9,5,8,370927104,CHW
37,10,3,5,370927108,CIN
29,4,4,6,370927108,MIL
37,10,4,8,370927107,DET
31,9,4,4,370927107,KC
30,3,3,14,370927119,SD
34,12,3,9,370927119,LAD
34,8,1,15,370928105,MIN
33,10,0,5,370928105,CLE
33,8,4,9,370928108,CIN
28,7,5,9,370928108,MIL
34,9,7,6,370928110,TB
33,8,4,8,370928110,NYY
32,6,2,9,370928120,PIT
31,11,7,7,370928120,WSH
44,17,6,10,370928102,HOU
34,6,3,5,370928102,BOS
29,3,5,7,370928128,ATL
35,13,3,6,370928128,MIA
40,7,4,11,370928124,CHC
37,6,4,17,370928124,STL
34,9,1,6,370928113,OAK
30,4,4,9,370928113,TEX
31,5,3,9,370928104,LAA
31,10,4,10,370928104,CHW
33,8,4,7,370928107,DET
29,5,1,1,370928107,KC
29,4,2,18,370929110,TOR
29,8,2,9,370929110,NYY
33,8,3,8,370929116,CIN
30,9,3,5,370929116,CHC
30,4,3,9,370929120,PIT
32,12,2,10,370929120,WSH
36,10,1,4,370929122,NYM
32,10,3,4,370929122,PHI
33,6,3,8,370929102,HOU
31,5,3,9,370929102,BOS
33,5,0,13,370929105,CHW
33,9,9,6,370929105,CLE
34,10,5,7,370929128,ATL
33,10,3,7,370929128,MIA
29,4,2,12,370929130,BAL
27,7,10,7,370929130,TB
33,7,4,8,370929113,OAK
33,9,2,7,370929113,TEX
35,9,2,14,370929109,DET
33,9,5,7,370929109,MIN
32,6,2,5,370929127,LAD
35,11,5,7,370929127,COL
31,6,4,11,370929107,ARI
30,9,4,7,370929107,KC
32,9,6,7,370929124,MIL
31,6,1,8,370929124,STL
37,10,3,11,370929103,SEA
32,9,3,10,370929103,LAA
33,8,2,9,370929126,SD
40,17,2,5,370929126,SF
33,8,4,8,370930102,HOU
33,10,4,12,370930102,BOS
30,6,2,10,370930110,TOR
29,7,4,8,370930110,NYY
33,8,1,15,370930116,CIN
33,10,7,7,370930116,CHC
34,8,1,11,370930126,SD
31,6,5,9,370930126,SF
39,13,4,9,370930124,MIL
29,8,5,10,370930124,STL
32,7,4,9,370930130,BAL
33,10,2,7,370930130,TB
30,5,5,9,370930120,PIT
31,4,1,6,370930120,WSH
40,11,10,7,370930122,NYM
39,7,3,13,370930122,PHI
32,8,2,5,370930105,CHW
29,3,4,7,370930105,CLE
33,5,1,7,370930109,DET
32,6,5,7,370930109,MIN
34,8,2,8,370930128,ATL
38,18,5,6,370930128,MIA
35,8,3,7,370930107,ARI
29,7,2,11,370930107,KC
35,8,2,7,370930113,OAK
34,13,5,5,370930113,TEX
32,8,1,6,370930127,LAD
36,11,1,10,370930127,COL
38,13,2,6,370930103,SEA
36,10,3,10,370930103,LAA
33,8,4,11,371001102,HOU
33,7,1,12,371001102,BOS
27,2,2,8,371001110,TOR
31,5,1,8,371001110,NYY
35,10,3,8,371001113,OAK
34,8,1,10,371001113,TEX
39,14,7,10,371001120,PIT
43,16,7,11,371001120,WSH
29,2,5,11,371001122,NYM
34,11,7,11,371001122,PHI
37,12,2,5,371001126,SD
31,8,2,5,371001126,SF
32,6,1,5,371001103,SEA
31,8,3,10,371001103,LAA
32,4,1,14,371001105,CHW
28,5,6,2,371001105,CLE
31,6,1,6,371001109,DET
33,9,2,11,371001109,MIN
36,10,9,4,371001127,LAD
34,10,4,7,371001127,COL
37,11,5,4,371001128,ATL
35,8,3,14,371001128,MIA
31,3,0,18,371001130,BAL
32,10,4,10,371001130,TB
31,3,0,18,400910181,BAL
32,10,4,10,400910181,TB
43,16,8,8,371001107,ARI
35,6,2,10,371001107,KC
33,7,2,9,371001124,MIL
31,3,2,8,371001124,STL
36,10,1,9,371001116,CIN
31,3,0,7,371001116,CHC
35,9,4,13,371003110,MIN
33,9,5,5,371003110,NYY
38,13,1,6,371004129,COL
41,17,4,11,371004129,ARI
32,8,2,6,371005118,BOS
34,12,2,8,371005118,HOU
30,3,3,14,371005105,NYY
27,5,6,9,371005105,CLE
34,7,3,11,371006118,BOS
36,12,6,5,371006118,HOU
48,11,5,12,371006105,NYY
45,9,5,12,371006105,CLE
31,5,2,13,371006120,CHC
29,2,3,9,371006120,WSH
33,8,4,7,371006119,ARI
36,12,4,9,371006119,LAD
29,6,3,8,371007120,CHC
30,6,3,4,371007120,WSH
33,7,3,10,371007119,ARI
36,12,5,12,371007119,LAD
38,13,2,6,371008102,HOU
38,15,3,9,371008102,BOS
30,5,2,11,371008110,CLE
27,5,4,11,371008110,NYY
39,12,4,11,371009102,HOU
33,9,4,7,371009102,BOS
32,3,1,9,371009116,WSH
24,4,4,8,371009116,CHC
31,4,3,14,371009110,CLE
35,8,6,11,371009110,NYY
32,7,7,6,371009129,LAD
29,3,0,11,371009129,ARI
32,5,9,7,371011116,WSH
29,3,3,14,371011116,CHC
34,8,3,16,371011105,NYY
31,5,2,15,371011105,CLE
37,9,6,9,371012120,CHC
38,14,9,12,371012120,WSH
32,5,3,14,371013118,NYY
30,6,1,5,371013118,HOU
31,5,1,13,371014118,NYY
28,5,3,4,371014118,HOU
30,4,1,9,371014119,CHC
29,8,4,6,371014119,LAD
30,3,1,12,371015119,CHC
27,5,9,6,371015119,LAD
31,4,8,7,371016110,HOU
30,7,3,6,371016110,NYY
29,3,3,9,371017110,HOU
29,8,5,3,371017110,NYY
35,9,5,8,371017116,LAD
34,8,2,11,371017116,CHC
32,4,1,9,371018110,HOU
34,10,3,13,371018110,NYY
29,4,8,12,371018116,LAD
29,5,0,11,371018116,CHC
43,16,2,9,371019116,LAD
31,4,1,10,371019116,CHC
33,7,2,10,371020118,NYY
31,8,5,7,371020118,HOU
30,3,2,11,371021118,NYY
33,10,3,4,371021118,HOU
30,3,0,12,371024119,HOU
26,6,2,5,371024119,LAD
43,14,5,8,371025119,HOU
38,5,3,11,371025119,LAD
29,4,5,7,371027118,LAD
36,12,4,6,371027118,HOU
32,7,2,9,371028118,LAD
28,2,2,4,371028118,HOU
44,14,6,12,371029118,LAD
41,14,5,6,371029118,HOU
33,6,2,9,371031119,HOU
28,5,1,12,371031119,LAD
33,5,4,9,371101119,HOU
32,6,2,9,371101119,LAD
35,9,5,10,380329128,CHC
33,8,6,7,380329128,MIA
33,6,1,15,380329121,STL
33,12,9,8,380329121,NYM
40,8,3,11,380329101,MIN
34,5,5,13,380329101,BAL
30,6,6,13,380329113,HOU
31,6,2,9,380329113,TEX
38,11,2,9,380329114,NYY
29,2,3,12,380329114,TOR
33,8,2,6,380329130,BOS
28,4,7,11,380329130,TB
46,13,1,7,380329111,LAA
42,12,5,11,380329111,OAK
31,6,6,11,380329115,PHI
34,9,4,6,380329115,ATL
42,10,2,9,380329125,MIL
39,6,6,15,380329125,SD
39,14,7,7,380329107,CHW
36,9,2,2,380329107,KC
34,8,2,11,380329119,SF
31,6,5,10,380329119,LAD
30,5,2,8,380329112,CLE
28,6,1,8,380329112,SEA
33,9,2,12,380329129,COL
36,12,6,11,380329129,ARI
52,17,4,10,380330106,PIT
53,14,9,9,380330106,DET
32,6,4,6,380330117,WSH
34,7,2,14,380330117,CIN
33,8,4,6,380330114,NYY
32,5,1,12,380330114,TOR
58,8,8,20,380330128,CHC
61,12,8,14,380330128,MIA
32,7,2,6,380330130,BOS
30,4,1,9,380330130,TB
40,10,5,10,380330115,PHI
37,9,5,9,380330115,ATL
31,5,5,6,380330113,HOU
31,10,2,6,380330113,TEX
36,10,5,11,380330129,COL
32,8,5,9,380330129,ARI
31,2,0,5,380330119,SF
27,1,0,8,380330119,LAD
37,11,1,4,380330125,MIL
37,12,4,7,380330125,SD
32,6,0,7,380330111,LAA
33,7,1,8,380330111,OAK
34,7,3,12,380331121,STL
33,11,5,5,380331121,NYM
38,14,4,8,380331117,WSH
39,12,2,11,380331117,CIN
41,12,1,6,380331111,LAA
34,8,5,9,380331111,OAK
40,14,4,9,380331113,HOU
32,5,4,13,380331113,TEX
30,4,4,4,380331114,NYY
32,9,4,9,380331114,TOR
33,6,4,8,380331112,CLE
36,10,1,8,380331112,SEA
33,7,6,5,380331130,BOS
33,8,3,7,380331130,TB
34,9,4,9,380331101,MIN
30,3,7,11,380331101,BAL
31,6,4,9,380331115,PHI
43,19,5,5,380331115,ATL
41,13,5,11,380331128,CHC
37,10,3,7,380331128,MIA
34,8,3,8,380331107,CHW
31,6,5,5,380331107,KC
33,6,0,11,380331129,COL
29,5,5,8,380331129,ARI
39,12,6,9,380331125,MIL
31,6,1,8,380331125,SD
34,9,3,11,380331119,SF
26,4,3,5,380331119,LAD
38,10,3,10,380401101,MIN
30,3,1,6,380401101,BAL
33,5,6,12,380401114,NYY
35,12,5,12,380401114,TOR
34,9,7,8,380401121,STL
32,7,3,8,380401121,NYM
35,8,1,6,380401128,CHC
30,8,5,5,380401128,MIA
33,6,4,6,380401130,BOS
35,8,2,9,380401130,TB
28,6,3,4,380401206,PIT
26,2,6,5,380401206,DET
39,13,2,11,380401113,HOU
30,4,3,12,380401113,TEX
37,13,2,3,380401111,LAA
31,5,5,8,380401111,OAK
34,7,3,8,380401112,CLE
31,8,4,8,380401112,SEA
34,8,6,6,380401117,WSH
32,7,3,8,380401117,CIN
36,10,2,10,380401306,PIT
39,12,2,9,380401306,DET
31,6,3,7,380401119,SF
36,13,0,7,380401119,LAD
33,7,3,10,380402123,MIN
27,5,11,6,380402123,PIT
30,5,2,4,380402106,KC
34,10,3,6,380402106,DET
37,13,1,8,380402108,STL
35,8,1,9,380402108,MIL
27,2,5,11,380402117,CHC
28,5,6,7,380402117,CIN
33,6,2,9,380402118,BAL
33,11,5,6,380402118,HOU
30,6,3,10,380402114,CHW
28,4,4,6,380402114,TOR
38,12,3,6,380402128,BOS
36,10,3,7,380402128,MIA
37,10,10,10,380402115,WSH
30,4,1,9,380402115,ATL
61,19,8,11,380402129,LAD
53,14,10,11,380402129,ARI
35,7,4,11,380402111,TEX
31,9,3,7,380402111,OAK
34,7,6,8,380402103,CLE
33,6,2,7,380402103,LAA
37,12,6,3,380402125,COL
35,8,5,8,380402125,SD
30,5,1,3,380403106,KC
30,3,1,8,380403106,DET
33,7,4,11,380403110,TB
34,11,6,14,380403110,NYY
34,12,5,7,380403126,SEA
33,9,0,4,380403126,SF
48,12,2,9,380403128,BOS
45,9,4,16,380403128,MIA
37,10,2,14,380403114,CHW
38,15,5,6,380403114,TOR
31,3,3,11,380403121,PHI
30,7,1,8,380403121,NYM
36,9,6,5,380403115,WSH
36,15,5,9,380403115,ATL
37,10,1,7,380403108,STL
37,12,2,13,380403108,MIL
38,12,2,13,380403118,BAL
32,10,3,11,380403118,HOU
29,4,1,4,380403129,LAD
33,8,5,8,380403129,ARI
29,1,4,12,380403103,CLE
36,13,3,5,380403103,LAA
32,10,2,2,380403111,TEX
34,8,3,13,380403111,OAK
31,6,5,5,380403125,COL
31,8,4,7,380403125,SD
32,6,6,12,380404115,WSH
32,7,4,11,380404115,ATL
30,6,1,9,380404110,TB
31,7,3,11,380404110,NYY
31,5,2,15,380404121,PHI
27,5,6,7,380404121,NYM
35,8,4,10,380404118,BAL
30,7,3,10,380404118,HOU
28,1,3,15,380404129,LAD
27,7,0,7,380404129,ARI
45,7,6,14,380404103,CLE
41,6,4,11,380404103,LAA
34,9,4,8,380404123,MIN
34,8,4,6,380404123,PIT
31,8,2,11,380404114,CHW
34,6,1,10,380404114,TOR
34,10,4,5,380404126,SEA
34,12,7,4,380404126,SF
34,9,4,9,380404108,STL
31,5,2,10,380404108,MIL
29,4,1,4,380404111,TEX
31,9,5,10,380404111,OAK
35,9,3,11,380404125,COL
32,6,2,7,380404125,SD
34,8,4,10,380405120,NYM
32,6,3,11,380405120,WSH
40,6,6,11,380405102,TB
41,10,6,9,380405102,BOS
31,4,0,12,380405122,MIA
30,6,9,9,380405122,PHI
35,10,2,4,380405111,TEX
35,12,2,5,380405111,OAK
31,4,7,11,380405125,COL
31,6,0,8,380405125,SD
45,17,2,6,380405104,DET
39,11,5,12,380405104,CHW
36,8,4,7,380405109,SEA
33,8,2,11,380405109,MIN
36,10,1,13,380405110,BAL
29,4,6,8,380405110,NYY
31,5,5,7,380405123,CIN
33,9,4,4,380405123,PIT
34,9,5,9,380405124,ARI
29,2,5,13,380405124,STL
42,13,4,9,380405108,CHC
30,4,1,11,380405108,MIL
31,7,3,9,380406105,KC
30,4,4,3,380406105,CLE
36,11,7,2,380406127,ATL
34,7,2,8,380406127,COL
51,9,8,16,380406110,BAL
47,7,5,10,380406110,NYY
37,13,3,6,380406123,CIN
38,15,6,5,380406123,PIT
34,9,6,7,380406113,TOR
38,13,1,8,380406113,TEX
34,7,4,9,380406108,CHC
37,12,6,8,380406108,MIL
38,13,3,11,380406118,SD
30,4,4,12,380406118,HOU
37,13,1,5,380406103,OAK
38,14,5,7,380406103,LAA
32,6,0,9,380407102,TB
32,9,6,3,380407102,BOS
34,6,2,10,380407110,BAL
29,11,7,3,380407110,NYY
34,8,5,10,380407120,NYM
31,5,3,10,380407120,WSH
33,6,8,9,380407104,DET
34,8,4,7,380407104,CHW
39,12,3,12,380407109,SEA
35,9,5,7,380407109,MIN
31,5,7,12,380407124,ARI
33,10,0,9,380407124,STL
33,8,7,9,380407108,CHC
30,4,1,13,380407108,MIL
30,3,2,9,380407105,KC
32,6,1,10,380407105,CLE
32,5,1,10,380407122,MIA
42,20,6,11,380407122,PHI
53,12,9,10,380407126,LAD
55,17,2,18,380407126,SF
34,11,5,10,380407123,CIN
33,8,1,5,380407123,PIT
35,6,1,14,380407118,SD
32,6,6,8,380407118,HOU
27,2,3,9,380407113,TOR
30,8,5,6,380407113,TEX
34,8,4,5,380407127,ATL
37,10,7,11,380407127,COL
31,7,10,8,380407103,OAK
33,7,2,11,380407103,LAA
37,11,6,11,380408102,TB
35,11,4,6,380408102,BOS
50,16,4,15,380408110,BAL
50,16,6,12,380408110,NYY
32,10,2,8,380408105,KC
29,4,4,6,380408105,CLE
31,7,5,10,380408122,MIA
31,7,4,5,380408122,PHI
27,1,2,7,380408123,CIN
33,11,2,4,380408123,PIT
27,2,5,9,380408104,DET
28,3,2,9,380408104,CHW
32,7,2,8,380408108,CHC
29,3,2,9,380408108,MIL
31,4,4,9,380408118,SD
30,6,0,10,380408118,HOU
33,7,2,9,380408124,ARI
30,5,2,6,380408124,STL
37,11,2,10,380408113,TOR
35,9,5,9,380408113,TEX
34,8,2,9,380408127,ATL
31,6,0,10,380408127,COL
37,10,4,5,380408126,LAD
36,8,0,9,380408126,SF
29,3,2,12,380408103,OAK
30,7,4,8,380408103,LAA
42,9,5,18,380408120,NYM
47,13,7,7,380408120,WSH
39,14,3,7,380409104,TB
35,9,5,12,380409104,CHW
28,2,1,14,380409105,DET
26,4,5,7,380409105,CLE
40,11,5,6,380409124,MIL
35,8,4,10,380409124,STL
35,10,5,11,380409101,TOR
35,9,3,11,380409101,BAL
28,2,0,10,380409120,ATL
29,6,7,10,380409120,WSH
36,11,5,11,380409122,CIN
30,6,4,6,380409122,PHI
31,6,5,9,380409128,NYM
35,9,3,9,380409128,MIA
40,13,2,7,380409113,LAA
35,8,6,10,380409113,TEX
33,7,4,13,380409109,HOU
33,6,2,10,380409109,MIN
27,2,2,6,380409107,SEA
37,13,5,8,380409107,KC
38,13,1,10,380409127,SD
33,7,5,8,380409127,COL
30,5,1,11,380409126,ARI
30,5,0,12,380409126,SF
34,11,10,9,380410104,TB
33,6,7,11,380410104,CHW
39,12,2,9,380410116,PIT
36,10,2,8,380410116,CHC
33,6,2,7,380410105,DET
27,4,1,6,380410105,CLE
36,10,1,10,380410102,NYY
34,11,7,10,380410102,BOS
34,7,5,7,380410101,TOR
27,3,5,4,380410101,BAL
31,5,3,9,380410120,ATL
32,8,2,7,380410120,WSH
29,3,3,8,380410122,CIN
30,6,2,11,380410122,PHI
36,9,3,11,380410128,NYM
36,11,2,9,380410128,MIA
41,18,4,6,380410113,LAA
35,7,4,10,380410113,TEX
31,7,5,5,380410109,HOU
31,8,7,13,380410109,MIN
34,9,5,4,380410107,SEA
33,7,2,9,380410107,KC
43,11,5,10,380410124,MIL
37,9,8,8,380410124,STL
35,10,3,10,380410127,SD
30,5,1,10,380410127,COL
32,5,2,11,380410119,OAK
33,11,2,9,380410119,LAD
32,6,7,9,380410126,ARI
29,8,7,12,380410126,SF
46,11,7,16,380411120,ATL
41,10,3,11,380411120,WSH
38,13,7,8,380411109,HOU
35,9,7,12,380411109,MIN
33,8,1,5,380411124,MIL
32,7,2,9,380411124,STL
29,4,6,11,380411104,TB
31,8,2,9,380411104,CHW
31,6,4,10,380411107,SEA
34,7,2,12,380411107,KC
33,6,1,13,380411127,SD
30,9,3,11,380411127,COL
36,9,1,9,380411126,ARI
32,6,4,10,380411126,SF
29,3,2,6,380411105,DET
34,10,4,6,380411105,CLE
34,7,3,9,380411101,TOR
34,11,3,11,380411101,BAL
44,11,1,13,380411122,CIN
39,6,6,12,380411122,PHI
36,12,5,9,380411102,NYY
36,10,2,8,380411102,BOS
30,5,4,6,380411128,NYM
28,2,2,10,380411128,MIA
34,9,6,2,380411113,LAA
32,5,6,9,380411113,TEX
34,8,3,6,380411116,PIT
41,16,2,5,380411116,CHC
49,21,1,9,380411119,OAK
39,12,0,5,380411119,LAD
37,9,7,10,380412116,PIT
33,7,1,6,380412116,CHC
38,9,2,7,380412105,DET
40,15,1,5,380412105,CLE
39,13,11,8,380412117,STL
34,7,4,9,380412117,CIN
37,9,3,10,380412120,COL
29,4,2,7,380412120,WSH
32,5,2,10,380412102,NYY
33,8,3,9,380412102,BOS
30,3,0,13,380412109,CHW
30,7,6,6,380412109,MIN
42,15,3,3,380412107,LAA
34,9,2,8,380412107,KC
36,10,8,7,380412125,SF
27,1,3,6,380412125,SD
39,12,5,7,380413116,ATL
30,4,1,9,380413116,CHC
38,13,2,9,380413117,STL
32,7,3,13,380413117,CIN
31,5,1,9,380413120,COL
30,4,4,10,380413120,WSH
34,9,2,12,380413102,BAL
34,11,6,6,380413102,BOS
36,7,3,10,380413105,TOR
37,12,2,11,380413105,CLE
38,11,4,8,380413106,NYY
38,12,0,11,380413106,DET
34,10,2,6,380413121,MIL
31,9,3,9,380413121,NYM
29,5,3,8,380413128,PIT
34,14,2,4,380413128,MIA
33,7,3,13,380413130,PHI
31,4,3,8,380413130,TB
33,6,1,17,380413118,TEX
33,8,3,9,380413118,HOU
38,13,1,8,380413107,LAA
35,11,3,8,380413107,KC
34,8,4,7,380413112,OAK
34,11,3,7,380413112,SEA
36,10,3,14,380413119,ARI
37,11,3,8,380413119,LAD
35,10,1,8,380413125,SF
34,8,1,6,380413125,SD
34,9,1,9,380414102,BAL
39,15,2,3,380414102,BOS
29,2,2,14,380414120,COL
34,12,3,7,380414120,WSH
33,8,5,9,380414117,STL
33,7,3,6,380414117,CIN
40,15,8,6,380414116,ATL
35,10,10,12,380414116,CHC
40,11,3,15,380414118,TEX
38,8,3,7,380414118,HOU
38,13,3,3,380414130,PHI
31,8,3,4,380414130,TB
35,9,1,13,380414121,MIL
28,3,2,10,380414121,NYM
30,5,2,4,380414128,PIT
33,6,3,3,380414128,MIA
36,9,2,11,380414107,LAA
32,6,5,11,380414107,KC
34,9,3,11,380414125,SF
34,11,4,9,380414125,SD
36,10,3,11,380414112,OAK
42,17,2,7,380414112,SEA
36,10,2,7,380414119,ARI
34,8,2,5,380414119,LAD
30,3,3,14,380415102,BAL
34,10,2,8,380415102,BOS
29,5,2,6,380415117,STL
31,5,4,13,380415117,CIN
33,4,5,16,380415121,MIL
34,7,6,11,380415121,NYM
37,13,1,11,380415128,PIT
35,7,0,13,380415128,MIA
36,8,6,8,380415130,PHI
38,11,2,10,380415130,TB
33,6,1,10,380415120,COL
28,5,10,10,380415120,WSH
33,7,0,10,380415112,OAK
28,2,3,5,380415112,SEA
32,4,1,14,380415119,ARI
32,8,7,13,380415119,LAD
32,7,1,12,380415125,SF
35,11,7,12,380415125,SD
35,5,1,12,380415118,TEX
33,3,2,10,380415118,HOU
33,5,4,13,380416110,MIA
38,15,8,11,380416110,NYY
32,7,4,3,380416123,COL
29,4,2,10,380416123,PIT
36,10,4,13,380416121,WSH
34,10,4,6,380416121,NYM
34,8,1,11,380416130,TEX
37,13,4,8,380416130,TB
32,6,6,11,380416115,PHI
25,4,1,3,380416115,ATL
39,14,4,7,380416108,CIN
33,7,4,11,380416108,MIL
31,6,1,8,380416111,CHW
32,8,7,11,380416111,OAK
30,3,4,10,380416112,HOU
30,6,1,6,380416112,SEA
36,9,7,11,380416125,LAD
32,6,1,12,380416125,SD
35,11,1,7,380417214,KC
36,13,3,10,380417214,TOR
35,10,3,11,380417110,MIA
30,4,7,10,380417110,NYY
31,6,5,12,380417106,BAL
31,9,5,7,380417106,DET
31,5,4,7,380417123,COL
30,5,2,4,380417123,PIT
40,10,4,8,380417314,KC
36,9,7,13,380417314,TOR
39,12,1,9,380417109,CLE
34,6,4,9,380417109,MIN
34,10,5,4,380417121,WSH
36,11,3,12,380417121,NYM
37,12,4,5,380417130,TEX
31,7,2,8,380417130,TB
34,8,10,13,380417115,PHI
38,8,4,6,380417115,ATL
30,3,3,11,380417108,CIN
31,8,2,6,380417108,MIL
34,7,10,14,380417116,STL
32,6,6,9,380417116,CHC
28,1,1,8,380417129,SF
26,3,1,12,380417129,ARI
34,8,3,14,380417111,CHW
33,13,6,8,380417111,OAK
38,15,5,3,380417103,BOS
30,4,6,10,380417103,LAA
34,9,5,8,380417112,HOU
29,3,1,14,380417112,SEA
46,11,6,8,380417125,LAD
41,5,7,20,380417125,SD
34,7,3,9,380418123,COL
36,13,4,8,380418123,PIT
33,7,4,10,380418106,BAL
36,13,0,7,380418106,DET
32,6,3,11,380418130,TEX
33,9,0,6,380418130,TB
31,3,3,5,380418108,CIN
29,8,5,8,380418108,MIL
58,17,6,11,380418111,CHW
54,16,12,13,380418111,OAK
36,8,3,10,380418114,KC
40,15,7,9,380418114,TOR
58,12,2,12,380418109,CLE
59,13,2,15,380418109,MIN
30,5,1,12,380418121,WSH
32,8,6,7,380418121,NYM
31,6,4,10,380418115,PHI
33,11,2,10,380418115,ATL
37,9,5,13,380418129,SF
39,10,3,10,380418129,ARI
41,14,3,12,380418103,BOS
33,6,1,8,380418103,LAA
38,12,1,10,380418112,HOU
30,5,2,8,380418112,SEA
44,18,3,11,380418125,LAD
34,8,3,13,380418125,SD
39,14,3,11,380419106,BAL
42,18,2,7,380419106,DET
32,5,4,11,380419116,STL
35,14,3,6,380419116,CHC
34,12,5,11,380419112,HOU
34,7,1,10,380419112,SEA
34,6,3,9,380419110,TOR
30,8,4,3,380419110,NYY
29,2,2,13,380419122,PIT
32,9,5,16,380419122,PHI
31,6,3,8,380419115,NYM
34,13,5,5,380419115,ATL
30,5,3,6,380419108,MIA
36,13,7,6,380419108,MIL
31,5,1,6,380419129,SF
30,7,3,4,380419129,ARI
37,14,3,5,380419103,BOS
32,4,3,9,380419103,LAA
41,12,1,7,380420206,KC
31,6,2,4,380420206,DET
32,6,3,12,380420101,CLE
29,6,3,6,380420101,BAL
36,9,9,7,380420110,TOR
37,11,1,10,380420110,NYY
32,6,3,7,380420122,PIT
30,8,1,5,380420122,PHI
36,7,3,10,380420130,MIN
38,11,7,13,380420130,TB
34,6,6,11,380420306,KC
31,5,1,4,380420306,DET
39,9,6,12,380420115,NYM
41,8,3,12,380420115,ATL
38,14,2,9,380420113,SEA
31,6,3,11,380420113,TEX
39,13,4,9,380420104,HOU
28,2,3,8,380420104,CHW
33,6,4,10,380420108,MIA
33,10,8,14,380420108,MIL
32,9,2,5,380420124,CIN
31,8,7,7,380420124,STL
44,18,5,4,380420127,CHC
35,11,3,8,380420127,COL
33,5,2,6,380420129,SD
28,1,4,14,380420129,ARI
35,11,1,6,380420111,BOS
37,10,2,11,380420111,OAK
36,9,2,10,380420103,SF
31,5,4,6,380420103,LAA
36,10,3,6,380420119,WSH
32,6,4,12,380420119,LAD
31,4,3,9,380421110,TOR
32,9,7,9,380421110,NYY
37,11,1,1,380421106,KC
39,16,8,4,380421106,DET
29,7,6,7,380421124,CIN
32,8,2,5,380421124,STL
32,9,3,8,380421101,CLE
29,2,2,3,380421101,BAL
34,8,0,11,380421122,PIT
31,7,4,10,380421122,PHI
31,9,0,7,380421130,MIN
35,12,2,8,380421130,TB
36,13,7,8,380421104,HOU
31,4,4,9,380421104,CHW
34,9,1,8,380421108,MIA
29,7,4,5,380421108,MIL
34,7,4,7,380421115,NYM
32,8,5,14,380421115,ATL
37,13,2,5,380421113,SEA
36,10,8,9,380421113,TEX
31,6,2,7,380421127,CHC
28,5,7,8,380421127,COL
33,9,1,10,380421129,SD
32,10,5,10,380421129,ARI
28,0,2,10,380421111,BOS
31,7,2,10,380421111,OAK
34,7,3,17,380421103,SF
29,6,2,7,380421103,LAA
29,2,4,11,380421119,WSH
29,7,3,10,380421119,LAD
41,14,2,8,380422101,CLE
32,6,0,7,380422101,BAL
30,4,4,8,380422110,TOR
31,9,3,6,380422110,NYY
33,7,8,7,380422106,KC
32,8,2,6,380422106,DET
35,9,5,10,380422130,MIN
36,14,2,12,380422130,TB
40,7,4,11,380422122,PIT
38,8,5,12,380422122,PHI
37,10,7,7,380422104,HOU
31,9,2,5,380422104,CHW
30,6,2,11,380422108,MIA
29,4,4,14,380422108,MIL
33,5,0,8,380422124,CIN
32,12,7,6,380422124,STL
39,10,3,9,380422113,SEA
32,8,3,4,380422113,TEX
41,13,4,15,380422127,CHC
38,12,4,11,380422127,COL
34,6,1,10,380422111,BOS
31,9,1,6,380422111,OAK
39,13,2,9,380422103,SF
32,6,3,11,380422103,LAA
31,3,1,15,380422129,SD
29,6,4,6,380422129,ARI
33,9,3,9,380422119,WSH
26,5,4,8,380422119,LAD
34,7,1,7,380423117,ATL
34,10,8,11,380423117,CIN
32,6,3,8,380423110,MIN
37,13,7,8,380423110,NYY
31,4,1,7,380423101,CLE
32,7,2,11,380423101,BAL
38,14,7,4,380423113,OAK
32,7,2,9,380423113,TEX
33,9,1,4,380423104,SEA
41,18,0,7,380423104,CHW
30,4,3,9,380423118,LAA
32,7,2,6,380423118,HOU
43,16,6,9,380423127,SD
34,9,2,6,380423127,COL
32,6,5,8,380423119,MIA
29,6,2,11,380423119,LAD
31,5,4,8,380423126,WSH
31,6,3,7,380423126,SF
32,5,1,5,380424104,SEA
32,5,1,12,380424104,CHW
42,15,1,9,380424105,CHC
31,9,6,10,380424105,CLE
32,5,3,9,380424110,MIN
35,10,3,13,380424110,NYY
46,11,4,15,380424117,ATL
42,12,4,7,380424117,CIN
35,11,6,12,380424122,ARI
32,7,4,16,380424122,PHI
37,9,2,14,380424114,BOS
34,5,3,11,380424114,TOR
33,8,4,8,380424113,OAK
31,6,2,8,380424113,TEX
33,8,6,8,380424118,LAA
38,14,7,11,380424118,HOU
34,12,4,3,380424107,MIL
30,6,4,4,380424107,KC
33,6,8,9,380424124,NYM
38,10,4,9,380424124,STL
30,4,2,12,380424127,SD
31,9,5,10,380424127,COL
35,8,1,12,380424119,MIA
32,5,5,7,380424119,LAD
30,6,3,6,380424126,WSH
30,7,3,4,380424126,SF
35,8,6,7,380425104,SEA
33,7,2,12,380425104,CHW
31,4,0,11,380425118,LAA
28,5,4,8,380425118,HOU
28,4,4,16,380425127,SD
31,9,4,11,380425127,COL
46,18,6,6,380425126,WSH
34,7,3,11,380425126,SF
48,20,3,11,380425223,DET
42,14,4,6,380425223,PIT
36,10,6,9,380425110,MIN
32,11,7,8,380425110,NYY
40,13,2,8,380425117,ATL
37,12,4,3,380425117,CIN
33,5,3,11,380425105,CHC
29,6,3,4,380425105,CLE
38,14,2,4,380425101,TB
32,5,3,10,380425101,BAL
30,5,4,6,380425122,ARI
30,10,1,11,380425122,PHI
33,6,6,10,380425114,BOS
34,6,1,5,380425114,TOR
40,11,7,15,380425119,MIA
36,9,4,12,380425119,LAD
31,4,3,8,380425113,OAK
32,8,5,11,380425113,TEX
35,8,3,3,380425107,MIL
33,7,2,7,380425107,KC
34,7,1,12,380425124,NYM
31,7,2,7,380425124,STL
32,7,2,9,380425323,DET
38,15,6,7,380425323,PIT
37,13,2,4,380426117,ATL
33,6,4,10,380426117,CIN
34,8,1,5,380426123,DET
30,6,2,11,380426123,PIT
35,8,4,12,380426110,MIN
28,5,3,12,380426110,NYY
36,11,7,10,380426122,ARI
33,9,2,7,380426122,PHI
47,9,2,8,380426124,NYM
47,11,2,11,380426124,STL
35,10,2,6,380426105,SEA
34,7,4,14,380426105,CLE
39,13,1,10,380426101,TB
39,16,1,9,380426101,BAL
33,8,3,9,380426114,BOS
32,6,4,8,380426114,TOR
31,6,0,6,380426116,MIL
28,7,1,3,380426116,CHC
35,9,2,6,380426107,CHW
38,12,2,6,380426107,KC
30,4,4,10,380427116,MIL
30,7,1,6,380427116,CHC
29,2,2,7,380427101,DET
32,8,1,5,380427101,BAL
31,6,2,8,380427120,ARI
37,11,3,11,380427120,WSH
36,9,1,8,380427122,ATL
30,9,4,6,380427122,PHI
37,7,5,11,380427123,STL
42,11,4,11,380427123,PIT
34,10,2,7,380427114,TEX
36,10,1,5,380427114,TOR
33,10,3,5,380427102,TB
34,8,1,11,380427102,BOS
32,6,3,10,380427105,SEA
36,13,0,9,380427105,CLE
30,7,6,8,380427128,COL
33,6,4,10,380427128,MIA
45,20,6,8,380427109,CIN
39,14,6,9,380427109,MIN
36,10,0,7,380427118,OAK
32,5,1,8,380427118,HOU
42,12,1,6,380427107,CHW
44,12,1,4,380427107,KC
34,7,4,13,380427103,NYY
34,6,1,9,380427103,LAA
33,9,4,7,380427125,NYM
29,6,4,8,380427125,SD
33,8,7,7,380427126,LAD
32,9,3,9,380427126,SF
32,6,5,4,380428109,CIN
31,8,3,6,380428109,MIN
40,15,3,8,380428207,CHW
32,6,3,5,380428207,KC
29,2,1,10,380428116,MIL
28,6,2,9,380428116,CHC
43,18,5,9,380428102,TB
38,12,3,14,380428102,BOS
37,9,4,7,380428120,ARI
36,8,3,10,380428120,WSH
46,20,6,8,380428226,LAD
39,12,3,10,380428226,SF
36,9,5,12,380428114,TEX
34,7,1,4,380428114,TOR
38,12,3,6,380428105,SEA
32,6,2,10,380428105,CLE
34,9,5,7,380428122,ATL
31,5,5,11,380428122,PHI
41,13,4,10,380428101,DET
33,8,5,4,380428101,BAL
31,5,2,5,380428123,STL
29,9,7,3,380428123,PIT
28,3,1,8,380428118,OAK
34,13,6,6,380428118,HOU
30,4,2,8,380428128,COL
32,8,3,7,380428128,MIA
31,6,1,11,380428307,CHW
31,8,7,7,380428307,KC
31,4,2,9,380428125,NYM
38,13,4,10,380428125,SD
43,14,5,10,380428103,NYY
33,7,3,12,380428103,LAA
30,5,5,6,380428326,LAD
33,9,4,7,380428326,SF
34,8,3,11,380429101,DET
32,8,5,9,380429101,BAL
35,10,0,9,380429102,TB
30,7,3,7,380429102,BOS
32,6,0,12,380429114,TEX
28,9,5,5,380429114,TOR
42,14,1,7,380429105,SEA
34,8,3,9,380429105,CLE
30,4,1,14,380429128,COL
27,5,3,6,380429128,MIA
32,8,2,10,380429120,ARI
31,7,5,4,380429120,WSH
39,11,6,10,380429122,ATL
31,5,5,13,380429122,PHI
29,3,1,11,380429123,STL
34,10,3,8,380429123,PIT
41,14,4,6,380429109,CIN
34,8,3,9,380429109,MIN
35,9,0,14,380429118,OAK
29,7,3,7,380429118,HOU
36,10,5,6,380429107,CHW
33,12,4,7,380429107,KC
27,2,4,6,380429116,MIL
28,5,2,5,380429116,CHC
45,19,7,7,380429125,NYM
38,11,2,12,380429125,SD
33,8,1,6,380429126,LAD
28,6,5,5,380429126,SF
31,4,3,13,380429103,NYY
34,6,3,7,380429103,LAA
35,9,5,14,380430105,TEX
35,12,4,11,380430105,CLE
33,7,4,9,380430116,COL
29,6,2,7,380430116,CHC
30,6,2,4,380430120,PIT
32,9,3,7,380430120,WSH
35,9,3,13,380430102,KC
37,13,3,3,380430102,BOS
31,4,2,7,380430106,TB
30,5,2,7,380430106,DET
35,9,5,4,380430117,MIL
31,7,5,12,380430117,CIN
33,8,6,4,380430128,PHI
35,13,2,6,380430128,MIA
38,10,6,7,380430109,TOR
37,10,4,5,380430109,MIN
29,3,3,14,380430118,NYY
28,5,3,5,380430118,HOU
33,7,1,11,380430129,LAD
37,13,5,6,380430129,ARI
36,10,5,6,380430126,SD
36,10,5,10,380430126,SF
51,15,2,16,380501105,TEX
48,13,3,7,380501105,CLE
35,8,3,11,380501120,PIT
35,10,4,6,380501120,WSH
51,15,3,11,380501102,KC
51,12,2,10,380501102,BOS
33,8,1,12,380501106,TB
30,7,2,7,380501106,DET
33,9,2,7,380501117,MIL
35,11,6,6,380501117,CIN
40,15,1,5,380501121,ATL
35,9,1,9,380501121,NYM
37,8,3,9,380501128,PHI
34,7,1,8,380501128,MIA
30,4,2,7,380501116,COL
30,3,2,9,380501116,CHC
38,10,7,12,380501109,TOR
37,8,1,6,380501109,MIN
34,7,0,15,380501118,NYY
32,6,1,13,380501118,HOU
33,6,4,7,380501124,CHW
29,7,2,5,380501124,STL
30,4,7,7,380501129,LAD
34,10,3,9,380501129,ARI
31,4,2,6,380501103,BAL
35,10,4,3,380501103,LAA
29,4,6,13,380501112,OAK
32,9,5,8,380501112,SEA
29,5,1,6,380501126,SD
33,6,5,10,380501126,SF
33,10,2,10,380502102,KC
32,10,1,6,380502102,BOS
33,8,1,7,380502105,TEX
38,15,2,5,380502105,CLE
40,8,4,11,380502106,TB
40,9,1,8,380502106,DET
30,6,3,9,380502109,TOR
32,9,3,7,380502109,MIN
30,6,3,7,380502124,CHW
25,4,3,7,380502124,STL
43,15,5,11,380502116,COL
31,4,2,10,380502116,CHC
34,8,4,9,380502126,SD
38,14,4,8,380502126,SF
35,9,2,12,380502120,PIT
38,14,3,10,380502120,WSH
39,12,1,11,380502117,MIL
30,4,5,4,380502117,CIN
38,11,0,10,380502121,ATL
30,3,1,10,380502121,NYM
38,12,1,7,380502128,PHI
29,5,1,7,380502128,MIA
36,9,1,7,380502118,NYY
32,5,1,10,380502118,HOU
29,6,3,6,380502129,LAD
32,6,4,11,380502129,ARI
34,10,4,6,380502103,BAL
33,9,5,8,380502103,LAA
35,8,1,16,380502112,OAK
35,9,3,8,380502112,SEA
32,5,0,5,380503120,PIT
27,4,2,4,380503120,WSH
39,15,5,5,380503121,ATL
30,3,3,10,380503121,NYM
49,17,9,14,380503205,TOR
46,16,5,11,380503205,CLE
33,8,4,9,380503118,NYY
37,9,0,9,380503118,HOU
41,15,3,11,380503107,DET
36,13,3,4,380503107,KC
32,7,4,8,380503129,LAD
33,6,2,9,380503129,ARI
36,9,4,6,380503113,BOS
35,11,3,9,380503113,TEX
33,7,2,3,380503104,MIN
30,7,2,14,380503104,CHW
35,8,2,7,380503305,TOR
39,16,8,8,380503305,CLE
34,8,2,5,380503103,BAL
36,15,3,7,380503103,LAA
31,6,1,9,380503112,OAK
29,7,0,6,380503112,SEA
36,10,1,12,380504110,CLE
37,11,6,5,380504110,NYY
34,7,2,9,380504120,PHI
32,9,7,8,380504120,WSH
29,5,3,4,380504117,MIA
30,7,7,6,380504117,CIN
37,11,4,6,380504121,COL
39,12,3,12,380504121,NYM
31,4,1,9,380504130,TOR
32,10,4,7,380504130,TB
39,13,4,7,380504115,SF
32,8,3,8,380504115,ATL
34,7,1,7,380504113,BOS
30,4,1,12,380504113,TEX
37,12,4,11,380504104,MIN
36,9,3,5,380504104,CHW
34,9,6,5,380504108,PIT
35,9,3,12,380504108,MIL
34,9,2,8,380504107,DET
26,6,3,5,380504107,KC
38,10,0,5,380504124,CHC
31,9,5,7,380504124,STL
34,9,3,9,380504125,LAD
26,0,5,13,380504125,SD
41,14,4,8,380504129,HOU
28,1,1,16,380504129,ARI
35,9,2,11,380504111,BAL
37,11,3,10,380504111,OAK
36,11,7,10,380504112,LAA
29,5,1,11,380504112,SEA
32,5,2,13,380505110,CLE
28,4,3,11,380505110,NYY
42,12,2,6,380505124,CHC
34,7,7,9,380505124,STL
32,7,6,11,380505120,PHI
27,2,8,7,380505120,WSH
37,12,3,6,380505107,DET
34,5,3,10,380505107,KC
32,7,1,8,380505130,TOR
29,6,7,5,380505130,TB
36,11,8,8,380505104,MIN
36,11,0,11,380505104,CHW
30,4,4,9,380505108,PIT
31,9,6,5,380505108,MIL
42,18,2,8,380505115,SF
34,7,2,2,380505115,ATL
34,8,0,8,380505117,MIA
29,4,2,10,380505117,CIN
31,6,3,9,380505121,COL
32,6,2,3,380505121,NYM
33,10,5,10,380505125,LAD
30,9,5,10,380505125,SD
35,9,3,6,380505113,BOS
33,6,3,17,380505113,TEX
34,7,6,7,380505129,HOU
30,6,8,7,380505129,ARI
41,7,5,20,380505111,BAL
38,4,2,11,380505111,OAK
47,17,3,11,380505112,LAA
45,15,5,12,380505112,SEA
30,4,2,13,380506110,CLE
30,6,6,10,380506110,NYY
32,8,5,9,380506121,COL
31,5,3,13,380506121,NYM
34,7,1,8,380506130,TOR
31,8,5,7,380506130,TB
34,10,5,8,380506115,SF
35,9,2,7,380506115,ATL
36,9,2,18,380506120,PHI
29,7,6,6,380506120,WSH
32,4,3,6,380506104,MIN
30,5,2,12,380506104,CHW
39,13,4,9,380506108,PIT
28,2,2,14,380506108,MIL
36,10,2,8,380506107,DET
28,7,1,6,380506107,KC
36,10,2,7,380506113,BOS
32,5,1,14,380506113,TEX
37,9,3,12,380506125,LAD
33,11,3,8,380506125,SD
29,3,1,9,380506111,BAL
31,7,1,8,380506111,OAK
38,12,5,9,380506112,LAA
30,6,6,6,380506112,SEA
38,10,7,13,380506117,MIA
36,9,5,8,380506117,CIN
34,7,2,7,380506129,HOU
27,5,3,10,380506129,ARI
48,9,4,10,380506124,CHC
47,10,8,13,380506124,STL
32,6,4,12,380507122,SF
38,12,4,6,380507122,PHI
37,13,2,9,380507117,NYM
34,8,2,3,380507117,CIN
36,11,3,10,380507124,MIN
29,4,3,12,380507124,STL
41,13,3,9,380507113,DET
31,7,4,10,380507113,TEX
30,6,0,4,380507116,MIA
39,15,5,7,380507116,CHC
45,20,6,4,380507111,HOU
35,8,2,5,380507111,OAK
34,8,7,8,380507125,WSH
31,8,3,9,380507125,SD
35,10,3,4,380508124,MIN
27,2,2,7,380508124,STL
43,20,3,6,380508101,KC
40,14,4,8,380508101,BAL
35,8,0,14,380508110,BOS
29,6,5,8,380508110,NYY
32,6,1,17,380508122,SF
30,8,3,6,380508122,PHI
37,12,3,5,380508114,SEA
26,0,3,7,380508114,TOR
32,6,4,11,380508117,NYM
34,12,3,3,380508117,CIN
32,4,4,9,380508130,ATL
29,5,5,8,380508130,TB
32,6,2,10,380508108,CLE
32,8,2,5,380508108,MIL
34,9,3,5,380508113,DET
36,11,1,11,380508113,TEX
32,6,2,10,380508116,MIA
32,8,1,7,380508116,CHC
40,16,4,6,380508104,PIT
36,11,2,10,380508104,CHW
32,6,2,8,380508127,LAA
29,7,4,7,380508127,COL
37,12,2,5,380508111,HOU
29,6,4,7,380508111,OAK
45,12,5,11,380508119,ARI
43,9,7,11,380508119,LAD
33,9,1,10,380508125,WSH
29,3,1,8,380508125,SD
34,4,2,10,380509117,NYM
31,5,3,9,380509117,CIN
37,11,2,10,380509108,CLE
29,5,1,14,380509108,MIL
39,10,3,14,380509113,DET
27,7,7,8,380509113,TEX
34,7,2,9,380509104,PIT
35,10,3,8,380509104,CHW
34,8,4,7,380509116,MIA
39,17,4,9,380509116,CHC
37,12,5,4,380509127,LAA
34,8,2,14,380509127,COL
35,10,0,5,380509111,HOU
30,4,3,9,380509111,OAK
36,12,5,10,380509110,BOS
33,12,4,6,380509110,NYY
34,8,3,5,380509101,KC
32,9,2,3,380509101,BAL
34,9,3,11,380509122,SF
33,10,7,9,380509122,PHI
32,5,6,8,380509114,SEA
34,12,2,7,380509114,TOR
32,6,0,11,380509130,ATL
36,8,1,12,380509130,TB
32,8,2,12,380509125,WSH
30,8,5,8,380509125,SD
34,8,5,7,380509119,ARI
30,8,6,10,380509119,LAD
32,5,1,15,380510122,SF
34,11,3,9,380510122,PHI
34,10,5,5,380510101,KC
37,14,3,6,380510101,BAL
37,10,1,11,380510110,BOS
32,5,7,11,380510110,NYY
41,17,5,9,380510114,SEA
32,8,2,10,380510114,TOR
42,16,5,6,380510128,ATL
32,5,4,7,380510128,MIA
35,12,5,6,380510127,MIL
30,5,4,11,380510127,COL
40,9,1,6,380510129,WSH
40,8,2,9,380510129,ARI
32,8,3,9,380510103,MIN
32,12,2,2,380510103,LAA
36,9,0,9,380510119,CIN
31,4,4,7,380510119,LAD
32,8,1,11,380510125,STL
30,5,2,5,380510125,SD
29,5,7,8,380511116,CHW
39,15,7,11,380511116,CHC
40,15,1,7,380511101,TB
33,10,1,6,380511101,BAL
41,14,5,5,380511110,OAK
33,7,4,6,380511110,NYY
34,9,2,5,380511122,NYM
32,7,4,8,380511122,PHI
36,9,4,14,380511123,SF
36,15,3,9,380511123,PIT
42,6,4,12,380511114,BOS
41,8,3,19,380511114,TOR
43,15,4,8,380511105,KC
34,8,7,6,380511105,CLE
33,5,3,8,380511128,ATL
34,14,3,4,380511128,MIA
30,5,2,11,380511118,TEX
27,1,5,8,380511118,HOU
43,17,6,7,380511127,MIL
44,16,4,8,380511127,COL
33,7,1,4,380511129,WSH
32,5,0,14,380511129,ARI
33,9,3,11,380511103,MIN
36,10,2,8,380511103,LAA
36,10,5,7,380511119,CIN
32,5,1,9,380511119,LAD
37,13,5,3,380511125,STL
38,11,3,8,380511125,SD
35,6,8,11,380512110,OAK
43,11,9,10,380512110,NYY
35,8,4,9,380512116,CHW
33,9,8,4,380512116,CHC
35,8,0,5,380512201,TB
31,7,3,5,380512201,BAL
32,7,7,7,380512129,WSH
32,5,2,12,380512129,ARI
38,12,1,11,380512114,BOS
33,7,3,12,380512114,TOR
33,8,0,7,380512105,KC
33,9,3,9,380512105,CLE
30,4,5,7,380512206,SEA
32,12,2,5,380512206,DET
36,12,7,7,380512301,TB
30,4,2,7,380512301,BAL
35,10,5,8,380512123,SF
29,8,4,9,380512123,PIT
31,4,0,16,380512118,TEX
30,8,3,4,380512118,HOU
37,12,6,7,380512128,ATL
37,10,2,10,380512128,MIA
36,13,5,8,380512306,SEA
36,9,2,11,380512306,DET
32,5,4,10,380512127,MIL
33,9,2,5,380512127,COL
47,9,4,14,380512125,STL
42,7,5,14,380512125,SD
41,10,4,9,380512103,MIN
41,7,12,10,380512103,LAA
40,13,0,10,380512119,CIN
37,12,3,7,380512119,LAD
30,5,5,8,380513101,TB
44,19,5,5,380513101,BAL
35,8,3,12,380513110,OAK
35,12,4,6,380513110,NYY
33,8,5,7,380513114,BOS
35,10,5,11,380513114,TOR
36,9,1,7,380513105,KC
38,15,6,6,380513105,CLE
37,11,2,6,380513106,SEA
34,10,0,4,380513106,DET
34,8,3,8,380513128,ATL
30,4,4,10,380513128,MIA
34,11,3,8,380513122,NYM
29,8,7,7,380513122,PHI
39,13,1,7,380513123,SF
33,7,5,11,380513123,PIT
33,6,1,12,380513118,TEX
35,9,4,9,380513118,HOU
32,7,1,10,380513116,CHW
29,3,7,7,380513116,CHC
40,13,2,15,380513127,MIL
34,6,3,15,380513127,COL
33,7,4,13,380513103,MIN
30,7,5,8,380513103,LAA
36,9,6,7,380513119,CIN
32,5,0,12,380513119,LAD
31,6,3,12,380513125,STL
28,8,6,9,380513125,SD
36,9,2,8,380513129,WSH
35,9,1,12,380513129,ARI
36,9,8,9,380514116,ATL
33,8,4,2,380514116,CHC
32,8,0,7,380514107,TB
31,6,3,6,380514107,KC
37,11,0,7,380514102,OAK
36,9,1,4,380514102,BOS
35,7,3,8,380514106,CLE
32,8,5,6,380514106,DET
33,6,1,8,380514109,SEA
31,4,0,7,380514109,MIN
36,10,2,12,380514129,MIL
31,5,4,6,380514129,ARI
30,6,2,10,380514103,HOU
26,4,2,10,380514103,LAA
37,11,3,5,380514125,COL
34,8,3,8,380514125,SD
37,13,2,5,380514126,CIN
39,14,4,6,380514126,SF
28,1,2,13,380515125,COL
30,8,2,7,380515125,SD
33,9,4,9,380515120,NYY
31,8,1,7,380515120,WSH
34,7,0,9,380515123,CHW
34,10,3,8,380515123,PIT
34,9,3,5,380515102,OAK
38,10,1,6,380515102,BOS
39,13,8,5,380515106,CLE
34,10,3,6,380515106,DET
32,6,2,12,380515121,TOR
38,16,4,6,380515121,NYM
31,5,3,5,380515128,LAD
31,12,1,6,380515128,MIA
33,6,5,15,380515115,CHC
30,5,3,7,380515115,ATL
29,2,1,12,380515109,STL
32,9,1,5,380515109,MIN
34,10,3,9,380515107,TB
35,11,1,4,380515107,KC
32,5,1,10,380515129,MIL
25,3,4,7,380515129,ARI
34,7,1,7,380515103,HOU
32,8,2,12,380515103,LAA
44,12,5,7,380515112,TEX
44,15,4,12,380515112,SEA
32,7,1,9,380515126,CIN
35,11,1,8,380515126,SF
35,9,3,8,380516101,PHI
31,4,2,13,380516101,BAL
35,8,3,6,380516123,CHW
27,4,6,7,380516123,PIT
36,10,2,4,380516106,CLE
30,5,0,13,380516106,DET
38,13,6,10,380516109,STL
34,10,5,6,380516109,MIN
41,15,6,11,380516121,TOR
31,4,0,12,380516121,NYM
36,10,1,5,380516107,TB
32,8,4,8,380516107,KC
36,7,3,10,380516112,TEX
32,6,1,3,380516112,SEA
36,10,2,2,380516129,MIL
31,4,4,11,380516129,ARI
35,9,1,7,380516126,CIN
36,12,2,10,380516126,SF
31,5,5,13,380516102,OAK
32,9,2,6,380516102,BOS
37,10,1,7,380516128,LAD
34,11,4,9,380516128,MIA
33,8,2,11,380516115,CHC
28,7,7,5,380516115,ATL
32,5,1,7,380516103,HOU
32,5,1,7,380516103,LAA
36,10,7,7,380517128,LAD
31,4,0,11,380517128,MIA
34,9,2,12,380517123,SD
32,9,3,6,380517123,PIT
41,14,6,13,380517114,OAK
33,7,7,3,380517114,TOR
31,5,0,8,380517102,BAL
32,10,4,7,380517102,BOS
38,11,2,8,380517124,PHI
35,10,3,5,380517124,STL
32,6,3,9,380517104,TEX
31,8,3,5,380517104,CHW
39,14,4,10,380517103,TB
29,3,4,6,380517103,LAA
37,9,2,4,380517112,DET
32,7,2,14,380517112,SEA
44,9,6,8,380517126,COL
41,7,4,13,380517126,SF
32,6,2,8,380518123,SD
34,8,6,6,380518123,PIT
35,9,1,7,380518114,OAK
32,6,3,15,380518114,TOR
37,10,5,8,380518102,BAL
38,13,3,4,380518102,BOS
40,16,8,5,380518117,CHC
28,2,3,15,380518117,CIN
32,6,0,16,380518121,ARI
31,6,5,7,380518121,NYM
29,6,3,7,380518115,MIA
29,4,3,6,380518115,ATL
35,10,5,8,380518104,TEX
37,9,4,9,380518104,CHW
38,15,5,9,380518109,MIL
34,8,1,10,380518109,MIN
35,8,2,9,380518118,CLE
30,10,4,7,380518118,HOU
34,8,2,7,380518107,NYY
31,6,5,7,380518107,KC
34,7,2,9,380518124,PHI
36,15,5,4,380518124,STL
41,15,5,11,380518103,TB
33,6,5,12,380518103,LAA
33,7,3,6,380518112,DET
28,5,4,7,380518112,SEA
37,10,3,5,380518126,COL
30,5,2,9,380518126,SF
37,10,4,10,380519114,OAK
32,6,6,5,380519114,TOR
43,12,8,10,380519217,CHC
36,8,7,12,380519217,CIN
32,7,2,9,380519220,LAD
32,6,0,10,380519220,WSH
35,7,5,12,380519124,PHI
34,7,3,7,380519124,STL
34,9,3,6,380519126,COL
41,17,2,12,380519126,SF
31,7,4,6,380519118,CLE
35,9,0,12,380519118,HOU
36,10,1,7,380519123,SD
33,8,0,3,380519123,PIT
32,6,3,13,380519102,BAL
29,6,5,8,380519102,BOS
31,5,2,8,380519104,TEX
32,8,4,4,380519104,CHW
30,6,3,6,380519109,MIL
28,5,8,14,380519109,MIN
32,5,2,5,380519115,MIA
28,9,3,2,380519115,ATL
34,8,1,9,380519121,ARI
33,10,4,7,380519121,NYM
36,11,8,9,380519317,CHC
28,3,4,10,380519317,CIN
39,14,3,7,380519107,NYY
32,9,3,10,380519107,KC
36,10,4,15,380519320,LAD
31,4,4,8,380519320,WSH
32,5,7,10,380519103,TB
31,6,1,8,380519103,LAA
28,3,1,8,380519112,DET
32,10,3,5,380519112,SEA
41,13,0,10,380520102,BAL
36,12,5,8,380520102,BOS
37,11,5,5,380520114,OAK
29,4,4,5,380520114,TOR
35,10,6,7,380520117,CHC
29,3,3,13,380520117,CIN
31,6,1,11,380520121,ARI
32,8,1,4,380520121,NYM
38,12,6,8,380520115,MIA
37,12,6,7,380520115,ATL
33,7,6,9,380520120,LAD
31,4,3,10,380520120,WSH
37,9,0,7,380520123,SD
36,10,5,5,380520123,PIT
30,2,2,10,380520104,TEX
31,8,0,13,380520104,CHW
33,7,2,17,380520109,MIL
29,6,5,9,380520109,MIN
40,14,4,6,380520107,NYY
30,4,1,7,380520107,KC
29,2,3,14,380520124,PHI
32,10,1,8,380520124,STL
37,13,4,10,380520126,COL
34,13,3,5,380520126,SF
34,7,2,12,380520103,TB
25,4,8,7,380520103,LAA
41,10,1,12,380520112,DET
35,6,3,6,380520112,SEA
30,3,2,10,380520118,CLE
31,9,1,6,380520118,HOU
31,4,3,8,380521120,SD
37,15,2,4,380521120,WSH
32,5,1,9,380521122,ATL
31,8,3,7,380521122,PHI
31,5,4,10,380521121,MIA
32,9,1,4,380521121,NYM
29,3,4,6,380521108,ARI
30,6,0,11,380521108,MIL
39,12,3,8,380521113,NYY
31,5,5,6,380521113,TEX
31,5,3,12,380521104,BAL
35,10,5,9,380521104,CHW
29,3,2,9,380521109,DET
29,8,4,7,380521109,MIN
29,4,1,9,380521124,KC
33,10,1,10,380521124,STL
30,3,2,7,380521119,COL
29,3,3,7,380521119,LAD
36,11,10,5,380522116,CLE
36,10,3,9,380522116,CHC
31,7,1,10,380522120,SD
32,8,3,9,380522120,WSH
36,10,3,14,380522122,ATL
33,7,2,9,380522122,PHI
28,4,3,6,380522114,LAA
29,6,3,7,380522114,TOR
32,6,5,6,380522117,PIT
32,9,1,12,380522117,CIN
36,9,2,11,380522121,MIA
28,4,3,8,380522121,NYM
31,7,4,5,380522130,BOS
31,6,3,11,380522130,TB
25,3,7,10,380522108,ARI
26,4,3,8,380522108,MIL
34,7,2,8,380522113,NYY
28,6,8,12,380522113,TEX
32,7,3,9,380522104,BAL
36,13,2,13,380522104,CHW
33,7,1,8,380522109,DET
28,7,4,4,380522109,MIN
31,7,4,10,380522118,SF
33,13,6,6,380522118,HOU
35,10,4,9,380522124,KC
34,11,0,8,380522124,STL
34,7,2,7,380522119,COL
30,6,3,6,380522119,LAD
35,6,4,10,380522111,SEA
37,7,0,7,380522111,OAK
31,4,2,12,380523108,ARI
32,10,8,8,380523108,MIL
34,10,2,6,380523109,DET
30,5,4,8,380523109,MIN
35,8,2,10,380523124,KC
35,6,2,12,380523124,STL
32,6,1,13,380523118,SF
29,5,5,2,380523118,HOU
33,8,2,9,380523120,SD
33,7,1,12,380523120,WSH
43,14,1,9,380523113,NYY
36,11,5,9,380523113,TEX
33,8,2,9,380523122,ATL
31,8,5,8,380523122,PHI
36,9,9,6,380523114,LAA
35,9,2,10,380523114,TOR
50,15,6,7,380523117,PIT
46,11,5,11,380523117,CIN
36,9,3,10,380523121,MIA
32,6,3,6,380523121,NYM
29,5,6,11,380523130,BOS
29,3,3,13,380523130,TB
32,9,1,8,380523116,CLE
29,3,4,6,380523116,CHC
34,6,1,9,380523104,BAL
35,12,6,8,380523104,CHW
33,6,3,7,380523111,SEA
29,3,2,10,380523111,OAK
29,4,4,15,380523119,COL
26,6,3,3,380523119,LAD
33,7,2,10,380524117,PIT
32,8,3,6,380524117,CIN
39,12,4,6,380524114,LAA
30,5,1,8,380524114,TOR
39,12,7,8,380524104,BAL
29,2,1,14,380524104,CHW
32,10,4,8,380524111,SEA
28,5,1,5,380524111,OAK
36,12,3,9,380524105,HOU
32,7,3,8,380524105,CLE
33,7,2,11,380524130,BOS
33,12,4,5,380524130,TB
37,11,2,8,380524113,KC
29,5,3,8,380524113,TEX
38,13,4,5,380524108,NYM
30,5,3,5,380524108,MIL
31,4,3,11,380525116,SF
29,8,5,7,380525116,CHC
30,6,5,6,380525110,LAA
28,5,4,6,380525110,NYY
37,11,1,11,380525122,TOR
34,7,5,10,380525122,PHI
33,7,0,8,380525123,STL
35,12,1,9,380525123,PIT
34,7,4,12,380525102,ATL
29,7,3,5,380525102,BOS
42,16,2,7,380525105,HOU
37,10,2,9,380525105,CLE
37,11,3,8,380525106,CHW
29,9,3,4,380525106,DET
36,10,5,10,380525128,WSH
38,10,4,9,380525128,MIA
35,9,0,9,380525130,BAL
31,7,4,4,380525130,TB
37,10,3,8,380525113,KC
35,10,5,7,380525113,TEX
35,7,4,7,380525108,NYM
37,9,3,12,380525108,MIL
34,8,3,11,380525127,CIN
30,8,5,6,380525127,COL
39,12,5,5,380525111,ARI
32,5,2,10,380525111,OAK
31,4,0,12,380525112,MIN
27,5,2,9,380525112,SEA
32,6,0,15,380525119,SD
28,5,3,5,380525119,LAD
36,11,4,5,380526102,ATL
35,10,6,7,380526102,BOS
29,2,0,5,380526111,ARI
29,5,1,3,380526111,OAK
35,6,3,5,380526113,KC
33,8,4,6,380526113,TEX
28,3,3,12,380526122,TOR
30,6,0,5,380526122,PHI
33,11,1,9,380526123,STL
32,6,2,6,380526123,PIT
39,12,3,11,380526106,CHW
38,10,3,6,380526106,DET
38,12,5,11,380526108,NYM
43,19,8,9,380526108,MIL
34,7,4,8,380526128,WSH
31,6,2,7,380526128,MIA
30,3,1,11,380526130,BAL
32,11,6,8,380526130,TB
35,9,2,9,380526105,HOU
34,9,4,6,380526105,CLE
36,11,7,12,380526110,LAA
33,7,3,7,380526110,NYY
35,11,5,13,380526116,SF
32,7,3,7,380526116,CHC
36,11,3,4,380526127,CIN
32,11,5,6,380526127,COL
41,8,3,12,380526112,MIN
41,10,1,7,380526112,SEA
34,10,4,9,380526119,SD
35,8,5,8,380526119,LAD
36,9,6,10,380527102,ATL
30,4,4,10,380527102,BOS
29,4,5,10,380527110,LAA
29,5,6,10,380527110,NYY
54,12,2,18,380527105,HOU
50,13,3,15,380527105,CLE
32,5,1,10,380527106,CHW
29,6,3,5,380527106,DET
35,11,2,4,380527128,WSH
35,7,2,11,380527128,MIA
33,8,5,6,380527130,BAL
32,10,8,6,380527130,TB
33,8,5,13,380527122,TOR
32,6,3,10,380527122,PHI
35,8,5,9,380527123,STL
31,5,1,7,380527123,PIT
35,10,2,6,380527108,NYM
35,11,3,8,380527108,MIL
34,9,3,2,380527113,KC
34,9,3,11,380527113,TEX
33,9,5,7,380527127,CIN
37,14,2,8,380527127,COL
29,3,2,11,380527111,ARI
29,7,4,9,380527111,OAK
30,4,0,2,380527112,MIN
33,11,1,9,380527112,SEA
32,6,0,10,380527119,SD
32,10,2,5,380527119,LAD
35,9,8,8,380527116,SF
36,13,6,8,380527116,CHC
34,7,2,8,380528110,HOU
33,7,0,9,380528110,NYY
36,10,4,6,380528101,WSH
31,7,2,3,380528101,BAL
32,7,5,9,380528102,TOR
33,11,4,4,380528102,BOS
33,7,5,6,380528106,LAA
34,12,4,7,380528106,DET
31,7,5,12,380528215,NYM
31,8,4,10,380528215,ATL
37,12,5,7,380528123,CHC
28,2,0,7,380528123,PIT
32,6,1,11,380528108,STL
33,9,4,7,380528108,MIL
34,11,2,8,380528105,CHW
33,12,4,6,380528105,CLE
46,7,1,9,380528111,TB
44,7,5,12,380528111,OAK
28,5,5,7,380528112,TEX
28,6,2,2,380528112,SEA
37,15,2,7,380528125,MIA
32,6,1,4,380528125,SD
37,16,1,1,380528129,CIN
36,11,5,7,380528129,ARI
42,12,2,3,380528127,SF
37,11,3,10,380528127,COL
42,15,2,6,380528315,NYM
38,13,2,10,380528315,ATL
39,12,5,10,380528107,MIN
40,13,3,8,380528107,KC
33,7,2,10,380528119,PHI
31,7,2,11,380528119,LAD
32,7,4,9,380529105,CHW
37,15,0,5,380529105,CLE
37,12,2,9,380529101,WSH
33,9,0,9,380529101,BAL
39,10,5,10,380529110,HOU
43,14,2,17,380529110,NYY
40,14,4,7,380529123,CHC
40,13,0,8,380529123,PIT
34,8,2,7,380529102,TOR
35,13,2,4,380529102,BOS
37,14,5,6,380529106,LAA
36,10,1,7,380529106,DET
36,10,2,8,380529115,NYM
36,11,5,5,380529115,ATL
33,10,3,8,380529108,STL
29,3,4,8,380529108,MIL
33,10,3,8,400983705,STL
29,3,4,8,400983705,MIL
46,7,8,11,380529107,MIN
49,9,3,13,380529107,KC
36,12,1,5,380529127,SF
41,15,1,7,380529127,COL
32,7,2,10,380529129,CIN
27,4,4,7,380529129,ARI
33,10,2,9,380529111,TB
34,5,3,12,380529111,OAK
37,12,8,12,380529112,TEX
39,12,0,9,380529112,SEA
38,12,5,10,380529119,PHI
34,9,2,7,380529119,LAD
35,10,1,9,380529125,MIA
33,10,2,8,380529125,SD
33,6,2,10,380530102,TOR
34,11,1,8,380530102,BOS
30,5,2,12,380530105,CHW
36,13,4,5,380530105,CLE
33,8,3,13,380530108,STL
31,10,6,4,380530108,MIL
39,12,3,11,380530129,CIN
39,13,1,5,380530129,ARI
35,7,1,14,380530110,HOU
30,8,4,10,380530110,NYY
33,7,2,2,380530101,WSH
30,4,1,12,380530101,BAL
35,9,4,7,380530123,CHC
29,9,3,3,380530123,PIT
33,7,2,8,380530106,LAA
34,9,5,9,380530106,DET
34,9,5,4,380530115,NYM
32,5,2,2,380530115,ATL
37,11,5,9,380530107,MIN
39,16,2,6,380530107,KC
36,11,3,10,380530127,SF
36,11,2,4,380530127,COL
38,10,2,6,380530111,TB
28,1,2,7,380530111,OAK
35,11,7,11,380530112,TEX
38,13,2,11,380530112,SEA
35,8,2,13,380530119,PHI
35,13,4,10,380530119,LAD
31,4,1,6,380530125,MIA
30,6,5,9,380530125,SD
35,8,1,8,380531106,LAA
35,12,2,6,380531106,DET
33,7,3,7,380531111,TB
33,7,5,9,380531111,OAK
37,11,5,9,380531121,CHC
30,4,4,8,380531121,NYM
37,12,3,8,380531124,PIT
39,14,3,5,380531124,STL
30,5,2,7,380531115,WSH
28,7,6,5,380531115,ATL
31,6,1,12,380531119,PHI
30,2,1,9,380531119,LAD
37,12,3,5,380531109,CLE
37,12,2,10,380531109,MIN
33,6,3,7,380531118,BOS
28,7,5,9,380531118,HOU
36,10,2,11,380531125,MIA
35,10,7,11,380531125,SD
33,8,2,8,380531112,TEX
32,11,3,3,380531112,SEA
38,12,1,8,380601101,NYY
31,5,3,12,380601101,BAL
31,7,5,5,380601106,TOR
33,11,1,6,380601106,DET
41,17,2,7,380601121,CHC
32,6,6,7,380601121,NYM
28,2,1,11,380601115,WSH
32,9,1,10,380601115,ATL
31,5,8,6,380601104,MIL
32,11,2,3,380601104,CHW
33,7,1,8,380601109,CLE
33,9,5,5,380601109,MIN
34,7,2,11,380601118,BOS
35,12,3,6,380601118,HOU
41,16,5,11,380601107,OAK
32,8,0,4,380601107,KC
34,9,2,6,380601124,PIT
30,4,1,6,380601124,STL
35,12,6,6,380601127,LAD
39,13,2,6,380601127,COL
35,8,2,10,380601129,MIA
33,11,2,2,380601129,ARI
33,8,2,7,380601103,TEX
35,11,2,8,380601103,LAA
46,11,2,16,380601112,TB
46,11,3,8,380601112,SEA
34,8,7,4,380601125,CIN
33,7,3,9,380601125,SD
31,6,1,13,380601126,PHI
32,9,3,8,380601126,SF
34,10,2,7,380602104,MIL
32,5,2,10,380602104,CHW
35,9,3,4,380602107,OAK
29,8,3,10,380602107,KC
30,5,1,9,380602124,PIT
29,5,4,6,380602124,STL
40,13,1,12,380602101,NYY
37,11,2,12,380602101,BAL
32,6,2,4,380602106,TOR
32,9,3,10,380602106,DET
33,7,5,8,380602109,CLE
33,8,3,15,380602109,MIN
51,9,3,18,380602115,WSH
47,5,0,16,380602115,ATL
32,5,5,10,380602118,BOS
33,6,3,10,380602118,HOU
56,17,9,24,380602121,CHC
50,7,4,15,380602121,NYM
39,13,6,10,380602127,LAD
34,10,3,5,380602127,COL
33,8,2,12,380602125,CIN
33,12,2,4,380602125,SD
32,4,4,13,380602103,TEX
35,6,1,12,380602103,LAA
30,3,0,5,380602126,PHI
30,7,1,12,380602126,SF
30,5,2,8,380602112,TB
31,9,4,7,380602112,SEA
36,10,2,7,380602129,MIA
28,6,5,7,380602129,ARI
36,11,5,5,380603106,TOR
33,6,4,12,380603106,DET
29,5,3,9,380603121,CHC
29,3,4,8,380603121,NYM
30,3,2,8,380603115,WSH
31,7,4,3,380603115,ATL
32,6,3,9,380603104,MIL
31,7,4,10,380603104,CHW
31,6,4,10,380603109,CLE
34,11,4,4,380603109,MIN
34,8,3,10,380603107,OAK
29,3,3,6,380603107,KC
29,2,2,10,380603124,PIT
31,6,3,8,380603124,STL
39,11,2,8,380603127,LAD
34,8,3,12,380603127,COL
33,6,3,11,380603126,PHI
31,11,0,5,380603126,SF
31,5,7,10,380603103,TEX
28,4,0,2,380603103,LAA
31,5,1,8,380603112,TB
28,4,1,16,380603112,SEA
31,6,2,7,380603129,MIA
29,6,8,7,380603129,ARI
37,12,2,7,380603125,CIN
32,9,3,6,380603125,SD
39,15,1,13,380603118,BOS
32,5,4,8,380603118,HOU
34,7,6,7,380604210,NYY
35,6,0,11,380604210,DET
34,7,4,14,380604310,NYY
31,8,5,4,380604310,DET
33,7,3,11,380604126,ARI
34,11,3,8,380604126,SF
39,12,2,7,380604103,KC
34,14,6,3,380604103,LAA
36,9,2,7,380604125,ATL
35,13,5,4,380604125,SD
36,8,0,7,380605209,CHW
27,3,5,5,380605209,MIN
31,5,0,14,380605120,TB
29,4,1,8,380605120,WSH
33,7,2,11,380605123,LAD
33,7,1,8,380605123,PIT
34,9,2,9,380605114,NYY
30,3,1,9,380605114,TOR
28,3,3,6,380605102,DET
32,10,5,6,380605102,BOS
34,8,0,9,380605105,MIL
31,8,1,8,380605105,CLE
36,12,5,8,380605117,COL
42,17,1,10,380605117,CIN
29,6,2,7,380605121,BAL
29,3,3,9,380605121,NYM
35,9,5,7,380605309,CHW
34,10,3,4,380605309,MIN
37,10,3,6,380605113,OAK
31,8,6,5,380605113,TEX
35,9,6,7,380605116,PHI
33,8,2,3,380605116,CHC
35,8,1,7,380605118,SEA
33,9,1,6,380605118,HOU
33,9,9,10,380605124,MIA
36,12,1,5,380605124,STL
28,1,1,4,380605103,KC
29,7,1,6,380605103,LAA
44,18,5,3,380605125,ATL
28,4,5,9,380605125,SD
36,9,1,7,380605126,ARI
35,8,5,9,380605126,SF
33,7,2,8,380606120,TB
38,15,4,7,380606120,WSH
34,9,1,15,380606105,MIL
31,6,6,9,380606105,CLE
29,5,1,7,380606121,BAL
31,5,3,5,380606121,NYM
30,4,2,13,380606125,ATL
29,7,4,11,380606125,SD
38,10,6,13,380606126,ARI
38,11,2,12,380606126,SF
33,8,8,6,380606123,LAD
32,10,10,5,380606123,PIT
45,8,5,10,380606114,NYY
41,4,2,15,380606114,TOR
35,7,3,7,380606102,DET
35,12,0,3,380606102,BOS
35,8,3,9,380606117,COL
37,11,5,12,380606117,CIN
36,11,2,3,380606113,OAK
29,7,6,7,380606113,TEX
33,6,4,16,380606116,PHI
31,6,6,9,380606116,CHC
35,9,2,13,380606109,CHW
33,8,5,10,380606109,MIN
37,11,3,7,380606118,SEA
33,13,5,6,380606118,HOU
45,17,2,10,380606124,MIA
34,8,2,7,380606124,STL
33,8,5,13,380606103,KC
34,10,4,8,380606103,LAA
47,13,3,11,380607117,COL
42,10,5,9,380607117,CIN
38,13,4,10,380607123,LAD
34,9,2,8,380607123,PIT
31,6,0,10,380607109,CHW
32,9,3,6,380607109,MIN
32,4,2,8,380607124,MIA
34,11,1,6,380607124,STL
33,6,9,12,380607116,PHI
27,6,1,9,380607116,CHC
33,6,9,12,400983822,PHI
27,6,1,9,400983822,CHC
37,10,3,11,380607102,DET
33,7,5,8,380607102,BOS
36,7,3,11,380607114,BAL
38,12,5,6,380607114,TOR
33,8,3,10,380607130,SEA
35,10,1,4,380607130,TB
34,9,2,5,380607113,HOU
34,8,3,10,380607113,TEX
30,4,0,6,380607111,KC
32,9,1,8,380607111,OAK
33,9,2,4,380608116,PIT
29,9,2,11,380608116,CHC
40,15,0,7,380608120,SF
36,9,1,8,380608120,WSH
38,13,4,11,380608122,MIL
33,8,2,11,380608122,PHI
31,5,2,3,380608114,BAL
34,13,3,6,380608114,TOR
32,6,1,12,380608102,CHW
30,3,1,10,380608102,BOS
33,7,1,9,380608106,CLE
34,7,2,14,380608106,DET
37,8,6,8,380608117,STL
40,13,8,8,380608117,CIN
30,5,2,8,380608121,NYY
30,4,1,11,380608121,NYM
30,6,2,10,380608128,SD
30,8,9,9,380608128,MIA
34,8,3,8,380608130,SEA
33,8,0,5,380608130,TB
35,10,3,6,380608113,HOU
32,5,3,13,380608113,TEX
34,7,2,10,380608109,LAA
33,7,3,12,380608109,MIN
37,12,3,7,380608127,ARI
36,10,3,7,380608127,COL
34,7,2,7,380608111,KC
35,11,1,7,380608111,OAK
32,6,1,6,380608119,ATL
30,8,3,9,380608119,LAD
37,11,4,11,380609120,SF
33,10,5,5,380609120,WSH
40,13,3,7,380609122,MIL
31,6,3,8,380609122,PHI
38,8,7,9,380609114,BAL
39,12,3,7,380609114,TOR
31,6,2,6,380609109,LAA
33,7,1,10,380609109,MIN
28,1,2,8,380609116,PIT
29,6,4,6,380609116,CHC
31,6,4,11,380609102,CHW
33,8,2,11,380609102,BOS
31,4,2,7,380609111,KC
31,4,3,13,380609111,OAK
42,7,3,10,380609106,CLE
45,10,4,8,380609106,DET
34,7,5,11,380609117,STL
37,10,4,10,380609117,CIN
37,12,4,8,380609128,SD
34,7,2,11,380609128,MIA
35,10,4,4,380609130,SEA
32,10,2,7,380609130,TB
32,9,3,4,380609113,HOU
30,5,9,10,380609113,TEX
31,8,6,9,380609121,NYY
33,6,2,15,380609121,NYM
39,13,5,12,380609127,ARI
33,9,1,7,380609127,COL
40,14,0,10,380609119,ATL
31,6,3,10,380609119,LAD
35,8,4,12,380610102,CHW
34,7,5,9,380610102,BOS
33,7,2,12,380610114,BAL
43,19,3,10,380610114,TOR
38,14,2,7,380610106,CLE
32,5,0,10,380610106,DET
35,11,3,11,380610117,STL
26,5,11,10,380610117,CIN
31,8,1,8,380610128,SD
29,2,3,8,380610128,MIA
32,6,2,7,380610130,SEA
35,9,1,11,380610130,TB
35,8,1,14,380610122,MIL
28,4,4,6,380610122,PHI
34,8,5,7,380610109,LAA
33,10,5,6,380610109,MIN
35,9,6,8,380610116,PIT
31,4,2,10,380610116,CHC
38,12,3,6,380610113,HOU
41,16,1,10,380610113,TEX
36,10,6,11,380610127,ARI
34,8,2,10,380610127,COL
35,7,0,6,380610111,KC
29,7,5,7,380610111,OAK
32,5,4,9,380610120,SF
27,3,4,7,380610120,WSH
34,7,0,7,380610119,ATL
32,10,4,8,380610119,LAD
30,3,1,11,380610121,NYY
29,5,3,11,380610121,NYM
39,6,4,12,380611101,BOS
41,5,7,14,380611101,BAL
34,8,5,11,380611128,SF
31,8,2,5,380611128,MIA
32,8,2,9,380611130,TOR
32,9,3,7,380611130,TB
34,7,6,8,380611104,CLE
29,2,1,13,380611104,CHW
41,10,6,11,380611108,CHC
38,8,2,9,380611108,MIL
31,4,3,10,380611124,SD
34,12,0,4,380611124,STL
33,9,4,6,380611129,PIT
34,9,2,9,380611129,ARI
35,7,2,11,380611112,LAA
30,8,2,7,380611112,SEA
32,9,10,7,380612101,BOS
38,11,6,8,380612101,BAL
31,5,3,9,380612110,WSH
30,8,2,6,380612110,NYY
37,11,0,13,380612122,COL
27,4,5,12,380612122,PHI
32,7,3,7,380612106,MIN
34,7,5,10,380612106,DET
26,3,3,4,380612128,SF
28,6,3,6,380612128,MIA
32,5,2,6,380612130,TOR
29,7,4,5,380612130,TB
30,3,2,10,380612115,NYM
32,10,5,4,380612115,ATL
31,5,1,5,380612104,CLE
31,8,5,9,380612104,CHW
28,2,2,8,380612108,CHC
31,7,3,10,380612108,MIL
37,8,6,5,380612107,CIN
34,4,1,4,380612107,KC
33,7,0,9,380612124,SD
31,5,0,9,380612124,STL
36,12,4,7,380612129,PIT
34,11,6,11,380612129,ARI
37,12,5,4,380612111,HOU
33,7,3,9,380612111,OAK
34,6,4,8,380612112,LAA
34,14,1,6,380612112,SEA
34,8,5,5,380612119,TEX
39,16,3,9,380612119,LAD
28,2,3,7,380613115,NYM
31,8,0,8,380613115,ATL
31,5,4,5,380613130,TOR
31,5,4,9,380613130,TB
33,6,3,13,380613108,CHC
27,4,2,6,380613108,MIL
33,9,4,8,380613101,BOS
30,4,5,9,380613101,BAL
32,6,5,11,380613129,PIT
34,8,5,7,380613129,ARI
37,13,4,11,380613112,LAA
36,14,2,10,380613112,SEA
31,10,2,4,380613110,WSH
33,8,2,9,380613110,NYY
35,11,4,10,380613122,COL
34,7,1,9,380613122,PHI
31,4,3,10,380613106,MIN
36,12,1,8,380613106,DET
38,11,3,5,380613128,SF
32,10,5,9,380613128,MIA
38,14,0,8,380613104,CLE
27,4,2,12,380613104,CHW
36,9,0,3,380613107,CIN
30,5,3,1,380613107,KC
35,10,1,9,380613124,SD
33,8,0,7,380613124,STL
39,14,8,9,380613111,HOU
34,7,2,12,380613111,OAK
39,8,6,8,380613119,TEX
35,6,9,13,380613119,LAD
52,12,7,14,380614128,SF
58,15,2,8,380614128,MIA
29,3,2,9,380614122,COL
36,13,3,8,380614122,PHI
33,6,1,7,380614106,MIN
29,6,1,10,380614106,DET
34,6,4,7,380614104,CLE
33,7,1,15,380614104,CHW
38,13,4,3,380614111,HOU
32,5,0,9,380614111,OAK
31,6,3,15,380614110,TB
29,6,4,11,380614110,NYY
33,8,0,6,380614115,SD
28,5,2,6,380614115,ATL
30,4,2,9,380614129,NYM
29,8,4,8,380614129,ARI
34,8,2,7,380614112,BOS
29,6,2,9,380614112,SEA
35,8,3,11,380615101,MIA
28,3,1,6,380615101,BAL
28,4,5,10,380615110,TB
32,9,1,6,380615110,NYY
34,7,3,10,380615123,CIN
26,6,3,4,380615123,PIT
36,10,2,11,380615114,WSH
32,10,2,5,380615114,TOR
33,6,1,4,380615105,MIN
33,7,4,5,380615105,CLE
37,14,5,5,380615115,SD
34,6,3,11,380615115,ATL
39,13,3,6,380615113,COL
30,6,5,11,380615113,TEX
37,10,2,8,380615104,DET
36,12,2,6,380615104,CHW
32,8,2,6,380615108,PHI
38,13,4,7,380615108,MIL
36,12,2,5,380615107,HOU
31,5,4,14,380615107,KC
36,14,5,7,380615124,CHC
35,9,3,5,380615124,STL
36,9,5,5,380615111,LAA
35,10,3,11,380615111,OAK
33,7,3,10,380615129,NYM
34,12,4,10,380615129,ARI
38,10,5,6,380615112,BOS
34,10,3,11,380615112,SEA
31,4,0,8,380615119,SF
30,6,3,9,380615119,LAD
30,5,2,10,380616110,TB
32,8,3,7,380616110,NYY
37,10,5,13,380616104,DET
32,7,2,9,380616104,CHW
35,10,4,9,380616107,HOU
33,6,1,12,380616107,KC
34,8,2,9,380616101,MIA
36,11,3,5,380616101,BAL
32,6,3,6,380616111,LAA
30,6,3,8,380616111,OAK
31,5,3,9,380616113,COL
31,10,2,4,380616113,TEX
35,7,4,6,380616123,CIN
32,10,3,3,380616123,PIT
30,3,3,6,380616114,WSH
28,4,1,13,380616114,TOR
38,13,3,5,380616105,MIN
35,10,1,6,380616105,CLE
36,9,10,14,380616108,PHI
30,5,1,9,380616108,MIL
31,4,1,13,380616115,SD
29,5,0,7,380616115,ATL
28,2,0,12,380616112,BOS
29,6,2,6,380616112,SEA
30,4,4,6,380616119,SF
28,6,4,6,380616119,LAD
37,10,8,8,380616124,CHC
34,9,4,7,380616124,STL
36,10,4,8,380616129,NYM
34,6,1,8,380616129,ARI
36,9,4,8,380617101,MIA
38,14,2,7,380617101,BAL
38,13,3,12,380617114,WSH
38,15,2,4,380617114,TOR
35,10,3,11,380617105,MIN
31,7,4,11,380617105,CLE
31,6,3,17,380617115,SD
32,7,1,11,380617115,ATL
38,13,3,10,380617123,CIN
37,11,2,9,380617123,PIT
36,11,1,11,380617110,TB
33,7,4,12,380617110,NYY
31,6,5,7,380617104,DET
35,9,0,8,380617104,CHW
37,12,5,9,380617108,PHI
37,13,7,11,380617108,MIL
37,15,3,3,380617107,HOU
32,6,4,11,380617107,KC
41,15,3,9,380617113,COL
34,10,7,12,380617113,TEX
41,9,4,9,380617111,LAA
36,7,5,10,380617111,OAK
38,13,3,4,380617112,BOS
35,8,3,11,380617112,SEA
31,3,5,11,380617119,SF
30,4,1,8,380617119,LAD
34,9,5,8,380617129,NYM
33,7,4,9,380617129,ARI
30,4,3,9,380617124,CHC
32,10,4,6,380617124,STL
34,9,6,5,380618120,NYY
33,7,3,15,380618120,WSH
41,9,1,19,380618122,STL
37,8,5,8,380618122,PHI
29,2,2,10,380618123,MIL
28,7,3,4,380618123,PIT
32,6,2,10,380618105,CHW
32,9,7,6,380618105,CLE
30,4,5,12,380618118,TB
33,10,2,6,380618118,HOU
33,8,7,10,380618107,TEX
34,9,1,3,380618107,KC
41,15,5,9,380618127,NYM
31,5,2,8,380618127,COL
38,10,3,11,380618103,ARI
36,12,3,5,380618103,LAA
32,8,3,9,380618126,MIA
33,6,3,10,380618126,SF
30,6,8,10,380619216,LAD
35,8,8,11,380619216,CHC
30,2,0,12,380619110,SEA
34,11,1,8,380619110,NYY
32,7,5,6,380619120,BAL
35,14,5,4,380619120,WSH
34,8,3,11,380619122,STL
34,9,5,9,380619122,PHI
35,9,1,13,380619123,MIL
33,5,2,13,380619123,PIT
42,14,6,7,380619114,ATL
35,8,2,7,380619114,TOR
37,8,2,11,380619105,CHW
31,9,4,8,380619105,CLE
32,9,7,8,380619117,DET
37,13,6,9,380619117,CIN
37,9,7,9,380619316,LAD
35,8,4,10,380619316,CHC
35,8,4,10,380619109,BOS
28,5,3,11,380619109,MIN
35,8,2,13,380619118,TB
29,5,7,8,380619118,HOU
36,12,5,6,380619107,TEX
30,4,3,9,380619107,KC
32,9,4,10,380619127,NYM
37,16,4,6,380619127,COL
32,5,6,14,380619103,ARI
31,8,3,3,380619103,LAA
32,5,6,14,400983970,ARI
31,8,3,3,400983970,LAA
36,7,4,10,380619125,OAK
36,6,3,14,380619125,SD
34,8,2,11,380619126,MIA
33,11,6,5,380619126,SF
34,8,4,10,380620117,DET
33,10,4,10,380620117,CIN
35,8,0,9,380620114,ATL
30,8,5,8,380620114,TOR
34,7,3,8,380620122,STL
33,9,2,10,380620122,PHI
29,2,3,10,380620105,CHW
36,12,8,8,380620105,CLE
31,6,3,2,380620116,LAD
32,12,1,7,380620116,CHC
41,15,4,10,380620125,OAK
35,9,4,11,380620125,SD
36,13,2,9,380620126,MIA
33,10,3,7,380620126,SF
35,10,3,7,380620110,SEA
35,11,2,11,380620110,NYY
33,8,0,8,380620120,BAL
32,5,4,9,380620120,WSH
30,4,5,5,380620109,BOS
31,8,2,6,380620109,MIN
30,4,5,7,380620118,TB
33,11,1,6,380620118,HOU
31,6,7,7,380620107,TEX
31,7,2,2,380620107,KC
37,13,9,6,380620127,NYM
36,12,5,9,380620127,COL
32,9,3,9,380621110,SEA
32,8,4,11,380621110,NYY
42,16,4,9,380621109,BOS
29,4,1,5,380621109,MIN
31,11,4,6,380621127,NYM
31,9,4,9,380621127,COL
32,5,1,9,380621120,BAL
28,8,4,5,380621120,WSH
36,10,5,4,380621123,ARI
32,8,4,6,380621123,PIT
34,8,3,9,380621117,CHC
29,7,4,5,380621117,CIN
33,7,2,6,380621108,STL
37,12,4,5,380621108,MIL
35,9,1,11,380621103,TOR
32,9,6,10,380621103,LAA
31,4,2,9,380621126,SD
28,6,4,4,380621126,SF
39,11,2,7,380622204,OAK
35,8,0,9,380622204,CHW
41,15,8,13,380622120,PHI
33,8,2,7,380622120,WSH
47,8,2,13,380622123,ARI
42,4,6,17,380622123,PIT
39,14,3,10,380622102,SEA
43,20,3,5,380622102,BOS
31,5,1,10,380622105,DET
34,8,5,7,380622105,CLE
31,4,1,10,380622117,CHC
34,12,4,4,380622117,CIN
31,6,3,8,380622121,LAD
35,8,1,10,380622121,NYM
31,5,6,7,380622130,NYY
31,10,4,7,380622130,TB
54,15,5,11,380622115,BAL
56,14,6,11,380622115,ATL
34,8,3,11,380622304,OAK
35,10,2,7,380622304,CHW
30,3,4,15,380622108,STL
28,3,3,15,380622108,MIL
35,11,4,6,380622109,TEX
28,3,2,5,380622109,MIN
36,9,4,11,380622118,KC
28,2,7,7,380622118,HOU
38,10,1,14,380622127,MIA
37,15,4,8,380622127,COL
36,9,0,5,380622103,TOR
26,3,2,7,380622103,LAA
36,12,3,5,380622126,SD
32,5,1,8,380622126,SF
33,9,6,5,380623104,OAK
36,8,2,11,380623104,CHW
37,10,2,12,380623109,TEX
37,11,4,9,380623109,MIN
36,9,4,9,380623127,MIA
28,4,2,10,380623127,COL
33,10,4,7,380623120,PHI
32,6,3,7,380623120,WSH
36,10,5,8,380623123,ARI
34,7,0,8,380623123,PIT
33,11,3,6,380623126,SD
31,8,2,8,380623126,SF
30,4,5,13,380623108,STL
29,6,2,6,380623108,MIL
34,7,3,12,380623115,BAL
37,12,6,11,380623115,ATL
30,6,5,3,380623117,CHC
34,11,6,10,380623117,CIN
29,4,2,8,380623130,NYY
32,9,3,10,380623130,TB
31,5,3,16,380623105,DET
29,6,3,7,380623105,CLE
42,14,3,6,380623102,SEA
33,6,2,7,380623102,BOS
40,5,2,16,380623118,KC
39,8,7,8,380623118,HOU
36,9,6,9,380623121,LAD
36,10,2,11,380623121,NYM
31,8,7,7,380623103,TOR
34,9,1,11,380623103,LAA
30,4,1,13,380624102,SEA
30,8,0,8,380624102,BOS
33,6,0,7,380624105,DET
41,19,3,7,380624105,CLE
36,10,1,11,380624117,CHC
34,11,6,8,380624117,CIN
44,13,2,9,380624121,LAD
42,9,3,9,380624121,NYM
45,10,5,8,380624130,NYY
43,10,4,11,380624130,TB
31,6,1,5,380624115,BAL
34,11,2,8,380624115,ATL
32,6,1,7,380624123,ARI
30,5,0,9,380624123,PIT
31,7,3,3,380624104,OAK
34,12,1,7,380624104,CHW
35,10,8,11,380624108,STL
34,6,2,14,380624108,MIL
29,3,2,15,380624109,TEX
31,8,1,7,380624109,MIN
32,5,4,12,380624118,KC
33,9,7,4,380624118,HOU
39,12,4,11,380624127,MIA
33,6,2,9,380624127,COL
38,6,3,10,380624126,SD
39,9,2,10,380624126,SF
43,13,1,11,380624103,TOR
41,10,1,9,380624103,LAA
34,9,4,5,380624120,PHI
39,17,4,8,380624120,WSH
37,12,3,6,380625106,OAK
37,10,0,10,380625106,DET
29,3,2,9,380625107,LAA
28,9,3,9,380625107,KC
32,7,10,6,380625101,SEA
31,4,3,8,380625101,BAL
33,7,6,12,380625122,NYY
30,3,5,15,380625122,PHI
35,8,5,7,380625121,PIT
32,6,6,11,380625121,NYM
33,6,1,7,380625128,ARI
35,11,4,11,380625128,MIA
28,2,4,11,380625130,WSH
37,12,6,10,380625130,TB
37,6,8,5,380625115,CIN
38,10,7,6,380625115,ATL
36,11,1,8,380625113,SD
34,12,3,8,380625113,TEX
36,9,3,11,380625118,TOR
35,8,4,9,380625118,HOU
29,4,6,6,380625124,CLE
33,11,2,5,380625124,STL
31,7,1,9,380625119,CHC
27,5,3,4,380625119,LAD
29,3,4,12,380626130,WSH
28,5,4,5,380626130,TB
34,9,2,7,380626101,SEA
32,8,1,11,380626101,BAL
36,10,2,8,380626122,NYY
32,6,1,10,380626122,PHI
32,5,2,10,380626102,LAA
38,14,4,5,380626102,BOS
38,11,5,7,380626106,OAK
38,12,7,6,380626106,DET
37,8,2,7,380626121,PIT
36,8,3,10,380626121,NYM
35,8,6,11,380626128,ARI
36,9,5,9,380626128,MIA
37,10,5,9,380626115,CIN
34,10,3,4,380626115,ATL
31,7,5,11,380626113,SD
35,8,3,11,380626113,TEX
31,6,1,7,380626104,MIN
37,12,3,14,380626104,CHW
30,3,3,11,380626108,KC
33,9,4,9,380626108,MIL
31,5,3,15,380626118,TOR
34,12,5,4,380626118,HOU
33,6,1,9,380626124,CLE
36,13,2,7,380626124,STL
42,15,5,9,380626119,CHC
32,6,3,11,380626119,LAD
33,9,3,10,380626126,COL
29,7,7,6,380626126,SF
37,11,4,8,380627115,CIN
34,7,2,10,380627115,ATL
33,8,2,6,380627108,KC
34,9,4,9,380627108,MIL
34,10,3,6,380627118,TOR
35,11,2,7,380627118,HOU
34,10,3,6,400984093,TOR
35,11,2,7,400984093,HOU
45,14,3,3,380627101,SEA
45,13,0,5,380627101,BAL
30,4,2,9,380627122,NYY
31,8,2,10,380627122,PHI
40,11,4,11,380627102,LAA
36,12,5,5,380627102,BOS
37,9,2,7,380627106,OAK
29,3,5,6,380627106,DET
36,12,2,10,380627121,PIT
30,6,1,5,380627121,NYM
32,6,2,7,380627128,ARI
29,3,3,10,380627128,MIA
31,4,2,9,380627113,SD
34,12,2,4,380627113,TEX
32,5,4,7,380627104,MIN
34,12,1,9,380627104,CHW
36,9,3,9,380627124,CLE
33,6,1,8,380627124,STL
36,10,1,8,380627119,CHC
36,12,7,6,380627119,LAD
29,2,2,9,380627126,COL
31,5,2,4,380627126,SF
34,11,4,4,380628128,ARI
36,10,0,8,380628128,MIA
36,10,0,5,380628106,OAK
31,5,2,6,380628106,DET
45,7,8,7,380628104,MIN
47,10,5,16,380628104,CHW
40,12,1,9,380628101,SEA
35,6,3,8,380628101,BAL
40,15,1,11,380628119,CHC
35,9,5,5,380628119,LAD
38,14,1,4,380628126,COL
39,12,4,11,380628126,SF
33,6,4,10,380628102,LAA
29,7,4,5,380628102,BOS
33,7,2,10,380628122,WSH
29,9,3,6,380628122,PHI
33,8,2,6,380628117,MIL
35,9,2,11,380628117,CIN
32,8,4,8,380628130,HOU
31,6,2,10,380628130,TB
36,10,5,9,380629116,MIN
34,12,6,6,380629116,CHC
38,13,2,5,380629101,LAA
31,7,1,9,380629101,BAL
32,6,1,8,380629110,BOS
32,11,2,2,380629110,NYY
44,18,7,12,380629122,WSH
35,10,5,6,380629122,PHI
31,5,0,9,380629114,DET
28,8,6,6,380629114,TOR
37,12,4,7,380629117,MIL
31,6,2,8,380629117,CIN
30,7,9,7,380629128,NYM
32,11,2,4,380629128,MIA
30,3,2,5,380629130,HOU
28,5,4,8,380629130,TB
32,5,1,8,380629113,CHW
38,12,3,6,380629113,TEX
35,10,4,5,380629124,ATL
31,4,4,6,380629124,STL
32,6,2,6,380629129,SF
33,7,2,7,380629129,ARI
31,6,2,8,380629111,CLE
31,8,2,9,380629111,OAK
29,6,0,7,380629112,KC
29,5,5,6,380629112,SEA
34,9,0,12,380629119,COL
30,5,1,10,380629119,LAD
36,11,0,8,380629125,PIT
37,12,2,8,380629125,SD
32,7,3,6,380630114,DET
29,7,3,8,380630114,TOR
37,11,5,9,380630116,MIN
38,20,7,5,380630116,CHC
33,7,6,4,380630101,LAA
33,6,2,7,380630101,BAL
29,3,2,10,380630111,CLE
30,8,3,6,380630111,OAK
34,6,4,18,380630117,MIL
36,15,7,8,380630117,CIN
32,6,1,9,380630128,NYM
32,9,1,10,380630128,MIA
33,5,1,9,380630130,HOU
32,10,2,11,380630130,TB
33,8,3,9,380630122,WSH
31,7,3,8,380630122,PHI
42,17,3,9,380630110,BOS
29,2,2,12,380630110,NYY
33,6,2,12,380630119,COL
30,3,0,10,380630119,LAD
40,15,2,7,380630124,ATL
33,9,3,13,380630124,STL
37,12,3,6,380630113,CHW
36,13,5,7,380630113,TEX
36,9,2,7,380630112,KC
36,14,0,6,380630112,SEA
33,7,4,10,380630125,PIT
28,5,2,9,380630125,SD
38,12,3,10,380630129,SF
32,7,2,9,380630129,ARI
32,6,0,4,380701101,LAA
32,10,2,8,380701101,BAL
37,13,2,5,380701114,DET
33,6,0,6,380701114,TOR
31,4,2,9,380701117,MIL
33,10,3,8,380701117,CIN
32,5,6,10,380701128,NYM
33,4,3,11,380701128,MIA
32,5,2,11,380701130,HOU
31,8,2,13,380701130,TB
42,8,8,9,380701122,WSH
42,7,6,12,380701122,PHI
33,6,3,4,380701124,ATL
33,7,4,11,380701124,STL
43,16,4,7,380701116,MIN
38,14,6,7,380701116,CHC
39,14,1,8,380701113,CHW
38,11,6,9,380701113,TEX
46,20,3,10,380701111,CLE
33,9,2,7,380701111,OAK
29,2,2,14,380701112,KC
29,6,0,3,380701112,SEA
35,9,2,10,380701119,COL
32,11,3,7,380701119,LAD
36,9,3,5,380701125,PIT
35,9,7,10,380701125,SD
41,16,8,8,380701129,SF
37,13,4,9,380701129,ARI
31,4,3,9,380701110,BOS
38,16,3,3,380701110,NYY
35,8,0,10,380702114,DET
34,5,4,7,380702114,TOR
32,7,3,13,380702120,BOS
35,9,5,9,380702120,WSH
42,9,1,10,380702110,ATL
40,10,7,12,380702110,NYY
37,11,0,9,380702117,CHW
31,7,7,5,380702117,CIN
35,6,2,7,380702128,TB
38,12,2,8,380702128,MIA
40,11,0,9,380702108,MIN
40,14,4,8,380702108,MIL
34,11,2,2,380702107,CLE
34,8,0,5,380702107,KC
31,5,1,5,380702127,SF
34,11,4,6,380702127,COL
36,10,2,8,380702129,STL
33,8,2,8,380702129,ARI
33,9,0,4,380702119,PIT
46,21,6,7,380702119,LAD
34,8,1,7,380703116,DET
33,11,4,7,380703116,CHC
31,2,4,13,380703108,MIN
28,4,4,16,380703108,MIL
36,12,5,5,380703120,BOS
38,12,2,7,380703120,WSH
38,11,3,14,380703110,ATL
32,8,8,8,380703110,NYY
34,7,2,9,380703122,BAL
29,5,4,6,380703122,PHI
33,8,7,9,380703114,NYM
30,7,5,5,380703114,TOR
52,15,6,11,380703117,CHW
46,10,5,15,380703117,CIN
62,20,5,16,380703128,TB
59,15,6,11,380703128,MIA
32,9,4,7,380703113,HOU
34,7,4,10,380703113,TEX
32,6,2,4,380703127,SF
36,12,2,6,380703127,COL
36,11,4,5,380703107,CLE
36,12,2,5,380703107,KC
34,9,4,9,380703111,SD
27,8,5,2,380703111,OAK
32,7,3,8,380703129,STL
29,6,2,8,380703129,ARI
31,4,2,5,380703112,LAA
32,6,2,11,380703112,SEA
31,5,0,9,380703119,PIT
33,11,4,10,380703119,LAD
34,9,2,7,380704120,BOS
33,6,1,11,380704120,WSH
35,9,3,7,380704110,ATL
30,7,4,13,380704110,NYY
27,4,4,9,380704128,TB
30,6,3,6,380704128,MIA
33,9,4,8,380704116,DET
30,7,6,7,380704116,CHC
33,7,3,12,380704122,BAL
27,3,3,7,380704122,PHI
32,7,4,3,380704111,SD
28,6,6,5,380704111,OAK
32,6,1,6,380704108,MIN
29,6,2,5,380704108,MIL
40,13,3,4,380704112,LAA
35,10,3,15,380704112,SEA
34,9,2,12,380704117,CHW
32,8,3,8,380704117,CIN
37,9,5,4,380704113,HOU
38,11,2,11,380704113,TEX
34,10,4,8,380704114,NYM
36,9,1,5,380704114,TOR
28,4,6,5,380704107,CLE
32,8,1,12,380704107,KC
35,9,2,11,380704119,PIT
31,9,6,4,380704119,LAD
29,3,3,10,380704127,SF
31,7,1,6,380704127,COL
39,13,3,7,380704129,STL
34,8,6,8,380704129,ARI
42,14,2,10,380705120,MIA
33,12,8,5,380705120,WSH
36,8,2,6,380705106,TEX
38,12,1,7,380705106,DET
29,3,1,9,380705108,ATL
28,7,4,8,380705108,MIL
31,5,2,6,380705109,BAL
34,9,2,7,380705109,MIN
31,6,0,11,380705118,CHW
31,8,9,9,380705118,HOU
33,8,3,10,380705129,SD
36,11,2,8,380705129,ARI
32,6,4,12,380705112,LAA
31,9,5,5,380705112,SEA
42,18,3,10,380705126,STL
29,2,0,8,380705126,SF
32,9,4,7,380706116,CIN
33,8,3,5,380706116,CHC
30,5,0,12,380706106,TEX
29,5,0,3,380706106,DET
31,9,5,6,380706120,MIA
31,8,5,2,380706120,WSH
44,18,10,12,380706123,PHI
39,12,4,8,380706123,PIT
33,5,5,11,380706114,NYY
35,11,3,5,380706114,TOR
35,11,1,11,380706105,OAK
30,10,3,4,380706105,CLE
31,5,2,9,380706121,TB
32,6,5,11,380706121,NYM
31,9,5,9,380706108,ATL
31,7,0,10,380706108,MIL
37,11,2,4,380706109,BAL
34,11,1,8,380706109,MIN
31,5,1,13,380706118,CHW
36,14,6,4,380706118,HOU
41,15,2,4,380706107,BOS
37,10,1,12,380706107,KC
31,5,1,8,380706129,SD
30,6,3,7,380706129,ARI
31,4,3,12,380706103,LAD
31,5,4,14,380706103,LAA
39,13,2,4,380706112,COL
33,8,0,7,380706112,SEA
30,5,2,3,380706126,STL
30,7,4,6,380706126,SF
33,7,4,11,380707109,BAL
31,8,3,8,380707109,MIN
37,11,4,7,380707116,CIN
37,13,3,8,380707116,CHC
34,9,2,8,380707123,PHI
35,8,1,12,380707123,PIT
33,7,3,7,380707126,STL
35,8,0,5,380707126,SF
36,9,10,12,380707114,NYY
34,9,2,9,380707114,TOR
43,12,2,5,380707105,OAK
41,9,4,8,380707105,CLE
35,8,1,9,380707106,TEX
36,12,6,12,380707106,DET
34,8,6,9,380707108,ATL
31,4,1,11,380707108,MIL
36,10,1,11,380707112,COL
32,7,4,9,380707112,SEA
34,7,2,14,380707118,CHW
40,17,5,11,380707118,HOU
35,9,4,8,380707121,TB
31,7,3,10,380707121,NYM
30,4,5,14,380707103,LAD
32,4,1,9,380707103,LAA
40,16,13,8,380707107,BOS
34,6,2,13,380707107,KC
32,7,2,3,380707120,MIA
40,17,4,3,380707120,WSH
32,7,4,10,380707129,SD
41,18,7,10,380707129,ARI
35,9,2,8,380708114,NYY
36,6,2,10,380708114,TOR
39,12,3,12,380708105,OAK
33,5,3,8,380708105,CLE
33,8,5,7,380708106,TEX
28,4,3,12,380708106,DET
35,9,9,7,380708121,TB
27,2,2,10,380708121,NYM
45,22,5,9,380708120,MIA
32,5,9,14,380708120,WSH
30,4,1,12,380708123,PHI
33,9,2,6,380708123,PIT
35,10,5,9,380708108,ATL
33,10,9,6,380708108,MIL
33,7,1,6,380708109,BAL
36,11,2,7,380708109,MIN
30,6,3,5,380708118,CHW
25,3,3,5,380708118,HOU
35,14,7,5,380708107,BOS
39,12,1,13,380708107,KC
34,8,4,6,380708116,CIN
38,11,6,9,380708116,CHC
36,11,4,12,380708126,STL
43,18,5,6,380708126,SF
32,5,0,9,380708112,COL
29,7,5,4,380708112,SEA
59,13,8,20,380708129,SD
57,11,4,18,380708129,ARI
30,5,3,11,380708103,LAD
28,6,3,5,380708103,LAA
35,9,1,12,380709201,NYY
32,10,4,8,380709201,BAL
38,10,7,13,380709221,PHI
33,7,0,5,380709221,NYM
36,10,0,11,380709123,WSH
31,8,5,6,380709123,PIT
33,5,3,9,380709102,TEX
33,9,0,6,380709102,BOS
37,12,4,11,380709105,CIN
35,10,3,4,380709105,CLE
38,11,4,9,380709128,MIL
37,13,4,7,380709128,MIA
42,13,5,7,380709130,DET
44,17,4,9,380709130,TB
29,2,4,11,380709321,PHI
29,2,2,13,380709321,NYM
42,17,5,9,380709301,NYY
28,5,5,4,380709301,BAL
33,7,1,11,380709109,KC
35,11,4,9,380709109,MIN
32,6,5,13,380709118,OAK
30,5,2,7,380709118,HOU
38,14,4,2,380709125,LAD
34,5,1,10,380709125,SD
36,4,5,9,380709126,CHC
40,9,2,10,380709126,SF
31,8,2,10,380710101,NYY
37,10,3,9,380710101,BAL
37,12,4,13,380710123,WSH
34,7,3,7,380710123,PIT
33,7,4,7,380710102,TEX
32,12,5,3,380710102,BOS
33,8,7,13,380710105,CIN
34,6,2,4,380710105,CLE
35,13,2,8,380710121,PHI
31,7,3,8,380710121,NYM
35,9,3,10,380710128,MIL
34,9,3,5,380710128,MIA
31,5,1,9,380710130,DET
30,6,3,8,380710130,TB
36,8,4,6,380710115,TOR
34,8,2,9,380710115,ATL
42,16,8,9,380710104,STL
31,5,2,9,380710104,CHW
40,15,4,8,380710109,KC
34,9,3,8,380710109,MIN
42,10,0,11,380710118,OAK
43,10,3,12,380710118,HOU
34,8,7,10,380710127,ARI
37,9,5,7,380710127,COL
31,6,2,12,380710126,CHC
28,3,2,7,380710126,SF
35,7,1,8,380710103,SEA
39,16,4,3,380710103,LAA
30,4,2,9,380710125,LAD
31,8,1,8,380710125,SD
34,7,1,14,380711130,DET
36,12,1,8,380711130,TB
31,5,4,8,380711123,WSH
29,7,1,6,380711123,PIT
35,9,3,12,380711109,KC
38,15,3,8,380711109,MIN
50,11,6,16,380711126,CHC
51,14,6,9,380711126,SF
35,9,3,18,380711102,TEX
33,11,2,6,380711102,BOS
42,14,8,5,380711101,NYY
32,5,1,12,380711101,BAL
36,11,3,11,380711105,CIN
42,19,7,6,380711105,CLE
35,6,2,7,380711121,PHI
32,4,4,4,380711121,NYM
42,8,7,17,380711128,MIL
40,8,6,10,380711128,MIA
34,8,2,8,380711115,TOR
36,12,4,10,380711115,ATL
32,4,3,10,380711104,STL
29,7,2,10,380711104,CHW
36,10,7,9,380711118,OAK
34,7,1,1,380711118,HOU
32,6,3,10,380711127,ARI
43,19,6,4,380711127,COL
31,6,1,7,380711103,SEA
29,2,0,6,380711103,LAA
37,10,5,5,380711125,LAD
31,5,2,12,380711125,SD
38,11,3,10,380712118,OAK
31,5,5,6,380712118,HOU
33,7,2,7,380712127,ARI
31,9,4,8,380712127,COL
40,14,1,3,380712101,PHI
34,7,1,9,380712101,BAL
36,9,4,13,380712123,MIL
31,9,8,6,380712123,PIT
37,11,0,10,380712102,TOR
32,8,1,10,380712102,BOS
34,9,2,11,380712105,NYY
34,9,2,4,380712105,CLE
37,11,3,8,380712121,WSH
32,7,4,6,380712121,NYM
33,7,1,11,380712109,TB
31,7,3,5,380712109,MIN
30,5,4,9,380712125,LAD
35,8,3,10,380712125,SD
34,9,2,7,380712103,SEA
37,15,3,5,380712103,LAA
34,8,2,8,380713101,TEX
34,9,2,7,380713101,BAL
35,9,1,10,380713123,MIL
33,12,2,7,380713123,PIT
40,14,7,10,380713102,TOR
40,12,5,10,380713102,BOS
30,7,3,7,380713105,NYY
32,8,6,11,380713105,CLE
32,8,4,6,380713121,WSH
34,11,3,11,380713121,NYM
34,8,2,12,380713128,PHI
26,3,4,4,380713128,MIA
32,7,2,11,380713115,ARI
32,6,2,12,380713115,ATL
35,7,3,9,380713104,KC
37,14,6,4,380713104,CHW
40,13,2,10,380713109,TB
36,15,4,7,380713109,MIN
33,7,3,8,380713118,DET
34,11,0,4,380713118,HOU
40,14,4,5,380713124,CIN
31,4,3,6,380713124,STL
37,12,4,7,380713127,SEA
37,14,3,5,380713127,COL
35,9,5,7,380713125,CHC
39,10,4,14,380713125,SD
34,8,2,9,380713119,LAA
32,9,5,8,380713119,LAD
30,3,3,8,380713126,OAK
29,8,5,2,380713126,SF
34,9,1,8,380714223,MIL
30,7,3,8,380714223,PIT
36,7,5,12,380714102,TOR
37,11,3,9,380714102,BOS
35,9,0,9,380714104,KC
33,6,3,10,380714104,CHW
44,20,4,7,380714109,TB
38,11,6,12,380714109,MIN
34,9,6,13,380714323,MIL
32,8,2,8,380714323,PIT
34,7,3,5,380714115,ARI
31,5,1,11,380714115,ATL
31,3,4,10,380714118,DET
32,11,3,4,380714118,HOU
34,8,2,8,380714121,WSH
33,10,3,6,380714121,NYM
40,14,5,9,380714124,CIN
34,9,0,7,380714124,STL
33,8,2,5,380714128,PHI
29,4,2,6,380714128,MIA
30,4,5,12,380714101,TEX
27,6,2,5,380714101,BAL
35,9,2,11,380714105,NYY
31,4,4,8,380714105,CLE
38,9,4,11,380714119,LAA
40,10,4,11,380714119,LAD
31,5,1,8,380714127,SEA
32,10,2,7,380714127,COL
34,9,3,11,380714126,OAK
35,10,4,9,380714126,SF
40,13,3,10,380714125,CHC
33,8,4,4,380714125,SD
33,9,4,8,380715101,TEX
32,7,3,3,380715101,BAL
34,8,4,11,380715102,TOR
27,6,6,5,380715102,BOS
34,7,1,11,380715105,NYY
30,9,2,7,380715105,CLE
32,8,3,3,380715121,WSH
31,5,3,8,380715121,NYM
31,4,5,10,380715128,PHI
37,15,2,5,380715128,MIA
30,5,3,7,380715115,ARI
30,7,2,4,380715115,ATL
36,9,6,6,380715123,MIL
38,10,2,7,380715123,PIT
30,5,3,8,380715104,KC
36,13,2,8,380715104,CHW
43,14,4,7,380715109,TB
35,10,10,11,380715109,MIN
32,6,0,16,380715118,DET
28,4,3,6,380715118,HOU
34,8,4,6,380715124,CIN
30,7,2,5,380715124,STL
35,9,1,8,380715127,SEA
29,9,2,6,380715127,COL
31,6,4,12,380715119,LAA
30,10,2,6,380715119,LAD
34,10,4,10,380715126,OAK
29,5,3,7,380715126,SF
35,10,3,11,380715125,CHC
34,9,5,10,380715125,SD
42,13,4,13,380717132,AL
37,7,5,12,380717132,NL
41,15,1,6,380719116,STL
36,13,2,5,380719116,CHC
41,18,8,2,380720116,STL
35,10,7,14,380720116,CHC
35,10,6,8,380720110,NYM
41,14,4,8,380720110,NYY
38,12,4,6,380720120,ATL
34,8,3,10,380720120,WSH
35,9,5,10,380720122,SD
34,12,4,8,380720122,PHI
40,10,1,13,380720114,BAL
39,10,3,8,380720114,TOR
33,6,4,10,380720106,BOS
33,5,2,11,380720106,DET
41,16,5,4,380720117,PIT
35,9,1,12,380720117,CIN
35,8,3,14,380720130,MIA
34,8,5,4,380720130,TB
46,17,4,6,380720113,CLE
48,17,8,15,380720113,TEX
37,11,4,6,380720108,LAD
34,9,5,14,380720108,MIL
36,10,6,4,380720107,MIN
32,8,3,6,380720107,KC
33,8,1,10,380720111,SF
30,4,1,6,380720111,OAK
39,12,7,7,380720129,COL
40,14,4,13,380720129,ARI
31,5,2,11,380720112,CHW
30,9,1,5,380720112,SEA
32,8,5,5,380720103,HOU
29,2,1,7,380720103,LAA
31,5,6,11,380721110,NYM
36,12,1,5,380721110,NYY
27,2,6,3,380721216,STL
29,11,8,4,380721216,CHC
30,5,2,9,380721114,BAL
28,6,4,7,380721114,TOR
34,8,3,8,380721106,BOS
31,7,1,9,380721106,DET
34,7,4,10,380721130,MIA
31,5,1,9,380721130,TB
35,10,3,13,380721108,LAD
32,7,0,6,380721108,MIL
37,12,2,8,380721117,PIT
33,6,2,8,380721117,CIN
31,5,8,7,380721103,HOU
32,7,4,13,380721103,LAA
32,7,3,11,380721107,MIN
29,6,9,7,380721107,KC
35,10,7,7,380721316,STL
34,7,7,3,380721316,CHC
47,21,2,3,380721113,CLE
33,8,2,9,380721113,TEX
33,7,6,8,380721129,COL
34,8,6,9,380721129,ARI
39,6,5,14,380721111,SF
34,7,9,10,380721111,OAK
32,7,2,11,380721112,CHW
29,2,2,6,380721112,SEA
41,15,1,13,380722222,SD
34,6,4,11,380722222,PHI
37,10,1,15,380722114,BAL
32,10,1,4,380722114,TOR
35,9,1,8,380722106,BOS
32,5,2,10,380722106,DET
40,15,0,7,380722117,PIT
32,6,2,4,380722117,CIN
37,9,1,14,380722130,MIA
32,7,2,8,380722130,TB
38,14,1,9,380722120,ATL
39,15,3,8,380722120,WSH
39,14,3,7,380722108,LAD
34,6,4,8,380722108,MIL
30,3,3,10,380722107,MIN
27,4,3,8,380722107,KC
32,8,4,8,380722116,STL
33,12,5,8,380722116,CHC
30,5,5,4,380722113,CLE
29,7,4,8,380722113,TEX
36,9,5,4,380722103,HOU
36,15,8,9,380722103,LAA
38,9,1,8,380722111,SF
34,8,6,4,380722111,OAK
32,5,1,11,380722112,CHW
29,7,5,3,380722112,SEA
29,3,1,13,380722129,COL
30,7,5,7,380722129,ARI
28,2,1,8,380722322,SD
32,8,3,9,380722322,PHI
30,7,6,3,380723101,BOS
35,11,1,9,380723101,BAL
35,10,6,8,380723122,LAD
35,8,0,12,380723122,PHI
39,13,2,12,380723114,MIN
37,11,5,9,380723114,TOR
27,10,1,4,380723105,PIT
22,4,2,1,380723105,CLE
30,5,1,8,380723117,STL
31,5,4,4,380723117,CIN
32,5,2,11,380723121,SD
35,7,1,12,380723121,NYM
40,16,4,6,380723128,ATL
30,5,5,7,380723128,MIA
35,9,6,8,380723130,NYY
37,13,0,13,380723130,TB
34,9,4,5,380723116,ARI
32,7,0,10,380723116,CHC
44,18,4,7,380723113,OAK
33,8,2,7,380723113,TEX
35,9,3,6,380723107,DET
39,12,3,8,380723107,KC
33,5,2,13,380723108,WSH
29,7,6,8,380723108,MIL
32,8,5,7,380723103,CHW
33,7,6,11,380723103,LAA
30,6,4,5,380724128,ATL
33,10,2,6,380724128,MIA
40,8,6,11,380724117,STL
37,5,3,11,380724117,CIN
35,9,2,10,380724101,BOS
31,9,5,5,380724101,BAL
57,11,5,17,380724122,LAD
57,11,6,17,380724122,PHI
35,9,1,5,380724114,MIN
30,5,1,11,380724114,TOR
39,14,1,8,380724105,PIT
35,9,2,3,380724105,CLE
30,6,1,4,380724121,SD
33,9,3,11,380724121,NYM
33,8,1,10,380724130,NYY
28,3,1,9,380724130,TB
42,11,8,11,380724113,OAK
38,9,4,8,380724113,TEX
36,12,4,13,380724116,ARI
32,6,3,11,380724116,CHC
38,8,2,8,380724108,WSH
37,12,3,7,380724108,MIL
30,3,2,8,380724107,DET
33,9,1,8,380724107,KC
37,10,4,7,380724127,HOU
34,6,1,13,380724127,COL
35,8,3,5,380724103,CHW
30,4,4,9,380724103,LAA
37,11,1,12,380724112,SF
33,9,3,5,380724112,SEA
32,7,3,8,380725121,SD
29,5,3,5,380725121,NYM
33,7,2,10,380725130,NYY
31,7,0,8,380725130,TB
38,10,3,7,380725117,STL
31,10,6,12,380725117,CIN
31,6,4,11,380725122,LAD
31,7,3,10,380725122,PHI
29,3,2,13,380725105,PIT
31,8,2,6,380725105,CLE
31,4,4,8,380725108,WSH
34,7,1,12,380725108,MIL
37,11,4,10,380725107,DET
39,11,0,8,380725107,KC
32,5,0,9,380725116,ARI
25,4,3,6,380725116,CHC
49,17,7,9,380725114,MIN
44,16,2,10,380725114,TOR
34,6,0,7,380725112,SF
25,4,2,5,380725112,SEA
36,12,5,7,380725113,OAK
33,8,3,12,380725113,TEX
28,1,3,10,380725127,HOU
31,8,5,9,380725127,COL
32,6,2,11,380725103,CHW
36,14,4,12,380725103,LAA
33,9,9,7,380726116,ARI
34,9,2,8,380726116,CHC
35,9,5,12,380726103,CHW
40,16,5,5,380726103,LAA
43,18,2,9,380726117,PHI
34,8,1,9,380726117,CIN
33,9,2,4,380726101,TB
35,9,3,7,380726101,BAL
35,9,2,12,380726110,KC
33,11,3,6,380726110,NYY
38,14,9,4,380726123,NYM
33,7,4,10,380726123,PIT
32,8,4,9,380726102,MIN
31,5,4,8,380726102,BOS
37,13,9,6,380726128,WSH
34,10,0,11,380726128,MIA
37,11,4,6,380726115,LAD
35,7,1,10,380726115,ATL
35,10,2,6,380726113,OAK
36,10,5,11,380726113,TEX
40,13,4,10,380726126,MIL
33,10,5,8,380726126,SF
36,9,3,7,380727106,CLE
35,10,3,9,380727106,DET
31,9,6,3,380727101,TB
39,15,8,4,380727101,BAL
34,9,3,6,380727123,NYM
33,10,8,6,380727123,PIT
36,6,5,12,380727102,MIN
35,8,1,9,380727102,BOS
34,7,3,10,380727117,PHI
28,7,7,13,380727117,CIN
39,16,5,6,380727128,WSH
32,3,1,11,380727128,MIA
33,7,7,12,380727115,LAD
32,6,0,10,380727115,ATL
35,9,4,8,380727104,TOR
37,11,1,4,380727104,CHW
41,15,3,11,380727118,TEX
30,6,5,8,380727118,HOU
34,8,0,8,380727124,CHC
33,12,3,7,380727124,STL
36,9,4,8,380727127,OAK
33,10,1,9,380727127,COL
36,9,2,8,380727103,SEA
31,7,4,8,380727103,LAA
37,11,2,7,380727125,ARI
32,8,0,9,380727125,SD
33,6,1,5,380727126,MIL
32,6,2,6,380727126,SF
36,11,3,8,380728210,KC
36,13,4,5,380728210,NYY
31,7,2,5,380728124,CHC
31,9,4,8,380728124,STL
31,5,3,2,380728106,CLE
31,6,2,11,380728106,DET
29,4,2,7,380728117,PHI
31,11,6,5,380728117,CIN
33,9,2,6,380728101,TB
35,15,5,3,380728101,BAL
32,6,3,11,380728123,NYM
34,11,1,6,380728123,PIT
38,12,6,13,380728310,KC
31,10,4,4,380728310,NYY
35,7,1,9,380728102,MIN
38,14,6,12,380728102,BOS
37,12,2,7,380728104,TOR
34,12,1,9,380728104,CHW
30,6,7,13,380728115,LAD
29,3,4,8,380728115,ATL
42,14,1,10,380728118,TEX
31,5,1,5,380728118,HOU
33,5,3,9,380728128,WSH
32,8,5,5,380728128,MIA
31,6,5,10,380728127,OAK
32,10,4,2,380728127,COL
40,15,6,6,380728125,ARI
33,7,3,9,380728125,SD
36,14,2,5,380728126,MIL
29,4,1,8,380728126,SF
37,10,0,5,380728103,SEA
37,13,2,3,380728103,LAA
33,8,1,9,380729101,TB
39,15,4,9,380729101,BAL
29,4,1,8,380729102,MIN
35,10,3,10,380729102,BOS
32,6,1,8,380729110,KC
30,9,4,7,380729110,NYY
41,16,3,8,380729106,CLE
31,5,1,5,380729106,DET
34,8,1,14,380729117,PHI
32,10,2,7,380729117,CIN
27,2,5,9,380729128,WSH
34,9,0,5,380729128,MIA
29,2,1,8,380729115,LAD
32,8,2,9,380729115,ATL
31,5,4,4,380729123,NYM
32,6,1,10,380729123,PIT
35,10,1,6,380729104,TOR
35,9,1,8,380729104,CHW
34,6,1,19,380729118,TEX
33,7,3,9,380729118,HOU
31,5,1,10,380729127,OAK
31,8,2,9,380729127,COL
39,14,5,6,380729103,SEA
36,10,4,11,380729103,LAA
36,11,1,6,380729126,MIL
34,13,5,9,380729126,SF
33,9,4,8,380729125,ARI
35,8,3,12,380729125,SD
36,10,3,7,380729124,CHC
32,5,1,9,380729124,STL
47,10,5,10,380730102,PHI
43,7,2,8,380730102,BOS
35,8,4,6,380730115,MIA
28,6,3,3,380730115,ATL
35,9,5,5,380730109,CLE
31,9,3,8,380730109,MIN
38,9,4,12,380730124,COL
35,7,5,9,380730124,STL
39,12,6,9,380730129,TEX
35,9,4,11,380730129,ARI
37,10,3,9,380730119,MIL
31,5,7,13,380730119,LAD
33,5,4,10,380730111,TOR
34,12,7,3,380730111,OAK
31,4,1,10,380730112,HOU
28,4,2,8,380730112,SEA
44,11,3,9,380730125,SF
44,9,2,15,380730125,SD
37,10,6,6,380731125,SF
34,5,5,10,380731125,SD
34,10,6,8,380731102,PHI
32,6,1,9,380731102,BOS
32,6,3,15,380731110,BAL
29,6,5,7,380731110,NYY
36,9,1,10,380731120,NYM
50,26,8,6,380731120,WSH
32,9,4,4,380731123,CHC
30,8,3,5,380731123,PIT
30,5,1,8,380731106,CIN
27,3,1,6,380731106,DET
38,12,4,9,380731130,LAA
35,14,3,7,380731130,TB
35,11,2,6,380731115,MIA
39,19,3,5,380731115,ATL
33,6,3,13,380731104,KC
36,10,6,11,380731104,CHW
37,11,4,8,380731109,CLE
30,6,5,5,380731109,MIN
35,9,4,11,380731124,COL
29,4,2,6,380731124,STL
30,4,1,12,380731129,TEX
32,9,4,7,380731129,ARI
31,6,3,9,380731111,TOR
35,11,5,9,380731111,OAK
40,15,1,5,380731112,HOU
33,7,1,10,380731112,SEA
32,6,0,10,380731119,MIL
28,2,2,7,380731119,LAD
32,6,1,11,380801120,NYM
32,7,2,4,380801120,WSH
40,15,2,9,380801110,BAL
39,12,3,8,380801110,NYY
35,11,2,6,380801106,CIN
36,14,1,4,380801106,DET
33,8,4,5,380801109,CLE
30,5,1,12,380801109,MIN
34,8,6,9,380801111,TOR
34,13,2,8,380801111,OAK
42,15,2,10,380801112,HOU
34,9,2,6,380801112,SEA
40,15,7,5,380801123,CHC
32,7,4,11,380801123,PIT
32,6,4,11,380801130,LAA
32,9,7,7,380801130,TB
37,10,5,5,380801104,KC
34,9,4,7,380801104,CHW
34,7,6,10,380801124,COL
37,13,4,9,380801124,STL
38,10,5,7,380801119,MIL
35,10,4,8,380801119,LAD
30,3,1,13,380802130,LAA
29,6,1,7,380802130,TB
31,7,3,9,380802124,COL
31,8,3,7,380802124,STL
33,7,2,6,380802104,KC
31,9,4,12,380802104,CHW
31,5,0,8,380802122,MIA
31,7,3,8,380802122,PHI
34,7,4,12,380802120,CIN
30,10,7,5,380802120,WSH
35,8,3,13,380802102,NYY
44,19,6,4,380802102,BOS
33,6,3,11,380802121,ATL
32,6,2,10,380802121,NYM
40,14,2,6,380802113,BAL
41,18,10,8,380802113,TEX
40,15,3,2,380802116,SD
30,3,1,8,380802116,CHC
36,9,3,10,380802119,MIL
42,18,6,7,380802119,LAD
37,11,4,8,380802129,SF
36,10,3,8,380802129,ARI
39,11,3,7,380802112,TOR
35,10,2,6,380802112,SEA
35,8,2,8,380803116,SD
32,10,2,4,380803116,CHC
32,6,1,10,380803122,MIA
33,9,5,10,380803122,PHI
41,15,6,8,380803123,STL
34,12,2,8,380803123,PIT
27,1,0,9,380803102,NYY
30,7,4,3,380803102,BOS
36,10,4,8,380803105,LAA
35,8,3,5,380803105,CLE
32,6,1,9,380803121,ATL
29,2,3,10,380803121,NYM
33,5,4,13,380803130,CHW
32,6,5,11,380803130,TB
35,10,2,8,380803113,BAL
36,11,2,8,380803113,TEX
32,6,2,7,380803108,COL
30,4,4,10,380803108,MIL
35,10,0,10,380803109,KC
33,11,6,9,380803109,MIN
36,9,0,10,380803129,SF
33,12,5,7,380803129,ARI
30,4,3,5,380803119,HOU
31,4,1,16,380803119,LAD
43,6,1,10,380803111,DET
42,7,3,8,380803111,OAK
37,11,0,7,380803112,TOR
34,6,0,5,380803112,SEA
38,13,5,11,380804220,CIN
33,7,2,4,380804220,WSH
29,5,0,12,380804116,SD
35,11,2,10,380804116,CHC
30,5,3,6,380804102,NYY
29,6,2,8,380804102,BOS
29,5,4,9,380804130,CHW
27,3,6,8,380804130,TB
30,4,1,8,380804122,MIA
34,11,2,7,380804122,PHI
40,14,7,5,380804123,STL
34,8,4,7,380804123,PIT
32,6,1,6,380804320,CIN
32,10,4,3,380804320,WSH
30,3,1,7,380804105,LAA
26,4,5,3,380804105,CLE
33,7,3,10,380804108,COL
31,10,4,7,380804108,MIL
32,6,3,7,380804109,KC
34,11,4,9,380804109,MIN
31,5,1,10,380804121,ATL
31,9,2,7,380804121,NYM
31,5,0,7,380804113,BAL
30,8,2,8,380804113,TEX
37,11,2,12,380804129,SF
33,12,3,7,380804129,ARI
31,7,1,6,380804111,DET
30,6,3,10,380804111,OAK
38,13,5,7,380804119,HOU
27,3,6,12,380804119,LAD
34,12,2,8,380804112,TOR
28,3,2,6,380804112,SEA
38,11,1,9,380805105,LAA
28,7,4,5,380805105,CLE
40,12,0,8,380805121,ATL
37,9,5,12,380805121,NYM
35,10,5,12,380805130,CHW
36,11,7,9,380805130,TB
33,7,0,5,380805120,CIN
31,8,3,4,380805120,WSH
37,9,2,7,380805122,MIA
28,6,6,9,380805122,PHI
37,10,1,6,380805123,STL
30,5,2,11,380805123,PIT
41,7,7,13,380805108,COL
40,9,2,11,380805108,MIL
39,12,2,10,380805109,KC
33,11,2,7,380805109,MIN
39,15,5,7,380805116,SD
37,12,1,14,380805116,CHC
39,15,5,7,400984570,SD
37,12,1,14,400984570,CHC
34,11,3,5,380805113,BAL
32,6,9,13,380805113,TEX
31,8,4,11,380805129,SF
30,4,4,9,380805129,ARI
32,5,2,12,380805111,DET
31,8,2,6,380805111,OAK
34,9,1,8,380805112,TOR
34,10,3,10,380805112,SEA
29,5,3,11,380805119,HOU
31,7,1,13,380805119,LAD
35,6,6,8,380805102,NYY
40,10,6,17,380805102,BOS
30,3,3,13,380806105,MIN
32,11,6,5,380806105,CLE
34,7,2,9,380806121,CIN
37,16,0,5,380806121,NYM
33,7,4,7,380806128,STL
31,8,0,6,380806128,MIA
33,7,4,7,400984583,STL
31,8,0,6,400984583,MIA
37,10,4,7,380806104,NYY
30,3,2,11,380806104,CHW
49,14,3,5,380806113,SEA
42,6,3,10,380806113,TEX
34,9,4,12,380806107,CHC
33,8,1,5,380806107,KC
28,2,3,8,380806127,PIT
28,5,0,3,380806127,COL
45,7,4,14,380806129,PHI
51,12,6,7,380806129,ARI
28,3,4,7,380806103,DET
30,8,3,5,380806103,LAA
30,4,3,8,380806126,HOU
29,4,3,10,380806126,SF
34,7,2,8,380807220,ATL
34,11,7,6,380807220,WSH
35,9,3,10,380807126,HOU
31,4,3,10,380807126,SF
38,9,5,8,380807114,BOS
40,13,6,7,380807114,TOR
34,7,2,10,380807320,ATL
32,7,2,10,380807320,WSH
36,11,2,11,380807105,MIN
32,6,2,9,380807105,CLE
36,10,1,7,380807121,CIN
30,4,3,8,380807121,NYM
34,7,1,8,380807128,STL
31,6,1,2,380807128,MIA
32,7,1,13,380807130,BAL
31,6,5,6,380807130,TB
33,9,1,2,380807113,SEA
32,10,5,2,380807113,TEX
46,8,5,13,380807104,NYY
44,6,5,20,380807104,CHW
39,14,6,9,380807108,SD
33,8,5,8,380807108,MIL
32,9,5,5,380807107,CHC
33,6,3,7,380807107,KC
35,10,2,9,380807127,PIT
34,10,1,3,380807127,COL
33,6,7,5,380807129,PHI
33,9,1,7,380807129,ARI
34,9,7,7,380807111,LAD
30,4,4,11,380807111,OAK
33,9,3,7,380807103,DET
36,13,7,7,380807103,LAA
32,7,1,12,380808121,CIN
32,8,11,8,380808121,NYM
35,9,3,3,380808113,SEA
42,19,1,5,380808113,TEX
37,11,5,11,380808127,PIT
35,9,3,7,380808127,COL
29,4,1,10,380808129,PHI
34,13,3,6,380808129,ARI
32,5,1,9,380808103,DET
32,10,1,8,380808103,LAA
37,12,0,6,380808120,ATL
37,10,2,11,380808120,WSH
34,7,2,9,380808130,BAL
35,7,1,4,380808130,TB
34,12,8,6,380808114,BOS
36,9,2,9,380808114,TOR
34,8,2,9,380808105,MIN
33,8,3,4,380808105,CLE
34,9,4,10,380808128,STL
30,3,1,6,380808128,MIA
35,7,6,12,380808104,NYY
35,9,1,12,380808104,CHW
36,9,2,9,380808108,SD
35,14,0,8,380808108,MIL
29,3,2,3,380808107,CHC
32,9,4,5,380808107,KC
34,7,2,11,380808111,LAD
33,8,0,2,380808111,OAK
34,10,1,4,380809120,ATL
33,11,3,6,380809120,WSH
32,7,0,10,380809105,MIN
30,6,7,8,380809105,CLE
36,13,6,7,380809108,SD
36,10,1,11,380809108,MIL
31,5,4,13,380809110,TEX
31,9,3,4,380809110,NYY
35,10,4,5,380809114,BOS
34,12,3,9,380809114,TOR
32,8,1,8,380809130,BAL
28,6,5,6,380809130,TB
39,14,1,12,380809118,SEA
37,9,4,9,380809118,HOU
39,13,2,11,380809127,LAD
32,10,4,4,380809127,COL
40,14,1,6,380809126,PIT
34,6,2,6,380809126,SF
34,9,2,8,380810116,WSH
27,4,6,5,380810116,CHC
41,16,10,6,380810101,BOS
41,17,4,10,380810101,BAL
41,14,5,8,380810110,TEX
37,10,3,5,380810110,NYY
34,9,2,10,380810114,TB
29,3,1,9,380810114,TOR
36,10,0,1,380810106,MIN
27,4,3,6,380810106,DET
30,5,0,10,380810117,ARI
31,9,2,7,380810117,CIN
39,13,1,9,380810128,NYM
30,4,2,8,380810128,MIA
33,6,0,9,380810115,MIL
36,13,8,7,380810115,ATL
31,5,3,6,380810104,CLE
29,5,2,11,380810104,CHW
34,7,1,6,380810118,SEA
34,9,2,7,380810118,HOU
38,12,3,9,380810107,STL
33,7,4,5,380810107,KC
36,10,1,5,380810127,LAD
34,9,3,13,380810127,COL
32,6,0,8,380810103,OAK
30,7,0,5,380810103,LAA
34,8,3,8,380810125,PHI
29,7,1,11,380810125,SD
44,17,2,8,380810126,PIT
39,16,11,6,380810126,SF
35,9,3,5,380811201,BOS
32,5,0,14,380811201,BAL
34,8,6,13,380811110,TEX
31,8,4,3,380811110,NYY
37,13,5,12,380811116,WSH
35,11,2,8,380811116,CHC
36,10,1,11,380811114,TB
28,5,4,8,380811114,TOR
35,9,6,7,380811106,MIN
34,9,3,6,380811106,DET
33,7,1,8,380811117,ARI
32,9,5,8,380811117,CIN
36,9,0,5,380811104,CLE
30,3,2,12,380811104,CHW
34,7,3,10,380811115,MIL
31,7,1,3,380811115,ATL
33,10,1,6,380811118,SEA
31,5,3,8,380811118,HOU
37,6,6,9,380811128,NYM
40,11,3,7,380811128,MIA
37,11,3,4,380811107,STL
29,5,5,10,380811107,KC
30,7,6,7,380811301,BOS
32,7,8,4,380811301,BAL
31,6,3,11,380811127,LAD
30,6,3,8,380811127,COL
34,7,3,10,380811125,PHI
32,7,4,9,380811125,SD
30,6,2,8,380811126,PIT
30,6,1,2,380811126,SF
40,14,3,7,380811103,OAK
31,5,3,8,380811103,LAA
35,9,2,9,380812101,BOS
31,5,5,18,380812101,BAL
34,6,5,11,380812110,TEX
35,12,0,4,380812110,NYY
32,6,2,5,380812114,TB
26,5,2,8,380812114,TOR
30,4,1,8,380812106,MIN
30,9,2,4,380812106,DET
36,10,3,10,380812117,ARI
31,7,1,8,380812117,CIN
30,5,2,9,380812128,NYM
37,10,2,7,380812128,MIA
43,19,4,8,380812115,MIL
32,9,2,6,380812115,ATL
39,14,6,10,380812104,CLE
37,9,0,13,380812104,CHW
38,11,1,7,380812118,SEA
35,8,2,8,380812118,HOU
38,12,1,10,380812107,STL
31,5,2,9,380812107,KC
31,7,5,6,380812127,LAD
29,5,3,7,380812127,COL
31,6,5,10,380812125,PHI
31,9,6,7,380812125,SD
31,4,2,8,380812126,PIT
31,7,1,8,380812126,SF
35,12,1,16,380812103,OAK
38,11,4,11,380812103,LAA
29,3,3,12,380812116,WSH
32,6,1,11,380812116,CHC
28,3,6,7,380813215,MIA
33,11,4,7,380813215,ATL
41,15,2,12,380813110,NYM
34,7,3,13,380813110,NYY
34,11,3,10,380813106,CHW
34,12,4,6,380813106,DET
45,18,3,9,380813117,CLE
36,10,6,9,380813117,CIN
29,5,4,9,380813315,MIA
36,13,1,5,380813315,ATL
32,8,3,5,380813124,WSH
37,17,2,3,380813124,STL
33,6,1,6,380813113,ARI
31,8,3,6,380813113,TEX
28,5,4,7,380813107,TOR
27,7,5,7,380813107,KC
35,10,5,7,380813111,SEA
34,11,5,5,380813111,OAK
35,8,0,10,380813119,SF
34,8,3,7,380813119,LAD
37,8,1,5,380813125,LAA
35,6,2,8,380813125,SD
37,11,1,12,380814116,MIL
30,3,2,12,380814116,CHC
33,7,3,5,380814101,NYM
30,11,5,2,380814101,BAL
28,3,4,6,380814110,TB
30,7,4,11,380814110,NYY
32,6,2,8,380814122,BOS
29,2,1,13,380814122,PHI
34,8,1,9,380814106,CHW
37,9,2,13,380814106,DET
35,10,4,8,380814117,CLE
30,5,2,9,380814117,CIN
37,11,3,13,380814115,MIA
39,15,2,4,380814115,ATL
35,10,6,5,380814113,ARI
32,8,1,9,380814113,TEX
33,7,3,12,380814109,PIT
33,10,1,5,380814109,MIN
39,12,1,15,380814118,COL
28,3,3,9,380814118,HOU
31,6,7,4,380814107,TOR
36,12,4,8,380814107,KC
36,9,1,9,380814124,WSH
31,8,5,5,380814124,STL
34,9,0,7,380814111,SEA
30,8,3,5,380814111,OAK
32,7,2,9,380814119,SF
32,5,3,8,380814119,LAD
34,11,4,4,380814125,LAA
34,10,1,11,380814125,SD
40,12,1,8,380815106,CHW
33,8,2,7,380815106,DET
38,12,4,8,380815109,PIT
33,9,1,11,380815109,MIN
36,9,3,10,380815116,MIL
36,13,4,7,380815116,CHC
45,10,1,6,380815111,SEA
41,6,3,12,380815111,OAK
35,10,4,6,380815122,BOS
36,12,2,8,380815122,PHI
44,19,5,6,380815101,NYM
38,12,3,7,380815101,BAL
37,11,5,9,380815110,TB
32,5,4,6,380815110,NYY
30,5,5,6,380815117,CLE
37,10,4,13,380815117,CIN
30,4,2,5,380815115,MIA
31,8,1,5,380815115,ATL
31,5,1,17,380815118,COL
33,11,4,7,380815118,HOU
36,10,4,6,380815107,TOR
33,7,2,5,380815107,KC
32,7,4,7,380815124,WSH
30,7,3,5,380815124,STL
35,10,0,6,380815125,LAA
28,4,4,11,380815125,SD
41,6,2,11,380815119,SF
43,14,10,13,380815119,LAD
33,10,2,9,380816110,TB
34,7,2,11,380816110,NYY
52,25,7,5,380816222,NYM
37,10,1,4,380816222,PHI
34,7,1,7,380816123,CHC
31,6,0,10,380816123,PIT
40,10,4,5,380816124,WSH
33,6,5,4,380816124,STL
32,6,4,10,380816115,COL
31,6,1,11,380816115,ATL
37,9,5,8,380816322,NYM
37,14,1,6,380816322,PHI
35,11,1,8,380816113,LAA
30,7,6,7,380816113,TEX
37,10,6,6,380816109,DET
38,15,4,10,380816109,MIN
31,7,3,9,380816107,TOR
34,12,2,6,380816107,KC
33,7,8,15,380816125,ARI
32,5,0,6,380816125,SD
32,6,1,14,380817122,NYM
30,8,4,7,380817122,PHI
32,7,2,7,380817102,TB
35,11,2,2,380817102,BOS
27,7,3,8,380817110,TOR
27,8,3,5,380817110,NYY
34,9,1,10,380817120,MIA
36,14,0,4,380817120,WSH
33,6,3,5,380817123,CHC
27,7,3,4,380817123,PIT
32,4,3,9,380817105,BAL
27,6,4,3,380817105,CLE
39,8,1,10,380817117,SF
39,11,2,11,380817117,CIN
43,16,5,10,380817115,COL
34,9,7,12,380817115,ATL
33,7,3,11,380817113,LAA
31,10,2,6,380817113,TEX
30,6,3,7,380817104,KC
35,10,4,7,380817104,CHW
32,10,4,8,380817109,DET
29,5,0,7,380817109,MIN
32,7,5,8,380817124,MIL
30,6,5,7,380817124,STL
34,6,5,8,380817111,HOU
35,8,6,8,380817111,OAK
36,11,5,6,380817112,LAD
32,4,2,11,380817112,SEA
38,13,6,15,380817125,ARI
33,5,7,8,380817125,SD
38,13,4,13,380818110,TOR
34,11,4,9,380818110,NYY
32,5,2,9,380818105,BAL
28,5,1,3,380818105,CLE
28,2,1,9,380818111,HOU
35,11,2,7,380818111,OAK
35,7,0,12,380818122,NYM
32,7,0,9,380818122,PHI
39,11,5,7,380818120,MIA
39,10,1,6,380818120,WSH
34,6,0,10,380818123,CHC
29,8,4,6,380818123,PIT
32,5,2,10,380818102,TB
27,4,3,5,380818102,BOS
32,6,5,8,380818104,KC
35,9,1,13,380818104,CHW
34,6,6,8,380818109,DET
38,11,3,8,380818109,MIN
41,12,2,9,380818115,COL
34,9,3,4,380818115,ATL
34,7,2,7,380818117,SF
33,11,2,6,380818117,CIN
33,6,0,11,380818124,MIL
32,6,3,10,380818124,STL
41,16,2,5,380818113,LAA
40,14,3,6,380818113,TEX
37,12,0,8,380818125,ARI
34,9,6,11,380818125,SD
35,6,5,8,380818112,LAD
34,8,6,9,380818112,SEA
30,4,5,7,380819102,TB
28,2,2,10,380819102,BOS
35,9,2,10,380819110,TOR
35,12,6,4,380819110,NYY
32,9,1,10,380819105,BAL
33,10,6,8,380819105,CLE
35,8,0,11,380819117,SF
38,17,3,6,380819117,CIN
34,8,2,12,380819115,COL
33,6,1,9,380819115,ATL
45,17,4,9,380819120,MIA
27,2,2,4,380819120,WSH
38,8,7,15,380819123,CHC
38,8,5,7,380819123,PIT
36,9,3,16,380819104,KC
32,10,4,9,380819104,CHW
34,8,6,10,380819109,DET
29,7,3,6,380819109,MIN
29,6,6,3,380819124,MIL
31,5,0,7,380819124,STL
31,6,1,10,380819113,LAA
32,11,3,5,380819113,TEX
38,13,0,11,380819111,HOU
34,8,2,10,380819111,OAK
45,17,5,3,380819112,LAD
32,5,1,12,380819112,SEA
37,11,4,8,380819125,ARI
34,8,1,11,380819125,SD
37,14,2,11,380819122,NYM
34,8,0,7,380819122,PHI
34,8,3,7,380820114,BAL
30,7,4,5,380820114,TOR
33,10,2,5,380820123,ATL
31,7,4,8,380820123,PIT
34,7,1,8,380820102,CLE
39,13,3,8,380820102,BOS
40,13,4,10,380820109,CHW
34,7,3,12,380820109,MIN
48,8,2,13,380820121,SF
46,8,4,12,380820121,NYM
32,6,2,10,380820130,KC
30,8,4,7,380820130,TB
29,3,1,10,380820108,CIN
34,12,2,5,380820108,MIL
29,3,1,9,380820111,TEX
38,14,4,7,380820111,OAK
32,5,2,9,380820112,HOU
37,14,3,10,380820112,SEA
37,10,4,13,380820119,STL
32,7,10,12,380820119,LAD
35,8,3,5,380821120,PHI
38,14,6,9,380821120,WSH
35,8,3,6,380821123,ATL
31,5,2,7,380821123,PIT
34,7,2,9,380821114,BAL
35,12,2,4,380821114,TOR
37,13,3,5,380821102,CLE
31,5,0,9,380821102,BOS
35,8,3,9,380821106,CHC
31,11,1,4,380821106,DET
32,5,1,7,380821121,SF
30,9,1,7,380821121,NYM
43,9,4,11,380821128,NYY
40,7,6,13,380821128,MIA
34,8,2,16,380821130,KC
37,14,3,10,380821130,TB
39,14,2,9,380821108,CIN
40,13,3,10,380821108,MIL
33,10,4,9,380821104,MIN
29,6,3,11,380821104,CHW
37,11,1,13,380821127,SD
33,7,1,10,380821127,COL
36,10,2,13,380821129,LAA
30,8,4,13,380821129,ARI
33,7,2,11,380821119,STL
35,9,4,10,380821119,LAD
28,2,2,7,380821111,TEX
36,12,2,5,380821111,OAK
30,10,4,3,380821112,HOU
35,9,1,10,380821112,SEA
29,2,3,8,380822114,BAL
30,6,2,8,380822114,TOR
34,7,4,8,380822104,MIN
32,8,6,6,380822104,CHW
30,5,3,8,380822108,CIN
34,14,5,5,380822108,MIL
36,9,4,10,380822111,TEX
29,4,4,9,380822111,OAK
41,17,2,4,380822112,HOU
33,9,2,8,380822112,SEA
38,11,2,10,380822120,PHI
39,14,2,7,380822120,WSH
29,3,5,8,380822123,ATL
29,3,2,7,380822123,PIT
34,8,2,6,380822102,CLE
38,14,3,10,380822102,BOS
37,11,4,4,380822106,CHC
34,8,3,6,380822106,DET
32,6,1,10,380822121,SF
35,9,1,6,380822121,NYM
32,7,4,11,380822128,NYY
38,14,4,8,380822128,MIA
33,7,0,8,380822130,KC
36,14,2,7,380822130,TB
32,5,1,9,380822127,SD
33,10,3,5,380822127,COL
31,5,1,9,380822129,LAA
34,10,3,9,380822129,ARI
33,7,2,10,380822119,STL
30,2,3,13,380822119,LAD
28,3,4,13,380823120,PHI
31,5,1,10,380823120,WSH
29,5,0,7,380823102,CLE
35,12,6,7,380823102,BOS
32,8,5,9,380823106,CHW
32,10,1,7,380823106,DET
31,5,4,15,380823121,SF
31,5,1,9,380823121,NYM
35,9,3,9,380823127,SD
31,7,1,10,380823127,COL
37,12,4,6,380823128,ATL
31,5,3,13,380823128,MIA
32,7,3,10,380823130,KC
35,11,6,9,380823130,TB
30,8,2,7,380823116,CIN
33,12,3,7,380823116,CHC
35,9,5,10,380823109,OAK
32,9,2,6,380823109,MIN
34,5,2,12,380824116,CIN
32,7,3,11,380824116,CHC
39,10,6,10,380824101,NYY
40,10,2,13,380824101,BAL
35,10,2,9,380824114,PHI
29,6,3,8,380824114,TOR
35,8,2,11,380824106,CHW
36,8,3,13,380824106,DET
31,4,0,13,380824121,WSH
30,8,1,4,380824121,NYM
29,3,2,6,380824128,ATL
28,3,5,11,380824128,MIA
38,13,3,11,380824130,BOS
35,11,4,7,380824130,TB
60,17,7,17,380824108,PIT
54,13,7,16,380824108,MIL
35,10,2,4,380824109,OAK
29,5,3,8,380824109,MIN
35,10,3,8,380824107,CLE
30,6,3,9,380824107,KC
37,11,2,7,380824127,STL
40,15,4,7,380824127,COL
35,9,2,11,380824129,SEA
33,6,2,11,380824129,ARI
37,12,4,8,380824103,HOU
33,7,3,7,380824103,LAA
31,4,2,13,380824119,SD
36,13,6,12,380824119,LAD
40,10,6,6,380824126,TEX
39,11,6,11,380824126,SF
37,11,3,9,380825201,NYY
36,8,2,11,380825201,BAL
36,12,3,4,380825116,CIN
38,12,5,7,380825116,CHC
29,7,3,5,380825121,WSH
31,8,0,9,380825121,NYM
31,6,5,7,380825126,TEX
31,8,3,9,380825126,SF
38,13,2,7,380825114,PHI
32,9,4,7,380825114,TOR
35,11,2,5,380825106,CHW
31,4,1,6,380825106,DET
30,5,1,6,380825130,BOS
30,9,5,10,380825130,TB
36,12,2,6,380825301,NYY
34,7,2,11,380825301,BAL
39,14,6,9,380825108,PIT
33,6,0,11,380825108,MIL
36,12,4,6,380825109,OAK
34,8,2,10,380825109,MIN
36,9,2,13,380825128,ATL
28,6,2,5,380825128,MIA
31,5,2,6,380825107,CLE
33,14,2,7,380825107,KC
31,5,2,13,380825127,STL
36,13,5,7,380825127,COL
41,12,7,14,380825129,SEA
38,10,3,10,380825129,ARI
38,12,4,4,380825103,HOU
32,6,2,9,380825103,LAA
45,11,0,15,380825119,SD
42,11,3,11,380825119,LAD
38,14,7,4,380826114,PHI
32,7,4,11,380826114,TOR
36,11,4,9,380826106,CHW
38,12,1,6,380826106,DET
42,16,4,10,380826121,WSH
30,3,5,7,380826121,NYM
34,9,6,7,380826128,ATL
29,2,2,9,380826128,MIA
28,3,2,9,380826130,BOS
34,12,4,12,380826130,TB
34,8,0,5,380826108,PIT
30,8,2,8,380826108,MIL
40,13,0,6,380826109,OAK
33,7,4,3,380826109,MIN
39,13,7,6,380826107,CLE
36,9,1,10,380826107,KC
29,3,1,5,380826116,CIN
38,13,1,8,380826116,CHC
41,16,2,5,380826127,STL
32,7,2,6,380826127,COL
30,5,3,8,380826126,TEX
27,4,3,6,380826126,SF
33,7,2,10,380826103,HOU
30,4,3,9,380826103,LAA
41,15,1,12,380826119,SD
34,11,5,8,380826119,LAD
35,7,3,6,380826129,SEA
30,8,0,6,380826129,ARI
34,8,6,10,380826101,NYY
34,7,3,12,380826101,BAL
38,11,1,9,380827110,CHW
29,3,4,3,380827110,NYY
34,7,2,9,380827101,TOR
33,11,3,3,380827101,BAL
35,9,5,8,380827122,WSH
31,6,3,8,380827122,PHI
32,6,2,11,380827118,OAK
38,16,5,4,380827118,HOU
34,8,4,6,380827116,NYM
37,14,3,10,380827116,CHC
37,11,7,7,380827103,COL
34,10,5,4,380827103,LAA
32,5,2,7,380827126,ARI
28,4,1,10,380827126,SF
39,13,5,6,380828102,MIA
35,12,6,3,380828102,BOS
38,12,4,7,380828101,TOR
38,17,1,2,380828101,BAL
38,9,1,8,380828110,CHW
32,8,4,6,380828110,NYY
32,6,3,11,380828122,WSH
33,7,1,10,380828122,PHI
34,7,3,12,380828105,MIN
37,14,3,8,380828105,CLE
37,11,2,7,380828117,MIL
36,14,8,11,380828117,CIN
35,12,2,6,380828115,TB
32,12,4,5,380828115,ATL
40,15,2,6,380828113,LAD
34,8,3,9,380828113,TEX
39,8,6,14,380828116,NYM
39,10,3,13,380828116,CHC
32,5,6,8,380828118,OAK
32,6,2,9,380828118,HOU
30,6,0,7,380828107,DET
31,10,3,6,380828107,KC
29,6,2,5,380828124,PIT
33,10,2,9,380828124,STL
31,5,1,6,380828103,COL
32,6,2,11,380828103,LAA
33,8,0,1,380828125,SEA
29,5,2,9,380828125,SD
34,6,4,6,380828126,ARI
30,7,5,3,380828126,SF
36,9,4,9,380829118,OAK
30,8,10,8,380829118,HOU
31,3,4,11,380829107,DET
33,12,3,5,380829107,KC
42,16,3,7,380829116,NYM
32,6,3,11,380829116,CHC
34,9,4,11,380829125,SEA
36,13,3,5,380829125,SD
34,9,2,7,380829102,MIA
37,16,3,6,380829102,BOS
38,13,5,5,380829101,TOR
39,13,1,5,380829101,BAL
32,6,3,10,380829110,CHW
32,6,2,8,380829110,NYY
36,10,4,10,380829122,WSH
33,9,5,11,380829122,PHI
35,9,5,9,380829105,MIN
34,8,3,5,380829105,CLE
50,22,1,13,380829117,MIL
42,14,6,11,380829117,CIN
38,12,2,12,380829115,TB
37,11,4,7,380829115,ATL
29,4,4,10,380829113,LAD
31,5,4,7,380829113,TEX
35,10,1,7,380829124,PIT
32,5,3,10,380829124,STL
32,5,4,8,380829126,ARI
27,3,1,10,380829126,SF
36,6,5,11,380830117,MIL
38,6,1,8,380830117,CIN
32,5,3,14,380830105,MIN
29,6,4,6,380830105,CLE
42,13,1,12,380830110,DET
35,12,3,8,380830110,NYY
33,6,6,11,380830124,PIT
30,7,1,9,380830124,STL
34,6,2,7,380830115,CHC
34,9,1,9,380830115,ATL
35,9,5,11,380830104,BOS
34,10,3,12,380830104,CHW
37,10,2,15,380830118,LAA
31,7,2,6,380830118,HOU
36,9,2,7,380830111,SEA
30,4,4,5,380830111,OAK
37,10,0,12,380830119,ARI
32,8,2,15,380830119,LAD
46,4,3,8,380830125,COL
41,6,1,16,380830125,SD
37,12,2,14,380831110,DET
32,7,4,9,380831110,NYY
33,6,0,4,380831120,MIL
35,9,4,8,380831120,WSH
36,9,5,12,380831122,CHC
32,5,1,9,380831122,PHI
28,2,2,11,380831105,TB
27,4,2,7,380831105,CLE
34,8,3,6,380831128,TOR
37,12,5,3,380831128,MIA
33,7,2,8,380831115,PIT
33,7,1,10,380831115,ATL
38,12,4,4,380831113,MIN
36,7,6,9,380831113,TEX
30,5,2,6,380831104,BOS
36,14,2,10,380831104,CHW
31,6,4,9,380831118,LAA
32,6,3,7,380831118,HOU
30,4,2,4,380831107,BAL
35,14,5,5,380831107,KC
38,14,3,3,380831124,CIN
39,14,5,8,380831124,STL
36,9,1,9,380831111,SEA
36,13,2,7,380831111,OAK
31,6,0,7,380831119,ARI
29,6,1,6,380831119,LAD
30,5,2,6,380831125,COL
34,11,2,6,380831125,SD
29,3,0,8,380831126,NYM
33,10,2,12,380831126,SF
33,9,1,8,380901110,DET
26,2,5,10,380901110,NYY
37,7,3,10,380901126,NYM
35,3,2,16,380901126,SF
36,10,4,8,380901120,MIL
30,8,3,3,380901120,WSH
37,11,1,9,380901122,CHC
32,6,2,7,380901122,PHI
36,9,2,5,380901104,BOS
31,5,1,18,380901104,CHW
37,13,3,8,380901105,TB
34,9,2,10,380901105,CLE
32,5,0,6,380901115,PIT
31,6,1,10,380901115,ATL
31,4,3,14,380901118,LAA
32,8,1,4,380901118,HOU
31,5,0,7,380901128,TOR
30,9,3,2,380901128,MIA
36,13,1,7,380901107,BAL
34,10,2,8,380901107,KC
34,10,1,7,380901124,CIN
29,2,4,14,380901124,STL
33,8,2,6,380901113,MIN
30,5,3,7,380901113,TEX
36,10,2,9,380901125,COL
34,7,1,4,380901125,SD
39,12,2,5,380901111,SEA
34,6,6,18,380901111,OAK
33,5,0,6,380901119,ARI
31,6,2,13,380901119,LAD
41,17,4,11,380902110,DET
36,9,5,10,380902110,NYY
32,8,4,7,380902128,TOR
32,6,1,13,380902128,MIA
36,10,11,5,380902120,MIL
36,9,2,11,380902120,WSH
34,9,4,13,380902122,CHC
36,10,0,12,380902122,PHI
31,5,3,12,380902104,BOS
39,15,4,12,380902104,CHW
31,6,0,10,380902107,BAL
36,14,3,7,380902107,KC
34,7,8,7,380902124,CIN
37,9,9,8,380902124,STL
33,8,3,4,380902113,MIN
42,19,2,8,380902113,TEX
35,8,2,5,380902111,SEA
30,9,5,8,380902111,OAK
32,7,2,4,380902126,NYM
28,2,1,11,380902126,SF
37,13,4,11,380902105,TB
32,6,2,7,380902105,CLE
30,5,6,12,380902119,ARI
29,5,5,9,380902119,LAD
34,9,3,8,380902125,COL
33,7,3,8,380902125,SD
31,5,2,5,380902115,PIT
32,9,1,7,380902115,ATL
34,7,5,12,380902118,LAA
31,7,6,4,380902118,HOU
36,10,6,8,380903115,BOS
34,8,6,7,380903115,ATL
33,5,3,14,380903120,STL
36,8,10,11,380903120,WSH
30,4,0,9,380903128,PHI
29,6,1,8,380903128,MIA
32,7,1,5,380903123,CIN
33,9,0,6,380903123,PIT
32,5,0,8,380903104,DET
29,5,4,8,380903104,CHW
33,6,2,11,380903108,CHC
32,7,4,10,380903108,MIL
36,8,3,13,380903118,MIN
28,4,2,5,380903118,HOU
38,11,0,13,380903127,SF
34,11,3,9,380903127,COL
30,4,4,11,380903111,NYY
34,10,3,10,380903111,OAK
38,11,0,12,380903105,KC
29,4,2,6,380903105,CLE
37,11,1,9,380903114,TB
28,4,4,6,380903114,TOR
34,7,3,7,380903113,LAA
32,6,3,8,380903113,TEX
34,11,3,5,380903119,NYM
32,7,2,8,380903119,LAD
33,7,5,9,380903129,SD
31,5,6,7,380903129,ARI
30,3,0,12,380903112,BAL
27,5,4,7,380903112,SEA
36,10,5,12,380904120,STL
33,9,11,8,380904120,WSH
33,6,1,11,380904123,CIN
33,12,1,5,380904123,PIT
35,8,2,8,380904114,TB
28,3,2,10,380904114,TOR
32,5,2,13,380904105,KC
35,11,4,10,380904105,CLE
36,9,10,5,380904128,PHI
37,11,2,12,380904128,MIA
35,8,9,7,380904115,BOS
31,4,3,11,380904115,ATL
34,6,1,10,380904113,LAA
32,9,1,7,380904113,TEX
37,11,3,16,380904104,DET
34,7,1,8,380904104,CHW
31,5,1,10,380904108,CHC
32,11,9,8,380904108,MIL
31,5,3,11,380904118,MIN
33,10,1,5,380904118,HOU
33,8,3,11,380904127,SF
33,10,7,11,380904127,COL
29,3,2,13,380904129,SD
29,9,3,7,380904129,ARI
33,8,5,10,380904111,NYY
27,2,2,9,380904111,OAK
39,15,2,7,380904112,BAL
33,7,5,4,380904112,SEA
38,11,2,12,380904119,NYM
37,13,3,7,380904119,LAD
37,11,4,8,380905115,BOS
35,10,8,10,380905115,ATL
29,2,1,16,380905105,KC
34,11,1,6,380905105,CLE
39,15,1,4,380905120,STL
43,16,1,6,380905120,WSH
36,11,3,12,380905123,CIN
28,6,2,5,380905123,PIT
33,6,4,9,380905114,TB
40,16,4,10,380905114,TOR
31,6,3,9,380905128,PHI
28,4,3,8,380905128,MIA
38,13,0,11,380905119,NYM
30,3,2,10,380905119,LAD
35,13,1,8,380905108,CHC
34,8,3,7,380905108,MIL
41,16,3,6,380905113,LAA
32,6,3,9,380905113,TEX
43,16,4,12,380905104,DET
31,5,3,5,380905104,CHW
31,6,5,9,380905118,MIN
31,9,8,7,380905118,HOU
34,9,2,12,380905127,SF
30,7,2,9,380905127,COL
31,5,3,7,380905111,NYY
35,11,2,8,380905111,OAK
38,8,0,8,380905112,BAL
34,10,4,3,380905112,SEA
35,9,1,11,380906117,SD
31,5,3,13,380906117,CIN
40,11,4,10,380906120,CHC
39,11,2,12,380906120,WSH
39,13,1,9,380906114,CLE
36,11,2,9,380906114,TOR
42,11,4,7,380906129,ATL
41,13,3,13,380906129,ARI
35,11,0,6,380907117,SD
35,11,5,15,380907117,CIN
41,8,6,10,380907114,CLE
39,9,1,20,380907114,TOR
32,7,3,9,380907123,MIA
33,9,1,8,380907123,PIT
35,10,2,12,380907102,HOU
34,8,4,11,380907102,BOS
31,6,1,12,380907106,STL
32,8,4,10,380907106,DET
33,7,2,13,380907121,PHI
30,3,1,8,380907121,NYM
32,6,0,15,380907130,BAL
32,10,11,6,380907130,TB
35,9,6,11,380907104,LAA
33,8,1,8,380907104,CHW
31,5,2,13,380907108,SF
28,3,8,13,380907108,MIL
35,10,7,6,380907109,KC
36,12,7,3,380907109,MIN
33,8,9,9,380907127,LAD
37,10,2,11,380907127,COL
37,9,1,13,380907129,ATL
30,9,9,6,380907129,ARI
34,8,5,8,380907111,TEX
34,10,7,8,380907111,OAK
32,6,1,11,380907112,NYY
30,3,1,11,380907112,SEA
33,5,3,13,380908123,MIA
31,9,3,9,380908123,PIT
34,9,0,11,380908220,CHC
31,6,9,4,380908220,WSH
24,5,3,10,380908117,SD
24,8,2,3,380908117,CIN
35,11,5,8,380908102,HOU
36,10,3,8,380908102,BOS
36,9,1,12,380908111,TEX
33,9,6,7,380908111,OAK
38,11,9,8,380908114,CLE
45,18,2,7,380908114,TOR
31,4,1,14,380908106,STL
29,6,8,7,380908106,DET
34,11,3,10,380908130,BAL
35,14,1,7,380908130,TB
31,6,4,12,380908320,CHC
30,7,7,8,380908320,WSH
40,17,4,5,380908104,LAA
32,8,3,9,380908104,CHW
33,6,3,13,380908108,SF
28,5,3,9,380908108,MIL
35,8,3,9,380908109,KC
27,1,1,4,380908109,MIN
37,14,6,5,380908121,PHI
34,11,5,10,380908121,NYM
32,6,3,14,380908127,LAD
30,7,1,8,380908127,COL
38,11,5,8,380908129,ATL
35,5,9,6,380908129,ARI
30,8,3,9,380908112,NYY
31,4,1,9,380908112,SEA
33,6,4,8,380909114,CLE
31,6,2,11,380909114,TOR
32,7,3,7,380909106,STL
31,5,3,7,380909106,DET
31,7,3,10,380909121,PHI
33,9,5,6,380909121,NYM
33,9,3,10,380909130,BAL
36,13,3,5,380909130,TB
31,5,7,14,380909104,LAA
31,5,0,14,380909104,CHW
34,9,1,8,380909108,SF
29,5,3,5,380909108,MIL
29,3,4,10,380909109,KC
32,7,3,7,380909109,MIN
41,14,7,8,380909127,LAD
35,8,1,10,380909127,COL
34,7,3,8,380909112,NYY
29,7,2,9,380909112,SEA
27,4,7,5,380909111,TEX
32,9,3,6,380909111,OAK
37,10,6,12,380909117,SD
35,9,3,11,380909117,CIN
36,11,5,7,380909129,ATL
31,6,9,9,380909129,ARI
36,11,5,7,400985021,ATL
31,6,9,9,400985021,ARI
36,11,3,9,380909102,HOU
37,14,3,5,380909102,BOS
33,5,4,9,380910106,HOU
32,7,1,11,380910106,DET
36,9,6,9,380910117,LAD
38,14,3,12,380910117,CIN
37,9,4,7,380910130,CLE
33,8,4,16,380910130,TB
33,11,5,9,380910116,MIL
30,5,4,9,380910116,CHC
37,11,10,7,380910109,NYY
36,10,0,6,380910109,MIN
36,8,0,8,380910107,CHW
33,8,2,5,380910107,KC
39,13,1,8,380910124,PIT
31,9,2,8,380910124,STL
33,8,1,12,380910127,ARI
37,17,4,6,380910127,COL
33,7,5,6,380910103,TEX
36,8,3,6,380910103,LAA
31,7,3,4,380910126,ATL
29,3,0,11,380910126,SF
33,10,5,4,380911222,WSH
31,5,4,15,380911222,PHI
34,7,4,4,380911106,HOU
33,7,5,12,380911106,DET
30,5,3,11,380911117,LAD
33,10,2,9,380911117,CIN
34,7,3,9,380911101,OAK
32,6,1,11,380911101,BAL
35,6,7,12,380911322,WSH
40,13,5,6,380911322,PHI
31,5,3,11,380911102,TOR
30,7,4,6,380911102,BOS
33,7,2,11,380911121,MIA
32,5,5,8,380911121,NYM
35,8,2,4,380911130,CLE
31,4,4,13,380911130,TB
27,5,5,5,380911109,NYY
36,13,7,7,380911109,MIN
30,3,2,10,380911116,MIL
27,3,2,10,380911116,CHC
33,6,5,9,380911107,CHW
28,9,2,5,380911107,KC
36,10,2,8,380911124,PIT
34,11,6,11,380911124,STL
35,10,2,7,380911127,ARI
35,9,2,7,380911127,COL
29,2,3,7,380911103,TEX
25,2,2,4,380911103,LAA
35,8,0,8,380911112,SD
33,7,4,4,380911112,SEA
33,9,4,5,380911126,ATL
31,6,1,7,380911126,SF
39,11,5,8,380912117,LAD
31,5,1,11,380912117,CIN
34,9,2,5,380912106,HOU
33,5,5,14,380912106,DET
27,1,3,12,380912130,CLE
30,7,2,7,380912130,TB
34,10,2,12,380912124,PIT
33,7,3,6,380912124,STL
33,8,3,9,380912126,ATL
31,7,7,7,380912126,SF
30,5,0,9,380912221,MIA
39,14,3,6,380912221,NYM
37,8,1,5,380912112,SD
34,8,2,13,380912112,SEA
35,9,1,9,380912122,WSH
32,5,1,10,380912122,PHI
42,15,4,8,380912101,OAK
28,1,1,5,380912101,BAL
31,4,2,10,380912102,TOR
26,4,5,6,380912102,BOS
36,11,4,8,380912116,MIL
32,6,3,10,380912116,CHC
29,2,3,7,380912109,NYY
30,7,0,8,380912109,MIN
41,7,6,11,380912107,CHW
38,7,8,12,380912107,KC
30,4,2,12,380912127,ARI
35,13,2,8,380912127,COL
33,8,2,5,380912103,TEX
35,11,3,9,380912103,LAA
32,7,1,8,380913127,ARI
37,16,4,10,380913127,COL
31,5,4,8,380913221,MIA
29,4,3,7,380913221,NYM
37,10,4,4,380913120,CHC
37,7,4,8,380913120,WSH
31,4,3,13,380913321,MIA
33,9,3,4,380913321,NYM
34,7,1,9,380913102,TOR
33,9,1,7,380913102,BOS
35,9,3,11,380913101,OAK
32,12,2,5,380913101,BAL
38,16,1,7,380913124,LAD
38,12,4,11,380913124,STL
33,7,1,7,380913107,MIN
32,8,7,6,380913107,KC
35,12,7,6,380913103,SEA
32,6,3,8,380913103,LAA
35,9,6,9,380914101,CHW
34,8,4,10,380914101,BAL
34,7,3,12,380914110,TOR
36,14,7,4,380914110,NYY
35,9,2,5,380914122,MIA
40,18,4,8,380914122,PHI
35,9,5,10,380914102,NYM
30,4,3,8,380914102,BOS
36,11,2,7,380914105,DET
32,6,2,10,380914105,CLE
32,3,2,10,380914130,OAK
33,6,4,7,380914130,TB
33,9,6,3,380914115,WSH
36,13,5,10,380914115,ATL
32,7,4,12,380914124,LAD
29,2,2,10,380914124,STL
33,9,3,8,380914116,CIN
32,7,2,7,380914116,CHC
33,7,5,10,380914108,PIT
33,11,3,9,380914108,MIL
36,10,5,9,380914118,ARI
30,5,6,8,380914118,HOU
40,13,3,5,380914107,MIN
34,11,5,11,380914107,KC
36,9,2,12,380914103,SEA
33,6,3,8,380914103,LAA
34,9,0,10,380914125,TEX
28,5,5,8,380914125,SD
29,2,2,7,380914126,COL
31,8,0,6,380914126,SF
32,7,14,11,380915115,WSH
28,2,4,2,380915115,ATL
41,16,10,9,380915124,LAD
32,5,4,11,380915124,STL
28,2,4,9,380915105,DET
42,18,6,2,380915105,CLE
42,16,1,9,380915110,TOR
35,8,8,16,380915110,NYY
29,2,3,9,380915102,NYM
34,10,4,9,380915102,BOS
29,4,2,10,380915116,CIN
28,4,2,13,380915116,CHC
38,13,2,10,380915130,OAK
29,8,5,6,380915130,TB
30,6,1,9,380915101,CHW
31,5,3,6,380915101,BAL
34,6,1,12,380915122,MIA
29,4,3,10,380915122,PHI
30,5,4,8,380915108,PIT
33,7,2,8,380915108,MIL
32,6,1,11,380915118,ARI
34,12,8,5,380915118,HOU
36,11,2,5,380915107,MIN
40,15,1,8,380915107,KC
35,9,3,8,380915125,TEX
32,8,5,7,380915125,SD
32,7,1,7,380915126,COL
29,8,1,5,380915126,SF
38,12,5,9,380915103,SEA
33,8,1,5,380915103,LAA
37,9,4,14,380916101,CHW
33,11,3,4,380916101,BAL
30,6,3,5,380916102,NYM
28,6,1,13,380916102,BOS
34,7,2,9,380916110,TOR
31,6,2,9,380916110,NYY
38,12,0,6,380916105,DET
34,8,2,9,380916105,CLE
29,4,4,6,380916130,OAK
32,9,4,4,380916130,TB
37,11,5,4,380916115,WSH
35,8,2,7,380916115,ATL
33,9,2,11,380916122,MIA
36,7,1,10,380916122,PHI
28,5,5,8,380916108,PIT
32,5,2,9,380916108,MIL
30,5,2,13,380916118,ARI
34,12,3,3,380916118,HOU
42,18,3,8,380916107,MIN
38,13,0,9,380916107,KC
34,6,4,11,380916116,CIN
28,5,4,3,380916116,CHC
32,7,4,9,380916126,COL
33,7,3,12,380916126,SF
32,7,1,9,380916103,SEA
30,7,2,9,380916103,LAA
33,8,3,7,380916125,TEX
32,8,5,8,380916125,SD
29,4,5,12,380916124,LAD
32,8,1,11,380916124,STL
33,6,0,9,380917101,TOR
29,3,1,10,380917101,BAL
38,14,2,10,380917122,NYM
29,5,3,5,380917122,PHI
36,10,0,5,380917123,KC
41,16,3,8,380917123,PIT
35,9,3,5,380917106,MIN
31,5,4,7,380917106,DET
34,7,2,10,380917128,WSH
32,9,6,10,380917128,MIA
37,10,7,7,380917115,STL
36,10,5,11,380917115,ATL
33,8,1,7,380917108,CIN
34,11,3,7,380917108,MIL
31,8,4,6,380917113,TB
29,2,3,11,380917113,TEX
34,9,8,8,380917118,SEA
28,3,3,7,380917118,HOU
35,9,1,10,380917129,CHC
30,3,1,8,380917129,ARI
31,6,2,6,380917119,COL
33,11,6,8,380917119,LAD
38,12,0,11,380917125,SF
30,5,4,4,380917125,SD
34,9,2,6,380918101,TOR
30,6,3,5,380918101,BAL
32,5,4,7,380918110,BOS
26,3,4,7,380918110,NYY
33,6,4,15,380918122,NYM
30,7,6,9,380918122,PHI
38,7,3,17,380918123,KC
38,9,3,4,380918123,PIT
37,9,2,14,380918105,CHW
28,7,4,2,380918105,CLE
36,10,4,9,380918106,MIN
33,6,1,11,380918106,DET
32,9,10,7,380918128,WSH
33,6,2,15,380918128,MIA
37,11,3,14,380918115,STL
35,7,5,12,380918115,ATL
36,9,2,10,380918108,CIN
28,3,2,11,380918108,MIL
39,15,3,8,380918113,TB
30,4,2,7,380918113,TEX
33,6,4,8,380918118,SEA
31,7,2,5,380918118,HOU
39,12,2,14,380918129,CHC
32,4,1,12,380918129,ARI
35,9,4,7,380918111,LAA
33,7,7,11,380918111,OAK
33,4,5,9,380918119,COL
32,6,4,7,380918119,LAD
37,9,2,16,380918125,SF
34,9,5,10,380918125,SD
32,8,5,10,380919115,STL
31,7,5,10,380919115,ATL
37,11,2,5,380919106,MIN
28,4,2,7,380919106,DET
41,16,4,8,380919113,TB
32,7,3,12,380919113,TEX
32,6,3,9,380919122,NYM
32,7,5,10,380919122,PHI
35,9,2,7,380919110,BOS
36,11,4,4,380919110,NYY
30,4,2,7,380919101,TOR
31,6,1,7,380919101,BAL
31,6,2,10,380919123,KC
30,9,0,6,380919123,PIT
35,5,2,15,380919105,CHW
31,5,4,6,380919105,CLE
28,2,4,9,380919108,CIN
31,7,3,7,380919108,MIL
38,11,2,6,380919118,SEA
30,5,3,3,380919118,HOU
34,8,3,6,380919125,SF
32,10,2,10,380919125,SD
28,1,4,10,380919129,CHC
35,12,0,6,380919129,ARI
33,4,1,16,380919119,COL
28,5,3,5,380919119,LAD
31,4,0,3,380919111,LAA
33,10,3,8,380919111,OAK
32,5,3,9,380920111,LAA
44,22,7,7,380920111,OAK
32,5,3,9,400985170,LAA
44,22,7,7,400985170,OAK
38,13,4,12,380920110,BOS
33,7,7,9,380920110,NYY
43,10,6,19,380920120,NYM
44,9,5,14,380920120,WSH
38,11,5,7,380920114,TB
37,11,1,9,380920114,TOR
44,11,5,12,380920105,CHW
37,9,8,6,380920105,CLE
41,12,0,9,380920106,KC
37,14,5,3,380920106,DET
33,8,5,6,380920128,CIN
32,7,4,7,380920128,MIA
32,6,2,10,380920115,PHI
29,10,6,7,380920115,ATL
37,9,2,9,380921104,CHC
39,19,1,9,380921104,CHW
35,13,4,3,380921105,BOS
36,9,3,13,380921105,CLE
39,13,4,8,380921110,BAL
33,10,6,7,380921110,NYY
35,8,4,6,380921120,NYM
30,6,2,10,380921120,WSH
36,10,5,5,380921123,MIL
32,7,2,7,380921123,PIT
40,15,8,12,380921114,TB
33,7,1,5,380921114,TOR
35,9,2,5,380921106,KC
35,9,1,9,380921106,DET
33,3,1,11,380921128,CIN
33,7,1,6,380921128,MIA
33,7,3,7,380921115,PHI
33,9,4,7,380921115,ATL
28,9,3,2,380921113,SEA
25,9,3,4,380921113,TEX
33,6,1,14,380921118,LAA
35,11,4,8,380921118,HOU
34,8,5,16,380921124,SF
34,11,2,8,380921124,STL
34,8,4,7,380921129,COL
34,8,0,12,380921129,ARI
38,9,3,10,380921111,MIN
32,7,5,11,380921111,OAK
36,8,5,9,380921119,SD
36,9,4,10,380921119,LAD
30,4,4,6,380922115,PHI
28,6,6,6,380922115,ATL
40,11,3,9,380922124,SF
35,8,1,5,380922124,STL
28,1,4,9,380922120,NYM
30,7,4,5,380922120,WSH
43,12,4,13,380922110,BAL
37,7,4,10,380922110,NYY
33,7,5,9,380922114,TB
32,10,2,9,380922114,TOR
30,6,2,7,380922106,KC
35,11,1,8,380922106,DET
31,5,1,11,380922123,MIL
30,10,3,7,380922123,PIT
37,9,4,7,380922104,CHC
35,8,2,9,380922104,CHW
40,8,6,11,380922105,BOS
40,12,7,5,380922105,CLE
35,7,2,15,380922118,LAA
34,12,6,7,380922118,HOU
32,6,1,2,380922128,CIN
32,7,1,10,380922128,MIA
41,16,6,7,380922113,SEA
28,3,2,5,380922113,TEX
34,8,8,9,380922129,COL
29,3,0,5,380922129,ARI
32,7,3,6,380922111,MIN
33,8,3,5,380922111,OAK
34,8,0,11,380922119,SD
33,9,2,10,380922119,LAD
37,12,2,11,380923110,BAL
30,4,4,9,380923110,NYY
31,5,5,7,380923114,TB
34,8,2,11,380923114,TOR
36,10,2,7,380923106,KC
30,6,4,3,380923106,DET
30,4,1,9,380923128,CIN
37,14,2,4,380923128,MIA
32,6,3,4,380923115,PHI
28,4,1,9,380923115,ATL
37,14,9,7,380923120,NYM
38,11,6,8,380923120,WSH
39,12,9,6,380923123,MIL
33,6,1,9,380923123,PIT
42,15,4,9,380923104,CHC
31,4,0,8,380923104,CHW
31,4,2,13,380923118,LAA
34,12,4,5,380923118,HOU
34,5,0,11,380923124,SF
34,12,4,9,380923124,STL
33,6,2,4,380923113,SEA
33,12,1,9,380923113,TEX
34,9,0,10,380923111,MIN
33,8,4,5,380923111,OAK
32,5,0,13,380923119,SD
41,16,4,11,380923119,LAD
32,7,5,13,380923129,COL
34,7,3,9,380923129,ARI
40,8,7,7,380923105,BOS
36,9,5,10,380923105,CLE
34,8,3,8,380924130,NYY
29,2,6,13,380924130,TB
34,6,5,9,380924120,MIA
31,9,6,7,380924120,WSH
37,11,1,7,380924114,HOU
35,11,3,9,380924114,TOR
31,7,2,13,380924102,BAL
33,10,5,7,380924102,BOS
33,7,5,9,380924116,PIT
33,7,3,7,380924116,CHC
39,14,2,10,380924104,CLE
31,4,1,15,380924104,CHW
33,9,6,7,380924124,MIL
35,8,2,11,380924124,STL
29,5,3,10,380924127,PHI
36,13,8,7,380924127,COL
36,9,8,11,380924129,LAD
34,7,1,10,380924129,ARI
40,7,1,10,380924103,TEX
36,7,5,8,380924103,LAA
36,10,3,11,380924112,OAK
32,6,1,8,380924112,SEA
39,12,2,6,380924126,SD
33,7,3,8,380924126,SF
35,7,1,11,380925117,KC
36,9,3,7,380925117,CIN
35,10,6,7,380925130,NYY
32,5,3,15,380925130,TB
35,9,0,12,380925120,MIA
32,11,9,5,380925120,WSH
36,8,2,7,380925114,HOU
31,6,2,7,380925114,TOR
38,10,3,9,380925121,ATL
32,6,7,10,380925121,NYM
33,7,4,9,380925104,CLE
34,9,4,12,380925104,CHW
45,15,4,9,380925124,MIL
33,8,4,7,380925124,STL
37,10,7,9,380925116,PIT
31,5,2,10,380925116,CHC
35,6,2,8,380925109,DET
35,9,3,7,380925109,MIN
36,9,5,8,380925127,PHI
37,14,4,8,380925127,COL
35,10,4,7,380925129,LAD
30,8,4,6,380925129,ARI
33,6,1,10,380925103,TEX
27,5,5,2,380925103,LAA
47,16,4,13,380925112,OAK
46,14,4,10,380925112,SEA
46,12,6,11,380925126,SD
44,9,0,12,380925126,SF
34,8,3,9,380926202,BAL
45,22,3,7,380926202,BOS
26,5,4,9,380926120,MIA
33,12,5,3,380926120,WSH
31,5,3,11,380926114,HOU
25,3,3,8,380926114,TOR
35,9,2,8,380926117,KC
31,5,3,11,380926117,CIN
31,5,8,8,380926124,MIL
27,2,3,9,380926124,STL
28,2,0,11,380926121,ATL
30,6,4,13,380926121,NYM
37,10,4,12,380926130,NYY
34,10,3,9,380926130,TB
37,10,5,14,380926302,BAL
34,6,5,6,380926302,BOS
38,10,4,7,380926116,PIT
37,12,4,6,380926116,CHC
41,16,7,9,380926104,CLE
33,6,3,13,380926104,CHW
33,8,6,10,380926109,DET
37,14,6,8,380926109,MIN
30,4,2,14,380926127,PHI
37,16,4,8,380926127,COL
35,9,2,8,380926129,LAD
32,10,4,8,380926129,ARI
33,7,1,11,380926103,TEX
27,5,6,8,380926103,LAA
36,9,4,8,380926112,OAK
31,6,6,8,380926112,SEA
34,8,1,10,380926126,SD
31,5,4,10,380926126,SF
37,13,4,10,380927130,NYY
29,2,1,12,380927130,TB
35,8,4,14,380927127,PHI
34,9,1,4,380927127,COL
32,6,1,8,380927121,ATL
29,5,4,10,380927121,NYM
38,10,2,5,380927107,CLE
37,8,2,9,380927107,KC
31,4,5,5,380927116,PIT
32,10,3,7,380927116,CHC
34,8,7,6,380927109,DET
35,12,4,10,380927109,MIN
34,7,3,10,380927112,TEX
30,3,1,7,380927112,SEA
30,4,4,12,380928209,CHW
27,5,5,8,380928209,MIN
35,9,2,3,380928116,STL
31,8,4,8,380928116,CHC
39,13,2,10,380928117,PIT
38,13,5,10,380928117,CIN
41,13,4,9,380928102,NYY
34,6,7,9,380928102,BOS
30,5,4,5,380928101,HOU
32,6,1,7,380928101,BAL
44,19,3,13,380928122,ATL
31,4,4,14,380928122,PHI
42,13,5,10,380928121,MIA
30,5,5,4,380928121,NYM
37,12,5,11,380928130,TOR
37,12,5,8,380928130,TB
44,16,3,3,380928107,CLE
34,7,3,7,380928107,KC
44,16,3,3,400985276,CLE
34,7,3,7,400985276,KC
33,7,1,10,380928108,DET
32,11,2,9,380928108,MIL
38,12,1,9,380928127,WSH
30,8,1,4,380928127,COL
34,8,2,7,380928309,CHW
39,13,7,10,380928309,MIN
31,5,9,13,380928103,OAK
31,9,4,6,380928103,LAA
35,11,4,9,380928112,TEX
37,12,8,11,380928112,SEA
52,10,7,17,380928125,ARI
48,8,7,16,380928125,SD
35,9,1,10,380928126,LAD
29,6,3,6,380928126,SF
41,13,2,12,380929102,NYY
37,10,5,14,380929102,BOS
29,3,2,11,380929116,STL
31,5,0,6,380929116,CHC
32,6,2,6,380929117,PIT
29,7,0,12,380929117,CIN
44,18,7,6,380929126,LAD
34,9,1,9,380929126,SF
36,10,3,10,380929201,HOU
32,7,2,11,380929201,BAL
31,5,4,18,380929130,TOR
29,9,4,4,380929130,TB
28,2,5,10,380929122,ATL
26,5,7,10,380929122,PHI
36,9,4,6,380929301,HOU
30,6,5,7,380929301,BAL
34,8,3,11,380929108,DET
32,8,4,12,380929108,MIL
34,7,3,9,380929109,CHW
33,11,7,8,380929109,MIN
40,5,3,13,380929121,MIA
43,11,7,14,380929121,NYM
35,10,2,9,380929107,CLE
40,16,5,9,380929107,KC
43,18,4,6,380929127,WSH
33,5,4,10,380929127,COL
33,7,6,4,380929125,ARI
33,7,3,6,380929125,SD
31,8,4,9,380929103,OAK
31,4,5,7,380929103,LAA
36,10,0,13,380929112,TEX
31,9,1,5,380929112,SEA
26,1,2,5,380930101,HOU
31,8,1,10,380930101,BAL
30,4,3,15,380930102,NYY
37,13,5,11,380930102,BOS
31,4,4,16,380930122,ATL
30,6,4,11,380930122,PHI
40,16,5,6,380930126,LAD
29,2,0,11,380930126,SF
32,5,2,11,380930103,OAK
31,7,1,11,380930103,LAA
33,7,1,10,380930108,DET
36,12,4,9,380930108,MIL
32,7,3,15,380930109,CHW
31,7,2,3,380930109,MIN
29,4,0,9,380930112,TEX
30,7,1,6,380930112,SEA
37,10,3,5,380930117,PIT
35,5,5,16,380930117,CIN
31,5,0,6,380930121,MIA
27,4,2,11,380930121,NYM
33,6,1,13,380930125,ARI
39,11,6,11,380930125,SD
28,5,3,6,380930127,WSH
35,13,5,7,380930127,COL
35,9,3,7,380930130,TOR
30,10,6,4,380930130,TB
33,6,4,8,380930107,CLE
32,5,2,8,380930107,KC
36,11,5,10,380930116,STL
35,12,6,8,380930116,CHC
34,12,0,6,381001116,MIL
28,3,3,8,381001116,CHC
29,4,4,6,381001119,COL
33,9,2,10,381001119,LAD
48,11,3,13,381002116,COL
43,6,5,16,381002116,CHC
33,5,5,13,381003110,OAK
29,7,4,6,381003110,NYY
32,4,2,12,381004108,COL
35,7,7,7,381004108,MIL
33,6,0,11,381004119,ATL
27,5,8,10,381004119,LAD
30,3,2,10,381005118,CLE
32,12,2,3,381005118,HOU
33,6,3,10,381005108,COL
32,9,4,10,381005108,MIL
36,10,5,13,381005102,NYY
30,8,3,7,381005102,BOS
29,3,0,4,381005119,ATL
28,5,3,7,381005119,LAD
30,3,2,14,381006118,CLE
31,9,4,7,381006118,HOU
34,8,7,7,381006102,NYY
31,5,3,6,381006102,BOS
36,12,5,8,381007127,MIL
31,4,3,8,381007127,COL
31,7,9,8,381007115,LAD
28,4,4,11,381007115,ATL
41,13,8,14,381008105,HOU
30,7,2,6,381008105,CLE
33,8,7,10,381008115,LAD
33,6,5,6,381008115,ATL
44,18,8,4,381008110,BOS
31,5,1,7,381008110,NYY
35,8,4,12,381009110,BOS
30,5,2,4,381009110,NYY
35,8,3,13,381012108,LAD
33,11,3,8,381012108,MIL
35,8,3,13,401091256,LAD
33,11,3,8,401091256,MIL
33,9,2,5,381013108,LAD
34,7,4,8,381013108,MIL
30,5,10,9,381013102,HOU
30,3,4,11,381013102,BOS
34,7,5,8,381014102,HOU
34,9,4,9,381014102,BOS
34,8,3,10,381015119,MIL
32,5,3,14,381015119,LAD
35,9,3,3,381016118,BOS
34,7,3,8,381016118,HOU
46,8,4,15,381016119,MIL
44,7,5,17,381016119,LAD
31,5,2,11,381017119,MIL
29,9,4,12,381017119,LAD
37,11,7,8,381017118,BOS
39,13,5,6,381017118,HOU
36,8,2,7,381018118,BOS
32,5,2,12,381018118,HOU
32,5,2,9,381019108,LAD
35,11,6,13,381019108,MIL
33,10,4,12,381020108,LAD
33,7,0,14,381020108,MIL
34,8,3,12,381023102,LAD
33,11,5,12,381023102,BOS
29,3,3,8,381024102,LAD
31,8,2,8,381024102,BOS
57,7,7,19,381026119,BOS
61,11,5,15,381026119,LAD
35,8,6,8,381027119,BOS
36,9,4,10,381027119,LAD
33,8,1,6,381028119,BOS
29,3,2,11,381028119,LAD
31,7,6,10,401077162,SEA
35,9,3,8,401077162,OAK
29,4,4,12,401079081,DET
30,6,2,11,401079081,PHI
38,11,5,11,401079083,MIA
28,3,0,10,401079083,STL
30,4,5,7,401079084,NYY
30,6,4,8,401079084,HOU
34,10,5,9,401079085,PIT
36,11,1,5,401079085,MIN
35,9,4,12,401079079,ATL
31,6,9,8,401079079,TOR
43,16,4,8,401078849,ARI
29,5,0,6,401078849,CHW
36,11,6,6,401078850,CIN
31,6,3,5,401078850,TEX
37,13,2,7,401078852,MIL
37,10,3,12,401078852,SD
33,8,4,8,401079080,BOS
34,10,1,6,401079080,BAL
34,8,1,13,401078848,LAA
30,8,1,5,401078848,CLE
32,8,4,8,401078851,KC
37,12,4,10,401078851,COL
35,10,3,11,401079082,LAD
33,7,5,10,401079082,CHC
29,4,4,4,401079142,CLE
40,16,2,8,401079142,SF
43,9,5,9,401077163,SEA
46,10,6,10,401077163,OAK
34,10,1,12,401079086,ATL
31,9,4,7,401079086,TB
32,7,4,14,401079087,BAL
28,7,4,4,401079087,PIT
34,7,3,6,401079088,HOU
31,6,6,12,401079088,DET
30,6,4,5,401079090,NYY
37,14,2,9,401079090,STL
34,9,4,13,401079092,TOR
36,12,2,10,401079092,PHI
33,6,5,5,401079089,MIA
32,9,2,6,401079089,NYM
33,10,5,10,401078854,CLE
37,14,3,8,401078854,TEX
42,16,6,5,401078855,KC
37,10,5,6,401078855,CIN
37,9,3,12,401078856,LAD
34,11,2,7,401078856,MIL
34,10,2,7,401079091,SF
37,10,1,6,401079091,CHC
35,7,1,9,401079144,TEX
35,12,4,7,401079144,CHW
31,5,1,7,401078853,LAA
33,6,3,7,401078853,ARI
31,4,6,12,401079183,TB
35,10,1,5,401079183,BOS
33,8,5,8,401079182,STL
29,6,7,8,401079182,WSH
32,5,5,9,401079143,CIN
33,9,1,13,401079143,SEA
35,8,1,10,401079098,PIT
32,9,8,5,401079098,TB
42,21,5,1,401079184,STL
37,14,3,5,401079184,NYM
37,12,4,9,401078858,ARI
35,9,1,11,401078858,LAD
32,6,2,9,401078860,CIN
30,9,3,5,401078860,MIL
34,7,0,9,401079185,TEX
30,8,6,9,401079185,CHC
33,7,8,7,401079145,CHW
31,8,7,5,401079145,LAA
45,18,2,11,401079094,BOS
37,12,6,10,401079094,MIN
37,11,1,13,401079095,DET
30,7,3,6,401079095,ATL
34,9,3,8,401079096,NYM
34,12,3,5,401079096,HOU
31,4,3,8,401079093,BAL
29,9,3,7,401079093,TOR
32,7,3,13,401079097,PHI
28,6,6,10,401079097,NYY
30,6,5,6,401079099,WSH
40,13,0,14,401079099,MIA
32,6,2,9,401078859,CHC
38,12,4,9,401078859,CLE
32,6,2,12,401079147,SF
46,21,2,8,401079147,KC
39,11,0,11,401078857,LAA
32,9,2,9,401078857,SEA
34,10,3,11,401079146,SD
32,8,2,12,401079146,COL
37,10,2,11,401078861,COL
32,8,0,9,401078861,SF
41,15,2,8,401079102,NYM
31,5,2,9,401079102,ATL
31,8,2,9,401079103,PHI
29,7,2,7,401079103,PIT
36,9,3,14,401079104,STL
33,9,4,5,401079104,WSH
38,11,2,12,401079105,TB
41,14,2,9,401079105,DET
35,9,6,8,401079106,TOR
35,8,4,13,401079106,NYY
34,9,3,12,401079186,PIT
36,15,2,7,401079186,BOS
38,11,3,11,401078864,CHW
29,3,2,8,401078864,LAD
36,11,3,12,401079148,MIL
33,8,0,8,401079148,TEX
33,9,4,7,401078863,ARI
29,8,4,13,401078863,SF
33,8,2,9,401078866,CIN
37,11,0,4,401078866,CLE
31,8,5,12,401078867,KC
33,7,2,10,401078867,MIL
35,9,2,7,401078862,LAA
36,11,7,5,401078862,SD
37,10,2,9,401079101,MIN
36,9,2,11,401079101,BAL
36,10,1,9,401079100,HOU
30,3,0,17,401079100,MIA
36,9,1,6,401078865,CHC
38,17,3,6,401078865,COL
34,10,4,7,401079188,WSH
32,9,3,8,401079188,NYM
39,11,3,5,401079107,BAL
43,18,2,10,401079107,PHI
32,6,0,6,401079108,MIA
29,3,0,9,401079108,STL
31,6,5,7,401079109,NYY
35,9,3,8,401079109,MIN
39,12,4,11,401079111,TOR
40,17,5,11,401079111,DET
30,5,1,11,401079112,WSH
35,13,4,9,401079112,HOU
35,9,1,6,401079187,PIT
30,6,0,6,401079187,BAL
37,12,3,8,401078870,CLE
33,11,4,9,401078870,CHW
32,7,1,10,401078871,COL
33,8,6,10,401078871,CIN
29,4,3,7,401078872,KC
31,9,0,9,401078872,TEX
52,27,8,11,401078869,CHC
34,7,5,9,401078869,SD
32,6,2,5,401078873,MIL
33,7,5,10,401078873,ARI
30,3,3,6,401078874,SF
28,4,2,7,401078874,OAK
33,8,5,13,401079110,TB
31,8,1,12,401079110,ATL
36,6,6,15,401078868,LAD
34,11,5,5,401078868,LAA
41,14,2,10,401079117,NYM
32,9,3,9,401079117,BAL
34,8,1,10,401079119,TB
29,6,4,8,401079119,PHI
30,5,5,7,401079116,NYY
30,8,2,9,401079116,WSH
38,12,3,11,401079115,MIL
35,8,3,13,401079115,TOR
36,9,1,10,401079114,CIN
29,8,5,5,401079114,ATL
36,10,6,12,401078876,CLE
33,7,0,8,401078876,TEX
37,14,3,7,401079118,PIT
33,11,8,4,401079118,HOU
33,7,0,7,401079113,BOS
28,6,3,9,401079113,CHC
35,10,2,7,401078875,CHW
33,8,4,8,401078875,ARI
33,8,4,9,401078878,OAK
33,6,7,6,401078878,SF
36,10,10,13,401078877,LAD
34,9,6,6,401078877,LAA
36,10,0,11,401078879,SD
29,2,3,17,401078879,SEA
36,10,1,10,401079123,DET
36,11,2,8,401079123,TB
34,8,0,10,401079121,CIN
34,11,2,10,401079121,ATL
37,8,4,12,401078881,CLE
33,8,4,9,401078881,TEX
36,7,3,10,401079122,COL
37,11,4,7,401079122,MIN
32,8,4,10,401079125,PIT
28,3,0,3,401079125,HOU
33,7,2,6,401079120,BOS
39,15,6,9,401079120,CHC
41,14,2,2,401078880,CHW
33,7,1,9,401078880,ARI
31,7,1,10,401078884,SD
30,4,4,13,401078884,SEA
30,5,4,9,401079124,MIL
30,7,1,11,401079124,TOR
23,7,2,8,401078883,OAK
23,6,3,7,401078883,SF
34,6,1,6,401078882,LAA
30,8,8,10,401078882,LAD
34,8,1,9,401074734,BAL
29,9,8,8,401074734,NYY
31,5,3,12,401074739,NYM
31,5,1,14,401074739,WSH
32,5,2,11,401074741,STL
30,7,2,5,401074741,MIL
30,7,6,9,401074742,ATL
31,7,6,9,401074742,PHI
32,4,4,15,401074737,DET
32,2,1,7,401074737,TOR
33,9,0,10,401074733,ARI
35,12,3,3,401074733,LAD
35,10,2,8,401074738,HOU
31,4,1,12,401074738,TB
37,13,8,7,401074736,CHC
32,6,2,6,401074736,TEX
28,3,4,3,401074743,LAA
30,7,1,4,401074743,OAK
30,5,1,5,401074740,SF
27,6,1,9,401074740,SD
29,2,1,13,401074744,CLE
28,4,1,6,401074744,MIN
36,9,3,7,401074745,COL
32,4,1,7,401074745,MIA
31,5,7,11,401074746,PIT
31,6,3,8,401074746,CIN
31,4,4,5,401074735,CHW
31,5,3,7,401074735,KC
38,11,1,8,401074747,BOS
36,12,4,9,401074747,SEA
29,2,2,9,401074749,DET
31,7,3,12,401074749,TOR
31,6,4,10,401074750,HOU
31,6,1,13,401074750,TB
38,11,4,5,401074753,COL
27,2,3,9,401074753,MIA
40,14,7,10,401074752,STL
31,8,2,8,401074752,MIL
35,10,4,3,401074754,LAA
32,7,4,5,401074754,OAK
50,10,6,15,401074748,ARI
45,11,12,14,401074748,LAD
33,6,3,12,401074751,SF
28,8,4,9,401074751,SD
34,8,3,8,401074755,BOS
34,8,4,10,401074755,SEA
36,9,1,9,401074757,BAL
35,10,6,9,401074757,NYY
40,14,5,11,401074763,NYM
36,9,3,11,401074763,WSH
30,4,3,13,401074760,CLE
28,2,3,10,401074760,MIN
36,10,2,10,401074758,CHW
32,10,5,4,401074758,KC
31,5,4,13,401074761,DET
28,6,4,6,401074761,TOR
36,10,4,9,401074767,ATL
31,9,5,9,401074767,PHI
33,8,3,7,401074762,HOU
30,7,1,13,401074762,TB
34,8,0,14,401074768,COL
38,16,1,3,401074768,MIA
33,7,1,11,401074765,STL
33,8,5,9,401074765,MIL
34,9,7,5,401074759,CHC
32,10,12,14,401074759,TEX
34,9,2,9,401074764,SF
35,8,0,9,401074764,SD
33,6,2,7,401074769,LAA
31,7,2,6,401074769,OAK
32,7,3,7,401074756,ARI
41,19,6,4,401074756,LAD
38,9,3,11,401074770,BOS
34,10,4,10,401074770,SEA
34,8,7,11,401074772,BAL
37,9,8,14,401074772,NYY
43,10,4,13,401074775,DET
39,8,1,10,401074775,TOR
28,3,1,6,401074776,HOU
32,8,0,8,401074776,TB
30,5,1,7,401074781,COL
28,5,2,11,401074781,MIA
36,10,7,5,401074782,PIT
30,4,2,9,401074782,CIN
39,13,2,8,401074777,NYM
36,11,1,11,401074777,WSH
34,7,2,15,401074779,STL
32,9,6,9,401074779,MIL
31,6,6,13,401074783,CLE
35,15,2,7,401074783,MIN
36,11,5,7,401074773,CHW
33,6,1,9,401074773,KC
43,17,3,9,401074774,CHC
34,11,6,7,401074774,TEX
29,3,1,8,401074784,LAA
31,7,3,6,401074784,OAK
39,13,1,4,401074771,ARI
32,8,6,8,401074771,LAD
27,2,2,10,401074778,SF
32,8,5,4,401074778,SD
37,9,8,4,401074785,BOS
37,12,7,11,401074785,SEA
29,4,6,8,401074780,ATL
27,5,9,8,401074780,PHI
40,8,8,17,401074793,STL
35,6,8,9,401074793,PIT
30,3,4,14,401074788,CHW
32,8,5,6,401074788,CLE
29,2,7,9,401074790,DET
29,5,4,8,401074790,NYY
36,11,5,9,401074794,MIL
34,8,4,9,401074794,CIN
33,9,4,5,401074796,CHC
36,12,7,9,401074796,ATL
32,6,3,12,401074787,BAL
31,6,2,10,401074787,TOR
32,6,1,12,401074789,COL
32,9,4,9,401074789,TB
36,10,2,16,401074795,NYM
35,9,1,7,401074795,MIA
33,8,4,5,401074791,HOU
28,2,0,7,401074791,TEX
36,9,0,11,401074792,SF
32,7,2,8,401074792,LAD
29,4,2,11,401074797,BOS
34,9,2,11,401074797,OAK
40,15,4,8,401074786,ARI
31,6,2,5,401074786,SD
35,8,1,5,401074798,LAA
33,10,6,7,401074798,SEA
37,11,1,12,401074802,DET
31,6,1,8,401074802,NYY
33,7,7,11,401074807,MIL
31,4,5,9,401074807,CIN
41,14,4,12,401074805,PHI
33,7,1,14,401074805,WSH
34,10,2,8,401074800,BAL
31,6,4,4,401074800,TOR
27,2,2,14,401074801,COL
33,8,6,13,401074801,TB
38,9,5,7,401074808,NYM
41,16,2,5,401074808,MIA
34,12,5,5,401074803,HOU
32,9,4,9,401074803,TEX
41,12,6,10,401074804,MIN
37,10,1,7,401074804,KC
33,7,1,9,401074809,BOS
26,3,3,4,401074809,OAK
41,14,4,8,401074799,ARI
38,11,1,13,401074799,SD
34,9,2,8,401074806,SF
30,7,3,5,401074806,LAD
31,4,1,4,401074810,LAA
29,5,0,6,401074810,SEA
28,2,5,10,401074820,MIL
30,3,1,12,401074820,CIN
37,10,7,8,401074818,PHI
35,12,7,8,401074818,WSH
40,13,4,10,401074813,CHW
34,5,1,13,401074813,CLE
36,5,2,13,401074814,COL
39,6,7,11,401074814,TB
34,11,5,10,401074817,MIN
36,9,3,5,401074817,KC
33,7,1,11,401074811,ARI
28,5,6,7,401074811,SD
29,3,3,8,401074815,DET
31,5,4,18,401074815,NYY
31,6,1,10,401074812,BAL
31,10,2,5,401074812,TOR
38,10,3,10,401074821,NYM
34,7,3,15,401074821,MIA
35,12,6,13,401074823,CHC
30,8,8,8,401074823,ATL
37,7,3,8,401074822,STL
38,8,7,7,401074822,PIT
32,6,2,9,401074816,HOU
29,5,4,13,401074816,TEX
36,9,2,7,401074824,BOS
32,5,5,7,401074824,OAK
32,6,1,5,401074819,SF
31,7,5,10,401074819,LAD
34,8,2,12,401074825,KC
29,6,7,10,401074825,DET
30,5,4,11,401074830,WSH
32,4,2,14,401074830,NYM
37,12,3,7,401074831,NYY
35,10,4,12,401074831,BAL
34,10,5,7,401074832,BOS
36,13,4,5,401074832,OAK
30,3,8,13,401074829,TOR
28,7,5,7,401074829,CLE
33,6,4,8,401074833,CIN
32,10,0,5,401074833,PIT
33,6,3,7,401074834,CHC
34,13,6,6,401074834,ATL
39,15,4,10,401074828,TEX
35,8,7,9,401074828,LAA
35,9,5,9,401125954,SEA
34,9,5,6,401125954,CHW
37,13,6,5,401074841,LAD
34,10,6,7,401074841,COL
35,9,6,10,401126011,SD
31,4,2,7,401126011,STL
38,11,1,8,401074838,TB
36,8,2,8,401074838,SF
28,3,1,10,401074842,CIN
29,5,0,8,401074842,PIT
38,11,1,10,401074843,MIN
33,11,9,7,401074843,PHI
38,12,3,5,401074835,BOS
40,18,4,8,401074835,ARI
30,3,3,14,401074840,TOR
28,4,3,10,401074840,CLE
27,3,4,10,401074844,MIA
31,7,2,8,401074844,ATL
39,12,2,14,401074836,CHC
36,15,5,8,401074836,MIL
33,7,3,7,401074837,OAK
32,9,4,9,401074837,HOU
32,6,3,12,401074839,TEX
29,6,1,7,401074839,LAA
33,6,2,8,401074847,KC
33,10,6,3,401074847,DET
32,7,6,11,401074855,WSH
32,11,2,10,401074855,NYM
38,8,0,9,401074856,CIN
38,12,3,8,401074856,PIT
33,7,5,1,401074857,MIN
32,7,3,6,401074857,PHI
38,14,6,11,401074851,SEA
37,10,1,10,401074851,CHW
35,9,10,8,401074850,SD
34,9,6,10,401074850,STL
35,9,2,5,401074852,TB
30,8,3,4,401074852,SF
31,6,1,12,401074853,TEX
33,10,5,7,401074853,LAA
37,10,1,14,401074854,TOR
33,8,6,13,401074854,CLE
35,11,3,7,401074858,NYY
36,8,3,9,401074858,BAL
39,12,9,11,401074846,CHC
35,10,3,7,401074846,MIL
32,6,4,7,401074849,OAK
34,11,2,4,401074849,HOU
32,8,3,7,401074848,MIA
34,6,8,7,401074848,ATL
30,6,6,7,401074845,BOS
34,11,1,6,401074845,ARI
31,11,3,9,401074859,LAD
32,6,4,6,401074859,COL
33,7,0,7,401074870,MIN
28,4,4,7,401074870,PHI
40,15,9,3,401074871,NYY
33,5,3,6,401074871,BAL
31,7,2,10,401074862,KC
28,5,4,7,401074862,DET
29,3,2,16,401074868,TOR
30,6,1,9,401074868,CLE
32,8,12,9,401074869,WSH
36,11,2,11,401074869,NYM
33,7,2,4,401074872,MIA
29,7,3,8,401074872,ATL
34,7,2,10,401074873,CIN
34,12,3,9,401074873,PIT
33,6,3,5,401074861,CHC
34,10,4,10,401074861,MIL
37,11,2,5,401074863,OAK
38,14,8,8,401074863,HOU
39,12,4,9,401074865,SEA
38,10,3,9,401074865,CHW
32,6,2,12,401074864,SD
32,10,3,6,401074864,STL
36,10,3,10,401074866,TB
30,5,2,12,401074866,SF
29,6,5,7,401074867,TEX
32,9,6,5,401074867,LAA
31,5,2,10,401074860,BOS
29,3,1,8,401074860,ARI
35,12,10,4,401074874,LAD
34,10,5,8,401074874,COL
37,11,8,14,401074881,TB
34,9,0,14,401074881,CHW
32,7,3,12,401074878,PIT
34,8,4,11,401074878,CHC
35,8,3,8,401074877,NYY
30,7,4,7,401074877,HOU
37,11,2,4,401074882,OAK
37,15,3,5,401074882,BAL
33,7,0,5,401074883,WSH
33,10,2,7,401074883,PHI
30,5,3,5,401074875,LAD
28,5,2,4,401074875,STL
40,15,4,10,401074880,SEA
37,10,3,9,401074880,KC
34,9,6,8,401074884,ATL
33,8,3,6,401074884,COL
32,7,2,4,401074879,SD
33,5,4,13,401074879,SF
32,6,1,10,401074876,MIL
27,5,5,2,401074876,LAA
32,8,4,8,401074885,CLE
36,8,1,8,401074885,DET
35,10,2,9,401074894,TOR
35,8,3,7,401074894,BOS
38,13,8,7,401074892,TB
33,7,6,11,401074892,CHW
29,4,2,12,401074895,MIA
38,16,6,9,401074895,CIN
40,14,3,9,401074896,OAK
32,7,1,6,401074896,BAL
42,14,3,7,401074897,WSH
39,9,5,9,401074897,PHI
43,17,2,7,401074888,MIN
38,11,7,8,401074888,NYM
32,7,8,11,401074886,LAD
31,6,4,12,401074886,STL
31,5,3,9,401074889,NYY
33,11,5,10,401074889,HOU
41,15,1,11,401074891,SEA
33,8,3,6,401074891,KC
37,12,0,5,401074898,ATL
32,6,3,10,401074898,COL
35,8,1,11,401074893,TEX
33,9,2,7,401074893,ARI
31,7,2,10,401074890,SD
29,7,3,9,401074890,SF
36,10,3,11,401074887,MIL
35,12,6,8,401074887,LAA
31,5,5,9,401074899,CLE
36,12,2,13,401074899,DET
41,14,6,10,401074907,TB
33,6,1,14,401074907,CHW
31,6,2,7,401074905,SD
34,7,1,8,401074905,SF
29,3,5,14,401074910,MIA
24,3,5,8,401074910,CIN
39,13,2,4,401074911,OAK
31,4,3,4,401074911,BAL
44,17,6,11,401074912,WSH
28,3,7,10,401074912,PHI
34,9,1,10,401074902,MIN
27,5,10,10,401074902,NYM
35,10,3,13,401074903,NYY
36,16,5,9,401074903,HOU
31,5,1,11,401074900,LAD
32,10,1,6,401074900,STL
35,9,2,7,401074904,PIT
34,6,3,15,401074904,CHC
35,11,3,8,401074906,SEA
35,10,4,5,401074906,KC
35,8,4,15,401074908,TEX
33,6,3,12,401074908,ARI
32,7,3,5,401074901,MIL
28,5,1,10,401074901,LAA
29,5,3,10,401074920,MIA
32,10,2,11,401074920,CIN
37,11,1,12,401074921,OAK
32,4,5,7,401074921,BAL
35,11,6,8,401074913,CLE
31,3,1,7,401074913,DET
35,10,1,11,401074915,LAD
33,10,4,10,401074915,STL
40,12,2,9,401074918,SEA
40,8,4,14,401074918,KC
31,8,5,10,401074919,TOR
33,8,8,9,401074919,BOS
33,7,7,9,401074922,NYM
36,9,3,14,401074922,ATL
32,5,1,14,401074916,PIT
29,5,3,9,401074916,CHC
31,8,3,14,401074917,SD
36,8,6,11,401074917,ARI
29,3,1,8,401074914,COL
29,6,4,7,401074914,SF
31,4,0,6,401074923,LAA
34,10,1,10,401074923,CHC
31,12,3,8,401074925,CHW
24,7,4,7,401074925,NYY
39,10,2,14,401074930,PIT
36,7,3,6,401074930,WSH
40,16,6,8,401074932,TB
35,9,4,11,401074932,TOR
32,4,2,12,401074924,BAL
33,11,1,4,401074924,BOS
40,14,3,8,401074933,PHI
30,5,2,9,401074933,MIA
37,10,6,9,401074934,NYM
33,7,3,10,401074934,ATL
36,11,2,9,401074929,OAK
36,10,1,12,401074929,TEX
31,4,6,12,401074926,CLE
35,13,5,9,401074926,KC
32,5,2,12,401074931,SD
30,3,1,9,401074931,ARI
38,12,2,7,401074928,MIL
37,12,4,6,401074928,LAD
42,16,3,9,401074936,HOU
37,9,3,11,401074936,SEA
62,11,3,24,401074927,COL
56,8,5,17,401074927,SF
39,13,8,8,401074938,BAL
31,6,5,6,401074938,BOS
29,1,0,9,401074939,CHW
29,7,1,7,401074939,NYY
35,10,1,9,401074942,DET
26,5,7,7,401074942,MIN
33,9,8,5,401074937,LAA
35,9,7,11,401074937,CHC
33,8,1,8,401074948,TB
28,5,3,14,401074948,TOR
32,6,0,10,401074941,COL
31,11,3,7,401074941,SF
34,8,2,3,401074946,PIT
28,6,2,10,401074946,WSH
33,6,4,11,401074949,PHI
40,18,0,7,401074949,MIA
34,9,3,9,401075079,STL
30,6,3,5,401075079,CIN
28,2,2,8,401074940,CLE
29,7,1,5,401074940,KC
35,11,5,9,401074944,NYM
35,13,7,7,401074944,ATL
35,10,1,10,401074947,SD
35,10,4,9,401074947,ARI
35,9,5,10,401074943,MIL
32,8,0,6,401074943,LAD
32,6,1,8,401074950,HOU
31,4,0,13,401074950,SEA
32,5,2,10,401074952,BAL
30,7,1,9,401074952,BOS
32,9,6,14,401074953,CHW
31,4,2,7,401074953,NYY
37,9,6,10,401074960,TB
35,8,4,11,401074960,TOR
53,12,5,13,401074961,PHI
45,5,5,18,401074961,MIA
33,8,3,8,401074958,PIT
36,11,3,8,401074958,WSH
35,8,4,13,401074963,DET
35,14,2,4,401074963,MIN
36,11,3,4,401074954,CLE
34,11,8,6,401074954,KC
35,10,3,10,401074957,OAK
33,8,3,4,401074957,TEX
37,11,6,8,401075097,STL
35,10,3,8,401075097,CIN
30,5,4,9,401074955,COL
28,1,0,9,401074955,SF
29,4,2,5,401074956,MIL
35,11,5,8,401074956,LAD
32,7,1,9,401074959,SD
35,13,1,8,401074959,ARI
32,7,3,7,401074964,HOU
30,4,0,15,401074964,SEA
38,11,2,10,401074962,NYM
33,10,8,12,401074962,ATL
34,10,7,9,401074966,BAL
29,4,3,4,401074966,BOS
44,12,6,11,401074971,NYM
42,12,8,16,401074971,PHI
35,8,6,5,401074972,CHC
32,6,5,13,401074972,MIA
35,8,6,10,401074970,STL
36,13,7,9,401074970,MIL
35,11,2,9,401074973,TOR
32,5,4,8,401074973,MIN
33,8,8,1,401074965,LAA
38,14,7,6,401074965,TEX
29,6,7,6,401074969,KC
32,9,3,6,401074969,CHW
32,7,0,10,401074967,CIN
29,5,6,10,401074967,LAD
33,8,2,7,401074968,COL
33,8,2,7,401074968,SD
33,7,7,10,401074974,CLE
34,8,4,12,401074974,SEA
30,3,1,12,401074977,BOS
34,11,2,7,401074977,NYY
37,8,1,11,401074981,PIT
38,9,1,10,401074981,DET
37,10,2,11,401074982,SF
33,8,5,10,401074982,WSH
33,10,3,8,401074984,NYM
39,13,3,5,401074984,PHI
33,7,0,4,401074976,BAL
28,6,5,9,401074976,TB
31,9,5,9,401074985,CHC
33,7,1,7,401074985,MIA
37,12,7,7,401074986,ARI
33,10,5,8,401074986,ATL
36,11,3,13,401074983,STL
36,12,3,14,401074983,MIL
34,9,6,8,401074987,TOR
30,6,6,6,401074987,MIN
28,3,2,7,401074975,LAA
31,9,3,5,401074975,TEX
30,5,3,7,401074980,KC
32,9,2,14,401074980,CHW
39,12,3,13,401074979,COL
29,5,5,7,401074979,SD
35,9,8,7,401074988,HOU
28,4,4,9,401074988,OAK
31,4,3,6,401074978,CIN
35,13,1,5,401074978,LAD
36,13,1,6,401074989,CLE
33,6,4,7,401074989,SEA
31,7,2,5,401074999,NYM
28,5,3,6,401074999,PHI
37,15,2,7,401074998,STL
32,7,2,10,401074998,MIL
36,7,7,11,401074995,KC
38,9,8,9,401074995,CHW
29,3,1,10,401074993,CIN
27,3,2,11,401074993,LAD
34,8,2,7,401074992,BOS
30,5,3,10,401074992,NYY
30,3,1,11,401074994,CLE
29,3,2,14,401074994,SEA
35,6,5,9,401074996,PIT
35,7,1,9,401074996,DET
37,10,5,4,401074997,SF
33,11,5,8,401074997,WSH
30,3,2,13,401074991,BAL
33,13,4,6,401074991,TB
34,8,1,10,401075000,CHC
31,5,0,11,401075000,MIA
37,6,4,14,401075001,ARI
36,7,4,10,401075001,ATL
33,8,1,10,401075002,TOR
31,9,4,6,401075002,MIN
36,10,4,6,401074990,LAA
29,6,3,8,401074990,TEX
31,4,3,10,401075003,HOU
27,4,2,1,401075003,OAK
39,10,3,9,401075011,ARI
34,7,1,16,401075011,ATL
31,5,1,11,401075010,SF
30,8,5,12,401075010,WSH
40,10,2,3,401075005,CHW
34,14,1,4,401075005,DET
35,9,1,6,401075012,TOR
35,8,3,9,401075012,MIN
36,11,1,14,401075007,KC
30,4,3,10,401075007,NYY
45,15,5,7,401075004,BAL
41,9,5,14,401075004,TB
30,6,4,5,401075008,LAD
31,5,2,12,401075008,MIL
32,5,2,12,401075013,PHI
32,11,4,4,401075013,COL
40,13,11,9,401075009,SEA
41,16,4,7,401075009,LAA
31,5,1,7,401075006,CIN
30,6,2,13,401075006,SD
33,7,2,14,401075014,ARI
32,8,9,6,401075014,CHC
31,5,6,11,401075020,KC
28,8,5,3,401075020,NYY
31,7,3,13,401075025,SF
30,6,2,9,401075025,PIT
34,10,2,9,401075016,BOS
31,7,3,9,401075016,TB
36,11,5,8,401075017,CHW
32,7,3,8,401075017,DET
32,6,1,13,401075026,WSH
32,6,4,8,401075026,MIA
37,11,5,13,401075019,HOU
30,4,4,9,401075019,TEX
32,7,9,10,401075021,LAD
32,7,4,14,401075021,MIL
37,11,5,8,401075022,NYM
37,10,5,7,401075022,STL
51,17,6,11,401075027,PHI
42,8,4,16,401075027,COL
33,6,7,6,401075023,SEA
32,9,2,6,401075023,LAA
33,7,3,10,401075028,TOR
33,6,2,8,401075028,OAK
38,4,0,7,401075018,CIN
37,4,3,13,401075018,SD
31,6,4,8,401075035,KC
38,14,4,7,401075035,NYY
31,4,2,5,401075037,NYM
32,10,7,2,401075037,STL
35,13,4,11,401075029,ARI
29,4,2,6,401075029,CHC
36,9,3,9,401075041,MIN
38,13,3,10,401075041,BAL
19,4,1,3,401075042,SF
17,4,1,7,401075042,PIT
40,15,3,12,401075039,TOR
31,6,2,7,401075039,OAK
32,6,2,9,401075030,ATL
34,10,7,11,401075030,CLE
33,8,4,11,401075031,BOS
35,11,2,11,401075031,TB
35,10,3,11,401075040,WSH
35,11,4,12,401075040,MIA
29,2,5,8,401075036,LAD
33,8,2,11,401075036,MIL
35,9,7,13,401128302,ATL
34,9,6,12,401128302,CLE
46,19,0,5,401128303,MIN
36,11,1,2,401128303,BAL
36,11,1,4,401075034,HOU
34,10,4,12,401075034,TEX
39,14,1,6,401075043,PHI
39,14,1,13,401075043,COL
32,7,4,11,401075033,CIN
33,7,2,14,401075033,SD
36,9,5,12,401075038,SEA
38,13,3,8,401075038,LAA
39,10,3,20,401075050,KC
39,12,3,9,401075050,NYY
35,9,3,5,401075054,MIN
36,9,2,10,401075054,BAL
32,6,1,11,401075047,CHW
32,9,0,9,401075047,DET
33,9,3,11,401075055,WSH
29,3,4,13,401075055,MIA
35,9,4,6,401075056,SF
31,5,3,7,401075056,PIT
36,8,8,12,401075046,BOS
39,7,3,17,401075046,TB
36,10,5,12,401075051,LAD
32,6,4,11,401075051,MIL
35,7,3,12,401075052,NYM
34,8,2,6,401075052,STL
28,3,2,6,401075044,ARI
29,6,2,7,401075044,CHC
36,11,6,6,401075049,HOU
31,10,4,6,401075049,TEX
31,6,6,7,401075057,PHI
31,10,6,11,401075057,COL
35,10,3,7,401075053,SEA
34,11,4,6,401075053,LAA
37,13,2,9,401075058,TOR
30,7,5,6,401075058,OAK
35,9,2,10,401075048,CIN
32,9,0,9,401075048,SD
44,17,3,7,401075045,ATL
39,12,4,10,401075045,CLE
29,3,2,10,401075064,PHI
32,9,2,8,401075064,NYM
44,17,4,6,401075065,ARI
36,9,5,8,401075065,PIT
44,15,4,9,401075066,CHW
36,9,1,11,401075066,BAL
32,6,3,7,401075060,KC
29,8,3,6,401075060,TB
33,5,1,14,401075061,MIL
39,17,5,8,401075061,STL
37,12,5,5,401075062,MIN
37,11,3,3,401075062,HOU
30,6,4,6,401075067,WSH
33,11,3,5,401075067,COL
46,5,5,14,401075063,NYY
46,7,6,11,401075063,LAA
32,6,5,13,401075068,TEX
29,7,3,5,401075068,OAK
36,12,5,12,401128897,DET
30,5,2,6,401128897,BOS
35,9,1,8,401075072,MIA
31,3,2,9,401075072,CLE
36,10,1,14,401075080,ATL
30,9,9,11,401075080,CIN
32,6,2,6,401075081,ARI
32,7,3,10,401075081,PIT
31,6,1,6,401075082,CHW
34,11,5,7,401075082,BAL
37,10,0,8,401075078,SF
36,9,2,9,401075078,TOR
34,12,3,11,401075069,DET
34,9,6,7,401075069,BOS
33,6,2,10,401075070,KC
29,7,6,8,401075070,TB
30,5,2,13,401075076,PHI
36,10,5,7,401075076,NYM
31,5,4,12,401075073,MIL
33,11,3,5,401075073,STL
33,7,2,11,401075071,LAD
31,8,6,9,401075071,CHC
33,6,1,9,401075074,MIN
34,12,5,6,401075074,HOU
36,10,3,11,401075083,WSH
34,6,1,11,401075083,COL
41,14,5,10,401075075,NYY
34,8,3,6,401075075,LAA
39,14,2,9,401075084,TEX
38,14,6,7,401075084,OAK
31,7,6,8,401075077,SEA
33,8,0,6,401075077,SD
37,14,5,7,401075086,KC
35,9,3,12,401075086,TB
31,5,2,7,401075088,MIA
32,9,6,7,401075088,CLE
30,5,3,8,401075089,MIL
32,10,4,6,401075089,STL
39,12,2,10,401075095,WSH
35,12,6,5,401075095,COL
32,7,3,11,401075096,TEX
35,11,6,7,401075096,OAK
28,2,1,10,401075093,SEA
27,4,1,9,401075093,SD
33,7,5,3,401075094,SF
28,2,2,9,401075094,TOR
33,8,7,4,401075098,ATL
31,5,4,10,401075098,CIN
38,10,3,10,401075092,PHI
32,6,3,9,401075092,NYM
39,15,1,8,401075099,ARI
35,9,2,5,401075099,PIT
36,9,4,10,401075100,CHW
30,8,1,3,401075100,BAL
32,6,7,14,401075085,DET
34,12,10,7,401075085,BOS
31,6,7,10,401075087,LAD
30,7,3,3,401075087,CHC
31,4,1,10,401075090,MIN
32,10,3,3,401075090,HOU
33,7,4,13,401075091,NYY
34,8,2,5,401075091,LAA
34,9,1,9,401075105,ARI
32,5,1,9,401075105,PIT
30,4,3,10,401075103,LAD
32,7,3,12,401075103,CHC
36,11,1,7,401075106,ATL
23,5,6,7,401075106,CIN
37,12,2,7,401075107,MIA
34,4,1,13,401075107,PHI
34,7,3,6,401075102,DET
33,10,3,6,401075102,BOS
30,4,3,10,401075101,CLE
27,4,6,4,401075101,HOU
35,9,7,8,401075104,NYY
32,9,7,5,401075104,LAA
35,9,2,12,401075108,TEX
36,14,8,8,401075108,SEA
32,6,1,12,401075118,SD
33,6,2,13,401075118,WSH
31,5,2,7,401075120,MIA
29,6,5,4,401075120,PHI
32,5,2,10,401075116,OAK
33,8,1,6,401075116,TOR
37,10,6,14,401075114,MIL
34,7,4,8,401075114,NYM
39,12,0,10,401075121,COL
35,10,3,7,401075121,ATL
36,9,4,13,401075112,CLE
36,9,4,12,401075112,HOU
40,15,7,12,401075113,DET
43,21,4,10,401075113,CHW
34,8,3,8,401075122,BAL
35,10,1,5,401075122,MIN
34,10,4,1,401075109,LAA
27,5,3,8,401075109,KC
40,14,3,11,401075111,CIN
32,8,4,6,401075111,STL
34,8,3,10,401075110,CHC
35,11,6,6,401075110,ARI
35,9,0,11,401075117,PIT
31,9,5,10,401075117,LAD
37,6,9,11,401075123,TEX
37,6,9,10,401075123,SEA
38,15,1,7,401075115,NYY
31,5,7,14,401075115,SF
35,8,0,14,401075125,BAL
34,10,3,5,401075125,MIN
30,7,2,7,401075127,CIN
31,9,3,3,401075127,STL
31,4,5,7,401075133,OAK
34,12,5,9,401075133,TOR
35,8,1,10,401075128,CLE
32,5,4,12,401075128,HOU
31,8,5,8,401075132,NYY
36,9,0,5,401075132,SF
35,8,5,13,401075135,SD
34,5,6,11,401075135,WSH
29,4,6,10,401075136,TB
31,5,7,11,401075136,BOS
41,17,3,9,401075137,MIA
35,14,5,8,401075137,PHI
38,14,6,11,401075131,MIL
36,12,3,13,401075131,NYM
32,7,6,8,401075124,LAA
38,15,4,7,401075124,KC
35,9,3,7,401075129,COL
34,9,4,6,401075129,ATL
37,12,4,7,401075126,CHC
29,2,4,10,401075126,ARI
31,5,2,9,401075134,PIT
29,6,2,7,401075134,LAD
49,20,5,7,401075138,TEX
30,3,1,16,401075138,SEA
31,5,4,11,401075149,TB
32,7,1,10,401075149,BOS
31,7,0,3,401075150,MIA
27,4,6,9,401075150,PHI
38,6,9,13,401075146,OAK
45,11,2,11,401075146,TOR
30,5,0,8,401075144,MIL
32,9,5,7,401075144,NYM
34,9,4,9,401075151,COL
34,10,6,10,401075151,ATL
43,11,3,13,401075148,SD
46,14,4,14,401075148,WSH
29,2,4,20,401075143,DET
31,9,3,10,401075143,CHW
31,4,0,9,401075152,BAL
29,6,5,12,401075152,MIN
34,9,1,5,401075139,LAA
33,6,4,7,401075139,KC
34,8,1,6,401075141,CIN
28,7,4,8,401075141,STL
40,14,5,11,401075145,NYY
34,6,3,10,401075145,SF
57,13,5,19,401075140,CHC
54,12,7,13,401075140,ARI
36,9,2,11,401075147,PIT
32,10,2,7,401075147,LAD
46,17,2,13,401075153,TEX
32,7,4,10,401075153,SEA
35,8,2,8,401075142,CLE
29,6,4,8,401075142,HOU
33,8,7,10,401075158,OAK
35,12,5,6,401075158,BOS
35,9,4,8,401075159,STL
31,4,6,9,401075159,WSH
32,9,6,6,401075155,CIN
33,6,7,10,401075155,NYM
30,5,2,10,401075161,SD
32,6,4,3,401075161,ATL
31,4,3,7,401075156,COL
32,8,2,4,401075156,MIL
31,5,2,9,401075162,HOU
26,3,2,7,401075162,MIN
34,9,4,10,401075154,BAL
33,9,4,6,401075154,CHW
36,11,5,4,401075160,TB
32,5,2,10,401075160,KC
34,9,3,4,401075157,LAD
33,11,5,6,401075157,SF
34,7,4,15,401075170,STL
34,7,2,8,401075170,WSH
34,7,4,11,401075173,DET
31,4,2,10,401075173,PHI
37,8,6,13,401075164,CIN
33,9,3,12,401075164,NYM
30,3,3,9,401075168,OAK
32,7,3,7,401075168,BOS
33,9,3,5,401075174,CLE
31,5,5,12,401075174,MIA
31,6,1,9,401075175,SD
34,8,1,9,401075175,ATL
30,4,4,9,401075165,COL
29,6,0,7,401075165,MIL
42,15,5,8,401075176,HOU
29,3,5,12,401075176,MIN
47,14,2,12,401075169,PIT
39,7,7,13,401075169,TEX
30,5,1,9,401075167,NYY
29,7,3,7,401075167,ARI
37,10,5,6,401075166,LAD
32,6,1,9,401075166,SF
31,5,3,10,401075172,TOR
29,7,2,6,401075172,LAA
36,10,3,11,401075177,CHC
33,8,7,10,401075177,SEA
34,7,0,9,401075183,OAK
29,9,4,5,401075183,BOS
34,8,2,5,401075186,TB
27,4,3,7,401075186,KC
34,8,5,7,401075184,PIT
35,7,3,8,401075184,TEX
32,7,5,3,401075182,NYY
29,5,2,10,401075182,ARI
37,11,6,12,401075178,BAL
36,7,3,10,401075178,CHW
34,7,1,7,401129794,TB
33,11,4,4,401129794,KC
34,10,5,8,401075188,CHC
29,1,1,12,401075188,SEA
31,4,3,8,401075179,CIN
32,5,1,10,401075179,NYM
37,11,3,10,401075185,STL
36,9,1,7,401075185,WSH
38,12,3,11,401075189,DET
35,15,1,7,401075189,PHI
31,6,3,11,401075190,CLE
31,10,1,5,401075190,MIA
32,5,2,11,401075191,SD
31,8,2,4,401075191,ATL
34,10,7,11,401075180,COL
33,8,8,7,401075180,MIL
33,7,2,8,401075192,HOU
30,7,1,4,401075192,MIN
38,11,2,9,401129793,BAL
36,9,4,16,401129793,CHW
34,6,2,12,401075181,LAD
30,7,0,7,401075181,SF
36,6,1,12,401075187,TOR
32,8,7,5,401075187,LAA
30,4,1,10,401075194,CIN
27,4,1,9,401075194,NYM
43,17,2,10,401075199,SD
36,10,1,7,401075199,ATL
34,8,0,7,401075200,HOU
33,10,3,8,401075200,MIN
43,14,3,6,401075195,COL
37,10,3,14,401075195,MIL
32,7,2,9,401075197,TB
32,5,1,12,401075197,KC
34,9,3,13,401075196,STL
29,5,2,11,401075196,WSH
33,8,7,10,401075193,BOS
33,9,2,10,401075193,CHW
32,6,3,11,401075198,TOR
35,11,2,4,401075198,LAA
30,4,0,3,401075207,STL
29,6,6,12,401075207,CHC
30,4,4,8,401075204,MIN
29,8,2,9,401075204,NYY
43,16,6,7,401075209,OAK
36,7,2,8,401075209,PIT
34,12,6,7,401075210,TB
31,5,0,10,401075210,BAL
33,6,3,12,401075211,WSH
29,6,1,10,401075211,PHI
32,7,1,13,401075202,KC
31,8,2,7,401075202,DET
34,8,2,10,401075206,SEA
29,4,3,11,401075206,CLE
34,10,4,7,401075212,ATL
32,6,5,11,401075212,MIA
47,17,4,10,401075213,SF
49,13,7,16,401075213,CIN
43,11,4,14,401075208,TOR
38,4,5,12,401075208,TEX
36,11,6,7,401075201,BOS
31,5,3,14,401075201,CHW
32,7,3,12,401075205,NYM
33,10,2,4,401075205,MIL
40,12,2,8,401075214,ARI
38,10,5,11,401075214,COL
35,9,2,13,401075203,LAD
32,6,2,10,401075203,SD
39,12,2,5,401075219,MIN
32,7,4,9,401075219,NYY
35,9,6,11,401075222,STL
29,7,4,10,401075222,CHC
43,19,10,6,401075217,KC
35,8,2,6,401075217,DET
33,7,1,12,401075221,SEA
29,9,2,7,401075221,CLE
41,12,6,6,401075224,ATL
32,3,2,9,401075224,MIA
36,10,2,8,401075225,OAK
35,12,4,8,401075225,PIT
28,3,2,5,401075226,TB
30,7,1,4,401075226,BAL
38,13,2,8,401075227,WSH
38,12,5,8,401075227,PHI
48,21,5,8,401075215,BOS
32,7,3,11,401075215,CHW
38,14,5,5,401075216,HOU
35,8,4,5,401075216,LAA
62,10,1,17,401075220,NYM
62,11,7,18,401075220,MIL
32,5,2,11,401075228,SF
31,9,5,3,401075228,CIN
32,9,5,6,401075223,TOR
31,7,7,7,401075223,TEX
37,12,4,3,401075229,ARI
32,5,1,11,401075229,COL
38,11,5,10,401075218,LAD
35,10,4,8,401075218,SD
37,7,2,11,401075232,KC
37,9,5,12,401075232,DET
37,12,5,8,401075236,SEA
29,2,3,9,401075236,CLE
34,6,4,9,401075240,ATL
35,6,2,7,401075240,MIA
46,9,6,8,401075241,OAK
43,8,3,12,401075241,PIT
32,6,2,9,401075242,WSH
34,8,5,11,401075242,PHI
33,9,9,10,401075230,BOS
34,6,1,11,401075230,CHW
31,6,1,9,401075235,NYM
27,5,1,8,401075235,MIL
30,6,3,6,401075238,TOR
35,12,2,4,401075238,TEX
38,11,2,10,401075243,ARI
32,10,2,4,401075243,COL
38,13,3,5,401075231,HOU
33,6,1,8,401075231,LAA
28,4,4,10,401075234,MIN
26,6,6,11,401075234,NYY
33,8,4,3,401075233,LAD
32,7,3,12,401075233,SD
31,6,2,12,401075244,SF
33,6,3,9,401075244,CIN
39,12,2,5,401075237,STL
34,12,4,4,401075237,CHC
32,5,3,11,401075255,SF
37,14,4,7,401075255,CIN
37,13,1,11,401075247,CHW
36,10,3,6,401075247,CLE
34,7,4,11,401075253,SEA
31,9,1,5,401075253,NYY
30,3,0,6,401075256,BOS
31,8,2,7,401075256,BAL
36,12,3,5,401075250,MIN
29,3,2,10,401075250,TOR
29,2,3,10,401075245,ARI
36,13,6,4,401075245,TB
31,5,2,10,401075254,WSH
36,11,3,13,401075254,MIL
30,5,0,7,401075252,PHI
29,7,7,4,401075252,STL
30,6,6,7,401075249,MIA
31,8,10,9,401075249,CHC
36,9,1,10,401075248,KC
33,11,3,5,401075248,HOU
31,4,1,12,401075251,NYM
30,7,1,8,401075251,SD
32,5,0,10,401075246,ATL
32,9,5,9,401075246,LAD
33,8,3,10,401075260,CHW
30,5,4,11,401075260,CLE
36,10,2,5,401075266,SEA
33,9,3,6,401075266,NYY
30,7,8,11,401075268,BOS
34,8,2,5,401075268,BAL
30,5,7,12,401075269,TEX
30,8,4,3,401075269,PIT
34,8,3,7,401075263,MIN
33,6,0,6,401075263,TOR
35,9,5,4,401075257,LAA
32,5,1,11,401075257,DET
34,7,2,11,401075258,ARI
35,12,2,4,401075258,TB
32,5,3,10,401075267,WSH
31,8,5,12,401075267,MIL
38,12,4,5,401075265,PHI
30,4,2,12,401075265,STL
37,9,0,12,401075262,MIA
30,7,5,12,401075262,CHC
40,13,4,5,401075261,KC
31,7,3,8,401075261,HOU
41,16,5,6,401075270,SF
36,10,3,11,401075270,COL
27,0,2,6,401075271,CIN
29,5,1,11,401075271,OAK
30,4,0,6,401075259,ATL
33,11,3,5,401075259,LAD
37,12,5,12,401075264,NYM
37,12,4,9,401075264,SD
35,9,8,9,401075283,TEX
37,10,1,8,401075283,PIT
44,9,8,19,401075273,ARI
45,8,6,23,401075273,TB
34,8,1,15,401075282,WSH
36,11,6,7,401075282,MIL
33,7,3,6,401075280,PHI
28,3,3,5,401075280,STL
33,7,2,13,401075279,NYM
29,5,1,7,401075279,SD
34,9,1,7,401075275,CHW
37,12,1,6,401075275,CLE
39,14,4,11,401075281,SEA
30,5,1,4,401075281,NYY
43,8,5,11,401075284,BOS
41,5,0,22,401075284,BAL
44,18,3,12,401075278,MIN
29,2,2,14,401075278,TOR
35,7,1,9,401075272,LAA
34,10,3,8,401075272,DET
39,8,0,9,401075277,MIA
33,6,4,6,401075277,CHC
31,3,2,17,401075276,KC
32,11,4,6,401075276,HOU
45,8,7,7,401075286,CIN
44,11,7,13,401075286,OAK
37,11,1,7,401075274,ATL
33,9,7,5,401075274,LAD
38,15,4,3,401075287,LAA
32,5,0,8,401075287,DET
17,2,0,6,401075289,CHW
23,9,6,6,401075289,CLE
29,4,8,10,401075290,MIA
32,8,4,8,401075290,CHC
37,9,7,10,401075295,SF
37,14,9,11,401075295,COL
32,8,1,11,401075296,CIN
31,6,4,6,401075296,OAK
27,2,4,11,401075292,SEA
33,9,1,4,401075292,NYY
37,10,2,6,401075291,PIT
41,16,8,10,401075291,STL
28,3,4,10,401075293,TEX
30,9,6,9,401075293,HOU
33,5,2,9,401075288,ATL
37,11,6,6,401075288,ARI
35,9,3,7,401075294,WSH
31,6,4,9,401075294,LAD
33,8,7,8,401075301,MIL
30,7,4,5,401075301,CHC
38,12,3,8,401075308,LAA
33,5,1,9,401075308,BAL
32,6,2,9,401075298,CHW
28,4,7,6,401075298,TOR
37,10,3,12,401075300,MIA
36,15,8,8,401075300,NYM
34,7,2,12,401075302,NYY
33,8,4,11,401075302,TB
35,8,1,8,401075305,SEA
41,15,3,7,401075305,BOS
28,2,2,10,401075306,TEX
29,6,2,8,401075306,HOU
30,3,0,8,401075309,DET
30,7,7,5,401075309,MIN
30,4,5,12,401075303,PHI
29,8,5,7,401075303,KC
34,9,1,11,401075304,PIT
35,10,2,7,401075304,STL
40,12,0,9,401075310,SD
40,17,3,9,401075310,COL
42,10,2,12,401075311,CLE
41,10,6,6,401075311,OAK
32,7,1,8,401075297,ATL
32,4,2,8,401075297,ARI
31,4,2,7,401075307,WSH
33,9,4,6,401075307,LAD
38,9,4,6,401075299,CIN
31,4,7,12,401075299,SF
34,6,2,8,401075321,SEA
33,10,11,8,401075321,BOS
38,10,1,8,401075315,DET
34,7,5,8,401075315,MIN
31,4,1,11,401075320,PIT
29,2,5,8,401075320,STL
43,4,9,17,401075317,MIL
48,9,10,13,401075317,CHC
37,11,5,8,401075313,CHW
32,8,3,5,401075313,TOR
36,10,3,7,401075324,LAA
36,9,3,12,401075324,BAL
34,10,3,10,401075326,CLE
29,4,4,11,401075326,OAK
29,5,1,6,401075318,NYY
33,10,5,6,401075318,TB
33,6,2,10,401075316,MIA
31,9,3,3,401075316,NYM
36,9,7,5,401075319,PHI
29,4,0,7,401075319,KC
38,13,1,6,401075312,ATL
34,8,3,8,401075312,ARI
35,9,1,18,401075322,TEX
38,13,5,4,401075322,HOU
34,9,3,12,401075325,SD
32,6,1,8,401075325,COL
33,7,3,7,401127133,DET
37,15,3,6,401127133,MIN
37,10,3,10,401075314,CIN
35,9,2,10,401075314,SF
33,7,2,10,401075323,WSH
31,5,2,8,401075323,LAD
29,4,4,6,401075338,LAA
33,9,8,8,401075338,BAL
30,4,2,7,401075335,SEA
34,12,8,7,401075335,BOS
36,10,2,16,401075328,CHW
31,4,1,10,401075328,TOR
34,9,5,17,401075332,NYY
34,7,0,12,401075332,TB
37,9,4,14,401075336,TEX
43,18,2,8,401075336,HOU
33,8,2,10,401075339,DET
37,10,4,8,401075339,MIN
35,8,6,7,401075333,PHI
33,6,2,7,401075333,KC
38,14,6,6,401075334,PIT
39,12,3,6,401075334,STL
36,10,3,10,401075340,SD
35,13,3,9,401075340,COL
36,11,2,12,401075329,CIN
34,10,1,10,401075329,SF
30,7,5,6,401075341,CLE
32,7,3,7,401075341,OAK
37,12,1,7,401075327,ATL
40,14,1,11,401075327,ARI
28,1,1,10,401075337,WSH
28,7,4,8,401075337,LAD
35,9,2,7,401075331,MIL
31,8,2,6,401075331,CHC
38,12,8,9,401075346,MIL
36,11,2,11,401075346,PHI
36,11,3,3,401075344,HOU
30,5,6,7,401075344,DET
39,15,3,6,401075347,LAA
35,7,3,11,401075347,MIN
28,2,3,6,401075343,CLE
32,9,0,7,401075343,CHW
40,13,2,14,401075345,PIT
35,13,4,7,401075345,ARI
40,10,6,11,401075348,OAK
35,7,6,8,401075348,SEA
35,11,4,12,401075350,CLE
34,7,0,9,401075350,CHW
37,11,1,11,401075358,CHC
30,3,1,7,401075358,CIN
34,8,5,5,401075353,NYM
30,5,1,9,401075353,WSH
36,12,5,5,401075359,MIL
30,5,5,10,401075359,PHI
39,6,2,24,401075351,COL
42,9,4,10,401075351,BOS
41,14,5,10,401075352,HOU
31,7,4,9,401075352,DET
34,8,7,14,401075360,TB
31,6,0,8,401075360,MIA
39,14,7,6,401075361,STL
27,3,6,11,401075361,ATL
34,11,3,7,401075362,LAA
31,7,3,7,401075362,MIN
37,10,2,12,401075356,TEX
37,14,4,3,401075356,KC
38,11,3,8,401075354,PIT
30,4,2,9,401075354,ARI
36,10,6,8,401075357,TOR
33,5,6,11,401075357,SF
31,7,1,7,401075355,SD
32,8,1,5,401075355,LAD
33,6,3,11,401075363,OAK
30,7,3,9,401075363,SEA
43,18,3,7,401075372,LAA
32,10,4,3,401075372,MIN
33,7,0,10,401132483,BAL
32,7,1,6,401132483,NYY
32,6,1,7,401075368,PIT
35,11,4,12,401075368,ARI
32,5,3,11,401075371,TOR
31,8,2,6,401075371,SF
32,7,1,12,401075364,BAL
31,7,2,10,401075364,NYY
38,9,1,11,401075373,CHC
39,12,2,14,401075373,CIN
30,4,1,13,401075367,NYM
31,9,2,5,401075367,WSH
33,7,7,9,401075374,MIL
34,9,1,6,401075374,PHI
39,11,2,16,401075365,COL
38,13,5,8,401075365,BOS
33,8,5,5,401075366,HOU
30,2,2,14,401075366,DET
31,7,3,7,401075375,TB
34,7,4,12,401075375,MIA
27,3,5,6,401075376,STL
30,6,4,10,401075376,ATL
37,12,2,10,401075370,TEX
33,9,3,7,401075370,KC
32,4,1,16,401075369,SD
32,8,2,6,401075369,LAD
38,11,2,10,401075378,NYM
35,12,5,8,401075378,WSH
39,13,7,14,401075383,MIL
31,4,1,7,401075383,PHI
44,16,5,8,401075379,OAK
33,7,2,9,401075379,DET
47,21,8,6,401075381,TEX
32,9,2,6,401075381,KC
36,10,4,6,401075377,BAL
37,14,8,6,401075377,CLE
31,4,1,13,401075384,CHC
35,12,3,5,401075384,CIN
31,6,4,6,401075385,STL
34,14,6,4,401075385,ATL
29,2,4,3,401075382,TOR
33,10,3,9,401075382,CHW
43,16,1,10,401075386,MIN
35,8,0,7,401075386,SEA
37,8,1,6,401075380,PIT
26,5,3,9,401075380,SD
37,10,3,8,401075395,TB
35,9,1,8,401075395,NYY
43,18,7,11,401075388,CHC
38,13,5,5,401075388,WSH
33,5,1,4,401075397,COL
30,8,3,12,401075397,PHI
35,10,1,7,401075387,BAL
32,3,4,12,401075387,CLE
32,6,3,6,401075389,HOU
36,9,2,12,401075389,BOS
35,9,3,4,401075391,OAK
31,4,0,11,401075391,DET
36,10,2,8,401075398,LAD
29,3,1,13,401075398,CIN
36,12,5,6,401075399,NYM
34,10,0,7,401075399,MIA
37,10,5,8,401075400,MIL
39,17,5,7,401075400,ATL
36,9,1,6,401075394,STL
33,11,1,13,401075394,TEX
40,15,6,7,401075396,TOR
32,6,3,7,401075396,CHW
36,9,1,9,401075393,SF
33,10,4,3,401075393,ARI
32,6,6,10,401075390,KC
31,10,5,7,401075390,LAA
35,9,3,7,401075392,PIT
34,7,2,15,401075392,SD
35,10,2,9,401075401,MIN
31,5,5,9,401075401,SEA
40,6,0,12,401075411,TB
38,8,2,15,401075411,NYY
17,3,2,4,401075412,TOR
19,7,1,2,401075412,CHW
38,10,6,7,401075410,STL
32,6,2,6,401075410,TEX
36,9,2,13,401075413,COL
30,6,5,4,401075413,PHI
28,1,3,9,401075402,BAL
30,7,4,2,401075402,CLE
34,8,0,11,401075407,OAK
31,5,2,6,401075407,DET
33,6,2,9,401075414,LAD
31,7,1,8,401075414,CIN
26,1,3,9,401075415,NYM
29,5,4,10,401075415,MIA
29,4,0,8,401075403,CHC
33,11,5,7,401075403,WSH
37,13,6,4,401075404,HOU
31,5,5,3,401075404,BOS
38,8,4,10,401075406,MIL
33,8,5,8,401075406,ATL
37,12,4,8,401075408,PIT
34,8,5,13,401075408,SD
34,8,2,9,401075405,KC
29,7,3,7,401075405,LAA
35,11,5,11,401075409,SF
33,6,3,10,401075409,ARI
46,19,6,5,401075416,MIN
38,10,0,14,401075416,SEA
29,4,7,13,401075419,HOU
34,11,0,3,401075419,BOS
33,7,5,12,401075425,TB
36,10,9,9,401075425,NYY
34,7,1,9,401075427,COL
32,9,7,7,401075427,PHI
31,5,0,15,401075417,BAL
34,11,7,6,401075417,CLE
37,12,4,7,401075421,OAK
30,5,3,9,401075421,DET
34,6,9,13,401075428,LAD
35,9,2,6,401075428,CIN
27,2,1,8,401075429,NYM
27,6,1,5,401075429,MIA
37,9,0,6,401075430,MIL
34,5,0,9,401075430,ATL
35,8,2,4,401075426,TOR
32,7,2,8,401075426,CHW
36,7,5,11,401075424,STL
34,9,4,8,401075424,TEX
35,5,5,11,401075423,SF
32,3,6,9,401075423,ARI
36,9,4,10,401075420,KC
33,6,3,9,401075420,LAA
36,11,2,6,401075422,PIT
30,5,3,7,401075422,SD
34,7,3,10,401075431,MIN
34,11,2,8,401075431,SEA
32,9,5,7,401075418,CHC
35,9,2,7,401075418,WSH
41,16,4,6,401075434,BOS
31,3,1,10,401075434,TOR
36,11,3,9,401075437,OAK
35,8,3,3,401075437,CLE
36,11,4,5,401075441,NYY
38,13,5,8,401075441,BAL
32,7,5,6,401075440,WSH
32,8,4,11,401075440,NYM
38,9,4,10,401075438,PHI
37,11,4,7,401075438,CHC
39,13,2,15,401075439,SEA
38,15,1,7,401075439,TEX
33,6,0,13,401075435,CHW
29,8,2,4,401075435,HOU
32,6,6,7,401075433,ATL
29,2,0,8,401075433,SF
36,10,2,8,401075436,MIN
33,6,3,10,401075436,LAA
31,5,3,12,401075432,ARI
30,6,1,12,401075432,SD
33,7,4,7,401075451,OAK
30,4,7,9,401075451,CLE
33,6,3,5,401075452,PHI
35,10,7,2,401075452,CHC
35,10,4,5,401075455,COL
31,3,2,8,401075455,PIT
38,12,4,10,401075456,NYY
35,8,1,6,401075456,BAL
32,7,8,10,401075444,BOS
34,11,5,10,401075444,TOR
38,12,5,8,401075448,LAD
36,10,1,9,401075448,TB
42,10,4,10,401075449,MIA
38,5,2,17,401075449,DET
32,8,3,9,401075454,WSH
32,8,4,7,401075454,NYM
30,4,3,10,401075446,CIN
30,6,5,14,401075446,MIL
31,6,1,12,401075453,SEA
31,8,5,9,401075453,TEX
28,1,2,14,401075445,CHW
29,8,6,2,401075445,HOU
35,11,3,5,401075443,ATL
33,9,3,8,401075443,SF
36,10,4,8,401075450,MIN
34,7,3,6,401075450,LAA
31,5,0,8,401075442,ARI
27,4,1,6,401075442,SD
36,11,5,10,401075461,CIN
36,12,4,9,401075461,MIL
40,13,4,7,401075466,OAK
34,8,6,10,401075466,CLE
31,8,5,9,401075462,KC
29,4,4,4,401075462,STL
33,7,2,9,401075468,SEA
28,8,1,4,401075468,TEX
32,6,0,9,401075457,ARI
30,12,5,5,401075457,SD
40,16,6,10,401075470,COL
33,8,2,7,401075470,PIT
39,13,4,6,401075471,NYY
34,7,4,13,401075471,BAL
46,10,5,9,401075459,BOS
50,11,3,13,401075459,TOR
31,5,3,6,401075463,LAD
33,10,3,9,401075463,TB
35,11,2,7,401075464,MIA
35,10,2,7,401075464,DET
30,3,3,10,401075469,WSH
32,7,4,11,401075469,NYM
33,8,4,5,401134861,KC
34,12,5,11,401134861,STL
40,13,3,10,401075467,PHI
30,8,4,7,401075467,CHC
36,10,2,12,401075460,CHW
32,12,2,4,401075460,HOU
36,7,4,10,401075458,ATL
31,6,2,9,401075458,SF
37,13,3,11,401075478,WSH
28,7,3,8,401075478,NYM
37,11,2,10,401075479,COL
37,15,4,5,401075479,PIT
33,8,6,8,401075480,NYY
34,8,3,8,401075480,BAL
41,15,2,7,401075473,BOS
32,5,0,6,401075473,TOR
35,7,3,8,401075475,MIA
33,11,1,8,401075475,DET
38,12,4,12,401075476,PHI
36,11,8,12,401075476,CHC
49,11,3,16,401075472,ATL
45,7,6,15,401075472,SF
43,17,6,7,401135106,MIN
37,10,7,7,401135106,LAA
38,14,1,7,401075477,TB
31,4,3,6,401075477,CLE
38,11,3,11,401075474,CHW
30,4,1,9,401075474,HOU
38,11,4,13,401075484,CIN
34,8,4,9,401075484,CHC
43,15,3,7,401075486,MIA
37,14,5,8,401075486,WSH
39,13,5,6,401075492,LAD
34,7,1,6,401075492,PIT
34,7,4,12,401075489,SD
30,3,1,13,401075489,TOR
40,14,3,11,401075485,DET
37,11,2,7,401075485,NYM
34,6,4,16,401075490,TB
28,6,6,9,401075490,CLE
33,7,3,14,401075483,BOS
30,4,5,6,401075483,HOU
37,11,2,11,401075488,PHI
34,8,2,11,401075488,MIL
35,9,0,7,401075493,CHW
36,12,5,10,401075493,MIN
37,12,0,11,401075482,ATL
33,7,0,11,401075482,STL
35,10,2,10,401075494,BAL
36,14,2,8,401075494,COL
36,10,8,9,401075495,SEA
31,8,3,9,401075495,OAK
35,7,4,11,401075491,TEX
33,7,5,6,401075491,LAA
49,21,3,12,401075481,ARI
34,7,2,12,401075481,SF
32,6,1,13,401075500,CHW
33,10,6,8,401075500,MIN
36,10,3,10,401075504,NYY
33,6,0,11,401075504,KC
38,14,3,7,401075501,CIN
33,11,3,8,401075501,CHC
45,20,6,11,401075506,SD
30,4,2,12,401075506,TOR
38,13,3,5,401075496,ARI
34,8,5,7,401075496,SF
28,4,1,5,401075503,MIA
30,7,5,3,401075503,WSH
36,9,0,7,401075510,SEA
32,11,1,5,401075510,OAK
49,14,7,11,401075502,DET
44,7,3,8,401075502,NYM
38,12,5,8,401075505,PHI
30,5,1,9,401075505,MIL
38,12,1,11,401075507,TB
31,5,3,12,401075507,CLE
31,7,4,2,401075497,ATL
32,9,1,8,401075497,STL
35,9,3,10,401075499,BOS
36,13,4,5,401075499,HOU
37,13,4,3,401075509,LAD
36,11,0,5,401075509,PIT
35,10,7,7,401135422,NYY
33,9,2,7,401135422,KC
40,17,3,7,401075498,BAL
37,10,1,9,401075498,COL
32,5,4,7,401075508,TEX
33,9,3,10,401075508,LAA
35,10,1,7,401075519,SD
40,17,1,10,401075519,TOR
33,6,2,13,401075515,DET
30,8,1,8,401075515,NYM
34,8,2,11,401075520,TB
34,8,4,9,401075520,CLE
35,11,5,8,401075516,MIA
39,15,2,5,401075516,WSH
36,12,8,4,401075522,LAD
39,12,2,7,401075522,PIT
34,6,2,8,401075513,BOS
30,4,2,10,401075513,HOU
28,1,0,12,401075518,PHI
35,12,4,8,401075518,MIL
32,5,3,16,401075523,CHW
30,6,2,8,401075523,MIN
40,11,4,7,401075517,NYY
44,14,3,11,401075517,KC
40,17,3,3,401075514,CIN
34,8,3,13,401075514,CHC
37,11,2,5,401075524,BAL
35,12,6,9,401075524,COL
35,10,2,6,401075511,ARI
35,10,3,8,401075511,SF
37,7,4,17,401075521,TEX
32,11,4,5,401075521,LAA
30,6,4,6,401075525,SEA
32,7,3,5,401075525,OAK
37,9,6,13,401075512,ATL
34,3,6,5,401075512,STL
35,9,2,9,401075530,MIA
30,5,3,5,401075530,WSH
32,6,1,11,401075532,SD
31,7,4,12,401075532,NYY
35,8,3,9,401075534,DET
30,7,3,6,401075534,BAL
30,4,5,11,401075533,TOR
37,14,3,8,401075533,TB
37,12,4,9,401075535,PIT
34,12,5,9,401075535,CIN
36,9,2,17,401075527,CHC
33,10,4,6,401075527,HOU
32,7,0,4,401075529,KC
29,7,5,8,401075529,CHW
40,9,3,6,401075526,ARI
38,8,8,8,401075526,COL
35,9,4,5,401075528,CLE
37,13,4,10,401075528,BOS
33,9,2,7,401075536,LAA
33,10,2,7,401075536,OAK
31,6,2,10,401075537,MIL
36,10,4,13,401075537,MIN
34,8,2,8,401125593,PIT
33,10,2,11,401125593,CIN
40,15,2,9,401075531,NYM
40,17,2,3,401075531,LAD
33,6,1,12,401075538,TEX
33,9,6,14,401075538,SEA
35,10,5,11,401075543,SD
34,8,2,7,401075543,NYY
33,8,2,11,401075545,PIT
34,11,3,8,401075545,CIN
35,8,2,9,401075546,DET
32,6,2,13,401075546,BAL
31,4,2,11,401075547,STL
31,8,0,13,401075547,PHI
34,8,8,7,401075540,CLE
37,10,2,7,401075540,BOS
32,6,2,5,401075544,TOR
28,6,6,8,401075544,TB
32,6,2,5,401075548,SF
37,14,4,6,401075548,MIA
35,11,6,8,401075549,WSH
34,8,3,16,401075549,ATL
29,3,1,12,401075541,KC
33,12,1,4,401075541,CHW
36,9,6,11,401075539,CHC
34,11,4,5,401075539,HOU
34,8,0,11,401075550,MIL
34,10,2,5,401075550,MIN
35,9,2,4,401075551,ARI
29,8,4,5,401075551,COL
38,11,4,11,401075553,TEX
38,12,2,9,401075553,SEA
34,7,6,10,401075552,LAA
33,7,5,10,401075552,OAK
36,10,6,9,401075542,NYM
34,8,5,9,401075542,LAD
39,15,1,7,401075560,PIT
33,7,3,7,401075560,CIN
31,4,3,10,401075558,SD
34,10,2,9,401075558,NYY
48,16,9,11,401075561,LAA
44,12,1,8,401075561,OAK
40,13,2,9,401075562,TEX
36,11,6,9,401075562,SEA
44,18,4,10,401075555,CLE
42,14,1,12,401075555,BOS
32,6,1,11,401075563,DET
32,5,2,10,401075563,BAL
35,8,3,11,401075564,STL
35,12,8,11,401075564,PHI
42,12,5,9,401075559,TOR
44,14,8,10,401075559,TB
33,6,2,9,401075565,SF
31,11,1,5,401075565,MIA
41,15,6,8,401075566,WSH
33,6,1,13,401075566,ATL
32,7,3,12,401075554,CHC
30,4,1,8,401075554,HOU
39,15,3,4,401075556,KC
33,10,1,10,401075556,CHW
35,11,3,11,401075567,ARI
28,10,6,9,401075567,COL
38,13,3,8,401075557,NYM
38,15,4,5,401075557,LAD
35,10,1,8,401075573,STL
31,7,5,6,401075573,PHI
30,6,8,5,401075574,SF
31,7,4,6,401075574,MIA
43,16,2,12,401075575,ARI
44,18,4,11,401075575,COL
44,18,6,7,401075576,MIL
37,10,2,10,401075576,PIT
33,7,0,8,401075571,MIN
39,16,3,6,401075571,TB
36,10,2,16,401075570,KC
31,5,3,12,401075570,TEX
32,6,5,5,401075569,CLE
37,15,1,7,401075569,CHW
31,4,1,9,401075572,NYM
31,9,3,7,401075572,LAD
39,15,6,6,401075577,LAA
30,4,4,11,401075577,SEA
33,9,6,3,401075587,SF
31,9,5,6,401075587,BAL
30,5,3,9,401075578,BOS
30,8,2,13,401075578,NYY
33,6,2,9,401075586,MIL
38,13,5,5,401075586,PIT
35,10,3,7,401075583,MIN
31,4,3,9,401075583,TB
32,7,3,10,401075588,WSH
38,15,2,4,401075588,CIN
39,11,3,15,401075589,DET
31,7,1,4,401075589,ATL
33,7,3,7,401075581,KC
29,6,3,8,401075581,TEX
34,9,1,8,401075580,CLE
35,10,1,8,401075580,CHW
33,6,4,6,401075579,CHC
30,5,5,9,401075579,STL
34,11,5,9,401075590,TOR
40,17,5,7,401075590,COL
37,13,3,8,401075584,NYM
35,8,2,9,401075584,ARI
32,8,3,4,401075591,HOU
31,6,3,3,401075591,OAK
32,4,1,7,401075582,MIA
33,9,3,13,401075582,SD
32,5,2,9,401075585,PHI
35,12,1,7,401075585,LAD
32,6,3,4,401075592,LAA
28,5,1,10,401075592,SEA
40,13,3,12,401075599,MIN
36,9,2,7,401075599,TB
31,7,2,4,401075595,CLE
27,4,5,7,401075595,CHW
35,8,0,11,401075597,KC
34,11,4,6,401075597,TEX
53,14,8,19,401075603,MIL
53,18,6,16,401075603,PIT
33,8,4,8,401075604,SF
32,6,1,4,401075604,BAL
38,11,0,11,401075596,DET
36,11,1,8,401075596,ATL
35,8,2,8,401075605,WSH
33,8,4,8,401075605,CIN
36,11,4,14,401075593,BOS
35,11,1,10,401075593,NYY
34,7,2,14,401075594,CHC
35,12,1,8,401075594,STL
37,11,5,7,401075607,LAA
34,7,0,14,401075607,SEA
32,4,3,9,401075602,TOR
31,8,0,5,401075602,COL
38,11,4,9,401075598,MIA
30,4,3,11,401075598,SD
34,8,2,5,401075606,HOU
32,5,2,10,401075606,OAK
40,9,2,9,401075600,NYM
38,11,3,13,401075600,ARI
34,7,0,7,401075601,PHI
30,8,4,7,401075601,LAD
37,11,5,7,401075616,SF
32,4,2,13,401075616,BAL
34,12,2,6,401075613,MIN
34,9,3,15,401075613,TB
34,9,5,8,401075617,WSH
30,3,1,16,401075617,CIN
36,9,4,8,401075618,DET
32,7,2,13,401075618,ATL
36,9,1,10,401075619,MIL
33,8,1,4,401075619,PIT
31,6,0,10,401075610,CLE
27,5,3,9,401075610,CHW
27,3,8,9,401075609,CHC
25,4,2,5,401075609,STL
36,10,2,13,401075611,KC
34,11,2,9,401075611,TEX
33,6,4,8,401075620,TOR
32,9,4,3,401075620,COL
29,3,3,11,401075615,PHI
32,10,4,9,401075615,LAD
45,11,6,4,401075621,HOU
45,10,2,15,401075621,OAK
32,6,0,11,401075614,NYM
34,10,4,5,401075614,ARI
42,15,5,3,401075622,LAA
30,5,7,8,401075622,SEA
38,13,1,7,401075612,MIA
31,4,2,12,401075612,SD
38,13,1,8,401075608,BOS
32,8,3,9,401075608,NYY
28,4,2,8,401127733,LAA
34,11,3,7,401127733,CHC
33,7,1,12,401075623,LAD
30,3,0,11,401075623,ARI
30,6,3,6,401075624,PHI
32,9,8,6,401075624,SD
31,5,2,2,401075625,HOU
34,7,5,7,401075625,SEA
35,8,3,11,401075628,CHW
32,9,6,6,401075628,WSH
41,13,7,5,401075639,ATL
37,10,5,8,401075639,PIT
34,8,7,10,401075634,NYY
31,8,2,5,401075634,TOR
31,5,1,10,401075633,MIN
29,6,3,4,401075633,CLE
43,14,5,9,401075637,SF
38,10,2,9,401075637,NYM
34,9,2,4,401075638,TB
37,12,3,11,401075638,DET
47,19,3,9,401075632,MIA
33,6,3,10,401075632,MIL
36,10,4,6,401075627,BOS
33,7,1,10,401075627,KC
38,15,4,5,401075626,BAL
41,14,5,12,401075626,TEX
32,6,1,10,401075630,COL
31,8,1,8,401075630,CHC
38,10,2,4,401075629,CIN
32,6,4,14,401075629,STL
38,12,4,9,401075631,LAD
31,3,1,3,401075631,ARI
34,8,2,9,401075635,OAK
30,4,2,6,401075635,LAA
40,13,1,5,401075636,PHI
36,10,1,10,401075636,SD
37,13,5,4,401075640,HOU
31,5,6,11,401075640,SEA
37,11,1,13,401075643,CHW
33,9,3,8,401075643,WSH
39,7,3,9,401075646,LAD
35,5,4,11,401075646,ARI
38,11,2,11,401075651,PHI
34,8,7,8,401075651,SD
32,6,2,8,401075654,ATL
37,14,0,5,401075654,PIT
36,9,4,9,401075649,NYY
35,10,6,7,401075649,TOR
33,7,3,10,401075648,MIN
35,11,4,4,401075648,CLE
30,5,1,8,401075652,SF
31,8,4,9,401075652,NYM
34,7,8,5,401075653,TB
32,5,0,9,401075653,DET
36,10,5,13,401075647,MIA
32,8,2,8,401075647,MIL
43,8,3,14,401075641,BAL
43,9,2,9,401075641,TEX
37,11,4,9,401075645,COL
32,10,2,7,401075645,CHC
37,11,5,8,401075642,BOS
29,3,0,12,401075642,KC
40,15,5,13,401075650,OAK
40,14,4,5,401075650,LAA
32,6,2,5,401075655,HOU
36,13,6,8,401075655,SEA
30,3,1,9,401075664,SF
33,13,4,3,401075664,NYM
33,7,4,8,401075667,ATL
31,9,1,7,401075667,PIT
38,14,2,9,401075665,TB
33,8,2,7,401075665,DET
34,9,6,8,401075657,BOS
41,14,1,11,401075657,KC
31,5,4,6,401075658,CIN
32,9,1,11,401075658,STL
32,5,2,14,401075660,MIA
31,9,2,4,401075660,MIL
32,6,1,7,401075659,COL
32,5,2,12,401075659,CHC
49,14,8,8,401075668,HOU
53,11,9,16,401075668,SEA
35,7,3,8,401075661,MIN
32,4,2,9,401075661,CLE
36,8,4,7,401075662,NYY
34,8,0,4,401075662,TOR
32,8,2,11,401075656,BAL
29,8,2,5,401075656,TEX
35,9,6,10,401075663,OAK
35,9,2,5,401075663,LAA
32,4,3,11,401075666,WSH
27,6,7,9,401075666,SD
30,4,1,12,401075679,STL
26,6,5,8,401075679,CHC
34,6,5,11,401075682,CIN
30,6,1,5,401075682,PHI
36,10,3,8,401075669,ARI
31,5,2,4,401075669,TOR
37,10,1,15,401075672,COL
32,6,2,3,401075672,NYM
40,14,2,10,401075674,MIN
36,11,2,7,401075674,DET
31,6,1,8,401075675,NYY
29,7,2,7,401075675,CLE
36,10,1,9,401075680,TB
31,4,2,7,401075680,BOS
39,14,4,8,401075683,ATL
31,5,2,7,401075683,MIA
37,10,1,10,401075676,OAK
36,10,3,7,401075676,TEX
39,5,0,17,401075670,BAL
37,6,4,6,401075670,HOU
32,7,2,14,401075677,PIT
37,15,5,6,401075677,MIL
36,10,2,8,401075671,CHW
33,10,2,7,401075671,KC
35,8,5,13,401075678,SEA
31,4,5,7,401075678,LAA
33,10,0,6,401075681,WSH
33,8,1,9,401075681,SD
32,6,2,11,401075673,LAD
30,7,2,4,401075673,SF
37,13,4,9,401075695,TB
33,6,0,8,401075695,BOS
34,9,3,7,401127493,OAK
34,11,6,9,401127493,TEX
31,5,1,5,401075686,CHW
30,3,2,13,401075686,KC
35,10,4,4,401075684,ARI
31,5,3,11,401075684,TOR
31,6,0,6,401075697,CIN
29,6,4,7,401075697,PHI
35,8,1,9,401075685,BAL
29,4,2,5,401075685,HOU
32,6,4,9,401075689,MIN
38,15,5,13,401075689,DET
32,5,2,5,401075690,NYY
32,12,2,8,401075690,CLE
33,8,1,8,401075692,PIT
33,10,9,9,401075692,MIL
27,3,3,6,401075698,ATL
31,4,2,10,401075698,MIA
34,6,2,14,401129333,TB
28,6,6,10,401129333,BOS
33,7,2,15,401075687,COL
31,9,4,10,401075687,NYM
39,11,6,10,401075688,LAD
35,8,5,12,401075688,SF
33,5,2,12,401075694,STL
33,10,6,5,401075694,CHC
31,4,1,7,401075691,OAK
28,5,2,9,401075691,TEX
32,7,3,7,401075696,WSH
34,7,2,11,401075696,SD
33,7,1,9,401075693,SEA
39,16,5,6,401075693,LAA
39,14,2,11,401075710,TB
35,8,2,12,401075710,BOS
35,9,4,9,401075712,CIN
30,5,3,7,401075712,PHI
37,10,7,7,401075699,ARI
34,7,1,13,401075699,TOR
28,2,3,9,401075702,COL
31,8,2,11,401075702,NYM
43,17,4,7,401075704,MIN
33,9,2,11,401075704,DET
38,11,9,13,401075705,NYY
38,7,3,10,401075705,CLE
46,10,9,13,401075713,ATL
47,14,2,14,401075713,MIA
30,6,4,8,401075700,BAL
28,5,3,8,401075700,HOU
32,5,3,12,401075707,PIT
31,9,5,5,401075707,MIL
40,12,2,4,401075701,CHW
32,6,3,11,401075701,KC
35,11,3,9,401075706,OAK
42,15,2,12,401075706,TEX
39,13,3,10,401075708,SEA
32,7,3,11,401075708,LAA
30,6,2,7,401075703,LAD
32,5,2,12,401075703,SF
34,8,1,5,401075711,WSH
33,7,0,7,401075711,SD
34,9,2,6,401075709,STL
30,9,1,7,401075709,CHC
31,4,3,9,401075716,OAK
32,8,3,9,401075716,TB
40,14,6,9,401075719,ARI
39,13,4,5,401075719,PHI
39,8,2,15,401075717,TEX
38,9,4,9,401075717,BOS
29,4,4,8,401075720,STL
31,7,2,6,401075720,MIA
38,10,3,12,401075721,PIT
37,13,4,10,401075721,ATL
40,16,5,5,401075718,WSH
29,4,2,2,401075718,CHW
34,7,3,12,401075722,CHC
33,10,0,4,401075722,COL
34,8,1,7,401075714,LAD
33,9,3,11,401075714,LAA
38,9,0,9,401137674,NYM
40,15,3,7,401137674,NYY
34,7,6,10,401075723,CIN
34,6,4,12,401075723,CLE
38,11,5,6,401075727,NYM
36,9,3,8,401075727,NYY
34,8,5,6,401075732,ARI
34,12,4,5,401075732,PHI
31,5,4,13,401075733,TOR
33,11,4,7,401075733,BAL
33,7,1,8,401075728,OAK
31,4,3,10,401075728,TB
35,9,8,15,401075730,TEX
36,9,4,12,401075730,BOS
39,13,5,11,401075734,STL
32,5,2,9,401075734,MIA
32,9,4,8,401075735,PIT
33,10,3,11,401075735,ATL
37,11,3,8,401075726,MIL
36,12,4,10,401075726,HOU
36,9,5,5,401075731,WSH
31,7,2,7,401075731,CHW
37,10,4,10,401075736,SEA
32,9,1,7,401075736,MIN
32,5,1,7,401075724,DET
33,9,2,5,401075724,KC
32,6,3,5,401075737,CHC
32,13,7,4,401075737,COL
34,7,3,12,401075729,SD
30,9,4,10,401075729,SF
39,12,5,10,401075725,LAD
30,6,4,9,401075725,LAA
35,9,5,11,401075741,OAK
37,12,2,9,401075741,TB
36,9,4,11,401075738,CIN
32,6,3,7,401075738,CLE
37,12,5,7,401075744,CHC
34,7,1,12,401075744,COL
31,5,2,10,401075743,TEX
33,10,4,11,401075743,BOS
30,6,1,9,401075745,ARI
30,3,0,6,401075745,PHI
38,10,6,9,401075746,TOR
32,8,7,7,401075746,BAL
27,3,3,7,401075747,STL
34,12,2,7,401075747,MIA
44,13,5,6,401075748,PIT
43,15,7,8,401075748,ATL
30,5,4,10,401075739,DET
35,8,4,10,401075739,KC
52,10,1,24,401075740,MIL
42,5,9,14,401075740,HOU
43,13,5,10,401075749,SEA
41,11,1,9,401075749,MIN
32,6,4,9,401075742,SD
32,8,2,10,401075742,SF
35,9,4,5,401075757,PIT
34,10,3,6,401075757,ATL
34,7,6,7,401075758,SEA
39,14,6,7,401075758,MIN
42,17,4,4,401075759,TOR
37,10,0,10,401075759,BAL
32,7,3,4,401075751,ARI
28,3,0,6,401075751,WSH
33,6,1,6,401075750,LAA
36,10,2,10,401075750,TB
37,10,1,10,401075755,STL
34,6,2,15,401075755,NYM
35,9,9,11,401075756,TEX
34,9,2,8,401075756,BOS
34,7,5,8,401075753,DET
35,10,4,12,401075753,KC
35,9,2,12,401075754,NYY
30,7,7,7,401075754,CHW
40,13,0,12,401075760,SD
35,13,6,8,401075760,COL
33,8,3,8,401075752,CHC
32,11,3,9,401075752,LAD
34,6,3,13,401075762,ARI
30,8,2,7,401075762,WSH
41,16,7,6,401075769,BOS
34,9,0,6,401075769,BAL
34,8,5,9,401075761,LAA
37,13,5,5,401075761,TB
45,17,5,7,401075764,CLE
33,7,3,10,401075764,DET
33,8,4,7,401075767,STL
36,9,4,6,401075767,NYM
40,18,1,3,401075770,PIT
35,9,1,9,401075770,MIA
34,8,7,12,401075771,TEX
31,5,1,12,401075771,CIN
34,9,5,7,401075772,PHI
38,14,4,9,401075772,ATL
32,7,5,8,401075766,NYY
37,15,4,5,401075766,CHW
32,5,2,13,401075768,TOR
35,12,7,11,401075768,HOU
28,2,0,7,401075773,KC
26,4,4,6,401075773,MIN
56,21,6,10,401075774,SD
53,18,2,9,401075774,COL
36,10,4,4,401075775,SEA
33,7,4,5,401075775,OAK
35,8,0,10,401075763,CHC
31,7,6,6,401075763,LAD
34,8,7,7,401075765,MIL
31,10,1,4,401075765,SF
35,7,2,12,401075776,LAA
33,6,1,5,401075776,TB
40,15,4,7,401075777,ARI
36,10,0,10,401075777,WSH
33,8,4,9,401075781,MIL
36,15,4,9,401075781,SF
38,12,4,12,401075787,BOS
34,8,3,15,401075787,BAL
31,6,2,10,401075786,TOR
33,12,2,3,401075786,HOU
36,9,5,5,401075779,CLE
32,6,1,15,401075779,DET
32,8,2,6,401075789,PIT
33,10,2,7,401075789,MIA
36,8,3,9,401075780,KC
31,7,3,4,401075780,MIN
34,10,7,7,401075782,NYY
36,10,0,16,401075782,CHW
35,12,4,9,401075785,STL
34,10,3,8,401075785,NYM
36,8,1,9,401075790,TEX
30,4,4,8,401075790,CIN
33,8,3,10,401075783,PHI
35,8,3,9,401075783,ATL
39,13,5,11,401075784,SD
38,19,5,6,401075784,COL
33,6,2,12,401075788,SEA
37,14,4,3,401075788,OAK
31,4,1,8,401075778,CHC
31,5,2,12,401075778,LAD
32,6,3,12,401075801,TEX
34,14,5,4,401075801,CIN
43,14,5,6,401075799,BOS
43,12,5,9,401075799,BAL
35,11,4,6,401075791,LAA
31,9,1,10,401075791,TB
38,14,6,8,401075794,CLE
31,4,0,8,401075794,DET
31,3,4,9,401075797,STL
33,10,3,6,401075797,NYM
38,11,2,7,401075800,PIT
34,9,4,11,401075800,MIA
31,6,5,9,401075802,PHI
40,19,2,10,401075802,ATL
38,11,1,6,401075792,ARI
36,15,5,8,401075792,WSH
38,12,6,8,401075796,NYY
35,9,2,10,401075796,CHW
40,14,4,6,401075798,TOR
31,7,6,9,401075798,HOU
38,9,3,8,401075803,KC
42,15,5,12,401075803,MIN
39,15,6,7,401075804,SD
46,19,2,14,401075804,COL
38,12,2,9,401075795,MIL
32,7,5,9,401075795,SF
34,8,3,10,401075805,SEA
35,8,1,10,401075805,OAK
34,9,1,10,401075793,CHC
31,7,5,6,401075793,LAD
28,2,1,10,401075812,TB
31,8,2,9,401075812,NYY
38,13,6,6,401075806,LAA
34,8,3,8,401075806,TOR
30,4,9,9,401075813,HOU
28,6,4,9,401075813,CIN
32,7,4,5,401075814,NYM
40,16,7,5,401075814,ATL
34,8,0,10,401075807,CLE
32,8,4,11,401075807,TEX
33,7,0,10,401075815,BOS
31,5,2,9,401075815,MIN
33,8,0,6,401075808,MIA
33,8,0,8,401075808,STL
30,3,5,8,401075811,SF
32,5,5,9,401075811,LAD
29,4,2,6,401075816,BAL
29,5,3,5,401075816,OAK
29,4,3,8,401075809,MIL
30,7,3,11,401075809,SD
35,9,1,9,401075817,KC
35,10,4,12,401075817,SEA
35,9,2,10,401075826,TB
34,11,2,8,401075826,NYY
31,6,4,9,401075827,DET
35,8,4,6,401075827,PIT
32,6,1,5,401075818,LAA
29,3,0,8,401075818,TOR
33,9,2,7,401075828,HOU
29,6,1,8,401075828,CIN
40,15,8,10,401075829,NYM
32,5,0,12,401075829,ATL
33,8,2,8,401075819,CHW
31,6,2,5,401075819,CHC
42,14,5,10,401075820,CLE
30,5,5,9,401075820,TEX
64,17,2,17,401075830,BOS
62,15,5,16,401075830,MIN
33,8,1,9,401075822,MIA
28,2,4,7,401075822,STL
38,12,2,7,401075821,COL
34,7,4,6,401075821,ARI
31,4,1,4,401075831,BAL
40,15,3,6,401075831,OAK
27,4,3,7,401075823,MIL
33,8,3,11,401075823,SD
30,4,3,10,401075825,SF
36,14,5,4,401075825,LAD
38,13,3,10,401075832,KC
33,6,2,8,401075832,SEA
32,7,1,7,401075842,HOU
35,11,3,10,401075842,CIN
31,3,4,12,401075841,TB
32,9,7,7,401075841,NYY
31,6,4,9,401140507,PHI
33,8,3,9,401140507,WSH
32,6,4,12,401075843,BAL
35,11,3,5,401075843,OAK
36,9,5,5,401075838,MIL
35,13,4,7,401075838,SD
34,8,2,6,401075844,KC
32,10,3,7,401075844,SEA
31,4,2,12,401075839,PHI
27,4,3,4,401075839,WSH
37,11,1,12,401075845,DET
35,11,1,7,401075845,PIT
43,16,3,7,401075833,LAA
33,6,7,9,401075833,TOR
34,9,2,8,401075846,NYM
32,9,5,5,401075846,ATL
35,9,2,10,401075834,CHW
34,11,3,14,401075834,CHC
34,12,5,5,401075835,CLE
37,10,3,9,401075835,TEX
35,12,10,6,401075847,BOS
35,9,4,10,401075847,MIN
37,5,1,10,401075837,MIA
36,6,6,13,401075837,STL
37,14,0,4,401075836,COL
36,10,2,7,401075836,ARI
30,4,0,9,401075840,SF
35,13,1,7,401075840,LAD
31,5,3,5,401075850,CLE
31,8,1,10,401075850,TEX
33,7,9,11,401075851,COL
37,10,8,14,401075851,ARI
39,12,2,7,401075852,HOU
36,12,5,10,401075852,NYY
33,9,5,7,401075856,PHI
30,10,5,2,401075856,WSH
40,12,3,8,401075848,LAA
36,12,6,12,401075848,TOR
42,11,3,11,401075853,MIA
48,16,2,9,401075853,STL
36,10,4,9,401075849,CIN
30,5,1,7,401075849,MIL
32,7,3,8,401075855,NYM
30,7,5,11,401075855,CHC
32,5,1,5,401075854,MIN
31,10,1,3,401075854,KC
33,6,2,10,401075858,TB
32,7,6,9,401075858,OAK
36,9,3,11,401075857,SF
38,16,2,8,401075857,LAD
30,4,5,11,401075859,BAL
33,9,4,15,401075859,SEA
33,7,4,11,401075868,NYM
33,6,2,6,401075868,CHC
34,8,4,7,401075861,ATL
32,8,2,6,401075861,WSH
33,7,7,11,401075866,HOU
31,8,0,12,401075866,NYY
33,6,1,12,401075871,MIA
35,9,4,8,401075871,PHI
34,7,2,9,401075872,SD
28,6,1,5,401075872,PIT
38,12,2,10,401075865,DET
34,12,2,9,401075865,CLE
40,11,5,15,401075870,TOR
41,14,2,13,401075870,BOS
32,8,2,8,401075860,LAA
32,8,6,5,401075860,STL
40,12,2,10,401075862,CHW
35,8,3,12,401075862,TEX
37,10,6,11,401075863,CIN
36,10,10,10,401075863,MIL
40,13,3,10,401075867,MIN
33,7,3,4,401075867,KC
37,11,5,8,401075869,SF
35,10,3,9,401075869,ARI
36,10,2,8,401075873,TB
35,10,2,6,401075873,OAK
30,3,0,16,401075864,COL
31,6,1,9,401075864,LAD
39,14,0,8,401075874,BAL
37,13,8,7,401075874,SEA
33,6,2,8,401075875,LAA
30,5,2,6,401075875,STL
38,9,2,5,401075882,MIN
35,7,5,7,401075882,KC
37,12,4,5,401075883,NYM
31,6,4,7,401075883,CHC
37,10,5,12,401075885,TOR
35,9,5,8,401075885,BOS
33,7,2,7,401075886,MIA
32,7,4,9,401075886,PHI
31,6,7,12,401075887,SD
29,10,6,3,401075887,PIT
31,6,3,9,401075888,TB
30,8,4,3,401075888,OAK
33,6,1,11,401075878,CIN
30,5,6,11,401075878,MIL
33,6,3,10,401075880,DET
28,6,2,7,401075880,CLE
32,8,7,9,401075889,BAL
35,7,3,9,401075889,SEA
41,14,6,9,401075876,ATL
35,11,5,12,401075876,WSH
41,8,2,11,401075879,COL
42,14,3,9,401075879,LAD
37,11,6,3,401075881,HOU
30,7,4,12,401075881,NYY
34,7,1,8,401075877,CHW
35,14,3,5,401075877,TEX
36,10,3,5,401075884,SF
34,8,5,8,401075884,ARI
33,8,2,4,401075895,DET
34,10,2,10,401075895,CLE
36,10,5,6,401075900,TOR
34,7,1,10,401075900,BOS
38,16,5,8,401075901,MIA
29,4,5,10,401075901,PHI
36,7,2,9,401075891,ATL
37,10,2,6,401075891,WSH
46,13,8,13,401075902,SD
47,17,4,9,401075902,PIT
38,14,2,7,401075896,HOU
32,6,2,11,401075896,NYY
34,10,2,12,401075893,CIN
33,11,4,13,401075893,MIL
36,9,1,9,401075897,MIN
34,11,0,6,401075897,KC
29,7,3,7,401075898,NYM
33,12,2,11,401075898,CHC
34,10,3,7,401075892,CHW
32,11,1,9,401075892,TEX
39,15,3,3,401075903,TB
33,6,2,7,401075903,OAK
37,10,2,10,401075894,COL
34,7,3,6,401075894,LAD
34,4,2,12,401075899,SF
33,7,3,4,401075899,ARI
33,7,5,8,401075904,BAL
35,13,5,4,401075904,SEA
40,15,7,9,401075890,LAA
37,10,1,7,401075890,STL
40,14,2,14,401075910,TOR
37,13,7,7,401075910,NYY
39,15,3,6,401075911,NYM
43,19,4,2,401075911,PHI
33,8,4,10,401075906,CHW
36,12,7,9,401075906,BOS
34,5,2,8,401075908,KC
35,10,4,9,401075908,CLE
35,8,0,11,401075905,ATL
31,10,3,5,401075905,CHC
37,10,3,11,401075909,LAD
33,11,3,5,401075909,ARI
32,5,3,13,401075907,COL
32,6,2,9,401075907,SF
37,12,1,7,401075921,TEX
33,6,3,10,401075921,DET
33,7,0,12,401075922,TOR
31,10,2,4,401075922,NYY
38,12,4,6,401075923,NYM
33,8,3,7,401075923,PHI
37,12,3,6,401075924,SD
36,11,2,9,401075924,BAL
37,10,1,15,401075913,CHW
32,10,1,7,401075913,BOS
38,13,3,10,401075916,KC
37,11,2,8,401075916,CLE
35,8,2,11,401075925,WSH
30,5,1,11,401075925,MIA
30,3,5,10,401075912,ATL
28,4,5,13,401075912,CHC
33,8,2,6,401075919,PIT
33,10,1,7,401075919,HOU
37,12,8,7,401075920,SEA
37,8,2,9,401075920,MIL
33,7,1,8,401075926,TB
36,15,2,7,401075926,MIN
37,10,1,8,401075918,OAK
36,10,5,9,401075918,STL
30,5,4,10,401075917,LAD
33,6,2,9,401075917,ARI
30,3,3,15,401075915,COL
29,8,5,5,401075915,SF
30,7,4,10,401075914,CIN
31,8,3,5,401075914,LAA
35,12,1,14,401075928,CHW
42,15,2,4,401075928,BOS
36,13,4,9,401075937,TOR
40,16,3,10,401075937,NYY
34,8,1,16,401075931,KC
32,10,2,6,401075931,CLE
37,11,3,10,401075938,SD
36,8,3,15,401075938,BAL
30,5,4,7,401075932,LAD
35,9,1,8,401075932,ARI
32,7,2,11,401075930,COL
32,8,3,5,401075930,SF
39,10,4,6,401075939,NYM
37,9,5,15,401075939,PHI
32,8,3,12,401075936,TEX
30,5,2,7,401075936,DET
33,7,6,12,401075940,WSH
33,6,3,13,401075940,MIA
35,8,1,11,401075933,OAK
32,5,1,8,401075933,STL
33,8,5,14,401075935,SEA
32,5,3,10,401075935,MIL
33,7,2,10,401075927,ATL
34,10,4,5,401075927,CHC
33,5,1,9,401075929,CIN
31,7,4,9,401075929,LAA
41,15,7,6,401075934,PIT
34,9,3,6,401075934,HOU
32,6,2,9,401075941,TB
34,10,1,8,401075941,MIN
33,5,1,11,401075947,NYM
30,6,5,10,401075947,PHI
30,5,3,13,401075946,TEX
33,9,1,7,401075946,DET
61,8,6,17,401075948,TB
60,9,5,22,401075948,MIN
39,14,2,6,401075944,PIT
35,9,0,8,401075944,HOU
34,5,1,11,401075945,SEA
31,9,1,6,401075945,MIL
33,8,5,10,401075942,ATL
35,10,1,9,401075942,CHC
37,10,1,4,401075949,WSH
35,8,1,7,401075949,MIA
44,17,2,6,401075950,LAD
41,16,3,7,401075950,COL
33,8,4,6,401075966,ARI
30,3,2,6,401075966,SF
30,5,1,6,401075943,OAK
34,12,2,9,401075943,LAA
32,6,2,8,401075961,CLE
38,16,4,5,401075961,BAL
35,9,2,12,401075953,KC
33,9,2,8,401075953,TOR
35,9,2,11,401075952,ATL
36,9,0,8,401075952,NYM
33,8,5,6,401075959,TEX
30,3,2,11,401075959,TB
33,7,3,6,401075960,WSH
34,6,3,11,401075960,DET
32,6,2,9,401075962,CHC
31,11,7,6,401075962,CIN
31,4,2,11,401075963,PHI
31,8,3,10,401075963,MIA
34,9,4,6,401075956,PIT
30,6,3,12,401075956,MIL
33,9,4,7,401075954,MIN
35,9,0,5,401075954,CHW
34,5,3,7,401075957,SEA
36,9,4,5,401075957,HOU
38,9,7,5,401075964,LAD
40,17,3,8,401075964,COL
32,6,6,11,401075955,OAK
34,8,2,4,401075955,LAA
36,9,2,8,401075958,STL
27,7,2,3,401075958,SD
38,11,2,6,401075951,ARI
34,12,3,2,401075951,SF
45,19,6,11,401075971,NYY
43,18,6,5,401075971,BOS
31,5,1,10,401075978,CLE
35,13,6,6,401075978,BAL
32,7,5,10,401075968,KC
29,6,7,11,401075968,TOR
38,13,1,9,401075967,ATL
36,8,4,9,401075967,NYM
31,5,2,6,401075976,TEX
31,7,3,12,401075976,TB
34,9,2,8,401075977,WSH
33,12,4,7,401075977,DET
34,8,5,8,401075979,CHC
33,7,0,6,401075979,CIN
34,7,4,7,401075980,PHI
39,15,2,5,401075980,MIA
39,13,3,6,401075970,MIN
34,7,1,12,401075970,CHW
34,8,2,13,401075969,LAD
30,7,1,8,401075969,COL
31,6,0,7,401075973,PIT
28,5,3,6,401075973,MIL
36,7,6,9,401075974,SEA
35,8,4,7,401075974,HOU
36,11,3,8,401075965,ARI
32,7,2,9,401075965,SF
33,8,4,10,401075972,OAK
29,3,2,5,401075972,LAA
34,5,2,12,401075975,STL
36,12,4,11,401075975,SD
40,13,9,10,401075985,NYY
40,15,1,8,401075985,BOS
37,10,2,6,401075992,CLE
31,5,1,14,401075992,BAL
36,11,5,8,401075983,KC
34,8,3,5,401075983,TOR
29,4,0,17,401075990,TEX
33,9,1,13,401075990,TB
34,7,5,6,401075991,WSH
32,5,1,15,401075991,DET
38,11,4,10,401075993,CHC
32,9,4,9,401075993,CIN
42,17,4,9,401075994,PHI
37,10,2,12,401075994,MIA
34,6,0,6,401075984,MIN
31,10,2,10,401075984,CHW
30,7,2,4,401075987,PIT
31,8,7,10,401075987,MIL
31,6,2,14,401075988,SEA
35,11,4,6,401075988,HOU
40,14,5,8,401075995,LAD
35,9,3,9,401075995,COL
34,8,2,11,401075981,ARI
35,13,6,10,401075981,SF
37,11,4,9,401075986,OAK
36,9,2,10,401075986,LAA
40,9,4,11,401075989,STL
41,10,4,13,401075989,SD
36,10,3,10,401075982,ATL
35,13,2,9,401075982,NYM
34,9,1,8,401075998,KC
39,18,4,3,401075998,TOR
38,13,3,7,401076000,CHC
46,23,3,7,401076000,PIT
35,9,3,11,401075997,BAL
32,10,4,5,401075997,TB
35,9,6,11,401076001,MIL
36,10,1,8,401076001,CIN
41,14,3,6,401075999,SF
33,5,2,7,401075999,SD
31,7,1,9,401076008,MIA
35,8,2,8,401076008,WSH
31,6,2,13,401076011,CHC
29,7,3,6,401076011,PIT
41,15,2,8,401076005,BOS
33,8,6,10,401076005,TOR
33,6,1,16,401076004,BAL
32,8,4,10,401076004,TB
31,6,2,10,401076009,NYY
33,11,3,5,401076009,NYM
37,6,2,9,401076012,MIL
40,10,1,6,401076012,CIN
33,7,3,4,401076013,PHI
30,4,3,11,401076013,ATL
36,8,11,9,401076002,LAA
30,6,3,10,401076002,TEX
39,13,2,10,401076014,HOU
39,13,4,10,401076014,COL
39,13,4,6,401076006,CLE
36,12,1,7,401076006,KC
36,10,1,10,401076015,MIN
31,8,6,6,401076015,OAK
34,8,4,9,401076003,ARI
32,7,7,4,401076003,LAD
44,17,4,11,401076010,SF
34,9,0,6,401076010,SD
34,9,2,8,401076016,STL
32,8,6,12,401076016,SEA
33,6,5,11,401129373,DET
31,12,3,4,401129373,CHW
32,6,2,16,401076023,MIA
29,7,5,6,401076023,WSH
36,10,4,11,401076024,NYY
33,7,0,10,401076024,NYM
36,9,3,11,401076026,CHC
35,11,1,7,401076026,PIT
34,8,1,9,401076020,BOS
32,11,5,8,401076020,TOR
39,11,4,14,401076019,BAL
37,11,0,6,401076019,TB
30,4,1,13,401076027,MIL
30,8,2,9,401076027,CIN
30,6,3,9,401076028,PHI
35,10,1,6,401076028,ATL
37,12,1,11,401076017,LAA
31,4,2,16,401076017,TEX
43,12,5,8,401076022,DET
44,10,3,10,401076022,CHW
31,6,3,3,401076029,HOU
34,7,2,8,401076029,COL
31,8,6,3,401076021,CLE
31,5,1,12,401076021,KC
45,10,4,10,401076030,MIN
43,9,7,13,401076030,OAK
35,9,3,7,401076025,SF
37,11,1,9,401076025,SD
40,10,0,11,401076018,ARI
37,10,3,9,401076018,LAD
34,9,1,9,401076031,STL
31,5,3,14,401076031,SEA
38,10,4,6,401076036,MIA
32,8,2,9,401076036,WSH
34,12,5,5,401076034,CLE
33,6,4,7,401076034,KC
43,15,0,7,401076035,DET
39,13,1,16,401076035,CHW
29,2,1,10,401076039,MIL
30,8,1,8,401076039,CIN
41,15,2,13,401076040,CHC
31,6,1,7,401076040,PIT
36,11,3,8,401076041,MIN
35,12,3,6,401076041,OAK
34,10,3,8,401076042,STL
33,10,3,6,401076042,SEA
37,8,4,12,401076037,NYY
38,8,8,11,401076037,TB
37,12,4,9,401076043,PHI
34,12,5,10,401076043,ATL
35,8,4,7,401076033,BOS
38,11,5,7,401076033,TOR
37,10,2,6,401076032,LAA
37,14,5,12,401076032,TEX
31,5,3,12,401076038,SD
28,6,2,11,401076038,LAD
45,12,5,9,401076048,KC
42,13,11,6,401076048,WSH
41,13,6,10,401076053,MIL
42,13,3,7,401076053,PIT
30,6,5,9,401076045,BAL
31,4,2,8,401076045,TOR
40,14,4,6,401076046,BOS
35,9,2,9,401076046,DET
44,14,0,8,401076049,NYY
42,10,4,9,401076049,TB
36,9,5,13,401076050,PHI
33,7,1,7,401076050,NYM
33,7,3,12,401076054,MIA
29,5,5,10,401076054,ATL
34,9,1,8,401076044,LAA
33,6,4,8,401076044,HOU
35,10,2,3,401076055,TEX
42,20,2,9,401076055,MIN
33,5,1,13,401076047,COL
30,9,4,4,401076047,ARI
32,6,1,12,401076051,SD
34,6,1,9,401076051,LAD
30,5,4,8,401076056,OAK
30,5,0,8,401076056,SEA
38,14,6,10,401076052,STL
32,7,3,8,401076052,SF
35,8,1,15,401076068,TEX
32,9,3,8,401076068,MIN
36,10,4,4,401076058,BAL
30,3,1,8,401076058,TOR
32,6,2,12,401076062,KC
32,12,2,6,401076062,WSH
33,7,2,3,401076069,MIL
39,17,5,9,401076069,PIT
42,17,4,6,401076059,BOS
41,14,2,9,401076059,DET
42,15,1,11,401076063,MIA
34,9,1,9,401076063,ATL
33,8,7,11,401076064,NYY
32,8,2,7,401076064,TB
38,11,5,9,401076070,CLE
32,5,0,11,401076070,CIN
30,4,4,14,401076057,LAA
32,10,4,6,401076057,HOU
32,7,9,8,401076060,CHC
33,6,4,7,401076060,CHW
38,12,3,7,401076065,PHI
34,12,1,5,401076065,NYM
35,10,0,8,401076067,STL
35,11,1,12,401076067,SF
30,5,5,12,401076061,COL
35,13,3,6,401076061,ARI
30,4,1,8,401076066,SD
33,6,1,8,401076066,LAD
33,6,1,7,401076071,OAK
30,7,2,7,401076071,SEA
33,6,1,5,401076073,BAL
32,9,4,9,401076073,TOR
36,9,2,8,401076074,BOS
33,6,4,13,401076074,DET
32,5,1,14,401076078,NYY
34,10,0,13,401076078,TB
38,13,2,10,401076079,PHI
33,5,4,6,401076079,NYM
43,18,3,14,401076082,CLE
31,4,4,10,401076082,CIN
35,9,2,5,401076083,MIA
32,9,6,10,401076083,ATL
35,9,0,11,401076077,KC
31,8,3,6,401076077,WSH
34,8,3,9,401076084,MIL
32,10,4,9,401076084,PIT
45,16,4,12,401076072,LAA
46,19,8,10,401076072,HOU
32,7,2,6,401076075,CHC
30,8,3,11,401076075,CHW
41,10,5,16,401076085,TEX
41,8,3,8,401076085,MIN
31,6,0,5,401076081,STL
25,2,2,7,401076081,SF
30,4,1,7,401076076,COL
33,8,1,7,401076076,ARI
34,8,0,11,401076080,SD
33,7,0,7,401076080,LAD
35,8,3,4,401076086,OAK
37,11,0,5,401076086,SEA
32,5,3,16,401076087,NL
30,8,1,7,401076087,AL
33,7,2,12,401076088,HOU
34,11,4,8,401076088,TEX
32,5,2,10,401076095,PIT
28,6,5,11,401076095,CHC
34,9,4,4,401076099,WSH
34,8,2,10,401076099,PHI
32,6,0,10,401076098,TOR
33,10,2,5,401076098,NYY
48,20,1,4,401076100,TB
32,5,2,10,401076100,BAL
32,5,2,12,401076093,LAD
31,8,3,8,401076093,BOS
34,8,4,8,401076094,MIN
32,6,2,12,401076094,CLE
31,5,5,11,401076101,NYM
29,8,2,3,401076101,MIA
35,9,3,5,401076092,HOU
37,10,5,17,401076092,TEX
40,10,1,10,401076097,SF
41,13,4,14,401076097,MIL
31,6,1,8,401076089,ARI
32,4,3,12,401076089,STL
35,9,4,10,401076091,DET
31,9,4,6,401076091,KC
31,6,0,8,401076102,CIN
29,8,3,11,401076102,COL
27,0,1,8,401076096,SEA
38,13,7,11,401076096,LAA
36,10,2,6,401076103,CHW
35,13,2,5,401076103,OAK
32,8,3,9,401076090,ATL
33,9,6,7,401076090,SD
35,8,2,9,401076113,TOR
34,8,3,8,401076113,NYY
28,3,4,6,401130557,TB
31,7,0,13,401130557,BAL
37,11,0,7,401076110,PIT
36,13,6,9,401076110,CHC
34,7,3,7,401076114,CHW
34,13,8,5,401076114,OAK
33,8,6,12,401076116,NYM
33,6,0,12,401076116,MIA
41,15,1,7,401076117,TB
37,10,2,10,401076117,BAL
37,11,3,15,401076109,MIN
30,5,2,6,401076109,CLE
31,4,5,10,401076104,ARI
31,7,4,7,401076104,STL
31,4,0,8,401076106,DET
28,8,4,10,401076106,KC
39,14,4,12,401076108,LAD
32,6,1,10,401076108,BOS
32,7,5,13,401076112,SF
39,15,3,11,401076112,MIL
36,9,5,10,401076115,WSH
32,7,3,11,401076115,PHI
43,13,6,12,401076107,HOU
40,6,3,12,401076107,TEX
48,24,4,8,401076118,CIN
39,15,3,6,401076118,COL
40,11,5,10,401076105,ATL
32,5,8,11,401076105,SD
30,6,4,9,401076111,SEA
34,12,3,8,401076111,LAA
35,6,1,10,401076128,TOR
32,10,2,10,401076128,NYY
30,5,4,11,401076129,TB
30,3,0,9,401076129,BAL
30,7,4,9,401076130,WSH
32,7,2,7,401076130,PHI
35,7,1,15,401076124,MIN
31,7,3,9,401076124,CLE
38,12,2,7,401076131,NYM
36,11,5,9,401076131,MIA
36,11,6,11,401076127,SF
35,8,1,10,401076127,MIL
34,8,4,10,401076119,ARI
30,9,1,7,401076119,STL
45,19,1,11,401076121,DET
36,10,1,4,401076121,KC
32,9,2,4,401076125,PIT
33,13,5,6,401076125,CHC
38,12,7,10,401076122,HOU
31,5,5,10,401076122,TEX
33,9,2,8,401076132,CIN
39,14,0,8,401076132,COL
35,10,1,15,401076126,SEA
29,6,7,6,401076126,LAA
31,7,1,6,401076133,CHW
32,7,2,9,401076133,OAK
35,7,2,8,401076120,ATL
36,10,2,10,401076120,SD
45,9,7,15,401076123,LAD
46,11,6,15,401076123,BOS
46,21,3,5,401131415,SF
33,6,3,13,401131415,COL
44,19,5,7,401076142,LAD
34,7,2,10,401076142,PHI
35,11,3,9,401076140,TB
34,8,5,10,401076140,NYY
35,11,4,6,401076137,DET
37,14,2,10,401076137,CLE
40,13,0,2,401076141,TOR
36,13,8,8,401076141,BOS
38,10,2,7,401076136,CIN
34,9,4,14,401076136,CHC
35,9,3,7,401076134,ATL
34,7,2,8,401076134,MIL
34,8,5,13,401076135,CHW
33,10,3,6,401076135,KC
32,8,0,3,401076139,PIT
30,8,4,10,401076139,STL
32,6,3,9,401076143,SF
30,5,2,10,401076143,COL
34,9,9,6,401076138,HOU
34,10,4,7,401076138,LAA
34,8,2,12,401076151,TB
30,8,4,10,401076151,NYY
34,7,2,12,401076153,LAD
35,8,4,9,401076153,PHI
39,12,2,12,401076154,WSH
30,4,3,6,401076154,BAL
27,1,1,8,401076148,DET
33,9,2,3,401076148,CLE
38,14,3,5,401076152,TOR
34,9,7,6,401076152,BOS
37,11,3,8,401076155,SD
36,14,5,5,401076155,MIA
37,10,2,10,401076144,ARI
29,5,4,5,401076144,TEX
36,8,2,9,401076147,CIN
36,9,1,8,401076147,CHC
32,5,2,9,401076145,ATL
36,13,9,6,401076145,MIL
32,7,2,5,401076156,NYM
33,8,5,5,401076156,MIN
31,5,1,8,401076146,CHW
37,14,2,9,401076146,KC
30,5,4,9,401076150,PIT
30,5,3,3,401076150,STL
41,14,3,6,401076157,SF
36,7,2,8,401076157,COL
39,14,3,9,401076149,HOU
32,9,4,6,401076149,LAA
33,6,0,3,401076158,SEA
35,12,1,8,401076158,OAK
45,17,2,8,401076168,NYM
34,8,2,7,401076168,MIN
37,11,2,9,401076165,PIT
31,7,3,10,401076165,STL
34,6,7,8,401076160,ATL
30,7,2,7,401076160,MIL
32,7,0,9,401076162,CIN
30,6,2,10,401076162,CHC
44,18,3,8,401076169,SF
37,11,3,5,401076169,COL
34,8,2,9,401076170,SEA
33,10,4,4,401076170,OAK
33,7,10,13,401076171,LAD
30,2,6,10,401076171,PHI
31,5,3,3,401076172,WSH
33,15,2,3,401076172,BAL
34,7,2,17,401076163,DET
34,12,2,3,401076163,CLE
32,5,7,10,401076167,TOR
36,14,3,6,401076167,BOS
32,9,5,9,401076173,SD
32,3,1,12,401076173,MIA
47,21,8,9,401076159,ARI
34,7,1,14,401076159,TEX
34,10,1,11,401076161,CHW
31,12,7,4,401076161,KC
39,12,2,6,401076164,HOU
35,9,2,14,401076164,LAA
33,7,4,15,401076181,SD
37,11,3,11,401076181,MIA
36,10,3,9,401076182,LAD
32,10,1,9,401076182,PHI
28,2,2,15,401076180,TOR
31,7,5,9,401076180,BOS
36,11,3,9,401076174,CHW
34,13,3,5,401076174,KC
30,5,3,10,401152093,TB
35,10,2,9,401152093,NYY
34,8,2,14,401076175,DET
30,8,2,9,401076175,CLE
33,10,4,9,401076183,STL
34,10,4,8,401076183,CIN
41,16,7,8,401076184,WSH
36,10,2,14,401076184,ATL
32,5,5,9,401076179,TB
28,6,6,4,401076179,NYY
37,8,0,8,401076185,OAK
28,9,5,5,401076185,MIN
33,8,5,5,401076176,HOU
33,7,2,9,401076176,LAA
32,8,1,8,401076177,MIL
31,7,3,1,401076177,ARI
56,11,4,16,401076178,NYM
56,14,4,18,401076178,SF
39,13,3,11,401076192,SD
31,7,4,11,401076192,CHC
34,9,2,17,401076187,COL
36,12,4,8,401076187,NYY
34,7,2,6,401076195,BOS
38,14,3,7,401076195,BAL
41,15,5,9,401076196,PHI
33,7,2,5,401076196,PIT
44,17,1,16,401076186,CHW
33,6,3,11,401076186,TB
33,9,5,7,401076188,KC
36,16,4,3,401076188,CLE
42,15,5,12,401076194,TOR
35,8,0,7,401076194,DET
36,11,3,8,401076197,STL
43,18,4,10,401076197,CIN
34,7,1,10,401076198,WSH
34,12,6,8,401076198,ATL
38,10,3,15,401076193,TEX
29,7,1,11,401076193,HOU
36,12,2,7,401076199,OAK
34,7,3,5,401076199,MIN
36,12,3,6,401076190,MIL
32,10,8,7,401076190,ARI
30,4,3,12,401076189,MIA
31,6,4,6,401076189,LAD
28,1,1,6,401076200,LAA
34,12,5,9,401076200,SEA
33,3,1,9,401076191,NYM
31,3,7,13,401076191,SF
34,7,1,5,401076202,COL
38,14,5,11,401076202,NYY
34,9,3,8,401076208,SD
33,11,3,8,401076208,CHC
42,17,1,10,401076206,NYM
34,9,0,7,401076206,SF
39,8,2,10,401076201,CHW
41,9,3,11,401076201,TB
37,12,2,8,401076210,TOR
35,7,1,11,401076210,DET
44,17,5,7,401076212,BOS
41,14,2,10,401076212,BAL
29,3,3,11,401076213,PHI
37,13,1,5,401076213,PIT
32,6,2,5,401076203,KC
30,3,3,13,401076203,CLE
37,11,4,9,401076207,OAK
32,9,4,3,401076207,MIN
29,2,0,13,401076209,TEX
35,11,2,4,401076209,HOU
31,6,2,8,401076214,STL
28,7,3,5,401076214,CIN
36,12,5,6,401076211,WSH
35,8,4,9,401076211,ATL
37,10,5,13,401076205,MIL
31,6,3,11,401076205,ARI
33,6,3,13,401076204,MIA
34,12,7,6,401076204,LAD
35,8,5,9,401076215,LAA
28,5,2,10,401076215,SEA
36,10,6,13,401076217,COL
31,4,3,6,401076217,NYY
27,1,3,12,401076225,BOS
28,7,3,10,401076225,BAL
31,5,3,14,401076216,CHW
25,3,5,7,401076216,TB
35,8,2,10,401076218,KC
33,9,2,2,401076218,CLE
34,5,2,6,401076224,TOR
37,12,1,13,401076224,DET
33,6,2,15,401076226,STL
34,7,3,14,401076226,CIN
38,6,2,8,401076228,PHI
36,6,4,13,401076228,PIT
33,6,3,13,401076223,TEX
32,9,2,14,401076223,HOU
31,7,9,14,401076229,OAK
39,13,7,5,401076229,MIN
31,6,5,6,401076222,SD
32,6,0,10,401076222,CHC
39,5,4,14,401076221,NYM
40,7,3,10,401076221,SF
33,6,0,14,401076219,MIA
34,9,3,9,401076219,LAD
34,8,5,12,401076220,MIL
34,9,5,11,401076220,ARI
37,12,1,9,401076230,LAA
37,12,5,10,401076230,SEA
32,6,0,8,401076227,WSH
33,11,6,11,401076227,ATL
39,12,3,3,401076232,BOS
35,9,5,9,401076232,TB
37,12,7,5,401076235,CLE
28,5,2,7,401076235,TOR
36,12,3,7,401076234,CIN
34,8,7,12,401076234,MIL
30,4,0,5,401076237,MIA
34,10,1,11,401076237,CHW
30,2,1,11,401076238,OAK
37,13,8,6,401076238,HOU
36,13,5,8,401076240,NYY
32,8,3,9,401076240,MIN
35,9,1,12,401076231,BAL
36,12,4,6,401076231,ARI
33,6,3,10,401076233,CHC
35,13,1,7,401076233,SF
36,9,1,7,401076241,TEX
34,11,2,9,401076241,SEA
33,7,4,9,401076248,COL
40,17,2,9,401076248,WSH
34,7,2,10,401076253,STL
32,6,3,8,401076253,PIT
35,6,2,12,401076247,CLE
35,8,4,11,401076247,TOR
36,10,2,7,401076244,BOS
33,6,6,13,401076244,TB
54,9,4,18,401076251,PHI
49,7,4,16,401076251,DET
30,5,7,9,401076252,SD
31,8,3,4,401076252,NYM
31,5,5,14,401076254,KC
38,11,2,14,401076254,ATL
41,17,4,13,401076246,CIN
36,10,3,9,401076246,MIL
33,6,0,9,401076249,MIA
29,2,2,11,401076249,CHW
40,8,3,8,401076250,OAK
39,8,2,7,401076250,HOU
48,20,6,9,401076255,NYY
44,15,8,8,401076255,MIN
35,9,2,15,401076243,BAL
29,5,3,7,401076243,ARI
46,9,2,15,401076245,CHC
42,8,4,11,401076245,SF
38,11,3,10,401076242,LAA
33,9,7,10,401076242,LAD
36,10,0,6,401076256,TEX
34,7,1,10,401076256,SEA
32,5,0,13,401076259,BOS
28,5,5,10,401076259,TB
35,9,3,6,401153313,COL
31,7,7,6,401153313,WSH
36,10,2,8,401076266,PHI
32,5,4,14,401076266,DET
36,9,1,13,401076261,CIN
29,6,5,7,401076261,MIL
33,6,2,14,401076265,OAK
29,6,0,9,401076265,HOU
34,7,4,12,401076258,BAL
36,11,7,8,401076258,ARI
35,9,0,9,401076268,TEX
31,8,2,8,401076268,SEA
37,11,1,10,401076260,CHC
34,7,2,10,401076260,SF
31,5,3,11,401076263,COL
30,6,2,6,401076263,WSH
39,15,5,6,401076269,STL
37,11,5,5,401076269,PIT
34,9,1,8,401076262,CLE
27,1,1,10,401076262,TOR
35,14,6,9,401076267,SD
31,5,5,13,401076267,NYM
32,5,2,9,401076270,KC
31,5,1,8,401076270,ATL
40,15,2,11,401076271,NYY
32,9,5,8,401076271,MIN
30,5,1,10,401076264,MIA
32,5,1,10,401076264,CHW
31,6,3,6,401076257,LAA
30,5,5,5,401076257,LAD
33,6,1,13,401076277,SD
34,12,6,6,401076277,NYM
35,8,2,5,401076278,STL
31,7,1,8,401076278,PIT
37,11,4,12,401076274,COL
32,7,8,8,401076274,WSH
34,7,1,9,401076276,NYY
46,23,5,6,401076276,BOS
38,12,3,10,401076275,MIN
32,7,2,11,401076275,CHW
53,14,9,6,401076273,CLE
51,11,7,7,401076273,KC
65,18,4,17,401076272,BAL
56,11,11,11,401076272,LAA
38,13,3,5,401076279,TEX
28,3,5,8,401076279,OAK
33,5,2,8,401076280,DET
33,9,7,11,401076280,SEA
37,14,5,10,401076293,COL
33,8,0,7,401076293,CIN
32,5,3,7,401076285,LAD
36,10,3,6,401076285,WSH
31,8,6,6,401076291,ATL
37,12,1,8,401076291,PHI
34,9,3,4,401076290,TB
30,4,3,7,401076290,TOR
37,13,3,7,401076287,NYY
38,14,0,11,401076287,BOS
34,7,1,10,401076288,PIT
30,6,0,4,401076288,NYM
31,6,4,8,401076292,ARI
29,7,2,7,401076292,MIA
30,4,1,12,401076282,CHC
27,4,6,7,401076282,MIL
36,10,3,7,401076286,MIN
33,8,1,5,401076286,CHW
36,13,5,6,401076283,CLE
35,9,2,4,401076283,KC
32,5,4,12,401076284,HOU
32,8,4,8,401076284,STL
36,11,3,7,401076281,BAL
32,5,2,9,401076281,LAA
34,7,5,10,401076294,TEX
31,5,3,13,401076294,OAK
39,5,5,14,401076289,SF
37,5,3,10,401076289,SD
33,8,0,9,401076295,DET
32,8,3,9,401076295,SEA
47,13,5,11,401076305,TB
49,16,5,14,401076305,TOR
35,10,4,12,401076300,LAD
29,5,5,12,401076300,WSH
37,11,3,13,401076302,NYY
36,15,0,7,401076302,BOS
33,7,1,10,401076306,DET
39,16,4,16,401076306,SEA
33,7,3,7,401076307,ARI
34,9,1,4,401076307,MIA
43,16,7,15,401076308,ATL
38,12,4,12,401076308,PHI
36,6,2,12,401076297,CHC
33,9,6,7,401076297,MIL
29,3,2,7,401076301,MIN
35,10,1,5,401076301,CHW
31,5,0,7,401076303,PIT
28,3,2,8,401076303,NYM
29,5,4,8,401076309,COL
27,6,3,4,401076309,CIN
40,14,1,8,401076298,CLE
33,8,0,10,401076298,KC
36,11,6,7,401076299,HOU
33,7,3,9,401076299,STL
32,5,5,8,401076304,SF
28,9,5,8,401076304,SD
38,14,3,9,401076296,BAL
37,9,3,11,401076296,LAA
37,11,1,10,401076310,TEX
30,6,1,4,401076310,OAK
34,8,3,10,401076321,ATL
36,12,3,12,401076321,PHI
41,16,4,17,401076320,TB
39,12,6,11,401076320,TOR
37,9,5,8,401076318,PIT
32,8,5,7,401076318,NYM
29,4,6,9,401076322,ARI
31,9,1,12,401076322,MIA
36,10,4,9,401076323,COL
30,8,4,6,401076323,CIN
30,4,3,9,401076315,LAD
37,14,4,7,401076315,WSH
34,7,4,9,401076312,CHC
32,5,2,9,401076312,MIL
41,13,2,9,401076316,MIN
33,7,1,12,401076316,CHW
34,8,3,6,401076313,CLE
36,12,4,11,401076313,KC
38,13,3,12,401076314,HOU
37,9,2,10,401076314,STL
31,5,4,6,401076311,BAL
33,9,2,3,401076311,LAA
33,8,6,9,401076324,TEX
33,10,8,7,401076324,OAK
38,16,4,7,401076319,SF
31,7,2,7,401076319,SD
36,7,1,9,401076325,DET
34,6,4,14,401076325,SEA
35,8,6,9,401076317,NYY
37,10,4,14,401076317,BOS
34,7,1,13,401076326,ATL
29,7,10,7,401076326,WSH
34,7,3,10,401076330,ARI
33,10,4,4,401076330,MIA
34,9,3,7,401076331,PIT
38,13,4,7,401076331,CIN
38,11,3,9,401076329,TOR
32,5,3,8,401076329,KC
30,4,3,6,401076332,LAD
37,11,4,10,401076332,COL
36,9,2,10,401076328,DET
31,5,3,7,401076328,LAA
36,7,4,10,401076327,BAL
34,10,2,10,401076327,SD
40,13,3,14,401076335,BAL
37,10,2,12,401076335,SD
42,14,5,8,401076334,ATL
38,12,5,7,401076334,WSH
36,11,1,2,401076333,ARI
32,5,3,9,401076333,NYY
30,6,1,8,401076343,SF
35,11,3,10,401076343,PHI
34,9,1,10,401076338,HOU
29,2,0,15,401076338,CLE
39,12,5,15,401076341,TB
39,13,4,6,401076341,BOS
29,4,5,11,401076344,MIN
31,4,1,9,401076344,MIA
38,12,5,7,401076345,PIT
36,8,2,10,401076345,CIN
42,13,4,11,401076340,SEA
39,14,0,4,401076340,TEX
43,12,4,8,401076339,NYM
37,6,3,15,401076339,CHW
31,6,6,10,401076336,CHC
31,7,0,11,401076336,STL
38,10,5,6,401076342,TOR
38,11,5,6,401076342,KC
35,9,5,9,401076346,LAD
35,10,2,8,401076346,COL
36,8,2,12,401076337,DET
36,12,2,6,401076337,LAA
36,7,2,13,401076347,MIL
35,7,3,11,401076347,OAK
40,12,1,8,401076349,ATL
34,8,5,4,401076349,WSH
33,6,1,8,401076357,PIT
32,10,2,7,401076357,CIN
35,9,6,9,401076348,ARI
32,8,3,10,401076348,NYY
35,9,4,7,401076356,TOR
29,3,2,5,401076356,KC
35,8,4,16,401076358,LAD
31,6,1,3,401076358,COL
35,9,5,3,401076351,DET
30,5,6,10,401076351,LAA
33,8,5,12,401076359,SF
31,5,2,8,401076359,PHI
33,7,6,4,401076352,HOU
35,11,3,6,401076352,CLE
39,12,2,15,401076355,TB
39,12,1,11,401076355,BOS
33,8,6,7,401076360,MIN
33,6,0,16,401076360,MIA
34,8,2,7,401076350,CHC
36,9,0,10,401076350,STL
38,12,3,10,401076354,SEA
40,16,3,9,401076354,TEX
34,6,5,11,401076353,NYM
34,8,3,15,401076353,CHW
35,9,3,5,401076361,MIL
33,7,3,8,401076361,OAK
43,9,1,15,401076367,MIN
44,11,6,9,401076367,MIA
37,10,2,9,401076368,SF
36,12,5,3,401076368,PHI
32,8,3,7,401076364,NYM
30,4,1,8,401076364,CHW
34,7,4,9,401076369,MIL
28,6,5,6,401076369,OAK
41,14,5,11,401076370,TOR
33,8,0,5,401076370,BAL
35,11,8,7,401076363,HOU
30,6,3,5,401076363,CLE
36,12,8,4,401076366,TB
37,10,1,13,401076366,BOS
28,1,2,11,401076362,CHC
36,14,2,9,401076362,STL
20,4,0,4,401076371,CIN
26,8,2,5,401076371,ATL
31,8,7,6,401076365,SD
32,11,4,8,401076365,LAD
33,8,1,8,401076375,MIL
35,12,5,6,401076375,CHC
30,3,3,8,401076373,BOS
26,5,6,10,401076373,NYY
53,12,4,15,401076379,CHW
56,12,6,16,401076379,PHI
35,9,3,6,401076380,NYM
32,10,6,6,401076380,PIT
34,8,4,6,401076381,TOR
34,7,4,7,401076381,BAL
31,5,6,12,401076372,LAA
34,12,1,6,401076372,CLE
34,10,4,7,401076382,CIN
30,4,1,8,401076382,ATL
36,9,4,11,401076374,DET
35,12,0,5,401076374,TEX
30,3,8,10,401076377,SEA
35,12,4,4,401076377,HOU
40,15,0,7,401076383,KC
34,11,5,6,401076383,MIN
35,9,3,8,401076384,SF
33,12,4,3,401076384,COL
31,4,3,11,401076378,WSH
27,1,5,8,401076378,ARI
38,14,1,9,401076376,SD
31,4,0,8,401076376,LAD
32,5,0,10,401076386,BOS
37,14,1,6,401076386,NYY
34,8,1,12,401076391,MIL
31,9,4,7,401076391,CHC
32,9,2,7,401076390,MIA
34,11,8,4,401076390,TB
33,5,2,14,401076395,CHW
28,4,4,7,401076395,PHI
38,11,3,10,401076396,NYM
35,10,5,9,401076396,PIT
35,12,1,11,401076397,TOR
31,6,4,10,401076397,BAL
34,8,8,10,401136073,BOS
35,13,5,7,401136073,NYY
34,9,1,8,401076385,LAA
30,7,2,3,401076385,CLE
33,5,2,8,401076389,KC
36,12,2,7,401076389,MIN
26,0,4,8,401076393,SEA
40,15,2,6,401076393,HOU
37,8,3,7,401076387,CIN
35,8,9,11,401076387,ATL
36,8,6,9,401076388,DET
35,8,3,12,401076388,TEX
36,11,3,7,401076394,WSH
39,15,11,11,401076394,ARI
40,14,5,9,401076398,SF
38,12,2,8,401076398,COL
34,8,3,10,401076399,STL
32,11,8,12,401076399,OAK
31,5,0,15,401076392,SD
30,7,2,5,401076392,LAD
37,11,1,9,401076408,CHW
34,9,4,7,401076408,PHI
39,13,4,9,401076409,TOR
29,6,9,5,401076409,BAL
31,5,0,8,401076400,LAA
33,10,4,9,401076400,CLE
31,6,2,8,401076403,MIA
33,10,6,6,401076403,TB
33,8,8,9,401076410,CIN
39,9,6,11,401076410,ATL
43,16,2,11,401076411,NYM
31,4,1,5,401076411,PIT
31,4,2,15,401076406,SEA
27,5,3,8,401076406,HOU
27,2,1,7,401076412,KC
28,6,3,9,401076412,MIN
36,9,0,15,401076404,MIL
35,14,2,6,401076404,CHC
36,10,4,5,401076402,DET
31,8,6,8,401076402,TEX
32,7,1,8,401076413,SF
34,13,3,3,401076413,COL
33,5,3,10,401076414,STL
30,7,7,8,401076414,OAK
37,12,3,11,401076405,SD
36,11,3,10,401076405,LAD
34,9,4,5,401076407,WSH
32,9,4,7,401076407,ARI
32,7,3,6,401076401,BOS
34,10,4,5,401076401,NYY
32,6,2,12,401131953,MIA
29,6,6,8,401131953,NYM
39,13,3,9,401076424,MIL
35,8,5,7,401076424,PIT
38,12,2,6,401076425,NYY
36,12,3,10,401076425,BAL
39,14,5,11,401076415,CHW
35,11,4,10,401076415,DET
35,8,3,9,401076416,KC
33,10,4,8,401076416,BOS
33,9,3,8,401076417,MIA
31,8,3,8,401076417,NYM
29,5,2,10,401076421,TEX
33,8,1,8,401076421,CLE
35,9,0,10,401076422,TOR
32,5,2,5,401076422,TB
32,5,4,17,401076426,LAA
31,8,3,11,401076426,CIN
31,6,4,7,401076418,OAK
34,12,2,7,401076418,CHC
35,9,4,10,401076427,ATL
33,8,1,5,401076427,MIN
37,13,4,7,401076419,PHI
32,9,2,5,401076419,ARI
33,6,8,8,401076423,WSH
33,7,0,3,401076423,SF
28,2,2,9,401076420,STL
34,12,6,5,401076420,LAD
36,13,3,7,401128334,CHW
37,10,2,10,401128334,DET
32,7,3,12,401076438,MIL
35,10,1,5,401076438,PIT
37,11,7,6,401076439,NYY
36,11,2,5,401076439,BAL
39,14,3,10,401076428,CHW
39,16,3,8,401076428,DET
31,7,4,8,401076430,KC
36,9,1,5,401076430,BOS
33,9,1,5,401076431,MIA
31,8,3,8,401076431,NYM
39,8,2,17,401076436,TOR
42,12,4,10,401076436,TB
32,7,5,11,401076440,LAA
36,13,2,6,401076440,CIN
39,13,4,12,401076432,OAK
37,11,3,6,401076432,CHC
33,7,4,4,401076429,COL
37,13,2,6,401076429,HOU
43,16,4,13,401076441,ATL
37,10,4,11,401076441,MIN
42,15,1,7,401076433,PHI
34,12,4,9,401076433,ARI
32,8,3,5,401076437,WSH
35,8,1,7,401076437,SF
34,7,2,11,401076434,STL
31,7,2,8,401076434,LAD
35,9,2,9,401076442,SD
32,6,5,15,401076442,SEA
32,8,3,9,401076446,MIA
34,10,1,8,401076446,NYM
42,15,3,9,401076443,CHW
31,6,4,3,401076443,DET
32,6,2,13,401076451,TEX
26,3,2,5,401076451,CLE
34,7,2,13,401076452,TOR
34,8,2,12,401076452,TB
41,17,3,7,401076454,ATL
40,12,3,12,401076454,MIN
33,8,0,12,401076444,COL
35,12,9,9,401076444,HOU
29,3,0,8,401076447,OAK
33,11,1,2,401076447,CHC
32,7,2,11,401076450,STL
33,7,1,13,401076450,LAD
33,9,3,5,401076453,WSH
33,6,2,11,401076453,SF
29,4,0,9,401156993,TEX
29,9,3,8,401156993,CLE
34,8,3,13,401076449,SD
30,7,1,11,401076449,SEA
38,10,3,8,401076455,MIL
34,6,3,9,401076455,PIT
42,15,4,8,401076456,NYY
33,6,2,8,401076456,BAL
42,13,3,10,401076445,KC
39,12,5,12,401076445,BOS
29,5,4,10,401076448,PHI
28,8,5,2,401076448,ARI
42,15,0,5,401076460,NYY
40,12,2,11,401076460,TOR
29,2,0,15,401076457,LAA
28,5,1,10,401076457,BOS
36,9,3,11,401076459,KC
34,8,9,9,401076459,DET
30,5,4,8,401076462,ATL
38,15,1,6,401076462,MIA
45,19,4,6,401076463,CHC
37,11,3,10,401076463,CIN
32,7,8,5,401076464,CLE
35,8,4,10,401076464,MIN
27,1,2,5,401076461,PHI
31,10,5,6,401076461,SF
36,13,1,8,401076458,COL
33,8,3,8,401076458,SD
34,9,7,7,401076470,OAK
30,4,0,11,401076470,CHW
35,8,2,9,401076475,HOU
33,8,3,9,401076475,BAL
33,7,2,9,401076469,NYY
29,6,5,7,401076469,TOR
27,3,4,6,401076465,LAA
39,14,4,6,401076465,BOS
33,7,3,4,401076468,KC
34,12,3,8,401076468,DET
38,13,3,14,401076474,WSH
37,11,2,7,401076474,NYM
37,12,2,9,401076476,ATL
35,9,2,11,401076476,MIA
32,5,4,13,401076477,CHC
30,6,0,11,401076477,CIN
31,4,10,7,401076473,TEX
32,8,8,12,401076473,MIL
39,14,3,8,401076478,CLE
35,8,2,12,401076478,MIN
30,7,3,5,401076472,PIT
32,10,1,10,401076472,STL
43,12,4,14,401076466,ARI
33,2,4,10,401076466,LAD
32,6,2,6,401076467,COL
32,11,4,6,401076467,SD
34,8,5,10,401076479,TB
35,10,3,15,401076479,SEA
35,10,5,9,401076471,PHI
37,11,3,6,401076471,SF
30,5,6,9,401076485,NYY
29,5,8,14,401076485,TOR
37,11,3,6,401076480,LAA
36,9,3,8,401076480,BOS
29,3,1,7,401076487,PHI
28,5,2,6,401076487,SF
33,5,5,7,401076484,KC
32,6,0,14,401076484,DET
36,7,6,10,401076491,ATL
38,13,3,8,401076491,MIA
50,25,2,4,401076492,HOU
32,6,3,11,401076492,BAL
34,8,4,10,401076482,CLE
32,10,2,4,401076482,MIN
35,10,7,7,401076486,OAK
30,7,1,9,401076486,CHW
31,5,3,12,401076489,TEX
30,9,5,6,401076489,MIL
33,8,2,8,401076490,WSH
29,5,2,9,401076490,NYM
33,7,4,9,401076493,CHC
40,18,3,6,401076493,CIN
33,6,2,9,401076488,PIT
26,7,3,9,401076488,STL
36,8,3,10,401076483,COL
35,11,3,8,401076483,SD
30,4,1,6,401076481,ARI
29,6,5,6,401076481,LAD
35,8,0,3,401076494,TB
34,9,1,15,401076494,SEA
36,8,8,10,401076495,LAA
36,8,7,11,401076495,BOS
37,11,4,10,401076505,HOU
39,16,2,16,401076505,BAL
30,5,1,8,401076499,NYY
29,4,0,5,401076499,TOR
39,11,2,6,401076498,KC
32,7,0,10,401076498,DET
37,10,3,15,401076504,WSH
35,9,2,8,401076504,NYM
30,5,6,12,401076506,ATL
37,12,4,11,401076506,MIA
37,10,2,10,401076507,CHC
33,6,4,13,401076507,CIN
34,7,1,16,401076500,OAK
30,5,2,9,401076500,CHW
29,4,4,12,401076503,TEX
31,4,1,12,401076503,MIL
39,9,3,7,401076508,CLE
37,9,1,8,401076508,MIN
37,13,1,8,401076502,PIT
38,14,4,7,401076502,STL
37,12,6,10,401076497,COL
32,6,3,10,401076497,SD
34,9,1,8,401076496,ARI
34,14,3,4,401076496,LAD
32,6,0,5,401076509,TB
29,3,0,8,401076509,SEA
36,10,11,10,401076501,PHI
35,12,3,10,401076501,SF
32,7,5,9,401132778,BAL
31,8,3,5,401132778,NYY
37,12,4,6,401076511,BOS
34,12,4,7,401076511,CLE
35,9,3,7,401076510,BAL
35,12,6,7,401076510,NYY
36,11,4,7,401076512,CIN
33,11,4,5,401076512,WSH
35,8,1,6,401076516,TEX
43,21,4,7,401076516,TOR
36,11,5,3,401076517,ARI
38,11,4,9,401076517,COL
42,13,0,7,401076514,PIT
35,9,2,8,401076514,LAA
40,14,8,9,401076515,TB
37,10,1,11,401076515,SD
34,9,10,5,401161873,HOU
31,7,2,9,401161873,CHW
32,6,1,9,401076518,BAL
37,15,5,3,401076518,NYY
34,9,2,5,401076520,CIN
28,6,2,8,401076520,WSH
29,5,5,3,401076529,CHC
32,9,1,15,401076529,PHI
32,5,5,10,401076528,TEX
30,6,4,8,401076528,TOR
43,17,4,10,401076519,BOS
39,9,3,17,401076519,CLE
38,11,6,10,401076525,SEA
40,13,3,12,401076525,DET
43,15,5,7,401076530,LAD
29,4,2,9,401076530,MIA
35,10,3,8,401076531,NYM
35,13,2,4,401076531,ATL
34,9,6,8,401076522,MIN
37,10,5,5,401076522,MIL
29,5,4,4,401076526,STL
29,4,2,8,401076526,KC
36,11,5,9,401076532,ARI
39,13,2,8,401076532,COL
30,4,0,3,401076521,HOU
33,10,2,6,401076521,CHW
31,5,1,13,401076523,OAK
27,6,3,4,401076523,SF
41,17,5,6,401076524,PIT
34,10,7,6,401076524,LAA
39,11,5,8,401076527,TB
32,7,9,18,401076527,SD
37,10,7,9,401076543,TEX
34,6,4,13,401076543,TOR
36,10,5,11,401076533,BAL
31,7,3,6,401076533,NYY
38,12,2,11,401076534,BOS
31,5,3,6,401076534,CLE
41,15,5,7,401076536,HOU
36,15,3,7,401076536,CHW
31,6,7,9,401076537,MIN
36,11,4,8,401076537,MIL
37,12,2,8,401076544,ARI
33,9,2,9,401076544,COL
31,6,1,7,401076542,TB
34,10,5,10,401076542,SD
39,15,2,11,401076538,OAK
34,7,3,10,401076538,SF
41,13,3,6,401076535,CIN
38,17,4,9,401076535,WSH
30,4,1,10,401076545,CHC
34,13,4,6,401076545,PHI
32,7,3,9,401076540,SEA
34,12,2,7,401076540,DET
37,12,4,9,401076546,LAD
30,3,1,13,401076546,MIA
38,12,2,10,401076547,NYM
31,8,4,7,401076547,ATL
31,6,2,10,401076539,PIT
32,10,2,14,401076539,LAA
34,8,3,8,401076541,STL
30,5,2,6,401076541,KC
38,14,4,11,401076551,SEA
32,8,0,9,401076551,DET
34,7,7,6,401076553,LAD
33,13,6,8,401076553,MIA
49,24,4,8,401076549,CLE
37,9,1,7,401076549,NYY
35,9,4,8,401076554,CHC
34,10,1,11,401076554,PHI
29,2,5,15,401076555,STL
30,7,2,6,401076555,CIN
46,23,4,6,401076556,NYM
37,11,5,8,401076556,ATL
42,14,4,7,401076550,MIN
37,13,2,8,401076550,TEX
37,13,5,6,401076552,SF
30,3,1,5,401076552,ARI
36,9,0,7,401076548,CHW
36,11,3,11,401076548,LAA
33,7,2,3,401076557,HOU
31,8,2,6,401076557,OAK
31,4,1,6,401076560,CLE
33,10,3,5,401076560,NYY
34,9,5,12,401076562,MIL
26,3,3,4,401076562,WSH
31,5,2,10,401076567,CHC
30,5,4,3,401076567,PIT
32,7,2,6,401076568,SD
36,12,2,9,401076568,PHI
30,7,3,7,401076565,SEA
33,11,1,5,401076565,TOR
31,5,3,5,401076558,BAL
31,12,3,3,401076558,BOS
33,6,0,13,401076561,DET
29,5,4,8,401076561,TB
44,18,2,7,401076569,STL
34,7,1,8,401076569,CIN
35,11,4,8,401076570,LAD
32,6,5,10,401076570,ATL
35,9,2,7,401076563,MIN
34,9,4,8,401076563,TEX
33,8,3,6,401076564,NYM
31,8,4,8,401076564,KC
32,6,0,8,401076571,MIA
28,5,4,3,401076571,COL
45,15,3,9,401076566,SF
46,13,3,9,401076566,ARI
36,10,2,6,401076559,CHW
34,6,3,13,401076559,LAA
47,9,5,12,401076572,HOU
45,8,1,19,401076572,OAK
33,9,5,7,401076575,CLE
31,8,1,9,401076575,NYY
29,4,2,10,401076583,CHC
31,4,6,5,401076583,PIT
28,6,5,5,401076581,SEA
34,9,3,6,401076581,TOR
35,10,2,5,401076587,HOU
35,13,3,6,401076587,OAK
41,3,0,24,401076576,DET
43,6,5,11,401076576,TB
33,7,5,10,401076585,STL
32,11,3,7,401076585,CIN
57,20,8,18,401076578,MIL
58,18,10,13,401076578,WSH
37,12,3,5,401076584,SD
33,6,1,9,401076584,PHI
31,5,2,8,401076573,BAL
30,7,4,8,401076573,BOS
36,11,3,9,401076580,NYM
30,4,2,6,401076580,KC
36,9,4,11,401076577,LAD
30,7,1,8,401076577,ATL
44,18,3,6,401076579,MIN
37,10,3,9,401076579,TEX
44,18,2,8,401076582,SF
36,12,2,8,401076582,ARI
34,8,3,11,401076586,MIA
33,13,6,3,401076586,COL
35,9,3,10,401076574,CHW
30,7,7,8,401076574,LAA
34,9,5,10,401076588,BAL
39,16,5,10,401076588,BOS
37,11,5,9,401076590,CLE
36,9,3,14,401076590,NYY
34,9,2,8,401076597,SD
31,4,2,8,401076597,PHI
35,11,4,7,401076595,SEA
28,2,1,8,401076595,TOR
35,10,3,12,401076591,DET
30,5,4,9,401076591,TB
35,8,2,13,401076598,STL
33,8,5,9,401076598,CIN
34,9,3,10,401076599,LAD
33,9,1,5,401076599,ATL
42,17,2,6,401076592,MIL
40,19,4,3,401076592,WSH
39,16,2,6,401076594,NYM
32,6,1,6,401076594,KC
36,8,7,9,401076593,MIN
38,10,4,7,401076593,TEX
40,11,3,7,401076600,MIA
38,10,4,15,401076600,COL
31,7,1,12,401076589,CHW
37,15,2,8,401076589,LAA
36,10,5,5,401076601,HOU
31,6,3,7,401076601,OAK
33,7,4,9,401076596,SF
32,8,5,10,401076596,ARI
35,9,7,14,401076602,CHC
34,7,1,11,401076602,PIT
34,6,3,8,401076608,KC
31,7,5,7,401076608,BAL
39,15,4,11,401076609,WSH
30,4,2,4,401076609,PIT
35,9,4,9,401076607,SEA
33,6,3,8,401076607,TB
33,5,1,14,401076610,SD
34,8,3,14,401076610,CIN
29,1,5,8,401076606,MIL
27,5,2,5,401076606,STL
44,13,7,8,401076603,LAA
45,13,9,11,401076603,TEX
40,14,1,14,401076605,DET
31,8,5,12,401076605,HOU
34,8,2,7,401076611,CHW
40,15,1,6,401076611,MIN
33,9,6,10,401076604,COL
30,6,2,4,401076604,ARI
32,6,7,11,401151613,LAA
32,5,0,15,401151613,TEX
30,6,2,10,401076621,KC
30,7,4,4,401076621,BAL
30,6,5,8,401076622,WSH
29,7,3,6,401076622,PIT
34,6,2,12,401076613,CLE
34,9,3,8,401076613,NYM
34,7,3,11,401076617,PHI
31,6,1,8,401076617,BOS
36,9,6,8,401076618,SEA
35,8,4,6,401076618,TB
30,4,5,12,401076623,SD
30,5,1,12,401076623,CIN
34,8,2,13,401076624,MIA
31,7,3,5,401076624,ATL
37,12,2,10,401076616,MIL
33,10,9,9,401076616,STL
39,7,2,12,401076612,LAA
38,8,4,8,401076612,TEX
33,6,2,9,401076619,SF
31,9,7,5,401076619,CHC
36,10,3,11,401076615,DET
31,8,7,7,401076615,HOU
32,6,0,7,401076625,CHW
39,14,1,6,401076625,MIN
37,13,1,5,401076614,COL
33,9,4,6,401076614,ARI
37,11,0,13,401076626,NYY
30,9,4,9,401076626,OAK
30,7,4,8,401076620,TOR
37,15,10,8,401076620,LAD
31,6,0,9,401076636,SD
34,10,3,9,401076636,CIN
35,8,2,7,401076633,SEA
32,11,3,5,401076633,TB
37,10,2,11,401076637,CHW
30,3,0,12,401076637,MIN
35,13,1,6,401076629,COL
31,4,3,6,401076629,ARI
40,12,4,8,401076627,LAA
38,14,2,11,401076627,TEX
35,7,1,9,401076638,KC
32,12,5,5,401076638,BAL
40,12,7,3,401076639,WSH
31,5,2,4,401076639,PIT
37,9,2,7,401076628,CLE
37,9,4,8,401076628,NYM
33,6,8,10,401076632,PHI
33,8,4,10,401076632,BOS
32,7,4,10,401076640,MIA
24,3,5,10,401076640,ATL
32,8,6,4,401076631,MIL
27,6,3,9,401076631,STL
39,13,3,13,401076634,SF
37,14,5,6,401076634,CHC
29,2,0,11,401076630,DET
31,6,2,7,401076630,HOU
36,11,4,9,401076641,NYY
30,6,2,7,401076641,OAK
36,6,1,11,401076635,TOR
31,6,7,10,401076635,LAD
30,4,0,10,401076645,SF
25,2,1,5,401076645,CHC
35,8,5,6,401076648,TB
33,5,2,8,401076648,BAL
41,14,3,9,401076649,WSH
34,7,1,7,401076649,PIT
26,2,1,7,401076642,CLE
26,5,1,3,401076642,NYM
33,6,0,9,401076650,MIA
33,6,3,9,401076650,ATL
34,8,2,6,401076643,COL
31,9,5,7,401076643,STL
32,5,3,14,401076644,DET
33,9,5,5,401076644,HOU
29,3,1,10,401076646,TEX
29,10,1,2,401076646,CHW
34,8,1,10,401076651,NYY
32,10,2,6,401076651,OAK
31,5,1,15,401076647,TOR
29,4,3,6,401076647,LAD
38,14,3,9,401076660,WSH
30,3,2,7,401076660,CHC
34,8,2,14,401076661,CIN
33,9,2,6,401076661,PIT
35,11,3,8,401076662,TB
31,5,1,5,401076662,BAL
49,8,5,26,401076654,ATL
47,6,4,14,401076654,NYM
30,6,3,7,401076657,KC
30,9,3,7,401076657,CLE
36,11,10,9,401076663,PHI
43,19,3,8,401076663,MIA
37,11,0,3,401076652,LAA
33,13,2,7,401076652,HOU
28,2,3,8,401076653,ARI
34,11,6,10,401076653,MIL
31,4,1,13,401076659,TEX
36,12,2,12,401076659,CHW
41,17,3,8,401076664,DET
35,9,3,14,401076664,MIN
32,5,3,12,401076656,COL
35,13,5,1,401076656,STL
40,14,2,3,401076655,BOS
29,5,1,7,401076655,SD
43,16,1,11,401076658,NYY
32,6,1,15,401076658,LAD
38,11,3,8,401076665,TOR
35,12,8,8,401076665,SEA
34,9,9,6,401076675,WSH
31,7,6,12,401076675,CHC
32,5,3,10,401076673,NYY
30,6,2,12,401076673,LAD
38,12,10,10,401076676,PHI
34,8,2,4,401076676,MIA
31,7,3,8,401076677,CIN
33,10,4,5,401076677,PIT
34,6,0,9,401076678,TB
30,7,4,7,401076678,BAL
32,7,7,8,401076666,LAA
32,8,4,6,401076666,HOU
30,4,3,10,401076667,ARI
31,7,6,10,401076667,MIL
37,11,6,6,401076668,ATL
37,11,0,8,401076668,NYM
37,12,2,13,401076671,DET
35,11,2,9,401076671,MIN
34,6,3,10,401076672,KC
30,7,4,8,401076672,CLE
37,9,1,11,401076674,TEX
36,8,0,14,401076674,CHW
29,4,3,8,401076670,COL
28,6,8,4,401076670,STL
35,10,5,9,401076669,BOS
32,7,6,12,401076669,SD
41,13,1,9,401076679,SF
35,10,5,7,401076679,OAK
32,7,8,8,401076680,TOR
36,8,6,8,401076680,SEA
33,10,2,7,401076690,TB
38,16,2,8,401076690,BAL
30,3,2,12,401076683,ATL
31,7,3,7,401076683,NYM
38,9,6,13,401076686,KC
38,8,6,5,401076686,CLE
30,4,1,8,401076691,PHI
28,6,1,10,401076691,MIA
37,11,2,11,401076692,CIN
34,12,3,8,401076692,PIT
28,4,5,8,401076681,LAA
32,10,6,6,401076681,HOU
36,9,4,11,401076682,ARI
32,7,6,9,401076682,MIL
29,1,4,8,401076688,TEX
28,5,4,8,401076688,CHW
36,9,1,7,401076693,DET
29,5,6,10,401076693,MIN
35,7,5,14,401076685,COL
37,15,6,5,401076685,STL
45,14,4,6,401076689,WSH
39,7,3,14,401076689,CHC
33,8,4,5,401076694,SF
32,7,4,7,401076694,OAK
31,4,3,9,401076684,BOS
26,5,5,7,401076684,SD
32,5,3,8,401076695,TOR
26,4,0,6,401076695,SEA
34,8,1,12,401076687,NYY
31,5,3,12,401076687,LAD
30,7,5,12,401126695,ATL
27,6,4,6,401126695,COL
38,12,7,8,401076699,STL
34,9,4,9,401076699,MIL
41,13,4,7,401076700,PIT
40,11,4,11,401076700,PHI
35,10,2,5,401076701,CIN
31,5,5,10,401076701,MIA
49,22,6,8,401076698,OAK
37,11,2,7,401076698,KC
38,11,2,5,401076696,ARI
38,9,3,11,401076696,SF
35,9,2,6,401076702,NYY
31,4,4,14,401076702,SEA
34,7,4,13,401076697,LAD
28,4,1,5,401076697,SD
30,5,0,10,401076705,BAL
31,4,3,11,401076705,WSH
35,11,3,5,401076714,PIT
37,11,1,4,401076714,PHI
34,7,5,10,401076704,ATL
30,10,4,4,401076704,TOR
35,11,2,10,401076706,CHC
32,6,1,7,401076706,NYM
37,13,6,5,401076707,CLE
30,3,2,15,401076707,DET
40,12,4,10,401076715,CIN
36,10,4,14,401076715,MIA
34,11,5,5,401076711,STL
34,7,2,12,401076711,MIL
33,8,3,10,401076709,MIN
32,6,1,13,401076709,CHW
33,7,4,5,401076712,TB
40,18,3,7,401076712,HOU
29,5,5,10,401076710,OAK
33,9,2,9,401076710,KC
35,10,8,4,401076716,BOS
41,15,1,9,401076716,COL
34,7,4,6,401076703,ARI
31,5,2,3,401076703,SF
33,6,3,11,401076713,TEX
28,5,3,4,401076713,LAA
39,14,3,4,401076708,LAD
30,5,2,13,401076708,SD
39,11,5,7,401076717,NYY
30,3,1,8,401076717,SEA
33,7,1,15,401076725,STL
29,6,3,9,401076725,MIL
37,11,3,11,401076728,NYY
28,3,7,8,401076728,SEA
35,9,0,7,401076729,PIT
41,17,3,12,401076729,PHI
35,9,2,13,401076719,BAL
35,13,1,4,401076719,WSH
37,11,5,8,401076718,ATL
37,10,3,9,401076718,TOR
38,12,2,13,401076720,CHC
40,14,3,6,401076720,NYM
33,9,2,8,401076721,CLE
31,7,0,7,401076721,DET
33,7,1,14,401076730,CIN
30,4,1,11,401076730,MIA
39,12,2,8,401076723,MIN
35,9,2,12,401076723,CHW
33,7,2,19,401076726,TB
34,10,4,6,401076726,HOU
35,8,2,10,401076724,OAK
31,9,2,5,401076724,KC
39,12,3,7,401076731,BOS
36,11,4,11,401076731,COL
38,9,8,11,401076722,LAD
33,5,5,10,401076722,SD
34,7,6,14,401076727,TEX
28,3,3,5,401076727,LAA
31,7,3,9,401076733,CLE
30,4,0,11,401076733,DET
39,14,2,5,401076736,OAK
39,11,3,9,401076736,KC
40,16,5,12,401076735,MIN
38,12,2,8,401076735,CHW
41,14,2,11,401076739,TB
36,8,10,12,401076739,HOU
32,6,1,10,401076732,CHC
32,5,3,7,401076732,NYM
41,6,4,9,401076740,CIN
39,9,2,14,401076740,MIA
33,7,5,7,401076738,SEA
33,7,1,7,401076738,TEX
40,15,2,8,401076741,PIT
38,12,2,10,401076741,COL
32,7,6,7,401076734,LAD
38,16,2,6,401076734,ARI
33,8,0,6,401076737,SD
34,8,2,10,401076737,SF
35,8,2,5,401076749,MIL
32,11,2,7,401076749,CHC
35,8,6,10,401076748,MIA
33,9,5,6,401076748,WSH
38,12,3,8,401076751,OAK
33,6,2,5,401076751,NYY
39,12,4,9,401076754,NYM
34,12,4,7,401076754,PHI
39,13,4,8,401076746,HOU
33,8,7,10,401076746,TOR
30,5,2,7,401076745,CLE
31,8,1,11,401076745,TB
40,14,5,7,401076750,MIN
37,12,0,13,401076750,DET
35,7,2,15,401076755,CHW
35,13,6,2,401076755,ATL
36,10,1,8,401076753,SEA
31,7,2,7,401076753,TEX
43,21,5,3,401076742,BAL
33,6,1,6,401076742,KC
39,16,1,4,401076756,PIT
36,10,1,9,401076756,COL
37,10,1,11,401076747,LAD
33,8,3,12,401076747,ARI
49,8,3,13,401076743,BOS
56,11,11,20,401076743,LAA
31,6,2,10,401076752,SD
37,13,2,11,401076752,SF
39,8,10,11,401076767,OAK
35,6,1,15,401076767,NYY
34,7,3,9,401136834,CIN
35,12,4,6,401136834,STL
35,8,3,11,401076765,MIL
33,6,2,7,401076765,CHC
28,6,9,9,401076762,HOU
33,10,4,7,401076762,TOR
41,13,3,6,401076770,NYM
36,9,2,12,401076770,PHI
35,11,2,8,401076761,CLE
35,11,4,6,401076761,TB
37,10,4,17,401076766,MIN
38,15,2,11,401076766,DET
28,2,1,17,401076764,MIA
30,8,0,3,401076764,WSH
31,5,3,9,401076757,BAL
31,8,5,9,401076757,KC
29,3,4,8,401076760,CIN
33,8,2,7,401076760,STL
38,13,0,3,401076759,CHW
34,12,7,11,401076759,ATL
34,9,2,6,401076769,SEA
32,6,2,6,401076769,TEX
32,10,4,7,401076763,LAD
29,6,2,10,401076763,ARI
44,18,3,6,401076771,PIT
33,9,1,10,401076771,COL
37,11,2,10,401076768,SD
34,9,1,8,401076768,SF
34,9,3,6,401076758,BOS
37,13,4,9,401076758,LAA
31,5,0,10,401076774,CIN
30,6,2,6,401076774,STL
29,4,7,9,401076781,OAK
28,6,6,8,401076781,NYY
32,5,1,9,401076776,HOU
27,0,1,14,401076776,TOR
32,6,4,10,401076775,CLE
35,14,4,5,401076775,TB
39,12,3,10,401076780,MIN
34,8,2,11,401076780,DET
30,4,3,9,401076778,MIA
34,9,2,7,401076778,WSH
34,8,1,5,401076772,BAL
34,11,5,4,401076772,KC
34,7,6,15,401076779,MIL
29,4,5,8,401076779,CHC
38,13,9,9,401076783,SEA
34,9,3,7,401076783,TEX
39,14,2,8,401076785,PIT
32,5,3,9,401076785,COL
38,13,2,7,401076782,SD
34,7,0,12,401076782,SF
33,8,4,10,401076773,BOS
33,8,4,7,401076773,LAA
41,9,0,10,401076777,LAD
38,8,2,10,401076777,ARI
31,5,5,8,401076786,CHW
29,6,2,8,401076786,ATL
29,4,3,5,401076784,NYM
32,9,4,7,401076784,PHI
34,7,4,8,401164313,CIN
32,6,3,14,401164313,STL
36,12,3,9,401076796,TEX
32,6,1,7,401076796,NYY
38,11,5,12,401076792,NYM
32,5,1,12,401076792,WSH
38,10,0,6,401076787,BAL
35,6,2,10,401076787,TB
40,14,1,7,401076791,MIN
33,9,0,11,401076791,DET
31,5,2,12,401076797,TOR
29,4,6,10,401076797,ATL
34,6,2,11,401076798,PHI
31,7,3,9,401076798,CIN
32,5,1,5,401076795,SF
30,6,3,6,401076795,STL
30,4,2,10,401076794,SEA
30,7,6,10,401076794,CHC
39,10,2,11,401076790,HOU
36,6,4,20,401076790,MIL
37,12,6,3,401076793,SD
43,18,2,9,401076793,ARI
33,10,8,8,401076788,CHW
33,11,10,6,401076788,CLE
38,12,0,10,401076789,COL
40,17,6,6,401076789,LAD
36,11,0,8,401076799,BAL
30,5,4,7,401076799,TB
29,3,2,13,401076809,TEX
34,11,2,7,401076809,NYY
33,10,5,9,401076810,PHI
32,6,3,14,401076810,CIN
30,5,0,13,401076814,BAL
29,7,1,2,401076814,TB
35,11,3,7,401076805,NYM
37,15,3,6,401076805,WSH
37,7,5,14,401076811,MIA
31,4,8,9,401076811,PIT
34,7,4,12,401076800,CHW
32,6,2,16,401076800,CLE
35,8,4,13,401076804,MIN
32,6,4,12,401076804,BOS
30,6,3,5,401076812,TOR
31,8,5,8,401076812,ATL
31,6,0,7,401076803,HOU
31,9,2,5,401076803,MIL
29,2,1,9,401076808,SF
28,5,1,8,401076808,STL
34,9,4,13,401076807,SEA
30,8,5,8,401076807,CHC
38,14,1,7,401076802,DET
31,9,5,10,401076802,KC
34,7,4,14,401076806,SD
31,7,4,6,401076806,ARI
32,8,5,10,401076813,LAA
28,6,5,7,401076813,OAK
34,8,2,10,401076801,COL
29,6,3,4,401076801,LAD
37,13,6,2,401076819,NYM
38,11,5,6,401076819,WSH
33,7,2,13,401076822,TEX
30,6,5,10,401076822,NYY
33,7,2,8,401076823,PHI
32,9,4,8,401076823,CIN
38,10,2,8,401076824,MIA
33,10,3,4,401076824,PIT
38,13,3,12,401076815,CHW
36,14,4,3,401076815,CLE
32,8,6,10,401076818,MIN
33,9,4,7,401076818,BOS
43,15,5,9,401076821,SF
39,13,3,5,401076821,STL
32,8,2,7,401076817,DET
35,12,2,7,401076817,KC
29,3,2,8,401076820,SD
32,9,4,9,401076820,ARI
32,5,2,9,401076825,LAA
29,5,3,8,401076825,OAK
33,7,5,10,401076816,COL
31,8,2,8,401076816,LAD
39,7,2,13,401076833,PHI
37,9,4,8,401076833,CIN
38,12,3,10,401076826,CHW
27,1,3,11,401076826,CLE
37,11,2,9,401076828,DET
36,12,2,9,401076828,KC
31,4,2,5,401076831,SF
36,12,6,7,401076831,STL
36,10,1,9,401076834,LAA
33,10,7,3,401076834,OAK
39,16,6,6,401076835,MIA
38,10,2,9,401076835,PIT
32,5,2,6,401076836,TEX
33,10,3,3,401076836,BAL
39,16,5,8,401076827,CHC
35,6,5,10,401076827,MIL
26,2,9,6,401076829,MIN
29,4,2,4,401076829,BOS
34,8,3,12,401076832,TOR
31,9,3,6,401076832,TB
30,3,2,10,401076837,WSH
29,6,4,9,401076837,ATL
51,12,3,15,401076830,SEA
46,11,8,11,401076830,HOU
35,9,4,6,401076846,STL
34,12,6,11,401076846,PIT
35,12,4,8,401076847,TEX
35,10,3,2,401076847,BAL
29,3,3,13,401076841,NYY
28,6,7,8,401076841,BOS
35,9,4,11,401076842,PHI
32,10,3,9,401076842,NYM
29,2,2,13,401076845,TOR
32,9,0,6,401076845,TB
37,12,4,9,401076848,ARI
34,7,9,13,401076848,CIN
33,9,4,9,401076849,KC
33,7,0,8,401076849,MIA
35,9,2,8,401076850,WSH
28,7,7,11,401076850,ATL
32,5,2,8,401076838,LAA
31,6,4,8,401076838,CHW
29,3,2,7,401076839,CHC
33,10,7,7,401076839,MIL
31,4,7,11,401076843,SEA
33,9,4,7,401076843,HOU
41,10,6,13,401076851,CLE
41,9,2,14,401076851,MIN
42,11,1,7,401076852,DET
38,6,7,15,401076852,OAK
32,7,2,7,401076840,COL
31,5,4,10,401076840,SD
35,9,5,12,401076844,SF
33,6,2,8,401076844,LAD
35,9,7,8,401076857,NYY
31,5,1,9,401076857,BOS
32,4,5,14,401076863,ARI
29,3,2,15,401076863,CIN
32,6,3,15,401076861,TOR
30,8,5,11,401076861,TB
37,10,5,10,401076864,KC
30,4,7,7,401076864,MIA
39,11,5,7,401076865,STL
31,6,2,7,401076865,PIT
38,12,1,9,401076866,TEX
34,6,4,13,401076866,BAL
38,11,9,9,401076853,LAA
34,8,0,13,401076853,CHW
30,4,5,12,401076854,CHC
33,7,5,11,401076854,MIL
34,7,2,15,401076855,CLE
31,7,5,8,401076855,MIN
39,11,0,11,401076858,PHI
33,6,3,7,401076858,NYM
31,6,1,10,401076859,SEA
28,6,3,8,401076859,HOU
29,5,5,10,401076862,WSH
28,6,6,10,401076862,ATL
29,3,5,11,401076856,COL
29,6,4,9,401076856,SD
35,9,1,19,401076867,DET
36,12,4,6,401076867,OAK
31,5,8,11,401076860,SF
29,4,4,7,401076860,LAD
44,20,5,8,401076876,TEX
33,7,4,4,401076876,BAL
38,13,4,10,401076872,PHI
39,14,7,11,401076872,NYM
33,6,2,10,401076875,TOR
32,10,2,5,401076875,TB
30,3,6,6,401076877,ARI
36,12,0,5,401076877,CIN
30,4,2,8,401076878,KC
34,13,4,7,401076878,MIA
42,17,2,12,401076879,WSH
34,7,3,14,401076879,ATL
30,5,4,4,401076880,STL
30,5,1,11,401076880,PIT
29,5,6,8,401076868,LAA
34,11,5,5,401076868,CHW
34,7,2,11,401076869,CHC
31,9,5,13,401076869,MIL
28,1,0,17,401076873,SEA
47,22,7,8,401076873,HOU
35,11,4,10,401076881,CLE
32,5,4,10,401076881,MIN
29,2,3,13,401076882,DET
30,7,1,5,401076882,OAK
31,4,2,11,401076870,COL
33,7,7,7,401076870,SD
31,4,1,11,401076874,SF
28,5,3,7,401076874,LAD
42,13,2,5,401076871,NYY
34,9,0,9,401076871,BOS
33,8,6,9,401076889,ATL
32,5,0,8,401076889,PHI
29,3,1,15,401076883,ARI
29,9,2,7,401076883,NYM
38,12,3,12,401076886,NYY
34,7,3,10,401076886,BOS
37,12,7,9,401076890,MIL
37,10,7,11,401076890,MIA
29,3,1,10,401076887,OAK
39,17,2,2,401076887,HOU
37,10,3,5,401076888,PIT
33,9,3,10,401076888,SF
34,9,5,9,401076885,CLE
34,7,1,11,401076885,LAA
42,15,3,10,401076884,CHC
36,9,1,9,401076884,SD
38,11,2,9,401076896,NYY
39,16,4,7,401076896,DET
34,10,3,12,401076900,ATL
31,8,4,10,401076900,PHI
38,13,4,8,401076901,LAD
34,7,1,13,401076901,BAL
34,8,4,6,401076892,BOS
32,9,5,10,401076892,TOR
35,10,3,8,401076891,ARI
29,5,2,12,401076891,NYM
32,6,2,8,401076902,MIL
34,8,4,9,401076902,MIA
28,2,1,6,401076903,WSH
29,6,3,7,401076903,MIN
42,10,3,13,401076899,TB
37,5,3,13,401076899,TEX
34,8,2,7,401076895,KC
33,9,4,11,401076895,CHW
51,25,4,7,401076897,OAK
36,12,3,5,401076897,HOU
32,6,1,8,401076904,STL
30,7,1,5,401076904,COL
32,7,3,7,401076898,PIT
33,9,0,9,401076898,SF
32,8,6,6,401076894,CLE
30,4,2,5,401076894,LAA
38,9,5,12,401076893,CHC
39,11,6,6,401076893,SD
31,8,5,6,401076905,CIN
27,4,4,9,401076905,SEA
32,7,6,10,401076915,ATL
31,5,4,11,401076915,PHI
32,6,2,8,401076916,LAD
33,9,3,9,401076916,BAL
30,2,1,9,401076907,BOS
32,11,3,8,401076907,TOR
33,7,4,9,401076906,ARI
34,11,4,5,401076906,NYM
33,8,6,9,401076917,MIL
34,8,2,8,401076917,MIA
36,9,3,8,401076918,WSH
35,8,3,8,401076918,MIN
34,12,8,6,401076914,TB
35,10,3,7,401076914,TEX
36,10,3,4,401076909,CLE
34,7,6,10,401076909,LAA
41,14,2,9,401076910,KC
35,8,2,6,401076910,CHW
34,7,3,16,401076912,OAK
33,8,3,8,401076912,HOU
31,6,4,7,401076919,STL
30,6,6,9,401076919,COL
35,9,4,11,401076913,PIT
31,3,3,9,401076913,SF
30,3,1,12,401076908,CHC
30,7,6,11,401076908,SD
33,5,4,12,401076920,CIN
25,4,3,11,401076920,SEA
31,4,5,7,401076921,ARI
35,11,3,7,401076921,NYM
39,10,7,8,401076925,NYY
38,11,5,10,401076925,DET
32,6,2,6,401076932,MIL
33,7,0,13,401076932,MIA
32,6,2,15,401076924,KC
34,11,5,10,401076924,CHW
37,11,7,11,401076929,STL
33,7,5,13,401076929,COL
33,8,2,11,401076923,CHC
30,5,4,19,401076923,SD
32,8,1,4,401076927,PIT
35,8,2,13,401076927,SF
35,11,4,13,401167116,NYY
34,7,2,12,401167116,DET
38,12,2,8,401076922,BOS
33,7,6,9,401076922,TOR
34,7,4,12,401076930,ATL
35,11,5,6,401076930,PHI
34,6,2,8,401076931,LAD
28,2,5,10,401076931,BAL
39,14,6,9,401076933,WSH
38,12,4,7,401076933,MIN
36,10,5,5,401076928,TB
35,11,3,8,401076928,TEX
33,6,2,17,401076926,OAK
32,6,7,10,401076926,HOU
36,11,7,9,401076934,CIN
38,11,3,13,401076934,SEA
40,13,2,9,401076945,PIT
40,16,10,9,401076945,CHC
37,12,5,11,401076935,ATL
29,3,3,6,401076935,WSH
44,9,5,8,401076943,NYY
44,13,2,10,401076943,TOR
34,10,5,5,401076936,BAL
35,10,4,6,401076936,DET
38,11,3,6,401076939,LAD
32,5,4,6,401076939,NYM
40,14,6,7,401076944,OAK
36,7,3,7,401076944,TEX
33,7,8,9,401076938,HOU
30,5,2,12,401076938,KC
28,2,5,8,401076941,MIL
29,8,7,13,401076941,STL
33,9,8,8,401076947,SD
35,14,4,7,401076947,COL
32,5,1,8,401076937,CIN
33,7,4,5,401076937,ARI
39,15,2,9,401076946,TB
33,8,1,6,401076946,LAA
40,15,3,8,401076948,CHW
35,12,7,6,401076948,SEA
28,4,1,9,401076940,MIA
32,9,0,8,401076940,SF
34,7,1,11,401168693,MIN
33,5,1,9,401168693,CLE
34,8,1,6,401076959,PIT
36,14,2,7,401076959,CHC
44,19,4,6,401076957,NYY
35,9,3,9,401076957,TOR
38,14,7,9,401076949,ATL
31,6,2,7,401076949,WSH
42,10,3,12,401076950,BAL
43,13,8,9,401076950,DET
30,6,5,10,401076961,BOS
32,5,3,15,401076961,PHI
30,3,0,12,401076953,LAD
27,3,1,9,401076953,NYM
36,8,3,11,401076956,MIN
34,8,4,12,401076956,CLE
37,10,8,6,401076952,HOU
34,8,0,10,401076952,KC
33,7,4,17,401076955,MIL
33,7,0,8,401076955,STL
40,12,3,7,401076958,OAK
36,12,5,10,401076958,TEX
28,3,2,7,401076951,CIN
24,1,0,6,401076951,ARI
35,10,7,4,401076962,SD
36,12,3,9,401076962,COL
32,7,0,4,401076954,MIA
33,8,2,5,401076954,SF
31,5,4,6,401076960,TB
32,6,1,11,401076960,LAA
35,7,1,10,401076963,CHW
35,6,6,10,401076963,SEA
33,6,2,10,401076976,BOS
32,7,4,10,401076976,PHI
33,6,4,10,401076972,NYY
31,8,3,14,401076972,TOR
38,12,5,8,401076965,BAL
39,12,1,10,401076965,DET
38,13,2,9,401076971,MIN
33,10,3,4,401076971,CLE
31,4,1,5,401076964,ATL
29,10,7,6,401076964,WSH
43,16,5,8,401076967,HOU
38,12,3,7,401076967,KC
38,12,3,6,401076970,MIL
32,5,4,10,401076970,STL
39,14,2,6,401076974,PIT
41,19,3,5,401076974,CHC
34,7,6,15,401076973,OAK
32,5,3,10,401076973,TEX
33,8,7,8,401076977,SD
36,12,8,9,401076977,COL
30,5,3,5,401076969,MIA
30,7,3,12,401076969,SF
32,6,2,9,401076975,TB
32,11,2,7,401076975,LAA
32,6,3,7,401076966,CIN
30,4,1,11,401076966,ARI
37,12,1,15,401076978,CHW
40,17,11,9,401076978,SEA
36,9,2,13,401076968,LAD
29,3,3,5,401076968,NYM
36,9,1,9,401076979,BAL
29,7,3,5,401076979,DET
29,2,3,11,401076982,SD
32,8,1,10,401076982,MIL
31,6,2,10,401076984,CHW
32,10,2,5,401076984,MIN
30,5,2,1,401076983,WSH
29,5,6,11,401076983,STL
31,6,7,9,401076980,CIN
33,10,5,6,401076980,CHC
36,9,3,9,401076985,NYM
37,13,3,5,401076985,COL
33,8,5,8,401076981,MIA
32,9,3,8,401076981,ARI
37,11,2,15,401076986,KC
36,10,4,6,401076986,OAK
31,6,4,13,401076987,LAA
33,10,6,9,401076987,NYY
34,10,5,11,401076996,SEA
33,8,1,5,401076996,PIT
37,12,3,12,401076997,TOR
33,8,4,6,401076997,BAL
28,4,4,8,401076989,DET
37,12,5,12,401076989,CLE
56,14,7,19,401076992,SF
57,14,10,14,401076992,BOS
36,9,1,5,401076998,PHI
34,8,6,13,401076998,ATL
30,4,2,15,401076991,SD
26,4,1,14,401076991,MIL
54,20,2,14,401076999,CHW
45,15,6,9,401076999,MIN
35,12,4,7,401076995,WSH
33,6,4,14,401076995,STL
34,7,2,15,401076988,CIN
32,5,3,13,401076988,CHC
30,6,2,12,401076994,TEX
31,7,3,9,401076994,HOU
33,11,3,4,401077000,NYM
31,6,1,8,401077000,COL
42,17,7,9,401076990,MIA
38,13,2,7,401076990,ARI
31,6,0,8,401077001,KC
28,4,2,7,401077001,OAK
33,6,3,11,401076993,TB
31,6,3,8,401076993,LAD
35,9,2,3,401077010,WSH
31,8,1,12,401077010,STL
35,10,6,4,401077011,NYM
36,11,2,11,401077011,COL
35,4,3,19,401077012,KC
36,5,4,12,401077012,OAK
36,10,0,5,401077005,MIA
33,9,2,5,401077005,ARI
37,10,5,14,401077002,LAA
33,6,2,9,401077002,NYY
32,7,4,10,401077013,SEA
31,6,3,2,401077013,PIT
42,15,9,13,401077014,TOR
42,16,2,8,401077014,BAL
31,4,1,7,401077004,DET
35,9,3,9,401077004,CLE
42,15,2,13,401077007,SF
31,6,4,3,401077007,BOS
31,4,3,12,401077015,PHI
33,5,2,8,401077015,ATL
32,8,1,10,401077006,SD
29,3,5,16,401077006,MIL
35,10,1,14,401077016,CHW
29,3,5,5,401077016,MIN
36,10,6,11,401077003,CIN
32,4,2,8,401077003,CHC
44,14,4,13,401077008,TB
44,12,2,13,401077008,LAD
32,7,2,11,401077009,TEX
31,6,4,6,401077009,HOU
36,11,0,9,401077022,PHI
31,9,3,7,401077022,ATL
43,13,5,12,401077023,SEA
43,11,3,10,401077023,PIT
33,7,6,17,401077020,SF
36,10,3,9,401077020,BOS
32,5,4,16,401077019,SD
32,7,3,12,401077019,MIL
31,5,0,8,401077017,LAA
32,8,4,11,401077017,NYY
35,10,3,6,401077024,TOR
36,8,3,8,401077024,BAL
36,9,1,9,401077018,DET
33,12,3,4,401077018,CLE
37,10,1,12,401077021,STL
36,6,2,10,401077021,CHC
34,10,6,11,401077025,KC
33,10,5,7,401077025,MIN
31,4,9,11,401077033,STL
33,9,4,3,401077033,CHC
33,7,1,7,401077031,PHI
29,7,5,5,401077031,CLE
33,7,2,12,401077034,TOR
32,6,2,12,401077034,NYY
32,4,1,5,401077035,SEA
31,8,4,7,401077035,BAL
40,7,3,15,401077028,BOS
40,8,5,12,401077028,TB
46,19,2,12,401077029,CHW
32,7,2,9,401077029,DET
37,10,6,9,401077036,NYM
33,7,1,11,401077036,CIN
33,7,3,6,401077037,WSH
35,10,2,5,401077037,MIA
32,4,1,7,401077038,SF
29,7,5,5,401077038,ATL
34,8,1,11,401077026,LAA
34,10,1,5,401077026,HOU
33,6,2,7,401077032,PIT
31,10,6,8,401077032,MIL
33,7,3,11,401077039,KC
28,5,3,1,401077039,MIN
35,10,2,9,401077030,COL
33,13,4,7,401077030,LAD
27,2,0,7,401077040,TEX
32,9,8,7,401077040,OAK
36,7,7,13,401077027,ARI
29,3,3,12,401077027,SD
33,6,0,15,401077051,TOR
34,11,3,11,401077051,NYY
36,13,6,9,401077050,STL
35,10,6,11,401077050,CHC
30,3,1,12,401077052,NYM
33,9,2,8,401077052,CIN
40,7,2,16,401077043,BOS
37,10,3,15,401077043,TB
43,17,1,9,401077044,CHW
36,11,1,8,401077044,DET
45,16,6,10,401077053,WSH
37,7,4,10,401077053,MIA
50,11,4,10,401077054,SEA
45,8,2,11,401077054,BAL
39,12,4,10,401077041,LAA
30,6,3,6,401077041,HOU
40,16,3,7,401077046,KC
37,9,3,10,401077046,MIN
37,10,2,7,401077047,PHI
32,5,2,12,401077047,CLE
33,6,1,6,401077048,PIT
34,10,6,8,401077048,MIL
33,7,0,6,401077049,SF
29,5,7,10,401077049,ATL
34,8,1,9,401077042,ARI
33,5,3,9,401077042,SD
33,8,2,7,401077055,TEX
38,14,9,12,401077055,OAK
32,7,3,8,401077045,COL
33,6,1,12,401077045,LAD
36,9,2,15,401077064,TOR
30,7,2,6,401077064,NYY
32,7,1,5,401077065,SEA
28,3,2,4,401077065,BAL
39,11,4,10,401077058,BOS
33,9,4,8,401077058,TB
37,11,2,11,401077059,CHW
34,12,1,6,401077059,DET
36,9,2,9,401077066,NYM
32,6,6,8,401077066,CIN
32,6,7,5,401077067,WSH
29,6,4,6,401077067,MIA
38,10,2,8,401077068,SF
32,5,2,12,401077068,ATL
35,8,6,10,401077056,LAA
38,15,5,4,401077056,HOU
32,4,0,14,401077062,PIT
30,7,4,9,401077062,MIL
38,12,6,15,401077069,KC
37,13,9,7,401077069,MIN
31,7,1,14,401077063,STL
33,9,1,5,401077063,CHC
37,11,1,8,401077070,TEX
37,11,1,15,401077070,OAK
37,8,4,10,401077057,ARI
37,10,5,14,401077057,SD
32,8,1,10,401077060,COL
34,11,5,7,401077060,LAD
31,5,2,9,401077061,PHI
34,9,2,9,401077061,CLE
31,5,4,8,401077074,PHI
32,10,9,7,401077074,WSH
59,16,6,11,401077071,BAL
52,13,6,7,401077071,TOR
37,10,5,11,401077072,BOS
31,8,2,10,401077072,TB
37,13,2,6,401077073,MIA
36,9,6,7,401077073,NYM
36,9,6,11,401077075,STL
35,11,3,10,401077075,ARI
30,5,2,7,401140972,PHI
28,7,4,12,401140972,WSH
34,8,3,8,401077083,MIN
32,6,1,12,401077083,DET
31,7,4,12,401077088,MIL
35,8,1,9,401077088,CIN
33,6,1,11,401077086,PHI
28,7,4,9,401077086,WSH
36,9,4,11,401077089,CHC
37,10,1,7,401077089,PIT
42,15,4,11,401077077,BAL
33,6,2,10,401077077,TOR
43,11,3,15,401077082,MIA
41,9,4,9,401077082,NYM
43,7,1,13,401077084,NYY
38,7,3,17,401077084,TB
39,12,6,11,401077079,CLE
33,6,1,14,401077079,CHW
39,14,4,6,401077078,BOS
38,15,7,10,401077078,TEX
37,11,3,7,401077076,ATL
34,12,2,6,401077076,KC
69,13,4,25,401077087,STL
65,13,9,23,401077087,ARI
58,12,11,20,401077080,COL
53,8,6,15,401077080,SF
32,6,1,7,401077085,OAK
32,10,1,9,401077085,LAA
33,7,5,8,401077081,LAD
32,5,4,12,401077081,SD
31,5,5,5,401077090,HOU
31,4,1,18,401077090,SEA
35,10,4,10,401077102,STL
33,8,7,10,401077102,ARI
35,9,3,11,401077098,MIN
31,2,0,8,401077098,DET
37,11,6,8,401077103,MIL
32,5,5,9,401077103,CIN
27,1,5,16,401077099,NYY
32,9,2,10,401077099,TB
34,8,0,11,401077101,PHI
31,8,1,11,401077101,WSH
31,6,3,6,401077104,CHC
31,9,3,6,401077104,PIT
32,7,5,11,401077092,BAL
28,5,4,9,401077092,TOR
31,4,2,10,401077097,MIA
34,12,4,10,401077097,NYM
38,12,4,10,401077093,BOS
33,7,1,11,401077093,TEX
32,6,5,10,401077094,CLE
38,14,2,9,401077094,CHW
40,14,7,10,401077091,ATL
35,8,0,14,401077091,KC
36,8,1,11,401077095,COL
31,7,2,3,401077095,SF
37,12,3,11,401077100,OAK
32,6,3,9,401077100,LAA
34,10,2,13,401077096,LAD
34,7,3,14,401077096,SD
35,7,0,6,401077105,HOU
28,2,1,10,401077105,SEA
31,5,4,14,401077114,MIL
36,9,3,8,401077114,CIN
41,13,3,8,401077112,MIN
40,13,1,11,401077112,DET
35,10,2,10,401077106,BOS
31,7,6,6,401077106,TEX
30,5,2,11,401077110,LAD
30,3,2,12,401077110,SD
35,8,1,16,401077108,COL
33,12,3,5,401077108,SF
31,7,2,15,401077113,PHI
31,9,7,11,401077113,WSH
32,6,3,12,401077115,CHC
39,16,1,7,401077115,PIT
33,6,0,11,401077111,MIA
29,5,4,12,401077111,NYM
32,4,0,10,401077107,CLE
33,11,6,8,401077107,CHW
46,12,9,11,401077109,HOU
42,7,4,7,401077109,LAA
33,6,5,6,401077116,OAK
29,4,0,10,401077116,SEA
28,3,0,8,401077120,CLE
33,11,4,9,401077120,WSH
34,7,8,16,401077128,CIN
34,10,1,6,401077128,PIT
57,17,0,13,401077129,MIA
50,11,6,14,401077129,PHI
37,10,4,12,401077127,TB
31,4,2,11,401077127,TOR
35,9,1,11,401077117,ATL
31,9,4,7,401077117,NYM
33,6,9,6,401077118,BAL
30,6,1,12,401077118,BOS
37,10,7,13,401077119,CHC
36,8,5,12,401077119,STL
42,18,5,11,401077125,NYY
38,11,1,10,401077125,TEX
38,14,6,7,401077130,MIL
33,11,7,4,401077130,COL
31,11,2,3,401077124,MIN
23,6,2,9,401077124,KC
33,7,2,10,401077126,SD
32,6,5,8,401077126,ARI
28,4,6,9,401077122,HOU
28,3,1,7,401077122,LAA
33,7,6,5,401077131,OAK
33,8,5,9,401077131,SEA
35,9,3,10,401077123,LAD
35,8,8,13,401077123,SF
37,12,4,10,401077133,BAL
35,9,5,7,401077133,BOS
35,9,1,6,401077139,MIN
33,7,3,13,401077139,KC
29,3,6,12,401077142,TB
29,8,5,9,401077142,TOR
30,5,1,11,401077136,DET
33,10,4,7,401077136,CHW
35,9,5,12,401077135,CLE
34,11,5,8,401077135,WSH
32,7,1,9,401077138,LAD
34,7,0,12,401077138,SF
33,7,3,8,401077143,MIA
33,10,5,3,401077143,PHI
35,8,2,9,401172775,DET
33,8,2,9,401172775,CHW
46,13,8,7,401077144,CIN
40,5,5,7,401077144,PIT
31,4,5,12,401077132,ATL
26,4,2,11,401077132,NYM
42,16,1,7,401077134,CHC
32,6,6,14,401077134,STL
30,7,2,7,401077140,NYY
32,9,11,9,401077140,TEX
34,10,3,12,401077141,SD
28,5,7,6,401077141,ARI
35,8,2,11,401077145,MIL
37,10,2,12,401077145,COL
33,6,5,9,401077137,HOU
32,5,1,13,401077137,LAA
31,6,4,8,401077146,OAK
33,6,1,6,401077146,SEA
34,6,2,13,401077148,BAL
34,12,3,7,401077148,BOS
32,6,4,8,401077150,CLE
37,14,2,8,401077150,WSH
37,12,9,8,401077153,LAD
28,3,3,8,401077153,SF
30,3,1,13,401077155,NYY
31,10,4,6,401077155,TEX
32,8,3,7,401077158,CIN
32,7,1,6,401077158,PIT
33,7,0,9,401077159,MIA
40,13,3,10,401077159,PHI
40,13,4,7,401077152,HOU
35,8,4,15,401077152,LAA
36,9,1,10,401077157,TB
35,11,3,9,401077157,TOR
42,11,3,13,401077147,ATL
44,15,2,13,401077147,NYM
31,7,3,8,401077151,DET
28,4,1,12,401077151,CHW
33,8,0,7,401077156,SD
32,7,1,8,401077156,ARI
30,3,4,8,401077160,OAK
31,7,5,7,401077160,SEA
46,7,6,13,401077161,MIL
42,8,5,15,401077161,COL
27,3,1,7,401077149,CHC
32,9,8,7,401077149,STL
32,6,0,8,401077154,MIN
33,9,3,7,401077154,KC
32,7,3,11,401169053,MIL
29,5,1,7,401169053,WSH
34,7,2,12,401169054,TB
33,8,3,12,401169054,OAK
37,14,6,5,401169074,STL
35,9,4,6,401169074,ATL
28,2,3,13,401169073,WSH
32,7,7,12,401169073,LAD
30,5,3,10,401169075,TB
33,9,5,10,401169075,HOU
33,6,0,11,401169078,STL
31,8,1,10,401169078,ATL
34,7,6,13,401169076,MIN
32,8,8,12,401169076,NYY
35,10,2,5,401169077,WSH
31,5,2,17,401169077,LAD
32,6,1,14,401169080,MIN
32,11,8,6,401169080,NYY
32,6,3,17,401169079,TB
34,10,1,8,401169079,HOU
34,7,4,10,401169082,ATL
29,4,2,8,401169082,STL
41,14,7,15,401169081,LAD
30,6,5,6,401169081,WSH
35,7,2,13,401169083,HOU
35,12,3,7,401169083,TB
36,8,6,10,401169086,ATL
37,9,3,11,401169086,STL
32,5,3,8,401169085,LAD
29,10,5,5,401169085,WSH
35,10,1,9,401169084,NYY
35,9,4,8,401169084,MIN
31,6,2,8,401169087,HOU
36,13,4,11,401169087,TB
39,11,5,12,401169090,STL
33,6,1,10,401169090,ATL
39,9,5,13,401169089,WSH
37,7,1,12,401169089,LAD
28,2,2,11,401169091,TB
32,8,2,10,401169091,HOU
37,10,5,12,401169093,WSH
28,1,1,6,401169093,STL
34,7,1,14,401169095,WSH
29,3,2,12,401169095,STL
39,13,2,11,401169094,NYY
27,3,2,6,401169094,HOU
38,6,4,12,401169096,NYY
37,7,6,14,401169096,HOU
34,7,0,16,401169097,STL
33,11,3,11,401169097,WSH
34,7,5,10,401169098,HOU
32,5,5,7,401169098,NYY
32,5,4,14,401169099,STL
31,9,2,7,401169099,WSH
39,8,3,6,401169102,HOU
33,5,7,13,401169102,NYY
32,5,5,12,401180713,HOU
29,5,0,10,401180713,NYY
35,10,4,11,401169104,NYY
32,6,6,6,401169104,HOU
35,9,1,8,401169107,WSH
37,10,5,12,401169107,HOU
40,14,6,10,401169112,WSH
37,9,2,8,401169112,HOU
37,11,3,5,401169109,HOU
35,9,5,13,401169109,WSH
38,13,7,7,401169110,HOU
32,4,5,8,401169110,WSH
34,10,4,4,401169113,HOU
30,4,2,11,401169113,WSH
35,9,3,8,401169114,WSH
32,6,2,7,401169114,HOU
34,9,5,3,401169115,WSH
35,9,4,8,401169115,HOU
22,6,4,11,401225674,NYY
16,1,1,5,401225674,WSH
32,8,0,8,401225673,SF
37,12,5,6,401225673,LAD
30,3,2,15,401225682,ATL
28,6,0,4,401225682,NYM
28,3,3,13,401225678,DET
31,9,4,4,401225678,CIN
34,9,3,11,401225687,TOR
33,5,8,9,401225687,TB
30,3,0,9,401225676,MIL
28,5,1,7,401225676,CHC
34,9,3,9,401225684,MIA
31,5,3,8,401225684,PHI
30,4,2,18,401225679,KC
28,5,3,3,401225679,CLE
31,6,1,8,401225675,BAL
40,17,7,9,401225675,BOS
30,3,6,14,401225688,COL
28,3,3,6,401225688,TEX
37,11,5,9,401225677,MIN
35,9,3,8,401225677,CHW
35,8,0,6,401225686,PIT
31,9,3,9,401225686,STL
31,5,1,10,401225680,SEA
35,10,4,5,401225680,HOU
32,7,1,7,401225685,ARI
30,8,7,8,401225685,SD
31,4,1,9,401225681,SF
37,13,8,3,401225681,LAD
36,7,6,8,401225683,LAA
33,7,7,11,401225683,OAK
38,11,2,11,401225690,MIL
32,6,5,11,401225690,CHC
37,10,2,5,401225689,BAL
37,9,0,11,401225689,BOS
33,6,2,5,401225691,MIN
38,14,4,11,401225691,CHW
30,3,2,7,401225700,PIT
35,10,2,7,401225700,STL
35,8,2,5,401225701,TOR
28,5,4,6,401225701,TB
29,6,3,7,401225698,MIA
29,7,9,5,401225698,PHI
34,6,3,9,401225702,COL
34,8,6,8,401225702,TEX
33,8,3,10,401225694,SEA
31,10,3,3,401225694,HOU
33,7,4,13,401225695,SF
33,9,2,6,401225695,LAD
37,8,1,12,401225696,ATL
37,9,2,11,401225696,NYM
32,6,1,6,401225697,LAA
32,6,1,8,401225697,OAK
39,12,1,17,401225692,DET
32,6,7,5,401225692,CIN
32,5,1,7,401225693,KC
34,4,4,15,401225693,CLE
36,7,2,7,401225703,NYY
37,13,1,6,401225703,WSH
32,5,1,11,401225699,ARI
29,7,7,13,401225699,SD
38,12,4,8,401225713,MIA
40,12,7,5,401225713,PHI
32,5,3,12,401225718,NYY
31,7,4,8,401225718,WSH
30,3,4,16,401225707,DET
32,6,4,13,401225707,CIN
33,6,2,15,401225708,KC
33,13,4,6,401225708,CLE
41,13,4,11,401225716,TOR
35,8,6,8,401225716,TB
33,10,8,4,401225704,BAL
34,7,0,6,401225704,BOS
40,13,4,7,401225706,MIN
32,6,5,10,401225706,CHW
37,11,5,7,401225709,SEA
34,9,5,12,401225709,HOU
32,8,3,7,401225715,PIT
29,5,3,10,401225715,STL
29,3,5,8,401225705,MIL
35,11,4,12,401225705,CHC
31,7,5,8,401225717,COL
30,5,3,8,401225717,TEX
35,9,0,4,401225712,LAA
28,7,5,5,401225712,OAK
31,7,7,11,401225714,ARI
33,6,9,11,401225714,SD
43,17,5,6,401225711,ATL
33,6,3,6,401225711,NYM
34,9,5,4,401225710,SF
34,7,3,8,401225710,LAD
35,9,3,12,401225725,LAA
29,6,3,12,401225725,OAK
33,6,3,6,401225728,ARI
29,7,4,10,401225728,SD
34,7,3,9,401225730,TOR
34,11,4,7,401225730,WSH
36,8,3,13,401225720,CHC
35,6,9,7,401225720,CIN
34,4,2,19,401225729,ATL
35,13,6,12,401225729,TB
42,11,6,10,401225727,MIL
35,4,6,12,401225727,PIT
40,13,6,6,401225722,KC
36,9,4,9,401225722,DET
35,9,6,13,401225723,SEA
32,8,5,9,401225723,HOU
38,11,2,12,401225719,NYM
34,8,2,5,401225719,BOS
38,11,2,14,401232408,CHW
32,9,3,8,401232408,CLE
36,7,2,6,401225745,TOR
30,4,1,11,401225745,WSH
37,12,3,10,401225732,CHC
33,6,3,10,401225732,CIN
32,6,4,12,401225743,ATL
30,7,3,8,401225743,TB
26,5,9,8,401225741,MIL
33,9,4,9,401225741,PIT
31,5,0,9,401225734,KC
27,6,4,4,401225734,DET
37,10,4,9,401225731,NYM
34,9,2,6,401225731,BOS
35,8,0,7,401225733,CHW
28,6,4,7,401225733,CLE
33,7,2,9,401225738,STL
31,7,1,5,401225738,MIN
34,8,5,7,401225744,ARI
30,3,1,11,401225744,TEX
37,10,6,5,401225735,LAD
31,4,4,9,401225735,HOU
34,7,2,11,401225736,SEA
33,11,8,5,401225736,LAA
39,13,3,11,401225739,COL
34,8,3,8,401225739,OAK
32,5,1,5,401225742,SD
31,7,1,10,401225742,SF
34,10,4,8,401225756,COL
32,5,2,11,401225756,OAK
31,6,2,12,401225759,ARI
33,9,6,7,401225759,TEX
35,5,5,11,401225760,WSH
32,3,3,16,401225760,TOR
30,5,1,11,401225749,CHW
31,6,3,10,401225749,CLE
35,7,4,14,401225748,CHC
32,10,8,8,401225748,CIN
44,5,3,13,401225751,LAD
45,8,7,13,401225751,HOU
32,6,5,14,401225757,MIL
28,1,1,14,401225757,PIT
33,6,4,9,401225746,TB
35,12,4,10,401225746,ATL
35,9,0,6,401225750,KC
27,4,2,12,401225750,DET
33,8,4,8,401225754,BOS
38,15,3,12,401225754,NYM
33,8,5,12,401232669,NYY
32,5,4,10,401232669,BAL
29,3,1,9,401225753,STL
29,5,3,12,401225753,MIN
32,9,7,6,401225758,SD
36,12,1,8,401225758,SF
37,13,5,9,401225752,SEA
35,8,5,8,401225752,LAA
38,13,2,8,401225771,WSH
36,11,2,5,401225771,TOR
34,9,3,10,401232670,NYY
32,6,4,8,401232670,BAL
31,7,5,7,401225767,CLE
30,3,0,14,401225767,MIN
34,9,4,9,401225768,BOS
31,5,5,10,401225768,NYM
30,5,1,9,401225762,TB
25,3,5,8,401225762,ATL
40,13,0,7,401225765,KC
33,8,3,9,401225765,DET
32,7,8,7,401225761,LAD
32,5,3,4,401225761,ARI
35,10,5,11,401225766,SEA
32,5,2,8,401225766,LAA
44,14,2,15,401225770,SD
38,11,7,12,401225770,SF
30,5,2,9,401225783,BOS
32,9,5,4,401225783,NYY
40,13,4,11,401225773,NYM
36,11,7,11,401225773,ATL
30,3,1,8,401225777,CIN
34,11,1,10,401225777,DET
32,6,5,11,401225774,TB
36,12,2,9,401225774,BAL
31,4,2,7,401225778,CHW
36,8,1,7,401225778,KC
38,10,3,7,401225776,SD
40,14,3,7,401225776,COL
31,5,3,8,401225782,CLE
29,9,6,8,401225782,MIN
33,7,1,8,401225775,PIT
33,11,7,7,401225775,CHC
34,6,4,11,401225784,TEX
33,11,5,7,401225784,SF
37,11,7,5,401225779,HOU
33,8,12,9,401225779,LAA
35,9,2,15,401225772,LAD
30,8,5,3,401225772,ARI
29,3,4,8,401225785,OAK
33,9,2,8,401225785,SEA
49,21,4,6,401225793,CHW
41,15,3,13,401225793,KC
40,11,4,11,401225794,HOU
36,9,2,9,401225794,LAA
33,6,4,12,401225798,BOS
32,8,4,7,401225798,NYY
31,6,5,11,401225788,NYM
33,9,2,10,401225788,ATL
29,2,3,11,401225797,CLE
28,6,1,6,401225797,MIN
40,8,4,10,401225789,TB
38,8,5,11,401225789,BAL
39,11,4,9,401225787,LAD
31,5,1,9,401225787,ARI
29,3,3,10,401225791,SD
32,11,3,8,401225791,COL
32,6,3,13,401225790,PIT
30,8,4,6,401225790,CHC
32,7,4,13,401225799,TEX
29,7,11,4,401225799,SF
34,6,4,15,401225800,OAK
34,5,3,9,401225800,SEA
26,7,3,13,401225807,CIN
26,4,1,5,401225807,DET
33,6,0,10,401225804,TB
35,12,3,8,401225804,BAL
35,10,5,12,401225803,NYM
30,7,2,9,401225803,ATL
39,14,6,6,401225808,CHW
31,6,1,6,401225808,KC
29,2,2,10,401225812,CLE
30,7,0,13,401225812,MIN
36,6,3,7,401225805,PIT
35,4,4,10,401225805,CHC
37,10,2,8,401225806,SD
34,12,2,4,401225806,COL
35,9,7,3,401225814,TEX
35,8,3,8,401225814,SF
36,9,0,9,401225802,LAD
31,4,0,12,401225802,ARI
41,11,8,9,401225809,HOU
39,6,11,14,401225809,LAA
31,5,5,11,401225815,OAK
32,5,2,12,401225815,SEA
32,11,3,3,401233575,CIN
23,2,2,7,401233575,DET
37,10,1,11,401225813,BOS
33,9,6,8,401225813,NYY
30,5,2,14,401225820,CLE
28,4,1,7,401225820,CIN
34,8,3,9,401233577,PHI
30,8,2,8,401233577,NYY
34,9,8,6,401225817,NYM
33,7,4,15,401225817,ATL
37,12,4,12,401225823,CHW
36,10,2,11,401225823,MIL
33,9,4,7,401225824,PIT
32,7,7,9,401225824,MIN
31,5,3,6,401225819,KC
27,4,4,9,401225819,CHC
34,9,1,8,401225821,SF
34,10,2,8,401225821,COL
32,6,2,10,401225825,LAD
30,9,4,5,401225825,SD
37,12,11,9,401225826,OAK
32,4,4,12,401225826,SEA
34,9,5,9,401225836,PIT
27,8,8,4,401225836,MIN
31,3,6,10,401225831,CLE
31,5,2,10,401225831,CIN
36,8,1,10,401225840,BOS
31,9,2,10,401225840,TB
36,10,4,13,401225841,NYM
32,10,2,6,401225841,WSH
30,5,4,6,401225828,TOR
37,13,7,5,401225828,ATL
37,10,2,12,401225835,CHW
31,7,4,13,401225835,MIL
35,10,0,5,401225830,KC
31,9,4,11,401225830,CHC
33,6,2,6,401234048,MIA
30,3,1,11,401234048,BAL
32,7,1,9,401225832,SF
30,6,2,10,401225832,COL
37,10,4,7,401225827,HOU
33,7,5,3,401225827,ARI
30,5,2,9,401225837,TEX
29,6,5,9,401225837,OAK
34,6,4,5,401225838,LAD
30,4,1,12,401225838,SD
32,6,4,7,401225839,LAA
32,6,4,7,401225839,SEA
33,11,7,3,401233579,PHI
31,12,2,3,401233579,NYY
25,2,4,11,401234049,MIA
23,3,2,7,401234049,BAL
31,7,7,5,401225856,NYM
31,5,0,6,401225856,WSH
36,10,1,11,401225855,BOS
29,4,5,11,401225855,TB
33,7,4,7,401225851,MIN
30,4,1,6,401225851,PIT
31,5,1,9,401225843,TOR
28,3,4,12,401225843,ATL
27,3,6,9,401225846,CIN
26,4,6,7,401225846,CLE
27,7,0,13,401234075,NYY
24,3,1,7,401234075,PHI
36,10,2,11,401225848,CHC
31,5,1,7,401225848,KC
32,5,1,11,401225845,MIL
29,6,2,6,401225845,CHW
24,4,4,7,401234050,BAL
21,4,1,4,401234050,MIA
34,7,0,5,401225847,SF
31,6,2,6,401225847,COL
34,8,4,10,401225842,HOU
39,16,4,2,401225842,ARI
33,7,1,13,401225850,TEX
31,7,3,14,401225850,OAK
34,8,2,7,401225852,LAD
35,9,5,12,401225852,SD
32,5,0,10,401225853,LAA
35,12,5,5,401225853,SEA
36,9,3,7,401225865,MIN
32,7,2,8,401225865,PIT
34,11,3,4,401225861,SF
31,9,5,5,401225861,COL
37,12,2,5,401225864,TEX
28,6,5,8,401225864,OAK
33,7,3,7,401225866,LAA
31,4,0,10,401225866,SEA
36,9,1,10,401233580,NYY
31,8,4,8,401233580,PHI
29,3,4,11,401225860,CIN
35,11,9,13,401225860,CLE
32,5,0,10,401225858,TOR
28,4,3,8,401225858,ATL
34,8,1,9,401225857,HOU
33,11,5,3,401225857,ARI
33,7,2,11,401225862,CHC
41,18,4,9,401225862,KC
36,10,1,6,401234051,BAL
33,11,1,6,401234051,MIA
40,13,7,10,401225859,MIL
32,6,3,14,401225859,CHW
46,19,5,9,401225883,BAL
30,4,1,3,401225883,WSH
28,2,5,9,401225881,NYY
25,2,2,8,401225881,TB
49,16,6,16,401225877,DET
47,16,4,8,401225877,PIT
33,7,4,16,401225874,MIA
34,6,3,11,401225874,NYM
31,8,6,3,401225869,TOR
29,6,9,11,401225869,BOS
32,5,3,7,401225871,MIN
30,8,2,4,401225871,KC
28,4,8,6,401225870,CLE
29,6,1,7,401225870,CHW
34,9,5,7,401225873,CIN
30,5,3,16,401225873,MIL
34,7,4,12,401225882,LAA
27,5,6,8,401225882,TEX
45,7,4,9,401225875,HOU
45,10,6,15,401225875,OAK
31,4,1,11,401225878,ARI
28,5,1,7,401225878,SD
34,8,2,10,401225872,SF
33,9,4,7,401225872,LAD
36,10,5,8,401225879,COL
37,9,1,10,401225879,SEA
35,10,5,12,401225885,CLE
35,8,2,11,401225885,CHW
31,11,5,9,401225896,NYY
27,6,3,14,401225896,TB
42,16,4,12,401225892,DET
36,9,4,6,401225892,PIT
32,5,0,7,401225890,HOU
31,9,1,10,401225890,OAK
26,8,3,4,401233576,NYY
23,5,9,6,401233576,TB
30,4,1,9,401225891,ATL
31,8,4,4,401225891,PHI
32,5,2,9,401225898,BAL
32,7,4,11,401225898,WSH
35,9,3,10,401225886,MIN
35,12,5,10,401225886,KC
31,4,2,10,401225897,LAA
28,4,1,4,401225897,TEX
32,5,5,10,401225888,CIN
29,4,1,11,401225888,MIL
33,8,7,9,401225889,MIA
30,7,3,6,401225889,NYM
34,9,6,7,401225884,TOR
31,4,4,8,401225884,BOS
36,10,2,12,401225887,SF
29,2,4,4,401225887,LAD
31,5,2,9,401225893,ARI
32,7,1,7,401225893,SD
35,9,6,6,401225894,COL
27,1,2,6,401225894,SEA
34,8,3,8,401225913,BAL
31,6,6,10,401225913,WSH
27,9,5,7,401225906,ATL
23,3,6,3,401225906,PHI
35,9,4,12,401225904,MIA
30,8,5,7,401225904,NYM
34,7,4,9,401225911,NYY
32,8,3,11,401225911,TB
34,6,1,15,401225899,TOR
30,4,1,12,401225899,BOS
30,4,2,12,401225907,DET
31,6,3,6,401225907,PIT
34,7,2,10,401225901,MIN
30,8,5,6,401225901,KC
34,8,3,7,401225903,CIN
35,10,7,9,401225903,MIL
32,6,7,13,401225912,LAA
35,10,0,11,401225912,TEX
29,2,4,11,401225902,SF
30,7,1,8,401225902,LAD
31,6,3,10,401225905,HOU
31,7,4,10,401225905,OAK
32,5,4,15,401225908,ARI
35,11,4,10,401225908,SD
34,7,2,13,401225909,COL
28,6,3,5,401225909,SEA
35,14,1,8,401235403,ATL
25,4,1,8,401235403,PHI
35,7,6,12,401225900,CLE
34,6,4,16,401225900,CHW
34,9,1,11,401225922,ATL
38,14,4,10,401225922,PHI
36,9,1,6,401225916,CHW
30,9,2,6,401225916,DET
44,17,3,7,401225921,WSH
34,8,2,6,401225921,NYM
40,16,8,8,401225914,TB
37,12,4,7,401225914,BOS
34,7,2,12,401225920,MIN
35,8,1,8,401225920,MIL
45,18,2,10,401225915,ARI
39,14,3,8,401225915,COL
33,6,1,6,401225917,SF
32,7,3,6,401225917,HOU
41,15,6,5,401225924,SEA
34,8,4,5,401225924,TEX
35,9,7,7,401225918,OAK
35,14,6,5,401225918,LAA
29,6,4,4,401225919,SD
30,4,3,6,401225919,LAD
34,4,4,9,401225939,MIA
33,7,5,7,401225939,TOR
40,11,4,11,401225926,KC
35,10,4,10,401225926,CIN
38,8,2,8,401225935,ATL
29,6,7,7,401225935,NYY
43,16,3,6,401225936,BAL
42,11,5,9,401225936,PHI
34,11,4,5,401225927,CHC
32,4,2,5,401225927,CLE
34,8,3,5,401225929,CHW
33,7,3,6,401225929,DET
32,9,0,8,401225934,WSH
31,7,3,11,401225934,NYM
36,9,6,9,401225925,TB
32,9,1,9,401225925,BOS
36,10,4,16,401225933,MIN
33,9,0,8,401225933,MIL
39,13,3,4,401225928,ARI
37,14,1,9,401225928,COL
31,4,4,9,401225938,SEA
31,7,2,7,401225938,TEX
40,12,5,8,401225930,SF
36,10,7,5,401225930,HOU
31,5,2,13,401225931,OAK
36,12,5,6,401225931,LAA
34,10,2,4,401225932,SD
34,9,2,7,401225932,LAD
38,10,4,13,401225944,CHW
36,9,1,9,401225944,DET
44,18,2,4,401225943,ARI
42,16,4,10,401225943,COL
36,9,6,8,401225946,OAK
31,5,2,9,401225946,LAA
33,8,9,13,401225942,CHC
33,8,2,10,401225942,CLE
43,14,6,13,401225954,MIA
46,18,4,12,401225954,TOR
30,5,8,13,401225941,KC
30,6,8,8,401225941,CIN
38,11,3,8,401225950,ATL
36,12,6,8,401225950,NYY
38,11,2,15,401225951,BAL
34,10,5,11,401225951,PHI
34,7,1,9,401225945,SF
31,9,6,7,401225945,HOU
41,15,6,6,401225948,MIN
34,7,1,8,401225948,MIL
35,10,1,11,401225949,WSH
37,13,5,7,401225949,NYM
39,15,2,7,401225940,TB
38,12,0,10,401225940,BOS
34,8,5,6,401225953,SEA
34,11,3,7,401225953,TEX
32,6,4,14,401225947,SD
30,8,2,6,401225947,LAD
34,5,4,6,401225960,WSH
36,13,5,8,401225960,NYM
39,15,5,8,401225961,BAL
35,8,0,4,401225961,PHI
47,19,5,13,401225955,TB
39,13,3,11,401225955,BOS
37,11,3,8,401225958,PIT
38,12,2,10,401225958,CIN
30,4,2,11,401225956,MIL
29,7,5,10,401225956,CHC
33,6,1,6,401225959,SD
36,13,4,6,401225959,LAD
29,5,7,9,401225975,TB
36,10,5,6,401225975,TOR
44,19,2,5,401225963,WSH
32,6,4,1,401225963,BAL
33,7,2,12,401225972,BOS
38,14,5,8,401225972,NYY
37,12,5,8,401225973,NYM
35,11,3,7,401225973,PHI
32,5,1,13,401225965,PIT
34,11,2,10,401225965,CIN
36,8,6,5,401225967,CLE
35,9,1,7,401225967,DET
35,9,0,9,401225970,ATL
32,10,8,5,401225970,MIA
31,5,2,12,401225964,MIL
34,6,4,15,401225964,CHC
30,6,2,10,401225966,TEX
30,2,0,6,401225966,COL
29,6,4,9,401225968,SEA
33,9,8,9,401225968,HOU
34,6,2,9,401225962,SD
32,8,2,11,401225962,ARI
36,9,2,9,401225969,LAD
32,6,3,9,401225969,LAA
37,8,3,7,401225974,OAK
42,13,3,10,401225974,SF
28,8,2,6,401225979,STL
23,3,3,8,401225979,CHW
25,5,0,10,401225986,KC
25,8,1,8,401225986,MIN
41,10,4,5,401225978,MIL
39,10,4,12,401225978,CHC
29,9,2,6,401236322,STL
24,3,2,10,401236322,CHW
26,8,5,9,401236393,KC
23,2,2,13,401236393,MIN
31,6,2,10,401225988,NYM
30,7,3,8,401225988,PHI
32,6,8,6,401225982,CLE
31,4,2,12,401225982,DET
32,7,3,6,401225985,ATL
31,6,3,10,401225985,MIA
38,11,5,13,401225990,TB
36,10,1,8,401225990,TOR
37,11,1,5,401225987,BOS
35,11,3,8,401225987,NYY
37,10,5,14,401225989,OAK
33,7,3,10,401225989,SF
27,3,3,9,401225983,SEA
30,6,1,4,401225983,HOU
31,6,1,6,401225977,WSH
36,13,3,5,401225977,BAL
36,10,5,9,401225976,SD
37,14,3,8,401225976,ARI
37,13,2,6,401225981,TEX
35,10,1,4,401225981,COL
39,11,5,9,401225984,LAD
38,8,1,9,401225984,LAA
39,13,3,5,401225997,CLE
36,11,3,8,401225997,DET
33,8,7,10,401225992,WSH
35,8,1,15,401225992,BAL
31,7,1,6,401226003,NYM
37,14,1,8,401226003,PHI
35,8,3,16,401226000,ATL
27,2,1,11,401226000,MIA
33,6,3,5,401225994,STL
30,8,2,10,401225994,CHW
29,4,6,12,401225998,SEA
33,7,1,9,401225998,HOU
30,5,1,8,401226001,KC
29,6,5,4,401226001,MIN
37,12,0,9,401225993,MIL
30,4,4,16,401225993,CHC
32,6,6,9,401225996,TEX
37,14,3,7,401225996,COL
30,9,4,9,401226005,TB
31,9,1,9,401226005,TOR
41,17,7,8,401226004,OAK
35,9,4,6,401226004,SF
30,4,9,9,401225991,SD
31,8,3,4,401225991,ARI
36,10,1,11,401225999,LAD
34,10,3,3,401225999,LAA
31,5,4,8,401226002,BOS
33,10,3,7,401226002,NYY
25,4,1,5,401226009,STL
23,3,3,7,401226009,CHC
36,9,2,6,401226008,TOR
30,5,1,6,401226008,BAL
35,8,2,9,401226016,BOS
28,5,5,6,401226016,NYY
34,9,7,12,401226007,WSH
39,13,6,7,401226007,ATL
37,14,8,8,401226014,NYM
38,11,7,11,401226014,MIA
22,3,9,10,401236356,CHC
25,5,4,6,401236356,STL
34,7,3,13,401226010,DET
36,11,2,12,401226010,CHW
32,7,2,9,401226015,KC
31,9,4,7,401226015,MIN
36,11,6,4,401226017,SD
31,4,6,8,401226017,TEX
28,2,5,7,401226011,COL
30,7,2,6,401226011,HOU
32,6,2,8,401226006,OAK
35,10,4,5,401226006,ARI
35,10,1,5,401226012,SF
35,12,2,10,401226012,LAA
40,13,2,8,401226013,SEA
34,13,6,7,401226013,LAD
35,4,2,13,401226024,COL
33,5,1,8,401226024,HOU
37,10,5,9,401226026,SF
29,5,3,5,401226026,LAA
38,12,4,11,401226032,SD
32,5,7,11,401226032,TEX
30,4,3,13,401226018,OAK
33,11,6,8,401226018,ARI
34,9,1,7,401226030,TB
30,5,4,8,401226030,NYY
36,6,4,11,401226031,CLE
38,9,3,15,401226031,PIT
42,17,4,4,401226019,WSH
39,14,4,9,401226019,ATL
30,3,2,6,401226027,SEA
29,6,2,11,401226027,LAD
37,10,6,6,401226028,NYM
37,11,0,10,401226028,MIA
44,16,3,10,401226021,PHI
36,11,6,15,401226021,BOS
36,9,6,10,401226020,TOR
40,12,4,11,401226020,BAL
33,8,3,6,401226023,DET
32,12,4,5,401226023,CHW
40,4,4,15,401226029,MIL
39,5,7,11,401226029,MIN
33,9,5,12,401226022,STL
31,9,8,14,401226022,CHC
37,11,1,9,401226034,TOR
36,10,3,8,401226034,BAL
30,3,6,12,401226035,PHI
30,9,7,10,401226035,BOS
31,11,5,8,401226036,STL
23,2,6,8,401226036,CHC
22,3,3,6,401237345,CIN
25,6,3,10,401237345,KC
25,6,2,8,401236357,CHC
23,3,3,9,401236357,STL
35,8,2,12,401226042,TB
30,4,5,14,401226042,NYY
30,5,8,11,401226044,CLE
30,5,0,6,401226044,PIT
34,10,3,8,401226040,NYM
35,7,3,12,401226040,MIA
28,7,5,9,401226039,CIN
22,1,3,9,401226039,KC
31,5,2,11,401226037,DET
33,9,0,11,401226037,CHW
35,11,7,5,401226041,MIL
36,10,1,8,401226041,MIN
43,20,1,3,401226038,HOU
35,10,3,8,401226038,COL
35,6,2,9,401226045,TEX
36,9,2,8,401226045,SD
30,6,2,10,401226043,ARI
30,6,6,9,401226043,OAK
35,7,3,11,401226047,LAD
32,9,4,9,401226047,SEA
33,6,3,13,401226046,LAA
33,10,2,7,401226046,SF
34,8,6,11,401226053,TB
37,10,2,5,401226053,NYY
26,6,1,11,401234682,PHI
28,11,3,6,401234682,TOR
32,5,1,15,401226049,DET
35,12,5,6,401226049,CHW
36,10,2,9,401226050,HOU
41,14,6,9,401226050,COL
29,9,3,9,401234683,PHI
28,8,5,8,401234683,TOR
34,7,6,8,401226055,CLE
34,7,1,16,401226055,PIT
31,5,1,9,401226052,MIL
35,13,4,9,401226052,MIN
34,7,5,7,401226058,LAD
32,4,1,14,401226058,SEA
39,12,4,9,401226048,BOS
31,5,1,10,401226048,BAL
38,8,5,16,401226056,TEX
36,10,5,9,401226056,SD
35,8,4,6,401226059,CIN
31,7,5,11,401226059,STL
32,6,2,8,401226054,ARI
31,8,4,8,401226054,OAK
37,10,5,12,401226057,LAA
35,12,6,4,401226057,SF
35,9,3,14,401226074,MIA
31,4,1,12,401226074,WSH
35,10,2,9,401226073,TOR
38,10,5,10,401226073,TB
31,5,5,3,401226068,MIL
36,14,1,5,401226068,PIT
32,7,4,8,401226060,PHI
38,14,4,10,401226060,ATL
40,13,2,10,401226063,DET
36,10,4,10,401226063,CLE
35,9,2,5,401226061,BOS
34,8,5,9,401226061,BAL
40,12,1,12,401226062,CHW
34,7,1,5,401226062,CHC
32,6,5,11,401226064,MIN
34,10,1,8,401226064,KC
30,2,4,9,401226072,CIN
30,3,5,7,401226072,STL
34,8,7,13,401226069,HOU
27,9,5,5,401226069,SD
32,6,1,12,401226071,TEX
31,8,5,7,401226071,SEA
31,4,0,14,401226065,COL
31,10,3,1,401226065,LAD
37,11,3,6,401226067,LAA
32,8,4,12,401226067,OAK
33,7,0,10,401226070,ARI
32,10,7,11,401226070,SF
32,7,7,9,401226083,MIL
38,14,4,6,401226083,PIT
28,7,2,8,401226089,MIA
20,6,4,6,401226089,WSH
36,8,3,6,401226082,LAA
32,6,3,5,401226082,OAK
33,5,6,8,401226088,TOR
33,5,4,11,401226088,TB
35,10,5,8,401226079,MIN
34,10,3,8,401226079,KC
33,7,4,9,401226075,PHI
37,11,2,10,401226075,ATL
29,3,1,13,401226078,DET
34,12,2,7,401226078,CLE
37,8,6,7,401226076,BOS
35,10,4,9,401226076,BAL
29,8,2,4,401234677,WSH
26,8,4,4,401234677,MIA
39,14,3,9,401226077,CHW
31,6,6,8,401226077,CHC
30,4,2,4,401226087,CIN
28,7,5,6,401226087,STL
30,4,4,4,401226080,COL
25,5,6,9,401226080,LAD
31,5,2,7,401226084,HOU
37,14,2,8,401226084,SD
35,8,1,8,401226086,TEX
39,15,3,11,401226086,SEA
31,3,0,4,401226085,ARI
28,5,8,7,401226085,SF
34,9,0,8,401226104,MIA
34,11,6,5,401226104,WSH
33,6,4,7,401226091,BOS
32,10,5,9,401226091,BAL
36,13,5,9,401226093,DET
34,6,3,13,401226093,CLE
33,6,5,5,401226103,TOR
30,9,4,6,401226103,TB
34,7,2,12,401226098,MIL
31,9,2,12,401226098,PIT
38,13,5,6,401226094,MIN
37,9,4,10,401226094,KC
28,3,6,3,401226102,CIN
35,12,6,8,401226102,STL
33,7,5,13,401226092,CHW
28,5,3,6,401226092,CHC
31,5,1,8,401226099,HOU
30,6,3,6,401226099,SD
36,9,2,7,401226095,COL
33,12,5,2,401226095,LAD
39,9,7,10,401226097,LAA
37,9,2,12,401226097,OAK
31,5,3,10,401226100,ARI
33,10,1,8,401226100,SF
31,3,1,8,401226101,TEX
29,5,1,7,401226101,SEA
36,10,3,10,401226090,PHI
34,9,4,10,401226090,ATL
34,7,4,10,401226111,TOR
31,8,7,5,401226111,TB
43,17,6,9,401226113,MIA
37,11,6,5,401226113,WSH
34,8,1,10,401226106,MIN
39,12,1,14,401226106,CLE
38,12,4,8,401226107,CHC
34,7,1,10,401226107,DET
35,8,4,13,401226112,OAK
30,7,3,8,401226112,TEX
29,5,2,9,401226109,CIN
31,7,2,10,401226109,MIL
34,4,2,5,401226110,KC
34,12,7,6,401226110,STL
34,7,3,14,401226108,LAA
34,11,6,5,401226108,HOU
31,8,4,6,401226105,COL
31,6,3,5,401226105,ARI
25,4,2,7,401226119,LAA
24,6,6,6,401226119,HOU
27,6,1,7,401226121,MIA
29,8,3,1,401226121,NYM
38,12,5,4,401226128,PHI
33,8,2,4,401226128,WSH
38,13,3,6,401226127,BOS
38,13,5,10,401226127,TOR
34,7,1,15,401226125,BAL
32,7,3,9,401226125,TB
32,12,10,7,401226146,LAA
26,7,1,4,401226146,HOU
32,6,4,12,401226117,MIN
28,7,5,8,401226117,CLE
32,4,3,10,401226118,CHC
31,10,7,8,401226118,DET
34,8,5,10,401226126,OAK
34,8,0,8,401226126,TEX
27,0,1,13,401226116,PIT
30,9,4,5,401226116,CHW
31,4,1,13,401226120,CIN
28,5,4,12,401226120,MIL
34,10,3,7,401226124,KC
32,8,6,8,401226124,STL
39,13,2,13,401226122,SEA
38,11,3,7,401226122,SD
36,9,6,10,401226114,COL
35,9,6,10,401226114,ARI
23,4,5,7,401240118,NYM
20,2,2,6,401240118,MIA
45,12,5,13,401226123,LAD
46,14,3,14,401226123,SF
32,6,3,10,401226131,PIT
33,12,2,4,401226131,CHW
23,2,2,6,401226130,NYY
24,6,2,11,401226130,ATL
36,11,3,5,401226143,PHI
34,7,2,11,401226143,WSH
29,3,3,7,401226142,BOS
34,11,4,6,401226142,TOR
34,8,2,9,401226140,BAL
29,5,7,9,401226140,TB
24,5,1,5,401240266,NYY
22,5,0,6,401240266,ATL
34,10,1,7,401226132,MIN
31,10,6,10,401226132,CLE
34,11,4,4,401226133,CHC
42,18,2,8,401226133,DET
31,6,5,16,401226136,MIA
32,9,4,7,401226136,NYM
33,5,6,11,401226141,OAK
30,3,3,12,401226141,TEX
33,7,5,6,401226139,KC
34,9,8,14,401226139,STL
37,11,8,14,401226129,COL
35,9,6,6,401226129,ARI
29,9,3,8,401226149,SEA
30,10,2,8,401226149,SD
32,6,2,4,401236359,PIT
27,7,4,3,401236359,STL
30,11,3,7,401241014,LAD
25,4,0,5,401241014,SF
28,12,5,4,401240693,CIN
28,7,3,7,401240693,MIL
29,9,5,8,401241013,SEA
28,9,3,7,401241013,SD
27,6,2,3,401236360,PIT
24,5,2,3,401236360,STL
23,3,3,8,401226150,LAD
23,2,3,8,401226150,SF
30,9,4,10,401226147,CIN
22,1,3,6,401226147,MIL
30,9,0,8,401226165,NYM
29,8,3,13,401226165,NYY
36,10,2,12,401226169,BAL
36,8,2,11,401226169,TOR
40,10,5,8,401226166,ATL
38,7,4,11,401226166,PHI
36,11,6,7,401226157,KC
35,11,4,11,401226157,CHW
33,6,2,14,401226158,CHC
36,11,1,7,401226158,CIN
35,10,3,13,401226163,TB
31,5,1,7,401226163,MIA
25,5,5,7,401240119,NYY
24,8,2,4,401240119,NYM
40,16,2,2,401226156,WSH
36,10,1,13,401226156,BOS
34,7,3,11,401226168,LAD
32,11,4,5,401226168,TEX
31,4,2,15,401226164,PIT
32,8,4,12,401226164,MIL
44,20,7,5,401226167,CLE
31,6,6,5,401226167,STL
42,19,1,5,401226159,SD
36,9,4,9,401226159,COL
34,9,1,6,401226155,SF
30,9,4,6,401226155,ARI
32,6,3,10,401226162,SEA
29,8,4,10,401226162,LAA
29,4,0,6,401226180,NYM
29,5,5,9,401226180,NYY
25,4,0,7,401226175,MIN
29,16,3,2,401226175,DET
31,5,1,9,401226181,ATL
28,7,2,4,401226181,PHI
37,5,6,12,401226182,CLE
37,4,5,11,401226182,STL
36,11,7,9,401226172,KC
36,10,4,8,401226172,CHW
25,4,2,8,401226173,CHC
27,7,3,9,401226173,CIN
25,6,1,8,401226176,OAK
25,8,3,4,401226176,HOU
22,4,1,3,401241304,MIN
22,5,6,7,401241304,DET
35,8,2,7,401226178,TB
29,3,1,11,401226178,MIA
32,5,3,7,401226184,BAL
34,9,3,9,401226184,TOR
34,8,7,11,401226183,LAD
32,8,4,6,401226183,TEX
34,10,8,5,401226179,PIT
31,7,4,9,401226179,MIL
26,6,1,10,401241640,OAK
28,11,3,8,401241640,HOU
37,11,7,11,401226171,WSH
32,9,0,7,401226171,BOS
28,7,5,8,401234543,CHC
26,7,6,10,401234543,CIN
39,13,4,13,401226170,SF
29,3,3,7,401226170,ARI
35,11,2,6,401226174,SD
35,12,1,9,401226174,COL
31,7,5,5,401226177,SEA
35,13,11,7,401226177,LAA
35,10,6,14,401226195,NYM
29,7,5,3,401226195,NYY
35,8,7,13,401226188,CHC
31,4,4,12,401226188,CIN
32,5,2,9,401226190,MIN
30,6,0,12,401226190,DET
41,13,5,3,401226193,TB
34,9,5,8,401226193,MIA
37,11,3,8,401226186,WSH
39,15,3,7,401226186,BOS
33,5,5,13,401226187,KC
37,8,4,14,401226187,CHW
33,7,3,11,401226194,PIT
34,6,5,11,401226194,MIL
30,4,2,9,401226197,CLE
32,11,2,4,401226197,STL
36,11,6,14,401226198,LAD
32,7,3,8,401226198,TEX
35,12,3,8,401226199,BAL
30,7,7,6,401226199,TOR
41,17,2,7,401226189,SD
34,7,2,12,401226189,COL
34,7,1,14,401226185,SF
29,3,3,7,401226185,ARI
35,8,1,10,401226192,SEA
33,5,7,12,401226192,LAA
30,7,6,10,401240120,NYY
30,6,1,9,401240120,NYM
42,15,10,8,401226196,ATL
39,13,2,8,401226196,PHI
35,8,3,13,401241639,MIA
32,8,2,6,401241639,NYM
41,10,1,14,401226209,BAL
38,7,4,12,401226209,TOR
33,8,3,10,401226204,SEA
30,4,1,8,401226204,LAA
36,10,5,8,401226201,STL
33,7,0,11,401226201,CIN
37,11,7,10,401226207,TB
35,7,2,11,401226207,NYY
38,11,2,9,401226208,WSH
30,7,2,8,401226208,PHI
38,12,4,13,401226200,ATL
34,8,2,11,401226200,BOS
32,5,5,15,401226205,PIT
31,9,5,9,401226205,MIL
33,6,1,6,401226203,CLE
28,4,6,13,401226203,KC
39,11,6,9,401226206,CHW
34,5,4,13,401226206,MIN
34,9,3,9,401226202,SD
32,7,2,12,401226202,COL
49,23,6,8,401226212,STL
32,8,6,6,401226212,CIN
29,6,3,6,401226217,TOR
30,7,2,10,401226217,MIA
30,4,1,11,401226220,TB
32,9,0,8,401226220,NYY
30,4,3,10,401226221,WSH
33,8,9,5,401226221,PHI
44,13,4,6,401226222,CHC
42,10,7,9,401226222,PIT
41,14,2,7,401226211,ATL
34,8,2,10,401226211,BOS
36,11,1,8,401226210,NYM
37,15,1,5,401226210,BAL
40,14,3,8,401226218,DET
35,9,5,14,401226218,MIL
42,18,3,6,401226215,CLE
34,7,0,8,401226215,KC
36,8,4,9,401226214,TEX
38,10,2,6,401226214,HOU
33,7,1,8,401226219,CHW
35,11,3,8,401226219,MIN
52,27,5,6,401226213,SF
33,6,4,8,401226213,COL
32,5,2,9,401226216,ARI
31,8,8,7,401226216,LAD
40,13,3,12,401226227,SF
36,14,4,7,401226227,COL
39,14,3,1,401226224,NYM
36,10,3,6,401226224,BAL
31,6,4,6,401226226,STL
29,4,6,10,401226226,CIN
32,7,0,6,401226232,TOR
33,6,3,9,401226232,MIA
35,8,5,9,401226235,TB
33,6,5,11,401226235,NYY
31,4,3,8,401226236,WSH
30,7,4,9,401226236,PHI
39,10,3,10,401226237,CHC
34,8,2,8,401226237,PIT
38,10,2,7,401226225,ATL
33,7,3,12,401226225,BOS
35,9,1,8,401226233,DET
29,6,10,10,401226233,MIL
35,10,0,6,401226229,CLE
27,3,1,9,401226229,KC
29,3,2,7,401226228,TEX
26,3,3,5,401226228,HOU
32,4,2,11,401226234,CHW
37,10,5,12,401226234,MIN
34,9,7,6,401226230,SD
33,8,2,7,401226230,LAA
36,5,4,9,401226231,ARI
31,4,2,8,401226231,LAD
35,10,3,11,401226245,CHC
34,10,3,5,401226245,PIT
35,8,3,12,401226240,TEX
36,12,2,8,401226240,HOU
38,10,3,12,401226244,WSH
37,11,5,11,401226244,PHI
37,8,9,9,401240121,NYY
39,14,3,8,401240121,NYM
29,3,2,9,401226242,SD
29,9,2,5,401226242,LAA
36,7,7,11,401226239,TOR
38,9,5,11,401226239,BOS
37,13,5,6,401226241,CHW
36,9,4,6,401226241,KC
31,4,3,11,401226243,ARI
35,10,2,7,401226243,LAD
24,5,1,7,401226255,DET
20,4,0,8,401226255,MIN
27,8,3,8,401226258,CIN
28,8,2,9,401226258,PIT
30,11,3,7,401226249,TOR
31,11,2,8,401226249,BOS
27,8,1,5,401237553,WSH
29,11,2,6,401237553,ATL
33,11,2,6,401241305,MIN
30,6,2,9,401241305,DET
35,9,6,7,401226248,NYY
33,7,7,6,401226248,BAL
35,8,2,8,401226261,MIA
30,6,6,13,401226261,TB
37,12,6,10,401226251,MIL
30,4,2,9,401226251,CLE
34,7,4,11,401226256,PHI
34,9,2,9,401226256,NYM
29,10,5,6,401226247,WSH
30,8,6,11,401226247,ATL
26,6,2,9,401239914,PIT
25,4,2,7,401239914,CIN
27,7,4,8,401241647,BOS
25,6,3,7,401241647,TOR
38,14,3,9,401226252,CHW
37,9,6,7,401226252,KC
28,2,1,14,401226250,STL
33,9,3,6,401226250,CHC
45,13,1,13,401226253,HOU
35,7,11,10,401226253,LAA
30,5,1,9,401226260,TEX
30,7,7,6,401226260,SEA
26,4,2,5,401234674,NYY
26,8,3,7,401234674,BAL
34,7,2,7,401226254,COL
37,15,1,5,401226254,LAD
40,11,0,8,401226257,SD
29,4,4,5,401226257,OAK
37,12,2,4,401226259,ARI
36,12,6,7,401226259,SF
37,11,1,13,401226272,SD
34,11,4,10,401226272,OAK
26,5,6,10,401226265,STL
28,6,1,7,401226265,CHC
35,8,5,10,401226276,MIA
32,6,5,10,401226276,TB
33,5,1,7,401226267,CHW
32,6,2,11,401226267,KC
33,6,4,10,401226273,CIN
33,7,6,8,401226273,PIT
33,12,2,6,401226268,HOU
31,13,3,7,401226268,LAA
41,14,4,10,401226262,WSH
33,6,5,7,401226262,ATL
35,9,3,11,401226266,MIL
30,6,6,15,401226266,CLE
33,7,1,12,401226270,DET
31,7,3,10,401226270,MIN
34,7,4,13,401226271,PHI
31,9,3,4,401226271,NYM
42,16,6,6,401226264,TOR
39,15,3,6,401226264,BOS
32,6,5,12,401226263,NYY
30,6,2,12,401226263,BAL
23,3,6,8,401236358,CHC
22,6,2,4,401236358,STL
34,7,1,14,401226269,COL
32,6,3,8,401226269,LAD
34,10,1,8,401226275,TEX
33,10,3,5,401226275,SEA
31,6,4,8,401226274,ARI
33,9,4,8,401226274,SF
28,8,4,8,401240219,LAA
29,6,0,5,401240219,HOU
33,7,3,13,401226281,MIL
30,8,5,5,401226281,CLE
32,4,3,9,401226278,NYY
32,9,2,10,401226278,BAL
35,8,0,8,401226277,WSH
35,13,9,7,401226277,ATL
30,4,3,14,401226286,PHI
42,17,2,14,401226286,NYM
36,8,5,12,401226291,MIA
34,6,2,15,401226291,TB
42,15,9,10,401226279,TOR
35,10,7,10,401226279,BOS
29,3,7,12,401226288,CIN
32,9,3,8,401226288,PIT
39,13,6,8,401226282,CHW
34,8,0,10,401226282,KC
42,17,1,11,401226285,DET
39,13,6,7,401226285,MIN
33,8,3,13,401226289,ARI
32,10,2,3,401226289,SF
33,6,3,11,401226283,HOU
34,12,4,4,401226283,LAA
35,9,3,6,401226287,SD
34,8,1,12,401226287,OAK
31,7,5,8,401226290,TEX
27,4,5,5,401226290,SEA
39,12,2,11,401226280,STL
33,6,2,12,401226280,CHC
38,12,4,11,401226284,COL
32,9,6,6,401226284,LAD
39,9,7,7,401226292,MIA
34,8,7,4,401226292,ATL
37,9,6,6,401226296,PHI
44,13,2,11,401226296,NYM
30,3,3,12,401226295,DET
33,10,1,4,401226295,MIN
30,7,0,4,401226293,STL
33,10,5,3,401226293,CHC
31,6,3,8,401226300,TEX
31,7,5,10,401226300,SEA
35,8,3,11,401226302,TB
33,10,2,5,401226302,WSH
35,9,0,7,401226294,KC
30,8,3,3,401226294,CLE
37,9,6,6,401226301,NYY
37,12,9,5,401226301,TOR
31,3,5,12,401226299,ARI
29,6,3,10,401226299,SF
33,7,1,4,401226297,HOU
30,8,6,4,401226297,OAK
32,7,0,12,401226298,COL
30,6,4,8,401226298,SD
32,11,2,5,401226314,MIN
25,4,2,11,401226314,STL
31,11,2,7,401226310,BOS
27,8,8,5,401226310,PHI
33,6,3,12,401226317,TB
28,7,4,5,401226317,WSH
36,10,2,11,401226306,KC
35,9,1,11,401226306,CLE
29,8,2,6,401243399,OAK
28,7,1,7,401243399,HOU
28,7,3,7,401226329,MIN
24,5,6,6,401226329,STL
30,5,6,9,401226316,NYY
27,4,2,13,401226316,TOR
35,10,3,13,401226311,CHW
34,10,1,6,401226311,PIT
39,13,3,9,401226304,MIA
31,4,2,10,401226304,ATL
33,10,4,6,401226307,MIL
32,8,3,10,401226307,DET
41,14,2,8,401226308,BAL
32,6,1,8,401226308,NYM
31,10,3,11,401226325,BOS
24,5,4,4,401226325,PHI
31,6,2,9,401226315,LAA
31,9,3,8,401226315,TEX
30,5,5,9,401226305,CIN
28,3,1,11,401226305,CHC
35,9,1,13,401226312,COL
34,14,5,4,401226312,SD
26,6,5,7,401226309,HOU
28,8,3,7,401226309,OAK
41,10,12,9,401226303,LAD
40,10,2,7,401226303,ARI
34,10,4,8,401226313,SEA
35,11,0,6,401226313,SF
45,21,7,6,401226322,MIL
28,2,0,11,401226322,DET
36,10,0,8,401226321,KC
32,6,4,6,401226321,CLE
35,7,7,6,401226331,NYY
32,6,0,9,401226331,TOR
37,11,3,10,401226326,CHW
31,4,5,5,401226326,PIT
38,13,4,7,401226319,MIA
47,23,9,9,401226319,ATL
40,14,3,7,401226323,BAL
33,10,2,8,401226323,NYM
35,7,4,8,401226330,LAA
32,9,3,10,401226330,TEX
35,8,2,12,401226327,COL
30,8,4,4,401226327,SD
30,4,3,14,401226320,CIN
30,3,0,10,401226320,CHC
31,4,1,9,401226324,HOU
31,5,7,7,401226324,OAK
40,9,5,11,401226318,LAD
35,6,3,9,401226318,ARI
31,5,3,8,401226328,SEA
37,13,3,9,401226328,SF
25,5,2,7,401234696,DET
29,12,4,6,401234696,STL
28,2,1,5,401226337,HOU
28,5,6,1,401226337,OAK
35,11,4,7,401226340,LAA
31,4,2,15,401226340,TEX
30,11,4,9,401234697,DET
27,8,3,6,401234697,STL
33,9,3,6,401226341,ATL
35,9,6,6,401226341,WSH
40,13,3,8,401226334,KC
30,3,2,8,401226334,CLE
34,9,4,5,401226335,PHI
36,11,8,6,401226335,MIA
34,8,3,13,401226339,BOS
32,5,5,17,401226339,TB
33,9,4,9,401226333,CIN
36,13,7,11,401226333,CHC
32,8,1,14,401226338,SF
31,7,1,11,401226338,SD
34,9,7,7,401226332,LAD
36,11,1,5,401226332,ARI
24,2,1,9,401226349,BAL
25,9,3,7,401226349,NYY
35,13,0,7,401226346,PHI
23,3,0,10,401226346,MIA
49,14,12,9,401226355,ATL
45,11,5,9,401226355,WSH
47,19,6,10,401226354,NYM
31,5,3,10,401226354,TOR
35,11,2,6,401226352,BOS
35,12,7,8,401226352,TB
24,4,1,7,401245097,BAL
28,10,5,4,401245097,NYY
34,7,3,13,401226345,PIT
31,6,5,8,401226345,KC
38,12,7,6,401226353,OAK
33,8,5,11,401226353,TEX
32,5,4,10,401226343,DET
26,3,3,8,401226343,CHW
31,2,0,16,401226347,CHC
28,4,3,11,401226347,MIL
31,6,2,7,401226348,CLE
29,5,2,11,401226348,MIN
33,8,2,8,401226351,CIN
28,2,3,6,401226351,STL
30,11,2,6,401234678,PHI
28,10,2,5,401234678,MIA
35,8,2,7,401226344,LAA
35,11,3,10,401226344,COL
30,3,3,5,401226342,SEA
29,7,1,6,401226342,ARI
36,4,1,12,401226364,BAL
31,5,4,8,401226364,NYY
25,4,1,8,401226368,OAK
23,5,2,6,401226368,TEX
36,9,0,12,401226370,ATL
32,5,4,12,401226370,WSH
41,13,8,5,401226361,PHI
34,10,3,8,401226361,MIA
33,7,3,9,401226369,NYM
33,10,3,10,401226369,TOR
34,7,1,10,401226367,BOS
30,7,2,13,401226367,TB
31,5,1,3,401226357,DET
42,19,4,9,401226357,CHW
35,8,2,11,401226362,CHC
34,8,0,9,401226362,MIL
33,8,1,5,401226359,PIT
35,13,5,8,401226359,KC
31,9,7,7,401241283,OAK
28,10,2,10,401241283,TEX
36,12,4,6,401226360,HOU
34,10,1,13,401226360,LAD
32,6,4,12,401226363,CLE
30,8,2,7,401226363,MIN
34,10,6,9,401226356,SEA
33,7,3,7,401226356,ARI
42,8,4,10,401226358,LAA
37,6,3,8,401226358,COL
29,3,4,8,401226366,CIN
32,9,6,8,401226366,STL
37,10,4,14,401226385,ATL
34,8,5,9,401226385,WSH
32,6,1,10,401226379,BAL
32,8,1,5,401226379,NYY
21,3,3,4,401226376,PHI
22,4,3,10,401226376,MIA
37,11,2,6,401226382,BOS
37,8,3,12,401226382,TB
31,5,1,2,401226374,PIT
35,12,8,15,401226374,KC
32,6,3,8,401226372,DET
33,11,1,9,401226372,CHW
37,10,7,8,401226377,CHC
26,0,3,5,401226377,MIL
37,13,3,12,401226378,CLE
30,7,3,11,401226378,MIN
40,13,5,14,401226381,CIN
32,8,7,8,401226381,STL
33,6,3,13,401226383,OAK
31,8,2,12,401226383,TEX
37,12,2,9,401226384,NYM
31,7,6,6,401226384,TOR
32,6,10,7,401226373,LAA
34,8,0,12,401226373,COL
23,4,2,9,401234679,PHI
28,12,3,5,401234679,MIA
34,9,6,8,401226371,SEA
30,5,8,13,401226371,ARI
22,2,1,7,401226380,SF
25,8,3,3,401226380,SD
24,3,2,6,401246208,SF
20,6,3,6,401246208,SD
31,4,1,10,401226375,HOU
35,12,0,8,401226375,LAD
25,4,2,14,401226388,PIT
24,5,4,7,401226388,CIN
31,4,0,8,401234680,PHI
33,9,2,12,401234680,MIA
28,5,1,11,401226390,STL
26,4,5,7,401226390,MIL
28,6,1,8,401242823,OAK
27,9,3,8,401242823,SEA
28,8,3,11,401239915,PIT
22,5,9,9,401239915,CIN
30,5,4,5,401226386,ATL
38,15,9,9,401226386,BAL
33,8,10,8,401226387,MIN
33,9,5,7,401226387,CHW
32,11,5,2,401242824,OAK
21,2,2,8,401242824,SEA
38,10,4,16,401234684,STL
30,4,4,16,401234684,MIL
30,4,4,14,401226391,LAD
35,10,0,10,401226391,SD
33,7,4,9,401226389,BOS
30,4,3,11,401226389,MIA
32,5,3,9,401226395,PIT
29,6,1,9,401226395,CIN
32,7,2,8,401226406,WSH
35,11,3,8,401226406,TB
37,11,4,7,401226402,TOR
41,16,7,9,401226402,NYY
36,11,2,8,401226403,NYM
30,6,2,8,401226403,PHI
32,5,5,9,401226397,KC
35,14,5,12,401226397,DET
38,13,4,6,401226392,ATL
30,4,0,9,401226392,BAL
34,7,4,10,401226401,STL
36,15,7,9,401226401,MIL
31,4,3,11,401226394,MIN
35,12,1,7,401226394,CHW
31,4,0,9,401226398,TEX
32,9,5,7,401226398,HOU
35,11,4,8,401226393,CLE
33,11,3,8,401226393,CHC
31,6,1,3,401226396,OAK
29,8,3,10,401226396,COL
34,9,1,9,401226404,LAD
32,6,1,6,401226404,SD
37,11,2,7,401226399,ARI
38,13,2,4,401226399,LAA
36,7,2,10,401226421,WSH
37,7,4,16,401226421,TB
31,6,4,9,401226411,OAK
36,9,0,9,401226411,COL
36,8,3,10,401226419,LAD
32,6,4,8,401226419,SD
26,7,0,5,401226416,STL
25,4,1,9,401226416,MIL
36,10,4,12,401226400,BOS
33,9,3,8,401226400,MIA
29,3,1,11,401226410,PIT
28,5,1,9,401226410,CIN
34,10,2,5,401226418,NYM
37,11,2,12,401226418,PHI
32,5,2,8,401226417,TOR
37,14,6,5,401226417,NYY
34,6,2,11,401226412,KC
29,2,1,12,401226412,DET
32,6,1,11,401226407,ATL
29,7,1,7,401226407,BAL
32,7,4,5,401226409,MIN
28,2,1,10,401226409,CHW
32,4,1,12,401226413,TEX
29,4,3,9,401226413,HOU
23,2,2,9,401234685,STL
23,7,3,5,401234685,MIL
32,5,4,8,401226408,CLE
35,9,5,10,401226408,CHC
38,11,3,5,401226414,ARI
37,11,3,8,401226414,LAA
41,15,3,8,401226420,SF
31,6,8,17,401226420,SEA
34,10,3,11,401226415,BOS
35,7,1,12,401226415,MIA
35,8,1,10,401226423,MIN
32,9,2,11,401226423,CHW
35,8,4,11,401226427,ARI
33,14,1,5,401226427,LAA
32,9,7,4,401246431,SF
34,7,4,12,401246431,SEA
24,4,5,8,401226422,TB
22,3,4,5,401226422,BAL
38,12,2,9,401226428,TOR
37,14,6,8,401226428,NYY
37,11,7,14,401226429,NYM
36,9,7,12,401226429,PHI
28,2,2,8,401226430,STL
28,9,5,3,401226430,PIT
38,10,6,7,401226425,CLE
31,4,2,12,401226425,DET
32,5,1,15,401226426,TEX
29,4,1,2,401226426,HOU
31,10,2,9,401241322,BAL
25,10,3,7,401241322,TB
36,11,6,7,401226424,LAD
33,5,0,4,401226424,COL
29,8,2,6,401226444,STL
26,4,8,4,401226444,PIT
30,9,6,9,401234681,PHI
23,4,2,9,401234681,TOR
29,10,3,4,401226439,WSH
23,2,2,7,401226439,MIA
30,4,3,10,401226434,CHW
31,8,4,9,401226434,CIN
29,5,7,5,401226436,CLE
32,6,2,14,401226436,DET
43,17,9,12,401226441,ATL
31,5,6,7,401226441,NYM
43,11,3,13,401226432,NYY
47,10,5,15,401226432,BOS
29,10,4,3,401226443,TOR
26,9,6,8,401226443,PHI
32,5,6,9,401226431,TB
32,5,2,14,401226431,BAL
25,4,2,13,401236361,PIT
23,6,2,8,401236361,STL
43,17,4,3,401226435,LAD
36,11,0,5,401226435,COL
37,11,0,13,401226437,ARI
35,7,1,7,401226437,HOU
37,11,5,10,401226440,KC
37,14,5,12,401226440,MIL
25,6,2,4,401234675,WSH
31,12,5,6,401234675,MIA
28,3,3,11,401226433,MIN
27,3,4,6,401226433,CHC
33,6,0,10,401226438,TEX
34,11,6,4,401226438,LAA
30,3,5,11,401226442,SF
31,6,3,5,401226442,OAK
33,7,7,7,401226445,SD
29,3,2,7,401226445,SEA
32,6,0,9,401226457,SF
29,6,4,6,401226457,OAK
28,2,3,11,401226458,TOR
32,9,4,10,401226458,PHI
34,8,0,12,401226451,CLE
31,10,7,7,401226451,DET
29,5,4,9,401226454,WSH
38,15,2,9,401226454,MIA
29,3,5,11,401226459,STL
31,6,2,8,401226459,PIT
35,8,2,8,401226449,CHW
31,6,5,12,401226449,CIN
31,6,7,15,401226456,ATL
34,10,4,12,401226456,NYM
29,4,3,10,401226452,ARI
30,6,1,6,401226452,HOU
30,4,0,15,401226455,KC
26,4,5,11,401226455,MIL
33,11,6,7,401226447,NYY
32,5,0,9,401226447,BOS
35,9,2,9,401226446,TB
32,6,2,9,401226446,BAL
33,7,3,3,401226450,LAD
29,5,0,9,401226450,COL
34,10,1,11,401226448,MIN
32,5,0,9,401226448,CHC
33,6,1,11,401226453,TEX
31,8,1,5,401226453,LAA
32,9,2,6,401226460,SD
31,8,4,11,401226460,SEA
32,4,0,16,401226461,TB
29,5,2,9,401226461,BAL
28,3,5,10,401226462,NYY
36,14,4,3,401226462,BOS
32,6,4,14,401226464,CHW
29,5,11,10,401226464,CIN
33,7,4,7,401226466,CLE
33,6,3,14,401226466,DET
27,7,3,5,401226469,WSH
25,5,2,7,401226469,MIA
34,7,6,12,401226471,ATL
28,3,2,6,401226471,NYM
31,7,2,6,401226467,ARI
28,5,5,9,401226467,HOU
32,6,0,4,401226470,KC
30,7,5,9,401226470,MIL
36,8,4,10,401226473,TOR
34,6,5,12,401226473,PHI
32,7,5,5,401226465,LAD
34,10,1,11,401226465,COL
41,15,8,14,401226472,SF
32,5,3,5,401226472,OAK
34,6,3,15,401226474,STL
26,2,2,13,401226474,PIT
35,9,4,13,401226468,TEX
31,5,2,8,401226468,LAA
39,6,7,9,401226475,SD
36,5,5,18,401226475,SEA
39,18,4,2,401234676,WSH
23,2,3,5,401234676,MIA
37,10,2,12,401226463,MIN
32,4,3,11,401226463,CHC
34,7,2,6,401226480,TEX
31,8,5,9,401226480,LAA
29,6,6,13,401226486,PHI
31,7,5,10,401226486,WSH
36,9,4,13,401226478,CHW
32,10,4,9,401226478,CLE
34,8,5,3,401226485,NYY
36,13,4,12,401226485,TOR
31,6,4,12,401226477,MIL
31,8,3,12,401226477,CIN
34,8,2,11,401226482,CHC
29,4,2,5,401226482,PIT
34,9,6,8,401226476,MIA
31,8,3,11,401226476,ATL
30,5,4,16,401226481,TB
30,4,3,8,401226481,NYM
32,6,3,9,401226479,STL
31,8,3,11,401226479,KC
35,9,1,7,401226484,HOU
30,6,3,8,401226484,SEA
36,9,4,11,401226483,COL
34,6,4,5,401226483,SF
25,3,1,7,401241284,PHI
25,6,2,6,401241284,WSH
33,11,6,9,401226501,PHI
31,9,3,8,401226501,WSH
36,8,2,10,401226491,CHW
35,6,3,7,401226491,CLE
40,15,2,10,401226500,NYY
30,5,0,10,401226500,TOR
30,5,2,11,401226490,MIL
33,4,1,14,401226490,CIN
29,5,3,8,401226496,CHC
29,5,3,10,401226496,PIT
34,10,2,10,401226488,MIA
39,15,2,6,401226488,ATL
32,5,1,12,401226495,TB
30,10,3,11,401226495,NYM
38,11,4,13,401226489,BAL
37,14,4,8,401226489,BOS
37,9,4,7,401226494,DET
37,9,3,11,401226494,MIN
30,7,7,10,401226492,STL
33,6,2,9,401226492,KC
32,6,3,9,401226487,TEX
35,11,1,6,401226487,ARI
36,10,4,9,401226497,LAA
28,4,7,13,401226497,SD
36,9,5,5,401226499,HOU
32,6,0,11,401226499,SEA
33,5,3,13,401226493,OAK
33,11,4,6,401226493,LAD
34,8,3,10,401226498,COL
32,10,6,4,401226498,SF
36,10,4,12,401226512,LAA
34,7,1,9,401226512,SD
42,14,5,6,401226516,PHI
32,6,1,9,401226516,WSH
33,7,2,8,401226502,TEX
36,12,1,7,401226502,ARI
32,4,3,16,401226506,CHW
29,5,4,14,401226506,CLE
31,4,5,9,401226515,NYY
40,16,5,6,401226515,TOR
31,5,1,12,401226505,MIL
31,6,3,8,401226505,CIN
33,7,5,7,401226514,HOU
33,9,4,9,401226514,SEA
32,5,5,9,401226511,CHC
29,7,1,3,401226511,PIT
33,7,1,10,401226503,MIA
33,10,6,5,401226503,ATL
37,11,3,10,401226510,TB
33,6,2,13,401226510,NYM
35,11,3,13,401226504,BAL
35,10,5,10,401226504,BOS
39,11,1,11,401226509,DET
31,7,2,6,401226509,MIN
35,9,2,10,401226507,STL
37,14,3,8,401226507,KC
32,6,3,7,401226508,OAK
34,7,1,7,401226508,LAD
35,9,1,3,401226513,COL
34,11,6,6,401226513,SF
28,2,3,8,401226522,CHC
34,14,2,7,401226522,PIT
44,13,2,16,401226523,COL
39,10,5,8,401226523,SF
39,12,3,5,401226527,NYM
32,6,2,6,401226527,WSH
30,4,2,10,401226519,CHW
33,10,2,4,401226519,CLE
34,7,5,7,401226526,NYY
34,10,1,12,401226526,TOR
38,9,2,10,401226517,MIA
33,6,6,13,401226517,ATL
42,18,2,3,401226518,BAL
30,7,2,7,401226518,BOS
40,14,4,9,401226520,DET
31,11,4,3,401226520,KC
42,15,2,9,401226525,HOU
34,8,1,9,401226525,TEX
35,9,3,10,401226524,MIL
34,10,5,11,401226524,STL
29,3,3,16,401226521,OAK
31,8,4,3,401226521,LAD
25,6,4,7,401226538,MIL
23,5,1,7,401226538,STL
35,8,2,7,401226541,BAL
36,15,2,3,401226541,TOR
25,6,3,11,401226528,COL
25,9,6,3,401226528,ARI
33,7,3,13,401226539,PHI
33,9,4,12,401226539,TB
33,3,2,7,401226535,MIA
32,7,5,10,401226535,NYY
38,7,7,7,401226529,BOS
42,11,7,11,401226529,ATL
32,6,4,12,401226531,PIT
28,4,10,7,401226531,CLE
26,6,5,4,401226537,SD
26,9,1,7,401226537,SF
36,10,4,7,401226530,CHC
30,3,1,7,401226530,CHW
32,8,1,7,401226532,DET
30,8,3,10,401226532,KC
35,7,6,7,401226540,HOU
37,8,1,7,401226540,TEX
36,9,4,8,401226534,CIN
35,8,4,14,401226534,MIN
30,9,5,9,401234686,STL
23,2,3,7,401234686,MIL
38,12,0,10,401226533,LAA
36,12,5,6,401226533,LAD
34,5,1,10,401226536,SEA
35,9,5,8,401226536,OAK
27,8,4,6,401241324,COL
32,13,6,5,401241324,ARI
25,3,4,9,401246613,SF
26,7,2,6,401246613,SD
37,10,3,12,401226550,MIA
32,10,7,8,401226550,NYY
28,7,2,8,401248251,NYM
24,6,3,12,401248251,WSH
30,7,1,10,401242825,SEA
25,6,4,4,401242825,OAK
26,5,3,6,401226557,NYM
29,10,3,5,401226557,WSH
35,9,0,6,401226556,BAL
31,5,1,13,401226556,TOR
33,10,2,14,401226547,DET
33,7,3,6,401226547,KC
31,7,1,7,401226555,HOU
34,11,3,15,401226555,TEX
35,9,2,9,401226553,MIL
29,2,1,11,401226553,STL
37,12,1,8,401226554,PHI
29,7,4,11,401226554,TB
36,8,6,12,401226544,BOS
32,6,4,13,401226544,ATL
31,5,4,8,401226545,CHC
33,10,7,7,401226545,CHW
40,13,1,11,401226546,PIT
31,5,2,11,401226546,CLE
32,7,3,9,401226549,CIN
31,10,1,7,401226549,MIN
28,9,2,3,401226551,OAK
30,12,5,5,401226551,SEA
40,13,2,11,401226543,COL
35,6,1,9,401226543,ARI
37,11,2,9,401226548,LAA
32,8,3,14,401226548,LAD
35,9,1,8,401226552,SD
33,7,2,12,401226552,SF
29,3,1,9,401226562,DET
29,5,2,9,401226562,KC
35,9,4,7,401226565,MIA
31,6,4,4,401226565,NYY
36,8,3,14,401226567,SD
32,6,4,12,401226567,SF
35,8,5,7,401226570,HOU
33,11,5,11,401226570,TEX
38,12,2,10,401226572,NYM
33,11,11,10,401226572,WSH
35,10,4,5,401226571,BAL
34,7,3,9,401226571,TOR
34,6,0,10,401226558,COL
35,15,5,4,401226558,ARI
42,15,4,11,401226559,BOS
34,7,4,9,401226559,ATL
35,8,7,9,401226560,CHC
37,11,6,14,401226560,CHW
36,9,3,10,401226561,PIT
32,11,2,4,401226561,CLE
28,3,3,8,401226563,LAA
30,6,4,7,401226563,LAD
36,8,5,11,401226564,CIN
33,5,4,13,401226564,MIN
32,4,2,16,401226566,SEA
34,10,6,9,401226566,OAK
32,6,1,5,401226569,PHI
32,9,4,10,401226569,TB
31,5,5,10,401226568,MIL
30,7,2,8,401226568,STL
35,8,5,7,401246334,HOU
30,4,5,6,401246334,MIN
36,9,0,11,401246336,CHW
30,3,1,9,401246336,OAK
30,5,2,12,401246335,TOR
28,4,2,9,401246335,TB
41,15,3,10,401246333,NYY
35,8,1,14,401246333,CLE
48,11,3,16,401246343,CIN
44,6,2,21,401246343,ATL
32,5,3,6,401246338,HOU
29,3,5,8,401246338,MIN
35,8,4,9,401246341,MIA
31,4,3,7,401246341,CHC
37,10,3,10,401246340,CHW
31,7,1,6,401246340,OAK
34,7,1,11,401246339,TOR
35,12,3,11,401246339,TB
39,13,5,10,401246342,STL
31,8,4,5,401246342,SD
34,8,12,13,401246337,NYY
36,10,7,11,401246337,CLE
34,7,3,15,401246344,MIL
29,6,6,5,401246344,LAD
29,2,2,12,401246351,CIN
33,9,3,14,401246351,ATL
39,12,3,8,401246348,CHW
32,8,9,7,401246348,OAK
36,10,4,9,401246350,STL
38,15,6,10,401246350,SD
30,4,1,13,401246352,MIL
29,6,1,12,401246352,LAD
29,5,4,8,401246414,MIA
31,5,2,9,401246414,CHC
32,4,3,8,401246415,STL
33,8,4,11,401246415,SD
41,16,1,9,401246353,HOU
33,8,2,10,401246353,OAK
39,15,5,6,401246354,NYY
33,6,5,11,401246354,TB
37,9,0,11,401246358,MIA
36,12,4,10,401246358,ATL
31,6,2,4,401246355,HOU
29,6,1,5,401246355,OAK
32,5,6,18,401246356,NYY
32,8,4,6,401246356,TB
30,3,4,14,401246357,SD
28,4,10,7,401246357,LAD
31,3,2,11,401246362,MIA
29,4,0,10,401246362,ATL
35,11,6,7,401246359,OAK
34,10,3,8,401246359,HOU
40,13,2,8,401246360,TB
35,7,2,9,401246360,NYY
36,9,2,7,401246361,SD
33,11,1,6,401246361,LAD
36,10,7,8,401246366,ATL
32,5,2,9,401246366,MIA
37,11,2,10,401246363,OAK
37,14,5,7,401246363,HOU
29,3,4,11,401246364,TB
34,11,4,5,401246364,NYY
40,14,9,9,401246365,LAD
33,6,4,10,401246365,SD
29,3,4,11,401246368,NYY
29,3,3,13,401246368,TB
33,9,4,5,401246373,HOU
29,6,5,13,401246373,TB
36,10,3,8,401246374,HOU
30,4,0,13,401246374,TB
35,8,6,12,401246380,ATL
31,4,2,11,401246380,LAD
36,10,7,12,401246381,ATL
37,10,6,11,401246381,LAD
35,8,2,9,401246375,TB
34,7,4,9,401246375,HOU
43,16,8,12,401246382,LAD
34,7,2,10,401246382,ATL
33,7,2,11,401246376,TB
29,9,3,7,401246376,HOU
33,7,5,11,401246377,TB
29,6,3,5,401246377,HOU
29,3,4,7,401246383,LAD
37,14,3,8,401246383,ATL
33,11,9,11,401246378,HOU
31,6,6,13,401246378,TB
35,9,1,14,401246384,LAD
31,7,3,10,401246384,ATL
36,9,0,8,401246385,ATL
32,9,5,5,401246385,LAD
33,7,3,9,401246379,HOU
28,6,4,11,401246379,TB
28,3,6,4,401246386,ATL
33,10,5,7,401246386,LAD
32,6,1,10,401246387,TB
34,10,7,11,401246387,LAD
35,10,4,7,401246388,TB
32,5,4,15,401246388,LAD
36,10,3,10,401246389,LAD
30,4,1,13,401246389,TB
40,15,4,6,401246390,LAD
34,10,5,14,401246390,TB
32,6,5,8,401246391,LAD
31,7,3,10,401246391,TB
32,5,2,16,401246392,TB
29,5,2,11,401246392,LAD
36,8,2,13,401227066,TOR
35,6,6,13,401227066,NYY
32,6,6,5,401227056,CLE
30,5,5,14,401227056,DET
39,10,7,17,401227059,MIN
40,11,2,9,401227059,MIL
35,9,11,10,401227061,PIT
26,2,4,13,401227061,CHC
37,7,2,10,401227053,ATL
36,9,4,13,401227053,PHI
40,12,1,12,401226952,ARI
32,10,5,10,401226952,SD
36,15,8,6,401227058,LAD
35,11,3,4,401227058,COL
37,10,3,7,401227063,STL
34,10,5,8,401227063,CIN
32,5,3,12,401227064,TB
30,3,1,9,401227064,MIA
40,15,9,16,401227065,TEX
38,15,8,8,401227065,KC
33,7,2,10,401227055,CHW
30,6,4,10,401227055,LAA
33,9,6,5,401227057,HOU
30,6,3,10,401227057,OAK
39,10,4,7,401227062,SF
32,5,9,9,401227062,SEA
34,9,2,7,401317836,BAL
29,2,2,8,401317836,BOS
32,8,3,7,401227072,TB
36,10,3,7,401227072,MIA
41,16,2,7,401227070,LAD
35,8,2,13,401227070,COL
40,13,5,11,401227068,CHW
35,8,5,12,401227068,LAA
40,14,5,11,401227069,HOU
33,8,3,7,401227069,OAK
36,8,2,12,401227067,ARI
28,9,7,8,401227067,SD
35,8,4,13,401227071,SF
31,6,4,12,401227071,SEA
33,8,3,11,401227087,TOR
35,11,6,10,401227087,NYY
34,8,1,11,401227075,BAL
33,7,2,8,401227075,BOS
31,7,4,6,401227077,CLE
32,10,5,6,401227077,DET
32,6,3,10,401227086,TEX
35,12,4,4,401227086,KC
32,6,1,12,401227082,PIT
31,7,4,12,401227082,CHC
28,1,0,14,401227074,ATL
30,8,4,10,401227074,PHI
38,13,2,6,401227078,HOU
29,3,5,11,401227078,OAK
34,7,5,13,401227084,STL
35,12,3,8,401227084,CIN
35,9,1,6,401227085,TB
35,14,5,10,401227085,MIA
31,4,0,13,401227080,MIN
28,1,1,17,401227080,MIL
39,12,4,14,401227079,LAD
34,7,3,6,401227079,COL
30,4,0,11,401227073,ARI
35,10,6,8,401227073,SD
35,9,3,10,401227076,CHW
33,9,2,11,401227076,LAA
32,6,2,12,401227083,SF
31,8,3,8,401227083,SEA
29,4,3,11,401227089,ATL
30,8,3,13,401227089,PHI
33,5,2,5,401227100,TOR
31,5,2,6,401227100,NYY
44,17,8,15,401227090,BAL
32,6,2,8,401227090,BOS
36,10,3,6,401227092,CLE
27,2,3,9,401227092,DET
30,5,2,9,401227098,STL
34,9,5,5,401227098,CIN
35,11,5,7,401227095,MIN
32,5,3,10,401227095,MIL
33,8,4,9,401227099,TEX
36,8,0,14,401227099,KC
32,7,4,7,401227097,PIT
27,3,7,7,401227097,CHC
27,4,9,8,401227094,LAD
31,4,2,10,401227094,COL
36,11,4,5,401227093,HOU
31,4,2,9,401227093,OAK
32,6,6,8,401227088,ARI
32,6,5,7,401227088,SD
33,5,6,12,401227091,CHW
33,10,5,5,401227091,LAA
40,14,11,13,401227108,MIN
36,8,1,6,401227108,DET
31,7,4,8,401227114,TOR
32,5,1,14,401227114,TEX
31,7,6,9,401227105,KC
28,3,4,5,401227105,CLE
31,4,2,13,401227102,BAL
31,7,7,10,401227102,NYY
32,5,3,15,401227110,PIT
33,8,5,13,401227110,CIN
31,5,4,14,401227112,STL
31,5,1,6,401227112,MIA
36,10,4,11,401227109,NYM
29,7,3,8,401227109,PHI
32,7,6,8,401227113,TB
36,16,3,8,401227113,BOS
30,4,2,12,401227107,MIL
27,5,3,6,401227107,CHC
39,11,5,9,401227104,HOU
34,10,5,3,401227104,LAA
41,14,8,10,401227106,LAD
34,6,4,8,401227106,OAK
37,10,4,8,401227103,CHW
30,3,4,15,401227103,SEA
35,9,2,8,401227111,SF
35,8,4,6,401227111,SD
40,9,2,12,401227122,MIN
37,10,6,15,401227122,DET
34,7,3,11,401227116,ATL
34,10,4,9,401227116,WSH
34,7,2,15,401227119,HOU
32,7,1,6,401227119,LAA
34,7,0,14,401227117,BAL
34,11,5,6,401227117,NYY
32,5,1,6,401227124,PIT
39,17,3,8,401227124,CIN
33,6,4,12,401227126,STL
32,7,6,10,401227126,MIA
31,5,8,7,401227123,NYM
37,10,3,8,401227123,PHI
40,8,5,13,401227127,TB
44,10,3,15,401227127,BOS
31,5,5,12,401227121,MIL
25,1,5,10,401227121,CHC
33,6,1,9,401227128,TOR
33,11,2,6,401227128,TEX
53,13,3,13,401227115,ARI
47,9,4,10,401227115,COL
36,11,2,7,401227120,LAD
32,5,2,10,401227120,OAK
36,10,6,10,401227118,CHW
37,9,3,15,401227118,SEA
29,3,1,11,401227125,SF
29,8,2,5,401227125,SD
30,9,3,10,401227130,ATL
28,9,4,8,401227130,WSH
33,7,2,9,401227138,PIT
31,10,5,9,401227138,CIN
31,4,4,14,401227133,KC
31,8,3,11,401227133,CLE
31,7,0,11,401227136,MIN
31,8,1,10,401227136,DET
31,5,4,8,401227141,TB
35,13,1,4,401227141,BOS
35,9,1,12,401227142,TOR
32,8,0,8,401227142,TEX
38,8,1,10,401227135,MIL
33,3,4,12,401227135,CHC
38,8,7,11,401227134,LAD
31,5,5,11,401227134,OAK
24,3,3,8,401319028,ATL
22,2,3,8,401319028,WSH
38,11,3,9,401227137,NYM
33,9,3,10,401227137,PHI
30,6,10,8,401227132,CHW
32,9,4,7,401227132,SEA
34,5,5,14,401227139,SF
35,6,1,8,401227139,SD
34,8,4,9,401227140,STL
29,3,5,9,401227140,MIA
37,4,2,17,401227131,BAL
43,13,2,10,401227131,NYY
31,5,2,4,401227129,ARI
33,10,4,10,401227129,COL
31,5,3,7,401227148,MIA
29,7,7,6,401227148,NYM
35,11,1,7,401227146,CHC
32,7,6,10,401227146,PIT
38,12,3,10,401227145,BOS
33,5,1,14,401227145,BAL
31,5,6,7,401227144,ARI
35,10,0,3,401227144,COL
32,5,0,11,401227147,KC
31,10,5,5,401227147,CHW
32,7,4,10,401227151,SEA
39,16,3,11,401227151,MIN
33,6,3,11,401227149,MIL
29,5,2,12,401227149,STL
43,11,3,11,401227143,LAA
39,7,3,14,401227143,TOR
33,6,4,10,401227150,OAK
33,8,1,5,401227150,HOU
33,7,1,10,401227156,NYY
35,13,3,11,401227156,TB
33,8,1,10,401227160,WSH
27,4,2,6,401227160,LAD
29,4,1,8,401227154,COL
28,5,7,7,401227154,SF
36,9,5,7,401227152,LAA
32,5,4,12,401227152,TOR
30,4,1,10,401227155,DET
32,7,0,10,401227155,CLE
32,6,2,10,401227158,PHI
35,12,5,7,401227158,ATL
33,8,2,9,401227159,SD
27,0,0,10,401227159,TEX
33,7,4,9,401227157,OAK
34,8,3,6,401227157,HOU
39,11,3,8,401227153,CIN
35,6,9,11,401227153,ARI
34,8,1,15,401227168,MIA
28,3,2,13,401227168,NYM
31,5,2,9,401227170,NYY
35,10,3,12,401227170,TB
36,7,1,8,401227174,SEA
35,6,4,8,401227174,MIN
39,13,6,6,401227169,MIL
36,11,5,7,401227169,STL
33,9,3,11,401227165,COL
27,5,7,4,401227165,SF
37,11,2,9,401227171,OAK
34,9,1,8,401227171,HOU
32,5,0,7,401227166,DET
33,9,6,6,401227166,CLE
34,8,2,14,401227163,CHC
32,9,7,11,401227163,PIT
38,10,4,6,401227162,BOS
39,8,5,10,401227162,BAL
36,14,4,4,401227173,SD
33,7,2,11,401227173,TEX
31,6,3,10,401227161,LAA
39,14,9,6,401227161,TOR
33,6,2,12,401227172,PHI
33,9,1,6,401227172,ATL
37,12,1,4,401227164,CIN
34,10,4,6,401227164,ARI
39,15,1,6,401227175,WSH
32,9,7,9,401227175,LAD
44,17,3,11,401227177,BOS
34,10,8,10,401227177,BAL
31,5,1,8,401227178,CHC
38,14,3,10,401227178,PIT
29,4,5,11,401227181,DET
29,7,7,8,401227181,CLE
36,10,4,12,401227183,MIA
37,12,2,8,401227183,NYM
35,9,7,8,401227185,NYY
35,6,2,13,401227185,TB
34,7,5,14,401227182,KC
35,5,9,8,401227182,CHW
39,14,1,12,401227188,SEA
34,8,4,7,401227188,MIN
36,9,8,9,401227184,MIL
33,8,4,3,401227184,STL
32,5,3,4,401227187,SD
30,5,4,11,401227187,TEX
35,8,4,10,401227180,COL
30,8,4,7,401227180,SF
29,2,2,9,401227179,CIN
35,13,6,12,401227179,ARI
34,7,0,9,401227189,WSH
28,5,1,7,401227189,LAD
33,8,0,6,401227186,PHI
35,10,1,7,401227186,ATL
37,10,4,10,401227200,SD
32,6,1,9,401227200,PIT
28,4,5,8,401227197,NYY
32,5,2,12,401227197,TOR
29,3,2,17,401227202,TEX
26,3,5,12,401227202,TB
37,8,6,11,401227196,MIA
30,4,5,8,401227196,ATL
30,4,5,11,401227192,CHC
31,8,4,10,401227192,MIL
36,12,4,9,401227203,WSH
31,6,3,11,401227203,STL
39,14,3,12,401227190,LAA
34,7,3,14,401227190,KC
30,5,3,9,401227194,CLE
29,5,4,8,401227194,CHW
38,12,4,9,401227195,DET
33,7,2,6,401227195,HOU
36,12,4,11,401227198,OAK
33,7,5,6,401227198,ARI
32,5,1,9,401227193,CIN
28,2,2,9,401227193,SF
32,7,2,5,401227205,BOS
31,5,5,4,401227205,MIN
39,11,2,14,401227213,OAK
34,8,4,9,401227213,ARI
30,7,2,10,401320453,SEA
27,5,3,6,401320453,BAL
27,6,5,14,401320350,PHI
27,6,6,6,401320350,NYM
30,6,13,6,401227215,SD
35,12,4,8,401227215,PIT
32,8,2,8,401227212,NYY
32,10,4,9,401227212,TOR
39,13,2,9,401227217,TEX
33,7,2,6,401227217,TB
28,8,2,6,401227216,SEA
28,8,4,6,401227216,BAL
44,17,3,8,401227211,MIA
39,11,4,12,401227211,ATL
31,6,1,10,401227206,CHC
29,3,4,5,401227206,MIL
33,6,2,9,401227218,WSH
37,15,7,7,401227218,STL
25,6,0,3,401227214,PHI
27,9,2,8,401227214,NYM
37,12,2,9,401227204,LAA
28,5,2,6,401227204,KC
35,5,2,12,401227208,CLE
32,3,1,12,401227208,CHW
37,12,4,12,401227210,DET
33,8,3,6,401227210,HOU
33,7,3,12,401227207,CIN
33,11,4,12,401227207,SF
28,2,2,12,401227209,COL
34,10,4,6,401227209,LAD
31,6,3,4,401227227,NYY
34,12,2,6,401227227,TOR
35,9,7,9,401227232,WSH
30,4,3,8,401227232,STL
32,4,0,12,401227221,CHC
31,8,6,11,401227221,MIL
34,6,1,8,401227219,LAA
33,11,2,9,401227219,KC
32,11,3,7,401227220,BOS
26,5,1,5,401227220,MIN
29,4,1,6,401227222,CIN
27,5,3,10,401227222,SF
27,8,5,11,401320523,BOS
24,5,3,7,401320523,MIN
30,6,3,5,401227229,SD
33,9,5,11,401227229,PIT
34,8,5,10,401227225,DET
35,8,6,6,401227225,HOU
30,4,1,14,401227228,PHI
34,12,2,7,401227228,NYM
33,9,5,5,401227231,TEX
34,8,0,10,401227231,TB
36,9,5,18,401227226,MIA
34,8,5,8,401227226,ATL
27,0,0,7,401227223,CLE
36,12,3,6,401227223,CHW
36,9,2,12,401227224,COL
31,9,5,8,401227224,LAD
35,9,5,10,401227238,MIA
33,8,5,11,401227238,ATL
35,10,5,4,401227240,SD
35,8,2,8,401227240,PIT
27,5,2,5,401227241,SEA
24,4,2,6,401227241,BAL
30,4,4,10,401227234,BOS
35,9,3,7,401227234,MIN
35,8,1,14,401227235,CLE
35,8,2,8,401227235,CHW
26,7,3,4,401320813,SEA
23,3,2,6,401320813,BAL
37,8,7,4,401227233,ARI
37,11,2,7,401227233,WSH
39,11,3,8,401227242,TEX
37,7,8,12,401227242,TB
35,10,3,8,401227243,TOR
33,9,1,5,401227243,KC
35,9,1,10,401227237,DET
33,8,12,10,401227237,OAK
35,9,2,8,401227236,COL
32,9,5,9,401227236,LAD
33,9,8,7,401227245,ATL
29,6,6,12,401227245,CHC
30,3,2,13,401227244,ARI
28,5,2,4,401227244,WSH
32,6,0,7,401227256,STL
32,9,4,7,401227256,PHI
38,11,7,11,401227257,TB
29,3,2,14,401227257,NYY
34,10,5,6,401227248,CLE
34,11,3,10,401227248,CIN
31,5,3,4,401227255,SF
31,7,1,6,401227255,MIA
33,7,1,11,401227246,BAL
32,4,1,15,401227246,TEX
35,8,3,10,401227254,PIT
30,5,4,11,401227254,MIL
33,10,4,9,401227252,MIN
35,12,2,7,401227252,LAA
30,4,1,11,401227249,DET
32,8,2,8,401227249,OAK
32,7,3,5,401227250,HOU
32,10,5,9,401227250,SEA
48,12,5,12,401227251,LAD
46,12,6,14,401227251,SD
34,5,3,13,401227259,ARI
36,14,1,5,401227259,WSH
33,6,2,12,401227272,TB
33,5,4,13,401227272,NYY
28,8,0,5,401227273,TOR
21,2,3,5,401227273,KC
31,7,6,6,401227260,ATL
38,14,3,9,401227260,CHC
34,9,4,10,401227262,CHW
34,13,6,11,401227262,BOS
37,11,8,11,401227271,STL
35,9,5,13,401227271,PHI
32,5,0,10,401227264,DET
30,8,4,8,401227264,OAK
36,8,4,14,401227263,CLE
37,10,6,12,401227263,CIN
30,11,1,6,401321163,NYM
24,3,1,17,401321163,COL
39,10,0,11,401227270,SF
44,15,6,10,401227270,MIA
24,5,1,4,401321165,TOR
30,9,0,8,401321165,KC
40,13,0,9,401227261,BAL
32,7,2,8,401227261,TEX
35,7,1,4,401227269,PIT
33,11,1,9,401227269,MIL
23,2,2,6,401227268,NYM
26,9,1,6,401227268,COL
30,3,2,13,401227266,LAD
29,3,4,12,401227266,SD
35,10,1,7,401227265,HOU
30,4,0,7,401227265,SEA
35,11,7,7,401227274,ARI
32,6,3,11,401227274,WSH
30,2,0,10,401227286,STL
28,6,6,9,401227286,PHI
31,6,1,12,401227287,TB
30,3,3,10,401227287,NYY
28,8,0,5,401227277,CHW
26,8,0,3,401227277,BOS
34,8,2,8,401227278,CLE
35,7,2,16,401227278,CIN
35,6,4,11,401227285,SF
29,4,0,9,401227285,MIA
38,8,5,14,401227284,PIT
37,7,3,11,401227284,MIL
30,2,3,8,401227288,TOR
31,8,8,5,401227288,KC
34,5,0,10,401227276,BAL
33,5,5,11,401227276,TEX
34,7,0,8,401227283,NYM
29,4,1,5,401227283,COL
33,6,3,11,401227279,DET
30,6,2,9,401227279,OAK
29,1,2,7,401227280,HOU
30,6,5,12,401227280,SEA
30,3,2,14,401227281,LAD
31,7,3,8,401227281,SD
28,10,2,6,401321164,CHW
25,4,1,8,401321164,BOS
38,14,7,7,401227275,ATL
35,10,3,8,401227275,CHC
36,9,0,12,401227289,CHW
38,16,6,8,401227289,BOS
34,7,1,12,401227293,SF
34,7,4,7,401227293,PHI
36,12,3,8,401227294,STL
34,7,3,8,401227294,WSH
35,7,4,12,401227295,TB
30,5,0,5,401227295,KC
35,8,2,12,401227296,TEX
34,9,2,10,401227296,LAA
31,5,5,9,401227290,LAD
28,4,2,9,401227290,SEA
32,5,2,15,401227291,MIL
27,2,5,8,401227291,SD
28,2,4,7,401227302,LAD
28,1,2,14,401227302,SEA
38,11,1,9,401227300,CHW
34,7,9,10,401227300,CLE
27,6,1,7,401321807,MIN
24,5,7,4,401321807,OAK
31,6,4,10,401227298,ATL
29,5,5,6,401227298,NYY
36,9,8,11,401227297,ARI
33,6,6,10,401227297,CIN
36,9,4,6,401227299,BAL
38,11,3,11,401227299,MIA
35,11,4,7,401227307,SF
35,9,4,9,401227307,PHI
31,6,1,7,401227308,STL
29,6,4,11,401227308,WSH
31,4,2,9,401227311,TOR
33,9,0,5,401227311,BOS
33,6,5,9,401227305,NYM
28,4,6,12,401227305,CHC
42,17,6,5,401227309,TB
36,9,4,6,401227309,KC
31,5,4,7,401227301,HOU
29,7,4,9,401227301,COL
23,2,1,10,401227304,MIN
20,4,1,6,401227304,OAK
30,5,7,12,401227310,TEX
30,8,3,8,401227310,LAA
38,11,1,13,401227303,MIL
34,6,0,14,401227303,SD
37,11,1,9,401227321,SF
37,12,5,12,401227321,PHI
30,4,1,9,401227314,BAL
30,9,3,7,401227314,MIA
27,7,4,5,401322169,PIT
23,3,2,8,401322169,DET
32,5,2,7,401227316,HOU
32,11,4,5,401227316,COL
49,18,2,10,401227318,MIN
41,13,3,6,401227318,OAK
31,6,4,13,401227322,STL
28,4,2,5,401227322,WSH
31,6,9,12,401227324,TEX
36,10,0,8,401227324,LAA
34,7,6,17,401227317,MIL
33,7,6,13,401227317,SD
30,5,8,7,401227313,ATL
31,5,6,6,401227313,NYY
24,3,2,8,401227320,PIT
23,7,2,5,401227320,DET
36,6,7,16,401227312,ARI
32,9,4,6,401227312,CIN
34,10,8,8,401227325,TOR
36,10,3,10,401227325,BOS
35,10,3,6,401227319,NYM
36,13,8,8,401227319,CHC
35,11,5,7,401227323,TB
34,9,3,2,401227323,KC
43,14,8,9,401227327,ARI
44,13,4,13,401227327,CIN
35,9,2,4,401227331,PIT
36,9,0,9,401227331,DET
37,11,9,10,401227329,NYY
36,8,2,11,401227329,CLE
30,3,7,6,401227333,SEA
38,8,2,11,401227333,BOS
35,6,3,11,401227330,NYM
31,6,3,14,401227330,CHC
35,8,2,15,401227326,LAA
38,13,3,6,401227326,HOU
27,2,1,8,401227328,MIA
28,5,2,5,401227328,SF
33,7,0,10,401227332,SD
32,6,3,10,401227332,LAD
32,7,2,9,401227339,MIL
40,17,5,8,401227339,CHC
34,7,2,6,401227341,OAK
37,10,1,10,401227341,BAL
34,8,6,5,401227337,KC
31,5,3,14,401227337,DET
32,6,4,7,401227340,NYY
31,5,4,7,401227340,CLE
35,9,6,12,401227345,SEA
35,11,3,7,401227345,BOS
33,6,2,10,401227347,TOR
34,5,3,12,401227347,TB
29,2,0,15,401227348,WSH
34,11,3,7,401227348,NYM
32,5,3,7,401227335,ARI
31,7,4,10,401227335,ATL
41,13,1,11,401227334,LAA
36,8,0,13,401227334,HOU
28,1,3,6,401227343,PIT
28,5,0,8,401227343,MIN
37,10,5,14,401227346,TEX
39,16,2,8,401227346,CHW
35,8,4,14,401227336,CIN
30,6,4,12,401227336,STL
35,11,3,11,401227342,PHI
36,11,1,11,401227342,COL
30,3,1,10,401227338,MIA
29,8,7,7,401227338,SF
33,8,4,8,401227344,SD
29,4,3,11,401227344,LAD
30,3,0,5,401227352,KC
30,3,0,11,401227352,DET
40,13,3,9,401227360,SEA
31,6,1,9,401227360,BOS
33,7,2,8,401227358,PIT
30,3,2,7,401227358,MIN
29,3,2,6,401227351,CIN
32,7,2,2,401227351,STL
35,7,5,12,401227354,MIL
34,8,4,11,401227354,CHC
35,10,5,9,401227363,WSH
32,6,2,6,401227363,NYM
30,5,0,5,401227349,LAA
42,18,5,7,401227349,HOU
32,5,4,13,401227355,NYY
30,3,1,11,401227355,CLE
35,9,3,10,401227362,TOR
32,6,2,12,401227362,TB
36,9,5,9,401227356,OAK
36,10,1,9,401227356,BAL
36,11,0,6,401227361,TEX
32,9,3,6,401227361,CHW
33,9,6,5,401227357,PHI
33,8,2,6,401227357,COL
33,6,2,12,401227353,MIA
31,5,1,8,401227353,SF
35,8,2,15,401227359,SD
35,12,4,10,401227359,LAD
29,3,3,10,401227371,OAK
33,9,7,9,401227371,BAL
36,9,3,9,401227367,KC
31,5,1,13,401227367,DET
33,6,5,9,401227370,NYY
32,9,1,10,401227370,CLE
32,6,1,11,401227375,SEA
26,5,7,6,401227375,BOS
33,6,3,7,401227377,TOR
32,5,2,9,401227377,TB
30,5,3,7,401227378,WSH
29,8,4,8,401227378,NYM
27,8,3,7,401227365,ARI
21,1,2,6,401227365,ATL
34,7,2,7,401227364,LAA
29,4,2,11,401227364,HOU
37,12,1,10,401227373,PIT
33,7,3,11,401227373,MIN
35,11,2,12,401227376,TEX
33,11,6,5,401227376,CHW
30,5,3,8,401227366,CIN
31,9,1,5,401227366,STL
34,7,6,10,401227369,MIL
30,4,2,11,401227369,CHC
34,7,2,11,401227372,PHI
37,16,5,8,401227372,COL
31,10,2,8,401322534,ARI
21,0,0,7,401322534,ATL
32,8,3,11,401227368,MIA
30,7,3,10,401227368,SF
43,11,6,16,401227374,SD
43,10,9,16,401227374,LAD
33,8,0,7,401227383,KC
35,9,5,10,401227383,DET
34,5,1,7,401227385,MIN
36,9,2,5,401227385,CLE
33,6,6,9,401227380,CHC
34,10,7,8,401227380,ATL
28,4,7,7,401227386,NYY
31,8,3,7,401227386,BAL
27,3,4,11,401227387,OAK
31,6,4,10,401227387,TB
37,11,2,15,401227384,MIA
31,8,0,10,401227384,MIL
31,6,0,8,401227388,PHI
28,2,3,9,401227388,STL
43,16,3,4,401227379,LAA
32,6,2,12,401227379,TEX
34,7,1,6,401227389,SEA
35,14,1,5,401227389,HOU
30,3,1,9,401227382,COL
35,12,6,11,401227382,SF
34,6,5,8,401227381,CIN
34,6,5,12,401227381,LAD
34,8,0,6,401227398,MIN
32,8,5,8,401227398,CLE
30,4,2,8,401227396,KC
31,8,1,9,401227396,PIT
35,12,3,7,401227399,NYY
33,7,3,8,401227399,BAL
34,9,2,10,401227404,WSH
31,10,3,7,401227404,TOR
29,5,2,8,401227391,BOS
32,7,0,13,401227391,NYM
34,8,1,6,401227400,OAK
35,10,2,7,401227400,TB
28,2,1,13,401227392,CHC
35,10,4,13,401227392,ATL
32,7,3,13,401227397,MIA
32,10,1,7,401227397,MIL
29,3,2,6,401227401,PHI
36,12,0,10,401227401,STL
36,10,1,5,401227390,LAA
31,9,3,9,401227390,TEX
34,6,3,9,401227395,DET
34,8,4,5,401227395,CHW
27,2,3,9,401227403,SEA
28,6,3,5,401227403,HOU
29,4,3,9,401227402,SD
31,7,0,8,401227402,ARI
37,7,7,9,401227394,COL
40,11,1,8,401227394,SF
36,10,1,13,401227393,CIN
31,4,8,9,401227393,LAD
40,13,2,7,401227413,MIN
32,5,1,6,401227413,CLE
31,5,10,11,401227412,MIA
32,7,0,5,401227412,MIL
33,7,1,13,401227408,CIN
31,8,8,11,401227408,LAD
38,12,7,10,401227411,KC
35,8,7,9,401227411,PIT
30,4,1,15,401227406,BOS
28,2,4,15,401227406,NYM
37,12,1,7,401227414,NYY
30,4,1,8,401227414,BAL
37,11,2,8,401227419,WSH
32,5,4,9,401227419,TOR
33,7,2,13,401227415,OAK
30,8,3,10,401227415,TB
33,5,3,11,401227407,CHC
42,18,2,6,401227407,ATL
31,6,4,10,401227416,PHI
33,8,3,8,401227416,STL
33,7,2,10,401227405,LAA
33,8,1,6,401227405,TEX
33,7,2,10,401227418,SEA
32,8,4,3,401227418,HOU
41,15,3,4,401227417,SD
32,7,2,5,401227417,ARI
33,7,4,10,401227409,COL
29,9,9,10,401227409,SF
36,8,7,10,401227425,NYY
32,7,2,8,401227425,BAL
32,7,1,9,401227426,OAK
32,5,2,12,401227426,TB
38,10,1,13,401227427,PHI
31,4,2,11,401227427,STL
31,4,1,9,401227428,SEA
28,2,2,8,401227428,HOU
23,2,1,13,401227423,DET
20,4,3,6,401227423,CHW
41,16,5,5,401227421,CHC
33,7,3,7,401227421,ATL
34,9,3,6,401227424,LAD
27,4,2,6,401227424,MIL
30,3,3,6,401227420,BOS
30,7,0,12,401227420,TEX
24,3,0,9,401323533,DET
33,15,4,10,401323533,CHW
30,7,4,9,401227422,COL
37,12,3,6,401227422,ARI
36,10,1,10,401227443,STL
28,4,9,5,401227443,PIT
30,4,1,18,401227436,DET
38,15,5,5,401227436,NYY
34,7,5,4,401227440,MIA
31,9,2,4,401227440,WSH
32,6,5,10,401227441,NYM
28,3,4,12,401227441,PHI
35,10,7,7,401227433,CHC
35,10,1,12,401227433,CIN
41,15,3,9,401227437,HOU
32,6,5,12,401227437,TB
34,9,2,7,401227430,ATL
38,14,7,6,401227430,TOR
34,6,3,6,401227432,BOS
32,6,4,10,401227432,TEX
31,5,4,6,401227434,CLE
36,8,1,14,401227434,CHW
29,4,3,7,401227438,KC
29,7,10,4,401227438,MIN
29,2,1,11,401227439,LAD
28,6,3,5,401227439,MIL
33,8,2,8,401227431,BAL
32,5,3,10,401227431,OAK
34,8,2,9,401227435,COL
35,12,3,5,401227435,ARI
32,6,1,3,401227429,LAA
35,10,6,11,401227429,SEA
31,5,5,16,401227442,SF
31,8,4,6,401227442,SD
34,7,6,13,401227451,DET
32,8,6,5,401227451,NYY
28,4,6,8,401227455,MIA
36,12,2,8,401227455,WSH
36,12,3,5,401227453,KC
33,5,4,9,401227453,MIN
31,5,2,7,401227449,CLE
27,4,8,13,401227449,CHW
35,10,4,3,401227446,BAL
35,8,5,6,401227446,OAK
33,9,2,13,401227448,CHC
32,6,3,11,401227448,CIN
30,4,5,5,401227452,HOU
32,5,2,7,401227452,TB
32,8,1,7,401227456,NYM
34,8,2,7,401227456,PHI
43,15,4,7,401227458,STL
35,9,2,11,401227458,PIT
38,12,4,12,401227447,BOS
35,13,2,10,401227447,TEX
39,8,7,12,401227454,LAD
38,9,9,13,401227454,MIL
39,11,3,10,401227445,ATL
36,9,5,9,401227445,TOR
44,18,4,12,401227450,COL
34,10,1,8,401227450,ARI
31,5,4,12,401227457,SF
28,6,5,4,401227457,SD
38,13,3,5,401227444,LAA
35,7,4,16,401227444,SEA
29,2,1,12,401227466,DET
26,3,1,9,401227466,NYY
30,5,0,9,401227470,MIA
29,8,4,10,401227470,WSH
30,4,6,4,401227473,STL
29,5,2,4,401227473,PIT
34,9,1,13,401227460,ATL
35,11,3,8,401227460,TOR
42,14,3,9,401227463,CHC
40,16,5,9,401227463,CIN
34,8,2,10,401227467,HOU
31,7,2,11,401227467,TB
36,9,3,12,401227464,CLE
31,4,4,11,401227464,CHW
34,8,3,11,401227468,KC
37,14,2,8,401227468,MIN
44,18,4,3,401227469,LAD
34,9,1,12,401227469,MIL
32,9,1,7,401227462,BOS
33,9,3,10,401227462,TEX
38,10,2,7,401227461,BAL
34,11,4,7,401227461,OAK
30,5,3,5,401227459,LAA
27,5,4,8,401227459,SEA
40,12,3,9,401227465,COL
33,9,3,8,401227465,ARI
31,5,7,10,401227472,SF
35,8,1,9,401227472,SD
45,17,2,9,401227471,NYM
35,8,4,14,401227471,PHI
32,7,5,12,401227477,MIL
30,6,2,7,401227477,PHI
36,9,5,11,401227482,TEX
32,8,2,7,401227482,MIN
33,7,7,7,401227478,NYM
30,9,2,5,401227478,STL
35,10,8,9,401227475,CLE
36,10,5,6,401227475,KC
36,9,6,15,401227481,TB
29,6,5,11,401227481,LAA
36,9,1,10,401227483,TOR
31,9,4,8,401227483,OAK
35,8,3,9,401227474,BAL
30,3,3,7,401227474,SEA
31,4,3,10,401227479,PIT
26,3,3,6,401227479,SD
28,7,1,6,401324215,LAD
24,6,3,7,401324215,CHC
32,12,4,5,401227495,SF
29,7,3,6,401227495,COL
36,9,3,12,401227484,ARI
35,12,3,6,401227484,MIA
37,12,5,11,401227487,CHW
28,2,4,14,401227487,CIN
32,8,1,10,401227490,HOU
32,9,9,8,401227490,NYY
34,7,5,5,401227485,ATL
30,5,3,8,401227485,WSH
37,10,2,12,401227492,MIL
31,8,0,11,401227492,PHI
36,10,5,13,401227489,DET
38,14,3,6,401227489,BOS
30,5,4,10,401227491,LAD
32,8,6,11,401227491,CHC
39,11,2,7,401227497,TEX
33,4,2,11,401227497,MIN
34,7,6,9,401227488,CLE
35,10,4,8,401227488,KC
27,9,7,7,401324214,SF
30,10,2,4,401324214,COL
37,10,6,13,401227496,TB
32,6,3,12,401227496,LAA
29,3,1,10,401227498,TOR
29,6,4,9,401227498,OAK
34,7,6,9,401227486,BAL
28,6,4,7,401227486,SEA
35,10,2,3,401227494,PIT
31,4,3,7,401227494,SD
30,2,4,11,401227502,CHW
30,5,7,5,401227502,CIN
32,6,4,12,401227510,SF
29,6,6,9,401227510,COL
34,8,1,9,401227501,BAL
27,0,0,12,401227501,SEA
23,2,4,5,401324576,NYM
28,8,1,8,401324576,STL
32,5,3,11,401227499,ARI
34,10,2,9,401227499,MIA
31,5,2,7,401227500,ATL
31,6,4,9,401227500,WSH
32,8,1,8,401227505,HOU
31,9,5,11,401227505,NYY
32,8,7,7,401227507,MIL
27,4,3,13,401227507,PHI
40,11,2,12,401227504,DET
39,9,6,8,401227504,BOS
40,9,4,14,401227506,LAD
38,7,6,14,401227506,CHC
31,7,4,4,401227512,TEX
34,8,2,15,401227512,MIN
33,6,2,8,401227503,CLE
35,9,1,15,401227503,KC
33,7,1,11,401227509,PIT
33,9,4,8,401227509,SD
30,9,3,3,401227508,NYM
31,11,1,2,401227508,STL
30,4,8,8,401227511,TB
30,7,3,7,401227511,LAA
36,10,4,8,401227513,TOR
34,7,2,12,401227513,OAK
35,10,2,6,401227518,HOU
34,9,4,11,401227518,NYY
29,3,0,8,401227519,MIL
28,4,3,13,401227519,PHI
43,14,4,9,401227517,DET
43,16,3,8,401227517,BOS
36,8,3,9,401227522,TEX
38,8,4,13,401227522,MIN
37,9,11,11,401227520,NYM
30,3,0,10,401227520,STL
36,11,1,8,401227516,CLE
29,4,5,9,401227516,KC
43,16,3,4,401227523,TOR
30,6,5,7,401227523,OAK
29,4,2,7,401227515,ATL
34,8,5,7,401227515,WSH
33,5,3,8,401227514,ARI
27,5,0,8,401227514,MIA
39,12,3,13,401227521,TB
32,7,1,10,401227521,LAA
34,9,2,3,401227533,PIT
29,9,1,4,401227533,CHC
35,7,3,6,401227525,BOS
36,11,3,5,401227525,BAL
38,10,4,9,401227538,WSH
32,5,3,7,401227538,NYY
39,10,5,8,401227524,ARI
36,7,8,7,401227524,NYM
34,6,0,10,401227527,CIN
28,0,1,8,401227527,CLE
32,5,2,10,401227530,MIL
31,10,3,8,401227530,MIA
36,9,7,12,401227531,MIN
33,7,4,12,401227531,DET
42,16,6,13,401227532,PHI
31,5,1,10,401227532,ATL
35,10,2,8,401227535,SEA
34,12,1,5,401227535,TEX
33,7,4,9,401227526,CHW
35,8,0,13,401227526,KC
32,6,2,2,401227537,TOR
36,15,5,5,401227537,HOU
30,4,1,8,401227528,COL
33,8,1,9,401227528,STL
34,8,5,7,401227529,LAD
36,13,1,5,401227529,LAA
30,3,1,12,401227536,TB
31,7,2,8,401227536,OAK
33,6,2,7,401227534,SD
28,4,7,10,401227534,SF
38,8,4,14,401227553,WSH
36,6,4,17,401227553,NYY
38,11,6,7,401227543,COL
33,12,6,4,401227543,STL
34,7,5,7,401227548,PIT
27,5,2,9,401227548,CHC
33,6,2,8,401227549,SD
34,11,4,8,401227549,SF
37,10,3,13,401227551,TB
31,6,6,12,401227551,OAK
40,13,5,9,401227546,MIN
32,12,9,3,401227546,DET
32,7,3,5,401227542,CIN
35,11,5,7,401227542,CLE
38,11,2,10,401227545,MIL
33,6,0,18,401227545,MIA
42,14,5,11,401227540,BOS
34,9,2,8,401227540,BAL
37,11,4,6,401227550,SEA
35,12,4,5,401227550,TEX
34,8,2,7,401227539,ARI
28,4,6,7,401227539,NYM
37,12,5,4,401227541,CHW
32,6,4,8,401227541,KC
33,5,5,10,401227552,TOR
36,9,0,7,401227552,HOU
46,12,4,14,401227547,PHI
41,9,10,11,401227547,ATL
44,17,8,9,401227544,LAD
37,11,4,8,401227544,LAA
35,8,3,7,401227555,BOS
30,4,5,4,401227555,BAL
33,8,1,7,401227568,WSH
28,5,10,10,401227568,NYY
29,4,4,11,401227554,ARI
30,7,5,10,401227554,NYM
37,7,3,11,401227560,MIL
34,6,2,12,401227560,MIA
37,10,3,11,401227556,CHW
30,5,5,6,401227556,KC
36,11,0,11,401227567,TOR
31,9,7,5,401227567,HOU
28,3,4,5,401227558,COL
31,8,3,7,401227558,STL
40,11,2,10,401227563,PIT
33,6,2,7,401227563,CHC
36,10,5,12,401227565,SEA
37,14,2,8,401227565,TEX
43,16,3,8,401227564,SD
33,8,3,10,401227564,SF
31,4,9,10,401227559,LAD
29,6,3,12,401227559,LAA
32,4,1,8,401227566,TB
32,7,4,10,401227566,OAK
32,6,1,9,401227562,PHI
30,9,2,7,401227562,ATL
39,15,5,8,401227571,CIN
31,5,5,11,401227571,PIT
30,4,0,11,401227570,BOS
31,9,2,7,401227570,BAL
35,9,5,11,401227569,LAA
36,10,6,6,401227569,HOU
34,8,0,8,401227572,MIA
31,8,4,6,401227572,ARI
31,6,3,8,401227574,TEX
31,6,4,10,401227574,SF
31,4,3,12,401227588,TEX
28,4,6,11,401227588,SF
34,11,4,10,401227577,CHC
28,5,0,9,401227577,CLE
33,8,2,6,401227578,CIN
32,8,5,8,401227578,PIT
32,7,2,6,401227582,NYY
30,3,3,11,401227582,TB
35,9,8,8,401227584,PHI
34,7,4,8,401227584,WSH
33,8,3,8,401227576,BAL
32,10,3,5,401227576,NYM
36,10,5,11,401227579,KC
36,12,6,9,401227579,DET
33,7,3,8,401227583,OAK
30,4,2,11,401227583,BOS
37,11,1,10,401227589,TOR
33,7,1,13,401227589,ATL
38,5,3,9,401227587,STL
38,6,5,12,401227587,MIL
28,3,2,10,401227575,LAA
32,8,3,10,401227575,HOU
35,9,2,11,401227581,MIN
31,11,4,5,401227581,CHW
36,10,6,7,401227585,SD
29,3,1,4,401227585,COL
34,7,2,10,401227580,MIA
36,15,4,7,401227580,ARI
30,4,1,12,401227586,SEA
33,9,2,15,401227586,LAD
31,5,5,5,401227591,BAL
34,10,2,8,401227591,NYM
41,11,3,7,401227593,CIN
37,7,2,14,401227593,PIT
38,9,6,12,401227592,CHC
32,7,5,9,401227592,CLE
26,4,3,8,401227600,SD
29,9,4,5,401227600,COL
39,13,3,8,401227599,PHI
40,10,3,11,401227599,WSH
31,7,2,8,401326002,SD
30,8,4,11,401326002,COL
28,3,3,6,401227594,KC
32,8,3,11,401227594,DET
30,6,1,10,401227597,NYY
30,4,0,13,401227597,TB
34,8,1,12,401227598,OAK
32,5,4,10,401227598,BOS
30,5,3,7,401227603,TOR
32,5,2,8,401227603,ATL
30,4,2,12,401227602,STL
28,5,5,7,401227602,MIL
32,6,1,6,401227590,LAA
36,12,1,7,401227590,HOU
38,13,3,6,401227596,MIN
38,14,4,10,401227596,CHW
36,11,2,8,401227595,MIA
33,7,0,10,401227595,ARI
29,2,1,8,401227601,SEA
36,11,4,5,401227601,LAD
37,13,3,7,401227615,TOR
33,6,2,15,401227615,ATL
33,6,1,11,401227611,PHI
30,7,2,11,401227611,WSH
37,10,3,10,401227606,KC
31,10,4,11,401227606,DET
33,8,8,11,401227613,STL
31,5,4,11,401227613,MIL
35,5,5,13,401227608,MIN
30,7,4,12,401227608,CHW
34,8,4,11,401227612,SF
32,5,1,7,401227612,PIT
30,5,4,10,401227609,NYY
34,10,5,16,401227609,TB
32,8,4,6,401227610,OAK
35,13,3,6,401227610,BOS
35,4,6,12,401227614,TEX
39,11,7,8,401227614,HOU
38,12,2,5,401227604,CIN
37,15,7,4,401227604,COL
37,12,2,5,401227607,MIA
30,5,3,10,401227607,ARI
33,6,0,11,401227605,CLE
28,2,6,3,401227605,SEA
29,8,3,7,401319996,KC
22,5,4,11,401319996,CHW
36,4,2,12,401227627,SF
38,7,2,17,401227627,PIT
33,7,2,9,401227623,NYY
33,9,2,7,401227623,BAL
33,6,0,12,401227616,LAA
31,9,2,9,401227616,BOS
33,9,3,8,401227618,CHC
28,4,1,5,401227618,DET
34,6,1,11,401227624,NYM
32,7,4,11,401227624,TB
34,9,8,13,401227626,PHI
30,4,5,11,401227626,TOR
34,8,5,9,401227617,ATL
34,8,2,6,401227617,MIL
25,4,2,8,401227621,KC
25,6,5,9,401227621,CHW
34,7,4,9,401227625,OAK
33,7,2,5,401227625,MIN
33,9,1,5,401227629,TEX
33,10,8,3,401227629,HOU
33,10,4,8,401227619,CIN
36,15,6,14,401227619,COL
51,22,5,5,401227630,WSH
32,6,1,9,401227630,ARI
35,9,1,2,401227620,CLE
32,10,2,8,401227620,SEA
34,8,2,14,401227622,MIA
36,12,3,6,401227622,LAD
34,10,4,10,401227628,STL
24,4,12,4,401227628,SD
35,8,2,12,401227639,NYM
39,15,5,10,401227639,TB
35,9,0,9,401227640,OAK
30,8,4,2,401227640,MIN
29,4,7,8,401227631,LAA
35,12,2,4,401227631,BOS
41,11,3,8,401227633,CHC
43,14,7,14,401227633,DET
33,9,7,13,401227642,SF
36,15,2,5,401227642,PIT
38,13,3,11,401227638,NYY
31,7,2,7,401227638,BAL
36,11,4,12,401227632,ATL
28,3,5,6,401227632,MIL
36,11,3,9,401227636,KC
31,4,3,8,401227636,CHW
34,9,4,7,401227644,TEX
35,12,6,7,401227644,HOU
33,6,4,14,401227641,PHI
34,10,1,9,401227641,TOR
43,10,6,7,401227634,CIN
43,8,3,10,401227634,COL
36,10,5,6,401227645,WSH
36,12,3,11,401227645,ARI
32,6,3,7,401227643,STL
38,17,6,2,401227643,SD
33,6,3,7,401227635,CLE
31,8,5,10,401227635,SEA
30,2,1,10,401227637,MIA
28,6,7,6,401227637,LAD
35,10,3,10,401227653,NYY
34,11,6,5,401227653,BAL
36,9,5,11,401227657,SF
33,8,2,7,401227657,PIT
39,12,4,11,401227656,PHI
40,16,2,4,401227656,TOR
36,9,2,10,401227646,LAA
35,9,2,14,401227646,BOS
38,10,1,11,401227648,CHC
33,8,0,9,401227648,DET
29,2,1,9,401227654,NYM
31,10,1,4,401227654,TB
36,8,5,13,401227647,ATL
36,12,8,10,401227647,MIL
29,6,4,6,401227651,KC
34,11,5,9,401227651,CHW
37,12,4,9,401227655,OAK
36,11,3,7,401227655,MIN
33,8,2,11,401227659,TEX
32,9,3,4,401227659,HOU
32,9,5,4,401227649,CIN
35,9,4,10,401227649,COL
33,7,4,13,401227650,CLE
28,5,9,11,401227650,SEA
34,6,3,12,401227652,MIA
36,10,1,8,401227652,LAD
33,8,2,7,401227660,WSH
30,4,2,8,401227660,ARI
35,8,2,3,401227658,STL
29,7,8,9,401227658,SD
33,8,5,7,401227668,SF
36,10,3,7,401227668,CIN
35,9,5,12,401227667,NYM
30,3,1,8,401227667,ATL
40,18,8,4,401227662,CHW
37,11,0,9,401227662,MIN
32,6,3,8,401227669,WSH
33,12,0,9,401227669,CHC
32,7,1,7,401227666,NYY
30,7,4,11,401227666,TEX
36,11,1,12,401227663,CLE
34,10,4,10,401227663,LAA
30,4,6,7,401227661,ARI
29,5,7,10,401227661,LAD
31,4,0,12,401227664,COL
33,10,3,3,401227664,SD
32,6,4,11,401227665,DET
29,4,3,8,401227665,SEA
34,8,4,17,401227682,SF
34,8,2,8,401227682,CIN
33,6,0,15,401227677,MIA
36,14,4,4,401227677,PHI
42,15,5,14,401227683,TB
36,9,6,13,401227683,BAL
32,8,1,8,401227680,NYM
31,5,3,15,401227680,ATL
33,5,2,11,401227671,BOS
41,18,2,9,401227671,TOR
35,6,6,13,401227672,CHW
36,9,3,4,401227672,MIN
36,9,2,7,401227684,WSH
32,13,3,8,401227684,CHC
33,6,2,6,401227681,PIT
34,11,3,5,401227681,STL
38,13,3,6,401227679,NYY
33,7,3,8,401227679,TEX
29,3,2,7,401227678,MIL
29,5,2,5,401227678,KC
34,8,3,5,401227673,CLE
33,7,2,7,401227673,LAA
37,13,0,6,401227676,HOU
31,8,6,10,401227676,OAK
30,3,0,10,401227670,ARI
34,10,6,9,401227670,LAD
36,6,4,18,401227674,COL
34,6,1,11,401227674,SD
37,10,2,12,401227675,DET
27,0,2,9,401227675,SEA
31,5,4,5,401227687,CHW
28,2,3,13,401227687,MIN
29,2,0,14,401227689,COL
30,6,2,8,401227689,SD
36,9,2,10,401227697,SF
29,3,3,10,401227697,CIN
37,11,1,9,401227692,MIA
31,7,2,10,401227692,PHI
37,10,3,11,401227698,TB
38,11,3,7,401227698,BAL
32,4,1,13,401227695,NYM
32,10,3,10,401227695,ATL
39,13,0,11,401227686,BOS
32,9,5,6,401227686,TOR
35,9,3,7,401227699,WSH
34,8,5,13,401227699,CHC
36,9,5,11,401227696,PIT
32,10,8,9,401227696,STL
25,4,5,6,401227694,NYY
27,0,1,9,401227694,TEX
31,8,4,10,401227688,CLE
31,5,2,10,401227688,LAA
36,9,3,8,401227693,MIL
31,7,3,10,401227693,KC
41,15,5,8,401227691,HOU
31,4,0,10,401227691,OAK
29,2,2,11,401227685,ARI
30,7,3,7,401227685,LAD
35,10,3,7,401227690,DET
32,5,2,13,401227690,SEA
43,16,6,10,401227706,SF
36,10,2,12,401227706,CIN
45,18,7,9,401227707,TB
28,2,6,7,401227707,BAL
32,9,3,10,401227704,NYY
32,6,1,7,401227704,TEX
31,6,3,14,401227708,WSH
34,10,2,7,401227708,CHC
40,14,2,4,401227702,HOU
34,8,4,10,401227702,OAK
23,4,0,6,401322957,MIN
27,10,2,3,401322957,LAA
34,8,5,10,401227703,MIA
29,3,4,15,401227703,PHI
27,6,8,6,401322958,MIN
24,3,2,12,401322958,LAA
40,12,1,10,401227705,PIT
37,8,3,12,401227705,ATL
39,14,3,8,401227701,BOS
39,11,5,13,401227701,TOR
33,7,1,14,401227700,ARI
29,7,1,13,401227700,LAD
29,4,4,7,401227710,BAL
34,12,4,9,401227710,WSH
41,13,2,17,401227711,BOS
32,6,4,13,401227711,PHI
31,6,2,11,401227712,CHW
32,8,0,15,401227712,NYY
32,6,4,11,401227717,MIL
31,9,8,8,401227717,CIN
35,9,9,13,401227718,MIN
33,5,2,8,401227718,CLE
41,8,3,7,401227719,NYM
43,11,5,18,401227719,MIA
37,11,1,9,401227721,PIT
41,20,5,9,401227721,ATL
42,7,10,10,401227723,TB
45,11,4,13,401227723,TOR
43,12,4,7,401227715,HOU
38,10,3,8,401227715,TEX
39,14,1,12,401227714,DET
36,10,1,4,401227714,KC
34,12,6,4,401227713,CHC
36,9,1,7,401227713,STL
32,7,4,9,401227709,ARI
32,10,2,7,401227709,COL
37,13,6,7,401227720,OAK
33,7,3,12,401227720,LAA
35,10,2,11,401227716,LAD
30,2,4,13,401227716,SF
30,4,6,11,401227722,SEA
40,17,6,8,401227722,SD
29,5,3,10,401227727,CHW
35,11,5,12,401227727,NYY
37,12,4,7,401227724,ARI
33,10,0,5,401227724,COL
38,12,4,11,401227725,BAL
39,15,3,9,401227725,WSH
34,8,4,4,401227730,HOU
35,9,6,11,401227730,TEX
39,11,4,10,401227729,DET
31,10,4,8,401227729,KC
32,6,5,13,401227732,MIL
33,7,0,10,401227732,CIN
35,8,3,12,401227733,MIN
32,8,4,7,401227733,CLE
32,5,4,11,401227734,NYM
31,7,1,13,401227734,MIA
32,7,4,7,401227736,PIT
33,10,3,10,401227736,ATL
33,7,5,11,401227726,BOS
33,7,4,13,401227726,PHI
32,5,3,11,401227728,CHC
30,6,0,7,401227728,STL
34,9,1,5,401227731,LAD
31,7,2,7,401227731,SF
36,8,1,11,401227738,TB
31,6,4,10,401227738,TOR
35,9,2,11,401227737,SEA
29,8,9,7,401227737,SD
34,9,4,3,401227735,OAK
32,5,1,10,401227735,LAA
34,13,3,7,401227740,BAL
33,11,3,8,401227740,WSH
31,4,2,12,401227741,BOS
31,10,4,9,401227741,PHI
31,6,4,7,401227742,CHW
34,10,5,9,401227742,NYY
34,10,7,8,401227753,TB
37,10,1,5,401227753,TOR
36,9,5,8,401227747,MIL
35,7,4,10,401227747,CIN
37,7,6,10,401227748,MIN
42,12,4,15,401227748,CLE
32,6,0,7,401227749,NYM
31,7,3,5,401227749,MIA
30,4,3,4,401227751,PIT
29,7,1,8,401227751,ATL
33,7,5,9,401227744,DET
26,5,1,8,401227744,KC
37,7,3,7,401227745,HOU
32,6,8,9,401227745,TEX
30,4,3,9,401227739,ARI
33,8,3,6,401227739,COL
37,11,4,7,401227746,LAD
33,7,4,12,401227746,SF
34,9,4,11,401227750,OAK
29,9,5,10,401227750,LAA
34,9,0,9,401227752,SEA
31,8,4,9,401227752,SD
33,3,3,10,401227743,CHC
35,6,6,7,401227743,STL
43,11,7,16,401227761,TB
44,11,0,10,401227761,TOR
36,9,4,8,401227757,PHI
34,12,2,7,401227757,MIA
31,9,4,5,401227755,CLE
34,9,6,11,401227755,DET
27,5,6,5,401227756,COL
30,4,0,10,401227756,NYM
35,9,2,7,401227754,BAL
34,12,2,7,401227754,MIN
32,5,2,10,401227758,SD
29,6,5,13,401227758,MIL
31,4,3,7,401227760,STL
29,6,5,6,401227760,CHW
33,6,4,12,401227759,SEA
30,5,4,9,401227759,OAK
36,11,2,7,401227764,CHC
33,7,3,13,401227764,PIT
28,2,1,6,401227770,PHI
29,5,4,7,401227770,MIA
30,6,2,12,401227765,CIN
30,4,2,6,401227765,WSH
40,13,4,10,401227776,TOR
33,7,3,13,401227776,NYY
35,8,5,7,401227762,ATL
29,4,3,12,401227762,BOS
34,7,1,13,401227766,CLE
34,7,2,8,401227766,DET
30,3,3,16,401227767,COL
30,9,5,9,401227767,NYM
34,7,0,14,401227768,KC
29,4,5,9,401227768,TB
38,10,3,8,401227763,BAL
33,10,3,9,401227763,MIN
31,5,4,11,401227771,SD
30,2,1,13,401227771,MIL
34,7,9,8,401227769,LAD
33,6,0,8,401227769,HOU
34,10,2,8,401227774,STL
36,11,2,5,401227774,CHW
33,5,5,8,401227775,TEX
35,12,4,8,401227775,LAA
37,11,2,5,401227772,SEA
35,8,2,9,401227772,OAK
39,13,3,7,401227773,SF
36,9,2,15,401227773,ARI
31,5,3,11,401227778,BAL
27,4,4,5,401227778,MIN
32,5,2,14,401227789,STL
31,6,5,9,401227789,CHW
34,7,3,5,401227787,SEA
27,8,6,5,401227787,OAK
38,11,4,13,401227790,TEX
33,12,3,9,401227790,LAA
35,10,5,7,401227779,CHC
31,5,1,12,401227779,PIT
31,5,3,8,401227785,PHI
31,7,4,6,401227785,MIA
36,11,2,7,401227780,CIN
33,9,6,7,401227780,WSH
34,9,2,9,401227777,ATL
32,7,3,7,401227777,BOS
27,4,5,7,401227781,CLE
24,3,3,9,401227781,DET
33,4,2,12,401227783,KC
31,3,9,13,401227783,TB
31,4,3,10,401227784,LAD
31,8,4,3,401227784,HOU
34,6,1,13,401227786,SD
35,5,2,8,401227786,MIL
35,9,1,9,401227788,SF
38,13,0,7,401227788,ARI
24,3,2,4,401227797,COL
20,3,1,6,401227797,NYM
30,6,3,7,401227799,PHI
27,4,7,9,401227799,MIA
37,10,1,8,401227794,CHC
33,7,2,7,401227794,PIT
35,8,5,9,401227796,CLE
30,3,6,15,401227796,DET
37,8,3,8,401227800,SD
37,9,5,11,401227800,MIL
26,6,3,6,401330950,COL
21,5,5,5,401330950,NYM
33,8,1,10,401227798,KC
30,8,5,10,401227798,TB
25,4,2,8,401330913,TOR
23,2,2,8,401330913,NYY
28,6,1,6,401227795,CIN
23,2,1,6,401227795,WSH
26,8,2,2,401227804,TOR
23,7,2,6,401227804,NYY
32,5,2,16,401227793,BAL
35,12,4,9,401227793,CHW
29,2,1,9,401227792,LAA
31,10,6,8,401227792,OAK
40,9,2,11,401227802,STL
36,7,3,11,401227802,ARI
30,3,2,13,401227801,SF
30,6,0,11,401227801,LAD
32,6,1,8,401227803,TEX
29,7,4,9,401227803,SEA
32,7,3,9,401227808,CIN
26,3,3,8,401227808,CHC
22,5,3,6,401227811,MIA
21,5,2,6,401227811,BOS
41,11,2,12,401227813,NYY
34,7,3,7,401227813,DET
34,15,6,7,401227818,TOR
22,4,2,7,401227818,CLE
38,13,2,8,401227810,KC
32,6,6,8,401227810,MIN
45,11,6,9,401227814,SD
37,7,10,9,401227814,HOU
30,6,3,10,401227805,LAA
25,5,5,7,401227805,OAK
33,6,6,7,401227816,STL
37,11,7,12,401227816,ARI
33,6,6,9,401227815,SF
38,8,7,5,401227815,LAD
30,8,5,7,401227817,TEX
28,6,1,9,401227817,SEA
26,4,1,7,401331656,COL
25,8,5,5,401331656,PIT
32,5,4,15,401227828,PHI
30,6,4,16,401227828,TB
24,4,2,7,401331655,MIL
23,4,1,7,401331655,WSH
28,8,1,6,401227821,BAL
27,8,6,10,401227821,CHW
32,7,3,12,401227824,KC
33,9,5,8,401227824,MIN
32,5,4,9,401227822,CIN
35,13,6,7,401227822,CHC
23,2,5,7,401227823,COL
25,7,1,7,401227823,PIT
36,9,2,11,401227819,LAA
27,3,2,9,401227819,OAK
37,10,3,14,401227825,MIA
35,12,0,6,401227825,BOS
29,3,4,12,401227827,NYY
29,7,1,6,401227827,DET
48,13,6,11,401227829,SD
40,9,8,8,401227829,HOU
25,4,2,11,401331675,BAL
23,5,2,6,401331675,CHW
29,5,5,13,401227820,ATL
38,13,3,12,401227820,NYM
30,12,4,7,401227826,MIL
30,8,4,7,401227826,WSH
40,16,5,11,401227830,SF
36,8,2,13,401227830,LAD
35,10,5,7,401227831,STL
35,8,6,11,401227831,ARI
29,4,2,11,401227832,TEX
30,7,1,4,401227832,SEA
34,7,8,12,401227838,COL
30,5,5,5,401227838,PIT
31,4,4,12,401227841,MIL
29,3,3,12,401227841,WSH
34,9,5,12,401227842,NYY
31,6,8,7,401227842,DET
35,10,1,8,401227843,PHI
31,9,4,10,401227843,TB
27,10,2,3,401227848,TOR
25,4,1,4,401227848,CLE
30,3,3,12,401227836,BAL
32,8,4,9,401227836,CHW
36,11,1,5,401227839,KC
32,5,7,12,401227839,MIN
34,9,2,6,401227844,SD
29,5,3,6,401227844,HOU
34,7,6,7,401227837,CIN
29,4,4,11,401227837,CHC
23,5,5,6,401331686,TOR
23,5,5,4,401331686,CLE
35,8,2,5,401227834,LAA
31,4,5,13,401227834,OAK
34,8,5,11,401227845,SF
34,5,1,11,401227845,LAD
35,10,1,10,401227846,STL
37,13,5,1,401227846,ARI
31,4,1,8,401227847,TEX
33,9,2,8,401227847,SEA
36,7,3,14,401227853,MIN
35,6,1,9,401227853,BAL
33,6,3,9,401227860,TB
31,5,3,6,401227860,NYY
35,8,2,12,401227852,DET
32,7,2,11,401227852,MIL
34,8,4,8,401227856,PHI
36,11,4,5,401227856,CIN
32,6,1,8,401227858,SD
32,10,2,11,401227858,CHC
29,6,5,14,401227851,CHW
32,10,2,10,401227851,CLE
32,5,1,12,401227850,BOS
33,13,6,9,401227850,HOU
31,6,1,6,401227849,LAA
30,7,6,9,401227849,SF
38,10,2,12,401227855,OAK
35,8,4,9,401227855,SEA
33,7,3,10,401227861,WSH
29,6,5,11,401227861,ATL
27,7,1,12,401322280,CHW
25,7,1,8,401322280,CLE
33,6,2,10,401227857,PIT
35,13,1,6,401227857,KC
32,5,1,7,401227859,STL
33,10,4,12,401227859,LAD
39,13,2,8,401227854,NYM
35,8,0,11,401227854,ARI
36,10,4,9,401227864,CHW
34,9,1,5,401227864,CLE
36,3,6,12,401227874,TB
38,6,7,11,401227874,NYY
36,10,5,12,401227867,MIN
32,10,4,4,401227867,BAL
32,7,4,14,401227866,MIA
35,11,0,6,401227866,TOR
44,18,6,11,401227870,PHI
31,9,3,3,401227870,CIN
41,14,3,12,401227876,WSH
35,8,4,9,401227876,ATL
38,13,7,11,401227865,DET
34,7,4,14,401227865,MIL
33,7,1,8,401227872,SD
33,9,1,5,401227872,CHC
32,5,1,9,401227863,BOS
29,8,8,7,401227863,HOU
36,10,2,11,401227871,PIT
34,12,4,6,401227871,KC
36,4,2,14,401227875,TEX
39,9,4,12,401227875,COL
33,6,4,5,401227868,NYM
40,11,2,9,401227868,ARI
34,8,5,7,401227862,LAA
32,6,1,9,401227862,SF
38,13,6,9,401227869,OAK
38,11,3,14,401227869,SEA
36,8,1,13,401227873,STL
32,7,5,7,401227873,LAD
31,5,4,10,401227884,SD
34,9,3,11,401227884,CHC
41,16,1,6,401227881,NYM
32,8,4,4,401227881,ARI
31,6,3,9,401227880,MIN
33,11,4,5,401227880,BAL
33,6,5,10,401227886,TB
31,9,6,14,401227886,NYY
33,6,4,10,401227879,MIA
35,9,6,15,401227879,TOR
35,9,2,7,401227888,WSH
34,7,3,10,401227888,ATL
34,7,2,11,401227877,BOS
26,4,2,10,401227877,HOU
34,7,1,6,401227887,TEX
33,12,3,6,401227887,COL
35,7,2,12,401227885,STL
35,10,10,8,401227885,LAD
37,10,1,7,401227882,OAK
29,4,2,8,401227882,SEA
31,4,5,10,401227900,WSH
31,7,3,9,401227900,ATL
37,10,4,10,401227898,TB
32,6,0,6,401227898,NYY
34,8,7,12,401227890,BOS
33,7,1,6,401227890,HOU
32,6,3,10,401227899,TEX
40,16,2,6,401227899,COL
32,7,2,5,401227894,MIA
31,7,2,8,401227894,PIT
40,13,4,11,401227889,ARI
31,7,5,5,401227889,MIL
32,5,2,12,401227893,DET
30,6,0,9,401227893,CHW
34,10,3,9,401227895,MIN
32,9,2,5,401227895,KC
36,10,2,7,401227892,CIN
31,6,5,8,401227892,STL
36,11,3,9,401227897,SEA
33,6,3,10,401227897,LAA
30,5,0,8,401227891,CHC
33,11,5,9,401227891,SF
32,6,4,7,401227896,NYM
32,8,4,5,401227896,SD
36,9,0,10,401227902,BOS
34,8,1,15,401227902,NYY
35,8,1,10,401227905,CLE
28,7,3,7,401227905,BAL
32,5,4,9,401227909,MIA
34,12,5,7,401227909,PIT
31,6,2,8,401227915,WSH
29,6,1,11,401227915,PHI
42,16,4,6,401227907,HOU
31,6,1,3,401227907,TOR
31,4,8,10,401227908,LAD
33,7,5,11,401227908,ATL
35,10,2,9,401227914,TB
32,10,0,2,401227914,TEX
27,1,3,10,401227901,ARI
29,6,4,6,401227901,MIL
36,10,5,7,401227906,DET
33,9,6,5,401227906,CHW
37,11,3,6,401227910,MIN
38,12,5,7,401227910,KC
34,9,4,6,401227904,CIN
35,7,4,11,401227904,STL
37,12,6,3,401227912,OAK
38,12,2,3,401227912,COL
31,6,1,15,401227913,SEA
26,7,4,8,401227913,LAA
33,5,3,8,401227903,CHC
33,10,6,9,401227903,SF
30,3,2,14,401227911,NYM
28,6,3,5,401227911,SD
33,7,0,11,401227921,DET
34,8,4,16,401227921,CHW
37,9,4,8,401227919,CIN
34,7,1,10,401227919,STL
33,9,2,9,401227922,HOU
33,11,3,10,401227922,TOR
41,14,0,11,401227920,CLE
38,11,0,8,401227920,BAL
45,11,3,12,401227924,MIA
41,7,5,10,401227924,PIT
32,5,1,11,401227929,TB
28,4,1,10,401227929,TEX
32,4,5,9,401227930,WSH
30,6,2,7,401227930,PHI
36,10,3,14,401227916,ARI
32,8,2,7,401227916,MIL
33,7,1,7,401227925,MIN
33,7,2,6,401227925,KC
38,13,2,7,401227917,BOS
31,6,3,11,401227917,NYY
33,4,0,13,401227918,CHC
30,9,5,9,401227918,SF
34,5,2,11,401227923,LAD
33,11,3,12,401227923,ATL
35,12,2,5,401227927,OAK
35,11,1,8,401227927,COL
32,4,1,9,401227928,SEA
40,16,1,14,401227928,LAA
40,13,3,16,401227926,NYM
33,5,1,15,401227926,SD
33,8,3,7,401227935,CLE
43,21,3,6,401227935,BAL
30,5,2,6,401227939,MIA
32,7,2,6,401227939,PIT
36,10,3,9,401227945,WSH
35,9,4,9,401227945,PHI
39,12,7,8,401227937,HOU
31,5,4,9,401227937,TOR
34,7,0,5,401227938,LAD
29,7,6,10,401227938,ATL
33,6,0,16,401227931,ARI
30,6,3,11,401227931,MIL
32,5,1,14,401227936,DET
30,6,2,2,401227936,CHW
35,10,3,10,401227940,MIN
31,6,1,11,401227940,KC
35,10,4,8,401227934,CIN
39,14,4,12,401227934,STL
37,10,5,10,401227944,TB
32,8,6,8,401227944,TEX
34,8,1,11,401227942,OAK
30,9,3,8,401227942,COL
35,8,2,8,401227933,CHC
34,9,3,7,401227933,SF
36,10,5,14,401227943,SEA
34,7,6,11,401227943,LAA
33,10,2,9,401227941,NYM
33,6,5,9,401227941,SD
34,6,4,6,401227932,BOS
38,11,7,11,401227932,NYY
38,12,5,13,401331792,MIA
33,10,3,6,401331792,BOS
34,9,0,5,401227947,KC
31,9,5,5,401227947,LAA
29,7,2,9,401227946,CHC
32,10,8,11,401227946,SD
37,12,4,7,401227949,ATL
35,11,6,4,401227949,PHI
36,10,1,6,401227955,LAD
33,6,1,5,401227955,PIT
30,4,2,9,401227958,NYM
39,16,3,9,401227958,BAL
30,5,1,8,401227952,COL
35,13,1,12,401227952,MIA
35,11,7,10,401227953,HOU
33,6,1,12,401227953,BOS
32,7,9,10,401227956,MIL
31,6,6,11,401227956,CIN
33,8,4,6,401227959,SEA
32,9,2,6,401227959,DET
31,6,4,14,401227962,WSH
30,7,8,8,401227962,TB
38,13,6,8,401227960,SF
31,8,4,5,401227960,TEX
42,14,2,5,401227957,NYY
37,10,0,7,401227957,MIN
32,8,4,12,401227961,TOR
34,11,3,15,401227961,CHW
40,15,3,12,401227951,CLE
33,6,3,11,401227951,STL
31,6,4,8,401227954,KC
32,9,3,11,401227954,LAA
31,5,1,6,401227948,ARI
30,6,5,9,401227948,OAK
34,7,3,8,401227950,CHC
28,3,5,9,401227950,SD
37,5,3,8,401227975,SF
33,5,4,12,401227975,TEX
30,2,4,5,401227963,ARI
28,6,5,9,401227963,OAK
28,4,2,11,401227965,CHC
31,4,1,11,401227965,SD
33,8,2,10,401227964,ATL
31,5,2,8,401227964,PHI
34,7,5,2,401227970,LAD
29,3,8,9,401227970,PIT
40,16,2,8,401227973,NYM
32,6,1,10,401227973,BAL
34,10,3,12,401227967,COL
34,9,4,8,401227967,MIA
42,17,4,8,401227968,HOU
30,4,1,9,401227968,BOS
35,9,4,10,401227971,MIL
32,8,7,7,401227971,CIN
39,10,5,11,401227974,SEA
38,9,2,10,401227974,DET
41,10,5,18,401227977,WSH
40,8,7,13,401227977,TB
40,15,3,4,401227972,NYY
38,11,0,10,401227972,MIN
36,8,2,11,401227976,TOR
31,4,4,7,401227976,CHW
29,3,0,7,401227966,CLE
34,10,4,11,401227966,STL
32,5,4,8,401227969,KC
31,9,5,9,401227969,LAA
29,10,7,7,401227982,LAD
26,6,0,6,401227982,PIT
35,8,4,11,401227983,MIL
32,6,2,15,401227983,CIN
34,5,4,15,401227978,ATL
36,9,2,4,401227978,PHI
33,6,3,7,401227985,SEA
35,12,5,6,401227985,DET
34,7,1,9,401227979,COL
39,16,3,10,401227979,MIA
35,10,4,9,401227980,HOU
38,14,4,3,401227980,BOS
34,8,2,11,401227987,TOR
30,7,2,6,401227987,CHW
38,12,2,5,401227984,NYY
33,12,3,6,401227984,MIN
36,10,0,8,401227981,KC
29,3,1,10,401227981,OAK
34,9,3,8,401227999,STL
33,10,1,10,401227999,CHC
31,4,0,10,401227998,SF
27,2,1,8,401227998,WSH
36,9,4,10,401227989,ATL
27,5,7,7,401227989,MIA
31,4,2,8,401227990,BAL
31,9,4,8,401227990,TB
34,8,5,9,401227991,CHW
36,7,3,15,401227991,DET
34,7,1,11,401227992,COL
36,10,6,7,401227992,CIN
31,5,1,15,401227996,SD
28,7,3,7,401227996,NYM
29,2,1,11,401227997,SEA
36,14,5,6,401227997,CLE
42,16,3,9,401228001,TOR
33,8,3,9,401228001,BOS
36,11,2,11,401227993,HOU
34,6,1,11,401227993,MIN
34,6,0,8,401227995,PIT
28,6,11,8,401227995,MIL
38,9,5,9,401227988,LAA
41,10,3,15,401227988,ARI
36,9,1,7,401227994,KC
33,8,2,9,401227994,OAK
33,4,3,12,401228000,TEX
38,16,3,4,401228000,LAD
24,5,0,10,401334713,SF
20,4,2,4,401334713,WSH
38,10,4,11,401228009,NYY
40,14,5,8,401228009,PHI
32,5,5,8,401228008,KC
36,14,6,8,401228008,OAK
37,12,5,10,401228002,LAA
36,10,1,7,401228002,ARI
33,7,1,10,401228003,ATL
29,8,2,5,401228003,MIA
31,6,3,11,401228004,BAL
33,9,4,12,401228004,TB
40,13,11,7,401228005,CHW
31,5,5,10,401228005,DET
37,11,4,12,401228010,PIT
32,8,4,6,401228010,MIL
31,6,2,12,401228011,SD
28,5,2,10,401228011,NYM
37,8,7,15,401228012,SEA
34,8,6,6,401228012,CLE
34,10,4,7,401228016,TOR
31,5,3,13,401228016,BOS
33,7,2,5,401228006,COL
36,14,4,7,401228006,CIN
31,5,2,10,401228007,HOU
30,8,3,6,401228007,MIN
27,3,6,4,401228013,SF
26,4,1,8,401228013,WSH
32,5,4,4,401228014,STL
26,5,8,6,401228014,CHC
42,17,4,11,401228015,TEX
32,6,2,10,401228015,LAD
30,4,1,11,401228024,NYY
35,12,1,5,401228024,PHI
32,5,0,10,401228028,SF
30,10,4,4,401228028,WSH
34,9,7,5,401228018,ATL
36,9,1,12,401228018,MIA
26,2,2,7,401228019,BAL
33,10,5,5,401228019,TB
38,11,3,6,401228020,CHW
27,1,2,12,401228020,DET
32,6,6,13,401228021,COL
31,9,1,6,401228021,CIN
31,9,6,10,401228026,SD
35,8,1,13,401228026,NYM
40,13,3,13,401228027,SEA
31,5,2,8,401228027,CLE
44,20,4,7,401228031,TOR
32,6,4,12,401228031,BOS
43,20,4,6,401228022,HOU
32,7,3,4,401228022,MIN
36,10,3,7,401228025,PIT
28,5,1,12,401228025,MIL
33,6,3,8,401228023,KC
32,9,4,6,401228023,OAK
39,13,1,6,401228017,LAA
34,8,4,5,401228017,ARI
36,10,4,6,401228030,TEX
32,11,3,9,401228030,LAD
28,2,3,9,401228029,STL
30,5,1,6,401228029,CHC
27,3,2,9,401228035,CHC
27,5,8,6,401228035,NYM
32,7,3,5,401228041,PIT
29,6,3,5,401228041,WSH
30,5,4,11,401228034,BAL
27,5,0,4,401228034,CLE
30,4,1,10,401228044,TOR
31,7,1,7,401228044,BOS
37,11,6,6,401228036,CIN
30,4,2,12,401228036,MIL
38,12,1,8,401228037,DET
39,14,4,9,401228037,KC
34,9,3,12,401228043,TB
31,5,2,11,401228043,CHW
30,5,3,9,401228038,MIA
31,10,3,4,401228038,STL
31,5,0,5,401228042,SD
31,8,3,6,401228042,COL
41,14,3,9,401228032,LAA
31,9,6,9,401228032,OAK
32,6,2,8,401228033,ARI
36,14,4,6,401228033,SF
37,10,2,9,401228039,MIN
31,9,5,11,401228039,SEA
35,8,3,10,401228040,PHI
27,3,1,7,401228040,LAD
33,7,1,15,401228049,CHC
30,8,6,11,401228049,NYM
35,8,1,8,401228056,PIT
34,13,2,7,401228056,WSH
36,9,6,7,401228054,NYY
34,9,6,6,401228054,TOR
34,7,1,14,401228047,BAL
37,10,3,6,401228047,CLE
39,14,2,11,401228048,BOS
36,9,3,15,401228048,ATL
28,2,3,14,401228050,CIN
32,4,5,13,401228050,MIL
36,10,0,10,401228051,DET
32,7,2,5,401228051,KC
32,6,2,8,401228058,TB
32,9,1,8,401228058,CHW
38,6,4,9,401228059,TEX
33,9,3,9,401228059,HOU
30,3,6,10,401228052,MIA
28,6,1,9,401228052,STL
30,7,2,5,401228057,SD
35,12,3,8,401228057,COL
33,7,1,8,401228045,LAA
31,8,4,7,401228045,OAK
38,12,3,7,401228046,ARI
35,11,4,5,401228046,SF
29,4,0,8,401228053,MIN
37,14,4,11,401228053,SEA
34,6,4,9,401228055,PHI
33,11,3,5,401228055,LAD
32,6,1,6,401228067,MIA
30,6,1,7,401228067,STL
31,6,2,8,401228065,CIN
31,5,2,17,401228065,MIL
38,13,5,9,401228066,DET
37,10,2,8,401228066,KC
40,9,2,12,401228073,TB
39,12,1,10,401228073,CHW
36,11,5,7,401228072,SD
36,13,3,5,401228072,COL
35,9,2,7,401228060,LAA
34,10,3,6,401228060,OAK
36,9,1,4,401228071,PIT
31,8,4,8,401228071,WSH
41,14,3,10,401228063,BOS
39,12,5,8,401228063,ATL
32,4,3,12,401228069,NYY
33,6,1,5,401228069,TOR
38,12,3,9,401228062,BAL
32,9,4,9,401228062,CLE
32,3,3,16,401228064,CHC
28,5,6,4,401228064,NYM
31,6,4,6,401228074,TEX
35,12,3,6,401228074,HOU
39,10,2,7,401228061,ARI
36,13,9,9,401228061,SF
36,11,3,6,401228068,MIN
30,5,0,11,401228068,SEA
36,10,2,11,401228070,PHI
31,5,4,10,401228070,LAD
35,8,0,13,401228076,BAL
37,13,3,8,401228076,CLE
32,5,1,6,401228075,ARI
36,15,2,5,401228075,SF
38,11,6,8,401228082,NYY
33,10,2,7,401228082,TOR
31,4,1,9,401228078,CHC
28,2,2,11,401228078,NYM
29,3,0,9,401228083,STL
29,8,5,5,401228083,ATL
31,4,1,8,401228077,CHW
32,8,5,7,401228077,HOU
35,9,3,4,401228079,CIN
32,7,3,8,401228079,SD
31,4,7,4,401228081,MIL
35,9,3,7,401228081,COL
35,11,3,7,401228080,DET
36,12,2,6,401228080,LAA
33,8,2,11,401228084,TB
33,10,2,9,401228084,SEA
35,12,3,9,401228088,CLE
32,9,4,6,401228088,PIT
27,2,4,8,401228094,NYM
29,7,3,8,401228094,WSH
36,9,1,10,401228095,OAK
30,4,2,9,401228095,NYY
31,4,2,10,401228099,TOR
35,12,2,9,401228099,BAL
28,3,3,6,401228097,STL
32,11,7,7,401228097,ATL
34,9,7,8,401228091,MIA
31,4,5,7,401228091,CHC
38,10,6,11,401228093,MIN
39,9,2,10,401228093,TEX
36,11,2,11,401228085,BOS
32,10,5,8,401228085,KC
33,7,3,13,401228086,CHW
29,5,3,10,401228086,HOU
36,9,4,7,401228092,MIL
37,11,3,10,401228092,COL
33,6,5,11,401228089,DET
36,13,3,8,401228089,LAA
27,3,7,7,401228090,LAD
30,3,3,9,401228090,ARI
32,7,0,8,401228096,PHI
31,6,4,8,401228096,SF
32,6,2,15,401228087,CIN
33,12,5,5,401228087,SD
32,5,3,8,401228098,TB
34,13,1,6,401228098,SEA
37,10,4,14,401228110,OAK
32,11,5,7,401228110,NYY
27,7,0,6,401319234,NYM
24,4,7,8,401319234,WSH
37,11,4,9,401228106,MIA
29,3,0,7,401228106,CHC
33,6,2,7,401228103,CLE
28,5,8,7,401228103,PIT
31,4,3,7,401228108,MIN
33,7,1,6,401228108,TEX
43,16,5,11,401228111,PHI
32,8,4,8,401228111,SF
35,10,6,10,401228114,TOR
36,9,2,12,401228114,BAL
34,8,3,5,401228100,BOS
34,7,2,7,401228100,KC
29,8,1,7,401228109,NYM
27,10,1,6,401228109,WSH
35,8,2,7,401228101,CHW
34,11,2,8,401228101,HOU
35,10,3,9,401228102,CIN
35,11,4,8,401228102,SD
37,11,4,7,401228107,MIL
35,11,6,7,401228107,COL
32,6,4,13,401228104,DET
35,12,5,4,401228104,LAA
36,11,7,7,401228105,LAD
30,4,3,14,401228105,ARI
37,8,0,11,401228113,TB
36,9,2,11,401228113,SEA
31,4,2,11,401228118,CLE
31,6,3,8,401228118,PIT
30,4,1,11,401228124,NYM
35,13,1,8,401228124,WSH
29,4,5,8,401228125,OAK
27,3,2,15,401228125,NYY
41,14,5,9,401228129,TOR
31,5,2,5,401228129,BAL
37,11,3,8,401228115,BOS
39,15,3,7,401228115,KC
27,3,6,9,401228116,CHW
36,14,7,9,401228116,HOU
32,12,3,6,401337348,STL
23,3,3,11,401337348,ATL
33,6,0,8,401228121,MIA
25,4,3,8,401228121,CHC
39,14,2,8,401228123,MIN
33,6,2,6,401228123,TEX
34,12,3,5,401228122,MIL
39,12,1,9,401228122,COL
31,4,1,8,401228126,PHI
40,15,3,11,401228126,SF
38,9,8,11,401228119,DET
37,10,2,12,401228119,LAA
33,8,3,8,401228117,CIN
29,7,4,11,401228117,SD
40,15,6,8,401228120,LAD
39,12,3,8,401228120,ARI
33,5,4,12,401228128,TB
33,6,3,11,401228128,SEA
23,2,3,8,401228127,STL
21,4,1,7,401228127,ATL
23,2,3,8,401331817,ATL
22,4,3,4,401331817,NYM
37,13,8,12,401228133,HOU
30,2,1,15,401228133,BAL
33,6,2,13,401228132,CLE
30,6,4,12,401228132,CHC
34,7,5,4,401228136,OAK
33,10,3,9,401228136,TEX
25,4,3,6,401228130,ATL
24,5,1,5,401228130,NYM
43,11,7,12,401228131,CIN
44,13,8,13,401228131,MIN
31,5,2,6,401228135,MIL
30,9,6,11,401228135,ARI
31,3,3,16,401228134,LAD
33,10,5,9,401228134,SD
37,11,5,5,401228140,CIN
38,11,1,9,401228140,MIN
33,6,2,8,401228139,CHW
32,9,3,9,401228139,PIT
33,8,4,10,401228143,HOU
30,6,1,8,401228143,BAL
36,8,3,9,401228144,KC
36,9,8,10,401228144,NYY
36,9,2,10,401228151,WSH
33,6,4,13,401228151,PHI
32,5,5,12,401228137,ATL
29,2,2,12,401228137,NYM
39,10,3,11,401228138,BOS
41,9,4,11,401228138,TB
32,6,4,6,401228149,STL
35,12,5,4,401228149,DET
34,7,1,5,401228150,TOR
30,3,1,11,401228150,MIA
33,6,1,6,401228141,CLE
32,8,1,11,401228141,CHC
41,15,5,10,401228147,OAK
34,9,3,6,401228147,TEX
38,12,1,14,401228148,SF
33,6,2,13,401228148,LAA
34,8,2,13,401228146,MIL
29,2,5,12,401228146,ARI
34,8,5,9,401228145,LAD
28,4,3,10,401228145,SD
29,4,3,8,401228142,COL
28,6,1,9,401228142,SEA
35,9,4,11,401228154,CHW
37,10,1,11,401228154,PIT
35,12,8,9,401228164,WSH
43,15,6,5,401228164,PHI
33,7,2,5,401228162,STL
27,6,7,7,401228162,DET
33,7,5,10,401228159,MIL
31,5,3,12,401228159,ARI
49,11,6,19,401228161,SF
43,8,4,13,401228161,LAA
32,5,5,9,401228155,COL
31,4,1,9,401228155,SEA
43,17,6,5,401228156,HOU
31,6,3,7,401228156,BAL
35,8,5,10,401228157,KC
30,7,11,10,401228157,NYY
34,8,5,8,401228152,ATL
35,13,4,9,401228152,NYM
32,6,6,12,401228153,BOS
31,6,9,9,401228153,TB
34,8,3,10,401228163,TOR
33,5,1,9,401228163,MIA
36,10,0,5,401228160,OAK
30,10,3,6,401228160,TEX
31,5,3,6,401228158,LAD
28,7,6,11,401228158,SD
31,6,4,11,401228171,KC
36,13,5,7,401228171,NYY
37,10,3,6,401228172,OAK
32,7,3,7,401228172,TEX
34,7,3,10,401228166,BAL
34,10,5,7,401228166,TOR
35,8,4,12,401228165,ATL
30,8,8,8,401228165,CIN
29,4,5,10,401228167,BOS
28,2,5,9,401228167,TB
45,18,6,7,401228170,HOU
36,11,2,8,401228170,DET
34,7,7,15,401228174,WSH
32,7,3,9,401228174,MIA
34,8,3,9,401228169,CLE
32,6,2,8,401228169,MIN
37,12,8,3,401228173,PIT
29,4,5,4,401228173,STL
32,8,4,8,401228168,CHC
25,0,8,7,401228168,LAD
40,7,2,15,401228181,COL
39,9,3,16,401228181,MIL
27,3,5,9,401320853,PHI
27,4,3,14,401320853,NYM
38,8,7,10,401228178,BAL
38,9,2,8,401228178,TOR
33,5,1,10,401228175,LAA
32,10,4,7,401228175,TB
36,9,2,8,401228177,ATL
36,11,0,5,401228177,CIN
34,9,3,10,401228184,NYY
32,7,4,10,401228184,BOS
32,8,2,11,401228189,WSH
36,11,5,6,401228189,MIA
26,3,2,5,401228186,PHI
27,6,2,4,401228186,NYM
34,8,2,8,401228183,KC
34,13,3,4,401228183,TEX
34,7,2,4,401228180,CLE
33,11,1,5,401228180,MIN
41,15,5,11,401228188,SEA
30,6,5,11,401228188,CHW
33,9,3,6,401228187,PIT
36,9,6,7,401228187,STL
34,6,1,9,401228185,OAK
28,5,3,7,401228185,SF
39,13,5,8,401228176,ARI
35,13,3,5,401228176,SD
30,5,4,14,401228179,CHC
34,8,5,6,401228179,LAD
27,6,2,7,401341478,HOU
22,6,0,6,401341478,DET
34,7,3,9,401228203,SEA
29,6,3,11,401228203,CHW
33,7,1,10,401228202,PIT
29,6,4,4,401228202,STL
33,7,2,5,401228193,BAL
39,15,4,4,401228193,TOR
29,3,3,12,401228198,KC
37,12,7,9,401228198,TEX
32,5,3,10,401228190,LAA
38,15,5,8,401228190,TB
34,8,4,9,401228192,ATL
29,6,1,12,401228192,CIN
32,7,6,10,401228196,COL
37,14,4,9,401228196,MIL
28,5,2,7,401228201,PHI
34,8,3,9,401228201,NYM
34,7,3,13,401228204,WSH
30,6,1,8,401228204,MIA
24,5,3,4,401228197,HOU
26,5,2,10,401228197,DET
33,7,1,16,401228194,CHC
33,10,3,11,401228194,LAD
34,9,4,7,401228199,NYY
30,10,2,6,401228199,BOS
35,6,2,9,401228200,OAK
36,9,7,9,401228200,SF
40,16,3,4,401228191,ARI
34,9,4,6,401228191,SD
34,7,3,8,401228208,BAL
32,12,4,8,401228208,TOR
36,11,3,7,401228205,LAA
33,6,3,11,401228205,TB
33,7,2,12,401228207,ATL
29,2,4,14,401228207,CIN
29,3,5,11,401228212,HOU
31,4,6,8,401228212,DET
33,7,3,13,401228214,NYY
35,13,2,7,401228214,BOS
34,10,3,8,401228216,PHI
33,7,2,10,401228216,NYM
30,6,4,6,401228219,WSH
32,6,3,10,401228219,MIA
33,6,3,10,401228210,CLE
30,7,8,7,401228210,MIN
30,4,2,10,401228211,COL
29,7,5,9,401228211,MIL
37,12,5,11,401228217,PIT
29,3,2,6,401228217,STL
34,8,1,6,401228213,KC
29,4,4,8,401228213,TEX
34,7,4,6,401228215,OAK
31,6,2,9,401228215,SF
34,8,2,10,401228206,ARI
34,11,3,8,401228206,SD
24,4,6,9,401228218,SEA
26,8,7,7,401228218,CHW
30,4,1,15,401228209,CHC
31,8,3,12,401228209,LAD
33,6,1,9,401228227,PIT
30,5,4,6,401228227,COL
35,8,4,9,401332361,PHI
35,12,4,10,401332361,CIN
38,11,2,9,401228220,LAA
32,6,1,9,401228220,NYY
34,10,0,8,401319235,NYM
35,11,3,4,401319235,WSH
34,7,1,11,401228224,DET
40,19,0,6,401228224,CLE
37,12,0,4,401228225,KC
30,9,4,6,401228225,BOS
41,15,4,10,401228222,BAL
34,10,10,6,401228222,HOU
31,5,8,12,401228223,CHC
38,15,6,5,401228223,MIL
34,7,3,6,401228221,ARI
33,10,1,5,401228221,STL
37,11,2,11,401228228,SF
28,5,2,10,401228228,LAD
35,10,2,8,401228229,LAA
33,11,9,8,401228229,NYY
31,4,3,10,401228235,MIA
26,3,7,12,401228235,PHI
35,8,2,8,401228242,TB
29,8,1,4,401228242,WSH
34,8,3,14,401228240,SEA
37,15,4,5,401228240,TOR
38,13,3,11,401228234,KC
30,12,7,4,401228234,BOS
38,12,7,10,401228239,SD
34,8,2,14,401228239,CIN
31,7,3,10,401228237,NYM
33,6,4,9,401228237,ATL
42,16,5,9,401228231,BAL
30,7,9,5,401228231,HOU
31,6,7,12,401228232,CHC
27,2,4,10,401228232,MIL
31,8,2,2,401228236,MIN
31,9,6,8,401228236,CHW
31,6,5,10,401228230,ARI
30,6,4,9,401228230,STL
26,1,1,5,401228238,PIT
38,15,0,7,401228238,COL
36,9,1,7,401228243,TEX
34,7,2,9,401228243,OAK
30,3,2,10,401228241,SF
26,3,5,7,401228241,LAD
33,6,7,6,401228245,ARI
35,12,1,3,401228245,STL
34,8,7,9,401228247,CHC
36,12,9,9,401228247,MIL
31,5,4,10,401228253,PIT
32,12,5,9,401228253,COL
36,10,3,8,401228256,TB
40,18,6,11,401228256,WSH
33,15,5,8,401228248,DET
26,5,2,9,401228248,CLE
37,9,7,9,401228244,LAA
32,9,9,7,401228244,NYY
47,18,1,16,401228250,MIA
33,8,6,10,401228250,PHI
44,13,2,12,401228255,SEA
39,12,6,8,401228255,TOR
33,9,0,6,401228249,KC
32,8,2,3,401228249,BOS
21,7,4,5,401228254,SD
18,5,3,3,401228254,CIN
30,4,3,12,401228252,NYM
43,20,6,6,401228252,ATL
34,8,5,10,401228246,BAL
31,5,3,8,401228246,HOU
31,5,3,9,401228251,MIN
35,12,4,5,401228251,CHW
34,7,1,8,401228257,TEX
28,5,1,7,401228257,OAK
28,9,5,5,401341953,DET
26,3,0,9,401341953,CLE
37,11,5,9,401228267,SEA
33,8,2,10,401228267,TOR
35,8,0,8,401228260,KC
38,17,4,9,401228260,BOS
35,9,6,12,401228264,MIN
35,15,2,2,401228264,CHW
40,15,3,8,401228270,TEX
32,5,3,8,401228270,OAK
25,9,1,2,401228261,LAD
17,4,4,5,401228261,WSH
34,9,7,8,401228263,MIL
32,6,1,5,401228263,PIT
32,7,5,4,401228259,HOU
31,6,6,8,401228259,CLE
34,7,3,10,401228266,SD
39,15,8,7,401228266,CIN
33,6,3,4,401228265,NYM
35,9,3,17,401228265,ATL
32,7,1,7,401228269,STL
31,7,3,5,401228269,COL
34,8,2,10,401228268,SF
31,8,3,9,401228268,ARI
36,6,2,12,401228281,SD
33,5,2,6,401228281,PHI
37,11,4,10,401228276,LAD
33,6,3,5,401228276,WSH
34,9,2,8,401228278,MIL
31,5,4,6,401228278,PIT
32,5,1,12,401228284,TB
37,12,4,9,401228284,TOR
37,11,2,5,401228273,CHW
35,9,5,13,401228273,DET
32,6,2,14,401228274,CHC
28,4,1,12,401228274,CIN
35,9,3,11,401228275,HOU
39,12,5,16,401228275,CLE
29,5,7,9,401228277,MIA
25,2,2,8,401228277,ATL
35,8,4,9,401228279,MIN
36,13,3,8,401228279,KC
40,12,4,4,401228283,STL
39,9,4,6,401228283,COL
35,8,6,4,401228271,BAL
37,12,2,7,401228271,LAA
34,6,3,5,401228272,BOS
33,4,2,11,401228272,OAK
38,14,6,6,401228282,SF
33,7,3,12,401228282,ARI
37,7,2,12,401228285,TEX
36,9,6,9,401228285,SEA
42,14,5,15,401228295,NYM
31,3,3,10,401228295,NYY
32,5,5,8,401228299,TB
31,6,2,7,401228299,TOR
43,16,9,14,401228293,MIL
34,7,4,9,401228293,PIT
29,4,2,4,401228296,SD
30,8,3,11,401228296,PHI
33,8,3,11,401228288,CHW
32,10,8,9,401228288,DET
34,7,4,13,401228289,CHC
28,5,2,9,401228289,CIN
30,5,5,10,401228292,MIA
34,8,5,6,401228292,ATL
35,9,4,6,401228294,MIN
31,9,4,5,401228294,KC
43,9,3,11,401228287,BOS
45,15,7,4,401228287,OAK
31,7,8,6,401228290,HOU
29,4,2,8,401228290,CLE
31,5,4,7,401228291,LAD
31,6,3,9,401228291,WSH
33,7,5,8,401228298,STL
27,5,5,4,401228298,COL
30,5,1,9,401228286,BAL
31,8,8,6,401228286,LAA
38,13,7,7,401228297,SF
38,10,2,13,401228297,ARI
37,10,3,11,401228300,TEX
32,6,4,9,401228300,SEA
38,11,0,15,401228306,LAD
31,8,3,11,401228306,WSH
30,4,2,7,401228308,MIL
29,4,5,8,401228308,PIT
39,15,6,9,401228311,SD
28,5,6,5,401228311,PHI
33,8,2,8,401228314,TB
32,6,0,12,401228314,TOR
37,13,4,9,401228303,CHW
33,11,2,9,401228303,DET
35,11,2,3,401228304,CHC
30,7,1,7,401228304,CIN
38,7,4,9,401228305,HOU
33,5,1,9,401228305,CLE
40,12,2,13,401228307,MIA
37,12,7,9,401228307,ATL
33,13,5,12,401343977,NYM
26,7,1,3,401343977,NYY
35,9,4,9,401228309,MIN
32,5,3,15,401228309,KC
33,7,2,12,401228313,STL
28,6,4,6,401228313,COL
31,6,6,10,401228301,BAL
34,10,2,6,401228301,LAA
33,6,1,11,401228302,BOS
31,4,3,11,401228302,OAK
32,5,0,8,401228315,TEX
28,5,1,5,401228315,SEA
24,3,2,11,401343904,NYM
21,4,3,7,401343904,NYY
33,6,1,9,401228312,SF
30,6,3,7,401228312,ARI
31,7,4,8,401228325,STL
32,6,3,6,401228325,SF
36,8,5,13,401228322,LAD
30,8,4,9,401228322,MIA
35,8,5,14,401228318,CHW
32,10,5,11,401228318,MIN
31,6,4,12,401228316,ATL
37,14,4,9,401228316,PIT
39,13,3,12,401228320,CLE
37,14,3,5,401228320,TB
31,5,3,13,401228323,MIL
27,6,2,6,401228323,NYM
35,8,3,10,401228321,DET
33,7,0,8,401228321,TEX
37,11,6,3,401228324,PHI
33,8,2,7,401228324,CHC
31,6,6,7,401228319,CIN
34,7,3,6,401228319,KC
35,7,7,6,401228317,BOS
35,11,2,9,401228317,LAA
39,12,2,7,401228326,WSH
34,7,6,8,401228326,SD
30,5,2,9,401228327,ATL
31,9,7,7,401228327,PIT
33,8,3,6,401228340,TOR
36,11,2,9,401228340,BAL
38,9,5,12,401228334,LAD
36,8,3,9,401228334,MIA
32,5,4,12,401228333,DET
35,12,4,5,401228333,TEX
43,16,4,12,401228338,PHI
39,14,1,12,401228338,CHC
30,3,3,14,401228329,CHW
34,8,0,12,401228329,MIN
36,11,4,12,401228330,CIN
35,7,3,9,401228330,KC
36,11,2,10,401228337,OAK
36,12,3,9,401228337,HOU
32,6,1,7,401228328,BOS
33,11,1,12,401228328,LAA
33,7,2,3,401228332,COL
32,7,5,9,401228332,ARI
37,13,1,11,401228339,STL
38,11,6,5,401228339,SF
45,18,5,8,401228336,NYY
32,5,4,12,401228336,SEA
33,8,5,6,401228341,WSH
36,14,1,5,401228341,SD
25,4,1,8,401344255,CLE
25,7,2,9,401344255,TB
43,18,8,5,401228342,ATL
40,14,4,8,401228342,PIT
37,15,2,8,401228344,CHW
33,6,3,9,401228344,MIN
35,10,5,11,401228348,DET
35,9,2,8,401228348,TEX
39,13,1,9,401228345,CIN
33,8,4,8,401228345,KC
27,4,2,12,401344473,MIL
29,8,1,10,401344473,NYM
21,0,2,8,401228346,CLE
25,7,3,5,401228346,TB
35,9,2,10,401228343,BOS
34,11,0,9,401228343,LAA
37,10,1,13,401228349,LAD
34,9,4,12,401228349,MIA
40,15,2,6,401228355,TOR
34,10,3,13,401228355,BAL
27,7,3,9,401228350,MIL
22,3,3,6,401228350,NYM
33,6,2,8,401228353,PHI
35,10,1,7,401228353,CHC
32,5,4,10,401228352,OAK
29,4,0,7,401228352,HOU
35,10,2,6,401228347,COL
32,9,2,6,401228347,ARI
33,7,2,7,401228354,STL
32,8,8,7,401228354,SF
37,10,3,8,401228351,NYY
30,4,3,11,401228351,SEA
45,17,3,3,401228356,WSH
38,11,5,9,401228356,SD
39,11,2,7,401228361,LAD
34,8,2,11,401228361,MIA
36,8,2,10,401228363,OAK
31,6,2,10,401228363,HOU
41,13,3,8,401228358,COL
34,7,3,8,401228358,ARI
27,1,0,10,401228362,NYY
29,5,2,10,401228362,SEA
34,8,1,11,401228360,KC
34,9,6,9,401228360,CLE
37,11,4,8,401228364,PHI
30,5,3,9,401228364,CHC
33,6,4,12,401228357,CIN
30,8,6,7,401228357,MIL
33,8,1,10,401228359,DET
29,6,2,8,401228359,MIN
37,11,2,7,401228367,WSH
37,11,2,9,401228367,SD
38,10,3,5,401228380,STL
35,12,7,8,401228380,CHC
41,15,8,9,401228371,CHW
34,7,1,6,401228371,BAL
37,10,5,9,401228370,ATL
28,2,3,10,401228370,MIA
31,4,1,12,401228375,KC
28,5,4,10,401228375,CLE
35,9,2,10,401228378,PHI
38,14,7,8,401228378,BOS
34,9,7,3,401228379,PIT
34,10,4,13,401228379,NYM
32,5,3,14,401228381,TOR
33,8,5,16,401228381,TB
32,7,4,7,401228377,OAK
27,5,2,9,401228377,TEX
32,7,5,9,401228372,CIN
30,7,3,7,401228372,MIL
33,8,2,12,401228374,DET
27,4,4,5,401228374,MIN
38,12,1,6,401228376,NYY
30,3,2,6,401228376,HOU
35,11,4,8,401228382,WSH
33,10,1,5,401228382,SF
36,10,1,6,401228368,LAA
33,8,6,8,401228368,SEA
36,8,7,11,401228369,ARI
32,5,3,7,401228369,LAD
30,4,5,10,401228373,COL
31,10,4,5,401228373,SD
32,6,4,9,401228396,TOR
29,7,5,12,401228396,TB
32,7,2,9,401228389,DET
34,10,4,9,401228389,MIN
38,13,5,9,401228386,CHW
34,8,5,14,401228386,BAL
41,9,1,10,401228392,OAK
36,6,9,10,401228392,TEX
34,8,1,8,401228397,WSH
37,14,6,10,401228397,SF
33,7,3,11,401228385,ATL
38,11,1,10,401228385,MIA
38,13,6,8,401228393,PHI
30,4,4,7,401228393,BOS
29,9,3,8,401228394,PIT
28,7,0,5,401228394,NYM
35,9,3,4,401228390,KC
38,17,2,7,401228390,CLE
26,5,4,10,401345794,PIT
24,6,7,6,401345794,NYM
31,5,3,13,401228387,CIN
31,7,5,5,401228387,MIL
32,6,3,9,401228391,NYY
29,3,2,12,401228391,HOU
38,11,3,7,401228395,STL
32,6,2,10,401228395,CHC
29,3,2,10,401228383,LAA
30,7,4,6,401228383,SEA
31,4,2,11,401228384,ARI
44,21,8,4,401228384,LAD
34,8,5,8,401228388,COL
30,5,1,10,401228388,SD
35,8,5,11,401228401,CHW
34,5,4,14,401228401,BAL
33,6,2,12,401228400,ATL
35,12,5,10,401228400,MIA
33,6,4,9,401228408,PHI
37,11,4,7,401228408,BOS
40,15,3,5,401228409,PIT
33,8,4,5,401228409,NYM
31,6,3,5,401228411,TOR
30,3,1,11,401228411,TB
37,12,2,10,401228402,CIN
30,5,6,11,401228402,MIL
37,8,6,14,401228404,DET
39,12,12,5,401228404,MIN
34,8,14,12,401228406,NYY
34,10,2,6,401228406,HOU
33,6,0,5,401228407,OAK
31,5,2,4,401228407,TEX
30,5,3,12,401228412,WSH
30,8,4,11,401228412,SF
36,11,4,7,401228398,LAA
30,4,4,6,401228398,SEA
36,10,2,9,401228399,ARI
32,10,3,6,401228399,LAD
36,11,1,6,401228403,COL
30,4,4,10,401228403,SD
36,9,2,12,401227036,AL
33,8,4,3,401227036,NL
28,8,0,12,401343177,MIA
24,6,4,6,401343177,PHI
32,5,3,6,401228415,BOS
30,3,3,11,401228415,NYY
29,3,8,7,401228423,NYM
33,11,1,7,401228423,PIT
50,22,9,7,401228424,SD
37,12,4,5,401228424,WSH
33,6,4,12,401228428,TEX
34,10,4,6,401228428,TOR
40,12,4,14,401228421,MIL
32,7,5,6,401228421,CIN
41,12,6,12,401228427,TB
40,10,3,11,401228427,ATL
30,8,2,9,401228420,MIA
24,2,3,8,401228420,PHI
31,6,1,9,401228414,BAL
37,15,4,6,401228414,KC
37,10,4,12,401228418,HOU
29,3,2,12,401228418,CHW
37,10,2,8,401228426,SF
37,11,4,9,401228426,STL
40,14,5,10,401228419,LAD
34,9,3,5,401228419,COL
37,12,0,8,401228425,SEA
39,12,1,5,401228425,LAA
31,8,2,9,401228416,CHC
31,7,3,10,401228416,ARI
33,8,0,12,401228417,CLE
37,12,3,11,401228417,OAK
23,2,0,7,401347953,MIN
24,6,1,2,401347953,DET
33,8,2,10,401228432,CLE
32,7,3,10,401228432,OAK
33,7,3,12,401228431,CHC
31,5,4,9,401228431,ARI
33,5,3,10,401228435,MIA
32,7,3,5,401228435,PHI
31,8,1,4,401228437,MIN
27,5,1,12,401228437,DET
34,11,5,5,401228438,NYM
38,13,4,6,401228438,PIT
38,18,5,7,401228439,SD
34,10,4,10,401228439,WSH
37,11,4,7,401228429,BAL
34,9,2,7,401228429,KC
45,14,4,11,401228436,MIL
37,5,7,13,401228436,CIN
23,5,2,11,401228430,BOS
23,5,2,9,401228430,NYY
30,3,0,8,401228433,HOU
35,12,5,4,401228433,CHW
32,6,4,4,401228441,SF
31,7,0,4,401228441,STL
31,4,2,8,401228442,TB
33,11,3,3,401228442,ATL
39,12,1,9,401228434,LAD
30,4,2,10,401228434,COL
35,10,6,10,401228440,SEA
38,14,1,11,401228440,LAA
38,11,6,11,401228453,NYM
37,11,5,7,401228453,PIT
24,3,1,4,401228458,TEX
25,8,1,1,401228458,TOR
37,11,5,11,401228451,MIL
32,5,1,14,401228451,CIN
29,6,5,6,401228452,MIN
34,11,1,5,401228452,DET
32,8,3,6,401228457,TB
39,12,3,8,401228457,ATL
35,10,3,10,401228450,MIA
31,13,4,3,401228450,PHI
36,8,3,9,401228444,BAL
33,6,2,7,401228444,KC
28,1,0,13,401228448,HOU
30,7,2,4,401228448,CHW
32,5,5,10,401228456,SF
29,5,2,8,401228456,STL
34,6,6,14,401228454,SD
39,15,3,8,401228454,WSH
38,9,3,12,401228449,LAD
36,8,2,9,401228449,COL
23,3,1,4,401348133,TEX
26,8,3,7,401348133,TOR
37,9,2,10,401228447,CLE
30,4,1,8,401228447,OAK
35,8,3,13,401228455,SEA
35,9,2,15,401228455,LAA
34,7,0,8,401228446,CHC
28,8,11,4,401228446,ARI
32,5,5,9,401228445,BOS
30,8,7,8,401228445,NYY
31,7,1,6,401341573,MIN
29,4,3,11,401341573,CHW
34,9,0,10,401228464,MIA
41,18,2,6,401228464,WSH
41,14,7,8,401228461,BOS
35,11,2,8,401228461,TOR
35,9,3,11,401228460,BAL
30,5,3,10,401228460,TB
49,18,3,10,401228466,NYM
50,16,4,11,401228466,CIN
31,4,0,10,401228470,TEX
39,19,6,4,401228470,DET
35,9,1,7,401228462,CHC
34,10,2,10,401228462,STL
33,8,5,9,401228463,CLE
33,9,2,11,401228463,HOU
22,4,2,6,401228465,MIN
22,4,1,8,401228465,CHW
33,8,2,3,401228459,LAA
31,7,3,10,401228459,OAK
37,10,3,10,401228467,PIT
33,10,2,7,401228467,ARI
37,12,4,6,401228469,SF
31,4,4,11,401228469,LAD
34,7,3,11,401228471,LAA
30,8,1,8,401228471,OAK
30,6,4,7,401228476,KC
34,9,2,8,401228476,MIL
33,6,1,7,401228477,MIA
34,11,4,5,401228477,WSH
35,9,7,13,401228480,PHI
33,10,4,6,401228480,NYY
34,6,2,15,401228472,BAL
34,10,1,3,401228472,TB
36,9,3,12,401228479,NYM
31,10,4,9,401228479,CIN
30,4,0,10,401228485,TEX
32,9,1,4,401228485,DET
30,5,2,6,401228482,SD
29,5,2,5,401228482,ATL
36,9,2,11,401228475,CLE
36,14,3,5,401228475,HOU
35,8,5,13,401228478,MIN
34,9,5,7,401228478,CHW
34,6,6,12,401228474,CHC
37,10,1,11,401228474,STL
36,10,4,9,401228483,SEA
34,11,4,8,401228483,COL
39,13,1,13,401228481,PIT
36,13,5,10,401228481,ARI
35,7,3,13,401228484,SF
33,10,3,10,401228484,LAD
34,9,1,7,401228486,BAL
35,9,4,13,401228486,TB
26,7,4,6,401228496,SD
25,5,0,3,401228496,ATL
37,9,6,4,401228493,NYM
27,1,1,10,401228493,CIN
39,12,1,10,401228490,KC
31,6,3,8,401228490,MIL
31,5,1,6,401228497,SEA
27,6,5,4,401228497,COL
36,11,1,4,401228495,PIT
34,12,4,10,401228495,ARI
18,4,4,5,401348713,SD
14,4,3,2,401348713,ATL
34,6,2,5,401228491,MIA
33,6,3,5,401228491,WSH
33,4,11,8,401228494,PHI
36,9,4,10,401228494,NYY
36,9,2,9,401228487,BOS
32,5,2,9,401228487,TOR
31,5,3,6,401228499,TEX
30,7,1,5,401228499,DET
36,8,2,6,401228488,CHC
38,12,2,9,401228488,STL
35,8,3,14,401228489,CLE
33,6,0,7,401228489,HOU
36,11,3,9,401228492,MIN
35,10,2,6,401228492,CHW
31,6,4,7,401228498,SF
30,3,3,9,401228498,LAD
33,7,6,10,401228508,TEX
31,7,3,8,401228508,DET
34,7,7,6,401228501,ATL
33,7,4,11,401228501,PHI
30,4,6,14,401228503,NYY
37,10,2,8,401228503,BOS
33,7,9,6,401228505,SD
30,4,5,10,401228505,MIA
38,10,4,5,401228507,TB
35,5,5,10,401228507,CLE
29,3,3,10,401228502,CHC
28,5,5,9,401228502,STL
33,7,0,10,401228500,LAA
30,6,2,8,401228500,MIN
36,11,6,4,401228504,OAK
31,4,3,15,401228504,SEA
34,9,3,12,401228506,SF
34,7,2,9,401228506,LAD
36,9,3,12,401228510,ARI
29,8,4,7,401228510,CHC
35,9,3,8,401228511,ATL
31,8,5,7,401228511,PHI
32,5,3,11,401228523,WSH
30,6,1,4,401228523,BAL
32,6,5,12,401228515,NYY
32,9,3,12,401228515,BOS
36,8,1,7,401228518,SD
33,8,3,7,401228518,MIA
33,9,5,13,401228519,STL
36,14,2,6,401228519,CIN
38,13,4,4,401228520,TB
36,10,2,7,401228520,CLE
30,3,1,9,401228522,TOR
29,6,3,8,401228522,NYM
37,10,1,7,401228509,LAA
35,13,2,7,401228509,MIN
32,5,4,10,401228512,CHW
30,8,9,5,401228512,MIL
33,8,3,9,401228514,DET
28,5,4,7,401228514,KC
33,6,3,11,401228521,TEX
33,8,3,9,401228521,HOU
33,4,5,12,401228517,PIT
33,8,4,14,401228517,SF
41,12,2,6,401228513,COL
40,10,4,12,401228513,LAD
32,7,3,18,401228516,OAK
31,7,2,13,401228516,SEA
35,9,5,4,401228525,ARI
33,7,1,10,401228525,CHC
35,10,1,8,401228530,NYY
32,7,4,6,401228530,BOS
43,17,5,9,401228526,ATL
34,8,6,7,401228526,PHI
29,4,2,12,401228533,SD
31,8,4,11,401228533,MIA
32,5,0,8,401228538,WSH
30,8,2,6,401228538,BAL
32,4,0,5,401228524,LAA
29,2,1,14,401228524,MIN
31,6,2,8,401228527,CHW
30,6,3,13,401228527,MIL
32,7,7,10,401228529,DET
36,11,4,10,401228529,KC
35,9,4,9,401228534,STL
33,9,3,6,401228534,CIN
40,13,2,7,401228535,TB
33,5,0,10,401228535,CLE
29,2,7,12,401228536,TEX
24,5,8,5,401228536,HOU
43,17,3,3,401228537,TOR
37,14,2,8,401228537,NYM
40,16,4,7,401228532,PIT
31,5,1,12,401228532,SF
29,2,4,10,401228528,COL
28,5,0,7,401228528,LAD
33,6,2,11,401228531,OAK
32,7,5,8,401228531,SEA
32,4,0,10,401228541,ATL
28,6,0,12,401228541,PHI
33,7,4,6,401228553,WSH
31,9,3,10,401228553,BAL
32,9,5,7,401228545,NYY
29,5,1,10,401228545,BOS
30,5,2,11,401228548,SD
35,12,3,10,401228548,MIA
38,12,6,10,401228549,STL
36,10,9,12,401228549,CIN
33,6,2,7,401228550,TB
30,7,1,7,401228550,CLE
35,9,4,7,401228552,TOR
30,9,3,7,401228552,NYM
34,9,2,5,401228539,LAA
31,4,3,7,401228539,MIN
33,8,0,5,401228544,DET
31,8,1,8,401228544,KC
31,5,2,7,401228551,TEX
25,4,6,7,401228551,HOU
34,7,4,8,401228540,ARI
29,6,5,9,401228540,CHC
32,5,2,10,401228547,PIT
33,9,4,11,401228547,SF
31,6,4,11,401228543,COL
31,7,3,6,401228543,LAD
33,7,2,7,401228546,OAK
30,7,4,9,401228546,SEA
32,7,2,11,401228542,CHW
35,8,2,9,401228542,MIL
30,10,2,8,401331816,ATL
24,5,2,4,401331816,NYM
35,9,2,5,401228560,TOR
32,9,3,7,401228560,BOS
36,10,6,7,401228561,WSH
34,11,4,9,401228561,PHI
36,11,4,12,401228556,CIN
34,12,8,8,401228556,CHC
24,4,1,10,401228554,ATL
23,6,2,5,401228554,NYM
31,5,3,8,401228555,CHW
31,8,2,5,401228555,KC
37,8,1,8,401228558,DET
37,11,7,8,401228558,MIN
35,8,0,9,401228557,COL
33,11,1,10,401228557,LAA
37,10,4,7,401228559,HOU
32,9,4,14,401228559,SEA
42,15,1,5,401228570,MIA
34,8,1,10,401228570,BAL
38,12,4,8,401228571,MIL
30,4,2,5,401228571,PIT
33,8,2,8,401228576,WSH
37,9,3,7,401228576,PHI
39,11,5,11,401228563,ATL
36,10,2,8,401228563,NYM
34,10,7,10,401228572,NYY
32,8,7,12,401228572,TB
34,8,4,8,401228574,STL
30,5,2,9,401228574,CLE
30,8,4,7,401228562,ARI
29,6,7,6,401228562,TEX
37,11,1,7,401228565,CIN
34,8,6,9,401228565,CHC
31,6,3,6,401228564,CHW
30,6,2,11,401228564,KC
37,9,3,7,401228567,DET
39,8,4,9,401228567,MIN
45,16,5,10,401228566,COL
35,8,5,9,401228566,LAA
32,6,1,7,401228569,LAD
28,6,2,7,401228569,SF
41,15,2,4,401228568,HOU
36,9,4,10,401228568,SEA
35,11,1,8,401228573,OAK
34,12,2,7,401228573,SD
39,16,9,6,401228582,DET
43,16,7,8,401228582,MIN
34,7,1,11,401228589,STL
29,9,4,3,401228589,CLE
28,8,1,6,401352053,TOR
26,5,3,9,401352053,BOS
42,15,6,11,401228583,HOU
35,8,6,6,401228583,SEA
36,11,5,9,401228588,OAK
35,8,3,12,401228588,SD
35,7,1,13,401228587,NYY
32,3,2,11,401228587,TB
38,11,7,8,401228585,MIA
31,8,9,7,401228585,BAL
37,12,2,10,401228586,MIL
33,6,3,7,401228586,PIT
35,9,1,9,401228578,ATL
28,6,2,9,401228578,NYM
24,5,1,8,401228590,TOR
27,11,2,5,401228590,BOS
29,3,2,9,401228577,ARI
32,6,2,8,401228577,TEX
37,11,7,10,401228580,CIN
34,8,2,5,401228580,CHC
33,5,2,9,401228579,CHW
33,6,1,9,401228579,KC
36,9,5,11,401228581,COL
33,10,7,7,401228581,LAA
42,13,3,9,401228584,LAD
31,5,2,9,401228584,SF
25,7,2,5,401352333,WSH
22,3,3,7,401352333,PHI
34,7,4,10,401228592,ATL
36,12,1,11,401228592,NYM
30,4,3,10,401228599,NYY
36,12,4,14,401228599,TB
30,5,1,9,401228594,CHW
31,9,2,6,401228594,KC
39,14,1,4,401228595,CIN
32,8,2,12,401228595,CHC
37,14,6,9,401228602,WSH
34,12,5,4,401228602,PHI
28,4,2,11,401228597,LAD
32,9,6,8,401228597,SF
43,16,3,8,401228598,MIL
28,3,1,6,401228598,PIT
29,4,5,5,401228593,BAL
33,11,4,4,401228593,DET
43,16,6,10,401228601,TOR
36,6,1,9,401228601,BOS
31,4,5,9,401228600,OAK
30,3,4,12,401228600,LAA
32,5,1,13,401228596,COL
30,9,2,6,401228596,SD
34,8,1,8,401228605,CHC
32,10,2,7,401228605,WSH
28,1,6,5,401228616,PHI
36,12,6,8,401228616,PIT
34,7,1,4,401228610,KC
32,10,4,3,401228610,TOR
33,7,3,7,401228603,BAL
33,8,2,7,401228603,DET
36,10,3,12,401228604,BOS
34,10,4,7,401228604,TB
36,10,3,9,401228606,CIN
33,8,3,11,401228606,NYM
31,7,5,9,401228614,NYY
34,8,2,9,401228614,MIA
38,13,4,8,401228612,MIL
35,10,3,12,401228612,ATL
37,10,6,8,401228617,SEA
34,7,1,9,401228617,TEX
34,9,3,12,401228607,CLE
34,11,6,9,401228607,CHW
35,9,2,5,401228613,MIN
29,8,3,4,401228613,STL
33,6,6,11,401228615,OAK
33,7,1,7,401228615,LAA
40,11,2,9,401228611,LAD
37,10,9,8,401228611,ARI
41,13,5,13,401228609,HOU
38,11,4,11,401228609,SF
39,14,4,8,401228608,COL
32,7,3,5,401228608,SD
30,3,2,8,401228625,KC
29,5,1,7,401228625,TOR
36,7,1,7,401228624,HOU
37,14,3,12,401228624,SF
33,6,1,5,401228630,OAK
30,5,1,8,401228630,LAA
39,11,3,5,401228618,BAL
34,5,3,9,401228618,DET
35,8,4,11,401228619,BOS
35,9,2,13,401228619,TB
33,7,6,10,401228629,NYY
31,4,2,11,401228629,MIA
37,9,4,8,401228620,CHC
33,7,3,3,401228620,WSH
33,8,4,6,401228631,PHI
31,6,2,6,401228631,PIT
37,10,2,8,401228632,SEA
32,7,0,5,401228632,TEX
35,7,4,12,401228621,CIN
30,6,4,5,401228621,NYM
39,13,3,8,401228622,CLE
38,11,5,7,401228622,CHW
39,12,2,10,401228628,MIN
30,5,3,14,401228628,STL
34,7,4,8,401228627,MIL
37,13,2,9,401228627,ATL
43,16,2,8,401228626,LAD
29,5,2,10,401228626,ARI
33,6,3,14,401228623,COL
32,7,5,10,401228623,SD
30,5,2,10,401228635,CHC
29,10,7,6,401228635,WSH
45,20,5,7,401228646,PHI
33,7,2,7,401228646,PIT
32,6,1,12,401228640,KC
31,8,7,8,401228640,TOR
32,5,2,5,401228633,BAL
30,8,4,5,401228633,DET
36,11,8,7,401228636,CIN
29,3,2,5,401228636,NYM
34,6,1,13,401228644,NYY
30,5,2,8,401228644,MIA
30,3,0,8,401228642,MIL
34,7,1,9,401228642,ATL
30,4,1,10,401228637,CLE
29,4,4,9,401228637,CHW
32,6,1,7,401228643,MIN
33,12,3,6,401228643,STL
34,9,5,5,401228647,SEA
33,10,0,5,401228647,TEX
35,10,1,5,401228639,HOU
32,10,3,9,401228639,SF
40,13,3,7,401228645,OAK
30,5,3,8,401228645,LAA
31,7,3,10,401228638,COL
32,10,3,13,401228638,SD
39,14,7,8,401228641,LAD
30,4,1,12,401228641,ARI
35,8,4,10,401228634,BOS
29,7,1,6,401228634,TB
37,9,4,8,401228650,CLE
35,6,3,12,401228650,TOR
36,12,6,4,401228652,PHI
31,6,4,7,401228652,WSH
34,11,1,8,401228649,BAL
28,3,7,5,401228649,NYY
32,7,4,7,401228651,NYM
32,7,2,7,401228651,MIA
38,12,6,9,401228654,SEA
33,7,2,9,401228654,TB
30,3,2,8,401228648,LAA
27,5,2,8,401228648,TEX
32,6,3,7,401228653,PIT
28,6,7,3,401228653,MIL
39,10,5,11,401228655,SF
42,12,2,7,401228655,ARI
33,7,2,9,401228658,BAL
38,15,0,5,401228658,NYY
34,7,1,8,401228666,PHI
35,8,2,8,401228666,WSH
34,7,0,11,401228661,CLE
34,12,1,2,401228661,TOR
36,9,2,10,401228659,BOS
30,8,3,13,401228659,DET
35,9,6,9,401228664,MIN
34,9,3,13,401228664,CIN
29,5,4,7,401228665,NYM
33,10,2,7,401228665,MIA
33,6,3,7,401228669,SEA
33,7,3,10,401228669,TB
38,14,5,9,401228656,LAA
33,6,1,9,401228656,TEX
30,3,2,14,401228663,KC
28,5,7,9,401228663,CHW
37,8,8,9,401228667,PIT
39,9,4,7,401228667,MIL
34,10,3,5,401228657,ATL
33,8,1,8,401228657,STL
34,8,2,9,401228660,CHC
36,13,3,7,401228660,COL
41,14,3,9,401228668,SD
33,7,3,11,401228668,OAK
33,7,1,7,401228670,SF
30,7,8,8,401228670,ARI
33,8,5,8,401228662,HOU
33,5,3,13,401228662,LAD
36,11,5,11,401228679,MIN
30,9,5,7,401228679,CIN
33,7,1,12,401228684,SEA
28,5,4,9,401228684,TB
32,7,4,13,401228682,PIT
32,8,2,6,401228682,MIL
38,11,0,10,401228683,SD
32,7,5,7,401228683,OAK
30,6,1,13,401228673,BAL
35,12,5,4,401228673,NYY
39,12,1,5,401228681,PHI
34,7,2,5,401228681,WSH
41,15,2,12,401228676,CLE
33,10,5,5,401228676,TOR
36,11,2,10,401228674,BOS
32,5,6,18,401228674,DET
40,11,4,9,401228680,NYM
34,7,0,12,401228680,MIA
36,10,3,8,401228672,ATL
33,7,2,7,401228672,STL
34,8,0,4,401228671,LAA
31,6,1,10,401228671,TEX
37,12,2,3,401228678,KC
30,4,2,10,401228678,CHW
36,10,2,9,401228675,CHC
33,10,2,5,401228675,COL
35,8,1,15,401228677,HOU
33,9,3,6,401228677,LAD
37,9,4,12,401228685,SF
32,6,1,12,401228685,ARI
36,9,8,10,401228693,NYM
29,8,2,5,401228693,MIA
35,9,3,5,401228688,BOS
36,13,1,8,401228688,DET
35,8,4,11,401228686,LAA
32,5,3,10,401228686,TEX
35,9,2,11,401228689,CHC
34,13,2,5,401228689,COL
39,9,3,7,401228697,SF
36,7,5,11,401228697,ARI
36,9,5,9,401228694,PHI
36,10,4,7,401228694,WSH
32,10,4,6,401228696,SEA
33,10,3,7,401228696,NYY
31,3,2,7,401228690,CLE
29,5,0,4,401228690,TOR
33,8,3,10,401228695,PIT
33,9,2,12,401228695,CIN
32,6,4,8,401228691,KC
32,6,2,9,401228691,CHW
35,9,7,10,401228692,MIN
32,5,2,5,401228692,HOU
32,7,8,2,401228687,ATL
33,8,3,5,401228687,STL
43,14,4,14,401228701,CHW
39,10,3,12,401228701,CHC
33,5,4,7,401228706,NYM
31,8,1,9,401228706,PHI
41,9,1,9,401228708,SEA
36,6,7,8,401228708,NYY
42,14,5,10,401228710,TB
40,15,1,6,401228710,BAL
33,8,6,10,401228700,BOS
40,17,2,6,401228700,TOR
33,7,1,14,401228702,DET
36,15,1,5,401228702,CLE
32,7,2,8,401228707,PIT
33,9,5,9,401228707,CIN
29,5,3,11,401228712,WSH
34,11,5,5,401228712,ATL
41,8,1,10,401228705,MIN
44,10,2,13,401228705,HOU
36,5,1,10,401228709,SF
31,5,2,11,401228709,MIL
33,7,2,8,401228703,KC
31,9,3,10,401228703,STL
32,6,3,13,401228704,MIA
40,17,5,7,401228704,COL
38,6,0,13,401228711,TEX
31,4,4,7,401228711,OAK
34,7,3,11,401228698,LAA
40,11,2,7,401228698,LAD
37,12,2,6,401228699,ARI
34,8,6,7,401228699,SD
31,5,3,13,401228723,SEA
35,11,1,9,401228723,NYY
35,8,0,9,401228716,CHW
32,5,2,17,401228716,CHC
22,2,2,7,401228715,BOS
20,2,1,5,401228715,TOR
34,6,5,13,401228721,NYM
32,8,1,7,401228721,PHI
34,7,3,5,401228726,TEX
38,16,5,6,401228726,OAK
44,14,3,10,401228725,TB
33,7,2,11,401228725,BAL
30,8,1,7,401348934,BOS
30,6,2,12,401348934,TOR
32,7,1,4,401228717,DET
37,10,1,8,401228717,CLE
31,4,0,11,401228720,MIN
33,10,1,7,401228720,HOU
34,9,2,9,401228722,PIT
33,14,5,8,401228722,CIN
46,13,4,11,401228724,SF
42,10,1,4,401228724,MIL
31,5,2,9,401228718,KC
32,10,5,7,401228718,STL
33,7,4,10,401228727,WSH
32,5,3,15,401228727,ATL
39,12,2,12,401228719,MIA
33,12,4,2,401228719,COL
30,5,1,12,401228714,ARI
31,9,5,11,401228714,SD
35,8,3,12,401228713,LAA
33,9,2,7,401228713,LAD
29,2,1,11,401228736,NYM
27,5,1,4,401228736,PHI
33,6,5,15,401228738,SEA
33,6,3,12,401228738,NYY
33,8,7,7,401228740,TB
37,13,2,4,401228740,BAL
43,16,2,7,401228730,BOS
32,10,5,4,401228730,TOR
34,5,4,12,401228732,DET
35,11,2,6,401228732,CLE
32,6,1,11,401228737,PIT
30,6,3,9,401228737,CIN
38,12,2,8,401228742,WSH
30,6,1,6,401228742,ATL
39,12,6,11,401228735,MIN
34,10,5,9,401228735,HOU
33,8,4,7,401228739,SF
32,6,3,7,401228739,MIL
35,9,2,6,401228733,KC
33,9,6,9,401228733,STL
38,11,4,8,401228734,MIA
36,12,2,4,401228734,COL
30,4,4,8,401228741,TEX
34,12,4,6,401228741,OAK
34,7,5,12,401228728,LAA
36,11,3,7,401228728,LAD
30,3,3,17,401228729,ARI
30,8,1,5,401228729,SD
36,10,4,10,401228731,CHW
33,6,3,16,401228731,CHC
34,9,3,8,401325779,CIN
35,11,5,9,401325779,CLE
38,12,5,6,401228743,CHW
27,2,1,10,401228743,MIN
40,11,5,7,401228746,NYY
40,10,6,8,401228746,KC
34,7,1,14,401228744,MIA
30,9,4,4,401228744,SD
29,8,1,4,401357667,MIL
29,8,2,10,401357667,CHC
30,8,5,6,401320173,LAA
28,9,3,6,401320173,TOR
36,11,4,10,401228751,DET
35,8,2,9,401228751,BAL
38,12,4,15,401228752,LAD
32,6,3,15,401228752,PHI
34,9,3,9,401228757,STL
26,1,3,8,401228757,PIT
36,8,4,7,401228756,OAK
33,6,6,7,401228756,CLE
38,11,7,14,401228758,TB
35,9,3,12,401228758,BOS
35,10,4,7,401228761,WSH
37,13,1,2,401228761,NYM
30,4,4,10,401228749,CIN
29,5,6,9,401228749,ATL
29,8,2,5,401228754,MIL
28,7,3,11,401228754,CHC
32,6,1,11,401228748,CHW
29,6,5,6,401228748,MIN
30,5,5,7,401228750,COL
31,8,4,10,401228750,HOU
32,5,6,14,401228755,NYY
32,10,2,5,401228755,KC
35,10,2,9,401228747,ARI
36,10,5,7,401228747,SF
29,9,3,3,401228760,TOR
24,3,3,5,401228760,LAA
37,12,0,10,401228753,MIA
34,12,2,9,401228753,SD
39,8,0,7,401228759,TEX
38,10,4,6,401228759,SEA
32,6,3,10,401228763,CHW
27,4,4,12,401228763,MIN
32,5,5,12,401228765,COL
36,13,2,7,401228765,HOU
35,12,4,7,401228770,NYY
34,7,1,9,401228770,KC
36,12,7,12,401228768,MIA
30,4,2,9,401228768,SD
39,13,5,8,401228767,LAD
34,7,2,9,401228767,PHI
36,11,3,11,401228766,DET
35,9,3,10,401228766,BAL
33,9,6,6,401228772,STL
28,2,0,7,401228772,PIT
34,9,3,8,401228771,OAK
28,4,5,10,401228771,CLE
35,8,3,12,401228773,TB
42,19,9,6,401228773,BOS
43,10,4,14,401228764,CIN
37,7,8,12,401228764,ATL
41,16,2,9,401228769,MIL
30,4,0,16,401228769,CHC
37,10,3,6,401228775,TOR
33,5,2,12,401228775,LAA
33,6,5,8,401228762,ARI
36,14,1,5,401228762,SF
32,7,0,8,401228774,TEX
30,7,5,8,401228774,SEA
23,4,3,8,401357934,WSH
28,12,0,6,401357934,NYM
36,9,4,10,401228784,STL
36,10,2,11,401228784,PIT
30,3,5,6,401228780,LAD
27,4,5,9,401228780,PHI
40,14,10,4,401228782,OAK
28,3,3,6,401228782,CLE
47,22,4,9,401228781,MIL
37,8,4,11,401228781,CHC
24,6,5,6,401228788,WSH
28,10,1,5,401228788,NYM
35,10,3,5,401228779,DET
36,11,1,2,401228779,BAL
34,9,5,11,401228785,TB
28,2,3,11,401228785,BOS
28,2,1,9,401228786,TEX
31,8,0,7,401228786,SEA
41,14,3,10,401228777,CIN
35,7,3,12,401228777,ATL
36,8,6,14,401264942,NYY
32,8,5,9,401264942,CHW
30,4,4,9,401228787,TOR
31,11,5,4,401228787,LAA
35,9,1,9,401228783,SD
38,15,7,10,401228783,ARI
28,4,2,14,401228778,COL
31,7,4,10,401228778,SF
32,7,1,7,401228789,ATL
33,9,3,11,401228789,WSH
32,8,2,6,401228792,CIN
32,5,1,8,401228792,PHI
34,7,2,12,401228790,BAL
34,11,5,4,401228790,BOS
44,18,4,13,401228791,CHC
35,12,7,11,401228791,MIA
35,9,4,6,401228793,CLE
34,7,1,9,401228793,DET
34,9,4,12,401228796,LAD
36,7,7,11,401228796,NYM
34,9,5,9,401228799,OAK
35,11,3,4,401228799,TEX
35,10,3,9,401228801,STL
31,5,1,7,401228801,KC
40,13,3,9,401228802,TB
36,11,2,8,401228802,MIN
34,6,2,9,401228795,HOU
31,4,0,9,401228795,LAA
37,10,0,7,401228800,SD
31,8,4,11,401228800,ARI
37,11,3,9,401228794,COL
35,11,3,6,401228794,SF
33,9,4,4,401228803,TOR
30,6,4,10,401228803,SEA
27,7,1,6,401358393,MIL
35,19,4,5,401358393,PIT
29,3,2,12,401228807,CIN
31,8,3,9,401228807,PHI
33,8,1,12,401228805,BAL
38,17,4,3,401228805,BOS
38,14,4,8,401228804,ATL
34,6,2,12,401228804,WSH
31,7,1,8,401228806,CHC
33,7,1,10,401228806,MIA
34,8,6,12,401228808,CLE
31,9,3,9,401228808,DET
30,12,3,4,401228812,MIL
25,4,1,8,401228812,PIT
37,11,0,8,401228814,OAK
34,10,1,1,401228814,TEX
33,4,3,13,401228811,LAD
34,4,3,13,401228811,NYM
38,10,3,13,401228813,NYY
41,13,4,7,401228813,CHW
37,11,3,11,401228816,STL
37,12,3,8,401228816,KC
28,3,1,6,401228817,TB
40,16,4,7,401228817,MIN
25,0,3,5,401228815,SD
35,15,2,6,401228815,ARI
33,5,4,9,401228809,COL
31,7,3,9,401228809,SF
36,12,4,7,401228810,HOU
35,9,4,10,401228810,LAA
34,7,5,8,401228818,TOR
31,8,5,5,401228818,SEA
38,10,3,6,401228819,ATL
33,10,6,9,401228819,WSH
36,10,4,12,401228822,CIN
32,7,6,7,401228822,PHI
33,6,4,7,401228827,MIL
31,4,1,13,401228827,PIT
31,6,4,9,401228820,BAL
32,9,6,5,401228820,BOS
33,7,2,11,401228821,CHC
33,9,1,8,401228821,MIA
41,14,3,10,401228823,CLE
28,1,0,13,401228823,DET
38,9,8,16,401228828,NYY
34,10,4,9,401228828,CHW
38,12,2,9,401228831,STL
35,9,2,4,401228831,KC
34,7,3,6,401228832,TB
27,4,9,9,401228832,MIN
36,10,2,4,401228829,OAK
32,8,1,7,401228829,TEX
34,8,1,6,401228824,COL
33,10,1,10,401228824,SF
34,8,3,10,401228825,HOU
32,8,1,12,401228825,LAA
35,11,10,8,401228830,SD
35,8,1,8,401228830,ARI
39,12,0,11,401228833,TOR
34,7,4,8,401228833,SEA
42,16,6,10,401228826,LAD
34,6,5,11,401228826,NYM
31,3,1,15,401343034,LAA
26,5,5,9,401343034,NYY
40,14,11,11,401228834,ATL
31,4,2,10,401228834,MIA
32,7,2,5,401228835,BAL
36,12,3,7,401228835,TB
36,10,1,9,401228836,CHC
37,14,8,10,401228836,CIN
32,6,3,11,401228840,OAK
31,10,3,9,401228840,CHW
37,8,3,8,401228837,CLE
40,14,6,8,401228837,MIN
36,12,0,2,401228838,HOU
34,12,3,7,401228838,KC
35,10,1,3,401289753,SD
31,9,1,5,401289753,COL
37,10,2,12,401228839,NYM
36,13,1,6,401228839,SF
31,6,5,10,401228841,PIT
28,5,2,7,401228841,LAD
27,8,2,9,401347957,BOS
26,8,6,8,401347957,NYY
26,5,4,5,401228845,BOS
26,8,1,7,401228845,NYY
36,10,5,5,401228856,TOR
30,10,4,4,401228856,WSH
39,12,9,13,401228842,LAA
34,7,4,9,401228842,DET
33,6,1,9,401228843,ATL
29,4,2,9,401228843,MIA
31,4,2,10,401228844,BAL
37,11,1,10,401228844,TB
34,11,2,9,401228846,CHC
31,5,3,7,401228846,CIN
39,14,2,7,401228849,MIL
31,4,3,7,401228849,STL
30,6,2,6,401228855,SEA
32,6,0,8,401228855,TEX
33,7,0,6,401228847,CLE
30,4,5,11,401228847,MIN
28,4,5,8,401228848,HOU
31,9,1,5,401228848,KC
27,4,3,6,401228851,OAK
34,11,4,9,401228851,CHW
32,6,1,4,401228854,SD
35,11,3,10,401228854,COL
30,3,6,7,401228852,PHI
30,7,2,9,401228852,ARI
33,8,1,10,401228850,NYM
28,5,2,10,401228850,SF
34,5,2,7,401228853,PIT
31,8,3,10,401228853,LAD
36,12,3,10,401228861,CHC
32,6,2,10,401228861,CIN
39,7,10,6,401228862,CLE
41,10,5,6,401228862,MIN
36,9,2,6,401228869,SD
33,11,1,9,401228869,COL
44,10,1,11,401228865,NYM
41,7,3,14,401228865,SF
33,8,4,8,401228871,TOR
34,11,4,6,401228871,WSH
30,4,3,6,401228860,BOS
30,7,6,7,401228860,NYY
34,7,0,10,401228857,LAA
31,6,0,10,401228857,DET
35,10,12,9,401228858,ATL
38,12,3,12,401228858,MIA
35,8,0,8,401228859,BAL
33,12,6,5,401228859,TB
39,8,2,13,401228864,MIL
38,8,4,11,401228864,STL
28,5,2,6,401228870,SEA
33,8,1,6,401228870,TEX
35,10,2,7,401228863,HOU
30,8,0,2,401228863,KC
34,8,5,9,401228866,OAK
32,9,3,7,401228866,CHW
30,4,4,4,401228867,PHI
33,11,4,4,401228867,ARI
29,3,2,7,401228868,PIT
33,9,7,9,401228868,LAD
42,16,8,8,401228872,LAA
41,14,1,8,401228872,DET
34,8,1,14,401228873,BAL
30,7,6,10,401228873,TB
45,12,6,11,401228882,SEA
39,9,3,8,401228882,TEX
38,10,4,5,401228874,HOU
33,7,2,7,401228874,KC
33,6,7,8,401228879,OAK
35,8,5,3,401228879,CHW
34,7,1,7,401228880,PHI
31,8,1,10,401228880,ARI
34,8,0,10,401228877,MIN
30,7,2,8,401228877,NYY
33,8,1,10,401228875,MIA
31,9,4,6,401228875,CIN
32,6,3,4,401228876,MIL
34,10,5,8,401228876,STL
32,6,0,8,401228878,NYM
28,6,2,6,401228878,LAD
34,8,3,7,401228888,KC
30,5,1,13,401228888,CHC
35,7,4,4,401228885,ATL
29,4,0,4,401228885,BAL
30,4,3,10,401228890,MIN
32,10,7,7,401228890,NYY
38,9,1,15,401228887,DET
31,5,5,8,401228887,TOR
31,4,1,4,401228883,LAA
39,15,4,12,401228883,CLE
47,11,1,16,401228886,CHW
37,5,4,14,401228886,TB
31,4,3,9,401228889,MIA
30,6,2,8,401228889,CIN
32,7,2,11,401228896,TEX
33,10,3,5,401228896,BOS
33,6,1,15,401228894,SEA
37,15,5,6,401228894,HOU
31,8,8,6,401228897,WSH
29,3,2,8,401228897,MIL
29,4,3,8,401228893,PIT
36,10,3,10,401228893,STL
37,11,6,7,401228884,ARI
36,15,3,3,401228884,COL
31,5,4,5,401228895,SF
30,6,4,11,401228895,OAK
33,6,1,10,401228891,NYM
29,5,1,10,401228891,LAD
31,5,4,13,401228892,PHI
31,4,10,11,401228892,SD
33,6,1,8,401228905,MIN
33,8,2,9,401228905,NYY
33,9,1,6,401228901,CHW
34,11,3,6,401228901,TB
36,9,2,8,401228903,KC
28,1,2,11,401228903,CHC
30,6,1,9,401228902,DET
29,7,1,4,401228902,TOR
35,8,2,12,401228906,NYM
31,8,3,4,401228906,LAD
36,11,6,9,401228912,WSH
34,11,2,9,401228912,MIL
36,10,4,6,401228910,SF
35,8,1,9,401228910,OAK
29,3,1,9,401228898,LAA
34,13,4,7,401228898,CLE
31,5,6,10,401228909,SEA
38,15,3,5,401228909,HOU
27,8,6,5,401228904,MIA
29,8,3,4,401228904,CIN
35,9,2,10,401228900,ATL
36,9,0,11,401228900,BAL
44,17,3,6,401228911,TEX
30,5,3,7,401228911,BOS
36,12,2,12,401228908,PIT
37,10,2,7,401228908,STL
34,8,2,12,401228899,ARI
32,7,2,11,401228899,COL
31,4,6,14,401228907,PHI
33,4,3,11,401228907,SD
32,7,2,8,401228915,ATL
32,8,4,12,401228915,BAL
42,9,1,4,401228917,DET
42,10,4,7,401228917,TOR
33,7,2,10,401228916,CHW
34,12,4,8,401228916,TB
30,3,2,9,401228919,MIA
28,6,3,12,401228919,CIN
41,9,2,12,401228924,SEA
44,12,3,11,401228924,HOU
34,9,4,12,401228927,WSH
30,9,11,7,401228927,MIL
31,4,0,10,401228923,PIT
32,9,3,4,401228923,STL
39,17,3,12,401228918,KC
31,5,3,8,401228918,CHC
38,11,7,13,401228914,ARI
30,5,6,9,401228914,COL
36,11,4,5,401228922,PHI
33,9,1,6,401228922,SD
30,4,4,13,401228925,SF
33,8,1,10,401228925,OAK
35,9,4,8,401228921,NYM
31,5,2,8,401228921,LAD
29,4,4,10,401228913,LAA
29,6,2,6,401228913,CLE
42,10,1,12,401361178,TEX
38,8,6,8,401361178,BOS
34,8,3,11,401228928,ARI
33,8,6,9,401228928,PIT
31,6,3,10,401228929,CHW
30,5,1,6,401228929,TOR
33,6,4,13,401228932,NYY
31,5,4,8,401228932,ATL
34,9,0,8,401228930,COL
32,9,5,8,401228930,CHC
39,13,4,4,401228931,KC
33,7,5,9,401228931,HOU
37,10,0,11,401228933,SEA
32,6,1,4,401228933,OAK
37,11,3,9,401228944,SEA
34,8,1,6,401228944,OAK
47,19,4,10,401228934,LAA
41,13,4,16,401228934,BAL
34,7,3,8,401228935,ARI
28,8,5,5,401228935,PIT
34,9,1,12,401228946,TB
32,6,1,8,401228946,PHI
42,18,2,11,401228936,CHW
34,9,2,9,401228936,TOR
39,14,5,11,401228942,MIN
34,11,6,7,401228942,BOS
41,15,2,8,401228945,SF
31,5,2,8,401228945,NYM
41,15,2,6,401228947,TEX
30,6,3,7,401228947,CLE
37,11,3,8,401228948,WSH
34,8,1,16,401228948,MIA
34,7,3,15,401228943,NYY
34,9,4,10,401228943,ATL
33,7,7,7,401228939,DET
31,6,3,6,401228939,STL
31,7,4,7,401228937,CIN
30,10,3,9,401228937,MIL
29,4,2,9,401228940,KC
32,8,5,9,401228940,HOU
30,6,3,9,401228941,LAD
30,3,6,9,401228941,SD
37,11,3,8,401228954,DET
34,5,5,14,401228954,STL
35,7,4,12,401228955,KC
40,12,4,6,401228955,HOU
23,3,1,6,401228953,COL
26,8,1,11,401228953,CHC
41,13,5,13,401361417,COL
41,11,2,11,401361417,CHC
34,9,3,8,401228949,LAA
31,9,5,9,401228949,BAL
34,7,4,10,401228950,ARI
34,7,3,7,401228950,PIT
39,11,0,12,401228959,TB
34,9,2,3,401228959,PHI
32,6,1,16,401228951,CHW
33,8,3,10,401228951,TOR
40,10,3,10,401228957,MIN
43,15,3,10,401228957,BOS
30,4,1,4,401228958,SF
34,10,4,6,401228958,NYM
34,10,3,9,401228960,TEX
34,10,3,6,401228960,CLE
32,6,3,4,401228961,WSH
36,9,6,9,401228961,MIA
31,5,0,16,401228952,CIN
29,5,5,9,401228952,MIL
57,10,5,18,401228956,LAD
52,4,9,16,401228956,SD
29,3,3,10,401228962,LAA
39,16,5,7,401228962,BAL
30,7,3,11,401228965,CIN
30,6,4,7,401228965,MIL
39,12,2,7,401228964,CHW
37,10,1,8,401228964,TOR
39,15,3,6,401228963,ARI
37,7,5,11,401228963,PHI
32,7,3,6,401228971,STL
40,17,3,6,401228971,PIT
30,3,5,12,401228968,MIN
33,9,8,5,401228968,BOS
33,6,1,8,401228970,SF
33,9,4,7,401228970,NYM
36,9,2,9,401228972,TEX
37,15,4,10,401228972,CLE
39,13,3,7,401228973,WSH
31,8,4,9,401228973,MIA
31,5,2,8,401228967,LAD
29,3,1,11,401228967,SD
35,9,4,9,401228969,NYY
34,7,5,12,401228969,OAK
34,8,3,9,401228966,KC
35,9,4,9,401228966,SEA
38,6,2,13,401228974,ARI
40,9,7,9,401228974,PHI
33,9,1,6,401228985,STL
33,8,5,8,401228985,PIT
32,5,2,5,401228986,TB
36,10,0,5,401228986,BAL
30,3,3,7,401228975,BOS
32,8,2,6,401228975,CLE
36,9,1,6,401228977,CIN
31,6,3,7,401228977,MIA
33,6,2,7,401228987,TOR
31,7,0,4,401228987,DET
33,6,2,17,401228988,WSH
30,4,1,11,401228988,NYM
33,7,1,7,401228984,SF
33,9,1,3,401228984,ATL
36,9,3,10,401228979,HOU
39,13,0,10,401228979,TEX
39,13,3,12,401228976,CHC
41,15,9,2,401228976,CHW
32,5,1,8,401228981,MIL
31,8,4,10,401228981,MIN
38,10,2,6,401228983,SD
30,3,2,9,401228983,LAA
41,14,0,8,401228982,NYY
34,8,4,14,401228982,OAK
32,7,3,9,401228978,COL
33,6,0,12,401228978,LAD
50,16,2,9,401228980,KC
46,11,6,15,401228980,SEA
39,12,2,8,401228990,BOS
39,9,5,13,401228990,CLE
31,5,1,7,401228997,NYY
30,5,4,6,401228997,OAK
36,10,1,7,401228995,KC
38,11,4,7,401228995,SEA
31,4,0,9,401228989,ARI
34,12,1,4,401228989,PHI
33,8,1,15,401228992,CIN
34,12,2,5,401228992,MIA
41,12,3,8,401229002,TOR
34,5,1,12,401229002,DET
35,11,4,3,401228994,HOU
32,5,2,9,401228994,TEX
45,18,8,6,401229000,STL
31,5,3,7,401229000,PIT
34,8,1,7,401229001,TB
31,6,3,8,401229001,BAL
34,9,3,10,401228991,CHC
29,4,2,3,401228991,CHW
33,7,2,6,401228996,MIL
31,8,3,6,401228996,MIN
34,10,1,9,401229003,WSH
33,10,0,9,401229003,NYM
34,8,4,6,401228999,SF
33,7,1,10,401228999,ATL
33,7,6,11,401228998,SD
33,12,4,3,401228998,LAA
27,3,2,5,401228993,COL
27,7,8,9,401228993,LAD
37,10,4,9,401229004,ARI
32,11,5,3,401229004,PHI
30,6,4,11,401229014,STL
28,4,4,8,401229014,PIT
38,13,4,7,401229015,TB
40,13,4,11,401229015,BAL
34,9,4,13,401229005,BOS
31,8,4,7,401229005,CLE
27,2,3,11,401229007,CIN
25,4,2,7,401229007,MIA
35,10,6,6,401229016,TOR
36,8,0,12,401229016,DET
31,3,6,9,401229017,WSH
34,11,4,8,401229017,NYM
31,5,5,3,401229013,SF
35,12,3,7,401229013,ATL
31,5,2,15,401229006,CHC
33,11,4,8,401229006,CHW
35,9,4,9,401229011,MIL
33,6,1,13,401229011,MIN
32,6,2,7,401229009,HOU
38,16,3,7,401229009,TEX
35,10,6,9,401229008,COL
30,3,3,8,401229008,LAD
34,8,2,5,401229010,KC
30,5,3,8,401229010,SEA
30,5,4,7,401229012,NYY
35,9,1,4,401229012,OAK
32,6,2,7,401347954,MIN
34,8,0,7,401347954,DET
34,8,2,11,401229027,STL
30,2,2,7,401229027,CIN
37,10,5,6,401229025,PHI
34,8,5,7,401229025,WSH
32,6,2,12,401229019,BAL
29,6,4,3,401229019,TOR
32,6,2,10,401229020,BOS
33,8,7,8,401229020,TB
32,6,3,5,401229021,COL
31,9,2,5,401229021,TEX
35,9,4,12,401229024,NYY
33,10,3,10,401229024,LAA
39,13,3,5,401229026,SD
34,7,3,10,401229026,ARI
34,9,3,8,401229023,MIL
33,6,1,10,401229023,SF
35,8,0,9,401229018,ATL
33,10,1,9,401229018,LAD
37,11,3,7,401229022,HOU
33,6,4,13,401229022,SEA
43,18,7,7,401229039,PHI
37,10,6,6,401229039,WSH
31,4,4,10,401229029,BAL
33,6,4,6,401229029,TOR
38,10,3,7,401229030,BOS
29,5,4,5,401229030,TB
26,5,2,8,401229035,MIA
21,7,1,3,401229035,NYM
37,12,4,8,401229038,OAK
36,10,2,5,401229038,DET
32,6,3,10,401229033,COL
28,5,7,7,401229033,TEX
34,7,1,12,401229031,CHC
31,9,3,6,401229031,MIN
37,11,2,9,401229032,CLE
30,5,1,7,401229032,KC
31,5,4,9,401229040,PIT
29,6,4,5,401229040,CHW
32,11,3,8,401229037,NYY
30,6,2,10,401229037,LAA
31,6,7,8,401229041,SD
30,3,2,14,401229041,ARI
37,11,3,9,401229036,MIL
33,7,5,15,401229036,SF
30,4,2,10,401229028,ATL
29,6,5,10,401229028,LAD
31,6,3,8,401229034,HOU
29,6,4,6,401229034,SEA
31,14,2,7,401362333,STL
29,9,1,6,401362333,CIN
35,6,8,6,401229048,COL
35,10,5,7,401229048,TEX
33,7,0,5,401229056,SD
36,13,5,8,401229056,ARI
34,9,1,8,401229049,HOU
26,3,4,10,401229049,SEA
24,3,0,5,401229057,STL
29,12,7,7,401229057,CIN
32,8,6,8,401229044,BAL
30,10,2,4,401229044,TOR
33,8,3,7,401229052,NYY
31,4,0,16,401229052,LAA
34,9,1,13,401229045,BOS
32,8,2,6,401229045,TB
36,10,1,6,401229053,OAK
34,10,4,7,401229053,DET
30,4,1,7,401229046,CHC
28,2,3,8,401229046,MIN
38,8,7,11,401229047,CLE
39,6,4,9,401229047,KC
34,8,1,10,401229055,PIT
33,11,3,2,401229055,CHW
37,10,5,10,401229051,MIL
34,8,5,13,401229051,SF
34,7,0,11,401229043,ATL
31,7,3,12,401229043,LAD
37,9,4,10,401362410,PHI
38,11,4,11,401362410,WSH
39,12,5,5,401229063,OAK
37,10,4,10,401229063,DET
30,5,1,14,401229062,MIL
30,5,3,5,401229062,SF
33,9,4,12,401229059,BOS
31,5,2,10,401229059,TB
31,4,4,11,401229061,MIA
33,8,0,9,401229061,NYM
39,7,4,13,401229064,PIT
43,12,4,18,401229064,CHC
35,8,2,9,401229060,CLE
34,6,2,8,401229060,KC
33,7,4,3,401229058,ATL
34,9,0,5,401229058,COL
35,7,0,13,401229076,PIT
31,11,5,7,401229076,CHC
39,8,5,14,401229066,BAL
36,6,3,12,401229066,NYY
41,12,4,11,401229073,NYM
34,6,3,7,401229073,WSH
38,11,3,5,401229074,OAK
34,10,3,11,401229074,TOR
38,11,3,13,401229068,CLE
34,10,5,8,401229068,BOS
45,18,3,9,401229069,DET
36,9,6,13,401229069,CIN
33,5,2,13,401229072,MIN
31,6,0,3,401229072,TB
32,6,3,5,401229075,PHI
32,10,4,5,401229075,MIA
33,6,3,6,401229067,CHW
35,12,3,6,401229067,KC
39,12,5,8,401229078,STL
33,9,3,6,401229078,MIL
30,7,0,3,401229065,ATL
28,6,1,10,401229065,COL
34,8,3,11,401229079,TEX
33,10,1,7,401229079,LAA
37,7,7,12,401229077,SEA
36,7,3,8,401229077,ARI
39,8,4,9,401229071,LAD
42,8,8,9,401229071,SF
36,9,1,7,401229070,HOU
31,7,6,8,401229070,SD
38,11,4,13,401229081,BAL
31,3,4,7,401229081,NYY
38,13,2,8,401319236,NYM
38,13,5,7,401319236,WSH
36,9,4,7,401229091,PIT
34,11,4,7,401229091,CHC
36,10,1,10,401229089,OAK
38,15,2,4,401229089,TOR
33,7,2,8,401229083,CLE
29,7,8,8,401229083,BOS
34,9,4,8,401229087,MIN
37,13,5,7,401229087,TB
25,4,4,8,401229088,NYM
22,7,1,8,401229088,WSH
34,8,3,8,401229090,PHI
29,5,3,13,401229090,MIA
38,15,6,10,401229082,CHW
35,8,1,9,401229082,KC
34,8,5,12,401229084,DET
32,10,5,8,401229084,CIN
29,3,0,7,401229093,STL
29,9,1,7,401229093,MIL
34,7,3,7,401229080,ATL
29,8,6,6,401229080,COL
40,14,2,7,401229092,SEA
35,10,2,3,401229092,ARI
33,7,4,7,401229085,HOU
33,11,5,8,401229085,SD
28,6,6,8,401229086,LAD
36,9,0,11,401229086,SF
31,5,0,8,401229094,TEX
30,6,1,6,401229094,LAA
36,11,5,10,401229096,BAL
34,7,6,8,401229096,NYY
39,16,4,8,401229103,NYM
33,6,5,9,401229103,WSH
29,2,3,15,401229104,OAK
37,13,3,6,401229104,TOR
38,15,4,10,401229098,CLE
40,13,4,6,401229098,BOS
30,6,3,10,401229099,DET
32,6,2,6,401229099,CIN
40,13,5,5,401229102,MIN
35,11,4,5,401229102,TB
34,6,3,8,401229105,PHI
32,2,3,13,401229105,MIA
33,6,1,10,401229097,CHW
30,6,5,11,401229097,KC
38,12,7,13,401229108,STL
35,12,5,6,401229108,MIL
34,10,9,8,401229106,PIT
37,13,5,8,401229106,CHC
33,9,3,4,401229095,ATL
28,2,2,4,401229095,COL
38,11,3,8,401229109,TEX
35,8,3,7,401229109,LAA
32,6,3,3,401229100,HOU
28,8,2,6,401229100,SD
42,11,5,6,401229107,SEA
37,6,2,11,401229107,ARI
34,6,6,9,401229101,LAD
32,10,5,6,401229101,SF
50,19,2,12,401229119,TB
42,14,7,10,401229119,BOS
33,8,3,4,401229112,KC
33,7,1,6,401229112,BAL
36,12,2,6,401229115,NYM
37,13,5,4,401229115,WSH
35,7,5,7,401229121,TOR
30,5,0,10,401229121,NYY
32,8,2,8,401229111,DET
33,11,3,7,401229111,PIT
43,16,4,7,401229116,PHI
33,6,1,15,401229116,MIL
31,6,2,6,401229110,CIN
32,7,0,12,401229110,CHC
40,15,4,9,401229118,SF
34,7,2,9,401229118,COL
31,5,2,6,401229113,LAD
33,6,0,14,401229113,STL
38,12,1,9,401229114,MIN
33,8,1,9,401229114,CLE
28,5,8,10,401229117,SEA
39,14,8,5,401229117,HOU
35,10,1,5,401229120,TEX
30,5,2,7,401229120,LAA
34,7,4,10,401229128,MIN
33,7,5,13,401229128,CLE
31,7,6,9,401229125,DET
33,11,6,7,401229125,PIT
35,6,5,5,401229129,NYM
38,10,2,10,401229129,MIA
36,8,3,5,401229126,KC
30,6,3,10,401229126,BAL
31,7,4,7,401229135,TOR
34,8,0,8,401229135,NYY
40,14,1,9,401229133,TB
42,15,1,5,401229133,BOS
34,9,5,8,401229136,WSH
33,11,4,9,401229136,ATL
35,10,3,7,401229124,CIN
35,8,0,10,401229124,CHC
29,5,1,5,401229130,PHI
36,12,3,10,401229130,MIL
38,11,1,8,401229127,LAD
34,8,2,5,401229127,STL
37,8,1,6,401229131,SEA
40,12,2,10,401229131,HOU
38,15,5,4,401229132,SF
37,11,0,7,401229132,COL
41,15,3,8,401229123,CHW
30,6,3,5,401229123,OAK
35,6,0,10,401229134,TEX
28,3,2,4,401229134,ARI
31,5,2,13,401229122,LAA
30,4,3,8,401229122,SD
40,13,7,12,401229146,SEA
36,10,3,7,401229146,HOU
38,11,4,17,401229147,SF
36,10,3,8,401229147,COL
35,11,5,4,401229149,TEX
36,9,3,5,401229149,ARI
31,6,2,9,401229143,MIN
28,1,0,7,401229143,CLE
37,12,2,9,401229140,DET
31,6,2,6,401229140,PIT
32,4,2,15,401229144,NYM
37,10,2,10,401229144,MIA
37,12,2,5,401229141,KC
37,11,2,7,401229141,BAL
32,7,11,13,401229150,TOR
33,7,4,10,401229150,NYY
31,6,3,11,401229148,TB
30,7,2,7,401229148,BOS
32,6,8,4,401229151,WSH
33,6,5,12,401229151,ATL
33,6,1,5,401229139,CIN
31,4,2,8,401229139,CHC
30,5,5,10,401229145,PHI
32,8,4,10,401229145,MIL
32,7,0,5,401229142,LAD
31,7,2,7,401229142,STL
33,7,1,12,401229137,LAA
30,7,8,10,401229137,SD
33,8,2,8,401229138,CHW
33,10,1,4,401229138,OAK
31,4,3,7,401229155,LAD
29,5,3,11,401229155,STL
33,7,1,9,401229152,CHW
28,6,3,8,401229152,OAK
29,4,2,5,401229156,MIN
32,9,6,6,401229156,CLE
30,4,5,13,401229157,NYM
29,7,0,7,401229157,MIA
36,11,1,9,401229153,COL
32,6,2,6,401229153,PHI
36,10,2,7,401229154,KC
29,3,4,4,401229154,BAL
39,13,4,9,401229158,TOR
33,9,2,11,401229158,NYY
40,9,4,9,401229159,WSH
37,9,4,11,401229159,ATL
33,9,4,7,401229170,SF
25,2,4,9,401229170,CHC
30,3,5,6,401229174,WSH
32,10,3,1,401229174,PIT
36,10,6,11,401229164,COL
35,8,6,8,401229164,PHI
38,10,5,8,401229173,TOR
34,10,6,10,401229173,BAL
39,12,4,5,401229167,MIL
31,3,6,6,401229167,CLE
33,7,1,10,401229168,NYY
33,11,4,10,401229168,NYM
37,10,5,10,401229171,TB
35,11,4,13,401229171,DET
35,7,2,17,401229166,MIA
32,8,4,10,401229166,ATL
36,8,5,10,401229160,LAA
37,16,3,4,401229160,HOU
35,8,2,11,401229162,BOS
30,6,6,7,401229162,CHW
41,8,3,10,401229165,KC
40,7,2,9,401229165,MIN
31,6,4,2,401229163,CIN
33,5,2,12,401229163,STL
35,8,3,9,401229172,TEX
40,16,2,12,401229172,OAK
32,5,2,9,401229161,ARI
30,8,2,7,401229161,SEA
33,6,1,9,401229169,SD
26,4,5,8,401229169,LAD
37,13,11,9,401229185,SF
35,11,1,11,401229185,CHC
38,11,2,8,401229187,TEX
34,9,2,5,401229187,OAK
33,13,4,3,401229188,TOR
36,14,3,7,401229188,BAL
32,8,3,9,401229179,COL
33,9,5,6,401229179,PHI
33,7,4,5,401229182,MIL
27,0,1,16,401229182,CLE
35,10,2,6,401229186,TB
31,3,1,10,401229186,DET
37,12,5,8,401229189,WSH
30,7,10,8,401229189,PIT
34,9,5,5,401229175,LAA
32,6,6,10,401229175,HOU
39,10,6,15,401229177,BOS
39,11,5,6,401229177,CHW
35,10,1,6,401229180,KC
36,12,4,9,401229180,MIN
31,6,2,5,401229178,CIN
31,11,1,7,401229178,STL
36,11,1,8,401229181,MIA
38,10,1,9,401229181,ATL
37,10,1,11,401229183,NYY
37,11,6,11,401229183,NYM
30,11,4,3,401345793,TOR
26,4,2,7,401345793,BAL
34,9,4,11,401229176,ARI
33,6,2,8,401229176,SEA
34,8,2,8,401229184,SD
24,4,3,6,401229184,LAD
40,8,6,10,401229201,TB
42,12,5,6,401229201,DET
35,9,1,12,401229194,COL
33,7,3,9,401229194,PHI
45,19,8,8,401229203,TOR
35,8,3,10,401229203,BAL
36,11,5,2,401229204,WSH
27,5,3,6,401229204,PIT
41,13,3,9,401229197,MIL
30,4,1,15,401229197,CLE
32,5,2,8,401229196,MIA
32,8,3,6,401229196,ATL
30,4,3,11,401229190,LAA
31,8,5,10,401229190,HOU
29,4,3,13,401229192,BOS
29,4,3,11,401229192,CHW
34,11,3,11,401229195,KC
32,6,2,11,401229195,MIN
32,5,1,10,401229193,CIN
27,3,1,6,401229193,STL
36,12,4,9,401229200,SF
37,9,2,8,401229200,CHC
36,11,2,11,401229202,TEX
30,5,1,2,401229202,OAK
36,11,1,11,401229191,ARI
33,4,4,4,401229191,SEA
28,1,0,9,401229199,SD
31,9,4,7,401229199,LAD
32,7,7,13,401229198,NYY
32,9,5,5,401229198,NYM
39,9,3,13,401361113,MIN
30,5,5,8,401361113,NYY
34,9,3,8,401229208,MIA
29,2,0,7,401229208,WSH
29,2,0,10,401229210,TB
40,17,2,2,401229210,TOR
41,15,4,10,401229250,STL
32,6,4,10,401229250,NYM
42,16,5,8,401229207,HOU
34,9,1,10,401229207,TEX
34,7,2,11,401229209,SD
32,8,4,7,401229209,SF
32,6,3,9,401229205,ARI
34,11,3,5,401229205,LAD
34,7,1,15,401229206,BOS
34,10,2,8,401229206,SEA
27,6,2,8,401340058,CLE
23,3,1,8,401340058,MIN
38,11,2,8,401229215,CIN
32,10,2,6,401229215,PIT
35,4,4,9,401229220,MIL
32,3,3,18,401229220,DET
34,9,3,10,401229214,CHC
30,6,3,8,401229214,PHI
32,4,0,14,401229219,MIA
34,14,6,4,401229219,WSH
37,13,3,4,401229221,NYY
33,6,5,12,401229221,BAL
33,6,0,5,401229225,TB
29,3,1,6,401229225,TOR
41,10,3,12,401229224,STL
35,6,8,4,401229224,NYM
32,7,5,10,401229217,COL
35,8,3,11,401229217,ATL
27,6,1,5,401229216,CLE
25,9,1,6,401229216,MIN
30,6,1,9,401229218,HOU
31,7,5,7,401229218,TEX
32,6,7,12,401229211,LAA
34,13,3,4,401229211,CHW
32,8,6,6,401229222,OAK
37,14,4,9,401229222,KC
30,3,1,7,401229223,SD
33,11,6,10,401229223,SF
33,8,2,10,401229212,ARI
31,9,4,6,401229212,LAD
37,11,4,10,401229213,BOS
34,8,3,13,401229213,SEA
37,11,3,10,401229234,MIA
41,15,5,9,401229234,WSH
31,3,3,12,401229235,MIL
29,7,1,8,401229235,DET
33,6,0,15,401229240,TB
30,7,2,8,401229240,TOR
39,9,6,12,401229228,BOS
35,6,2,12,401229228,SEA
32,7,2,7,401229230,CIN
33,9,5,5,401229230,PIT
36,8,1,11,401229229,CHC
33,11,2,5,401229229,PHI
35,7,3,6,401229236,NYY
33,6,2,16,401229236,BAL
42,16,3,9,401229239,STL
41,13,0,8,401229239,NYM
34,5,2,14,401229232,COL
38,10,4,12,401229232,ATL
39,14,3,6,401229231,CLE
30,3,3,6,401229231,MIN
37,12,0,8,401229233,HOU
31,4,1,8,401229233,TEX
31,8,5,7,401229226,LAA
34,9,1,11,401229226,CHW
43,18,5,7,401229237,OAK
42,17,4,10,401229237,KC
41,16,3,5,401229238,SD
34,9,5,5,401229238,SF
30,4,4,11,401229227,ARI
34,14,3,3,401229227,LAD
30,5,3,7,401229243,CIN
32,6,3,10,401229243,PIT
36,10,2,12,401229241,LAA
34,9,4,11,401229241,CHW
34,9,4,4,401229248,OAK
35,9,3,7,401229248,KC
38,14,3,8,401229249,SD
37,12,2,10,401229249,SF
35,7,6,8,401229247,NYY
37,10,2,17,401229247,BAL
33,10,6,7,401229242,CHC
39,16,6,6,401229242,PHI
30,6,2,6,401229245,DET
29,7,6,7,401229245,TB
41,15,8,10,401229246,HOU
31,6,4,6,401229246,TEX
29,4,2,8,401229256,CLE
34,11,2,8,401229256,NYY
32,8,5,7,401229257,COL
41,14,5,4,401229257,WSH
36,10,4,7,401229260,MIN
33,5,2,7,401229260,TOR
30,4,1,5,401229253,BAL
34,11,5,4,401229253,BOS
36,7,1,8,401229258,DET
35,9,6,7,401229258,TB
33,6,2,12,401229259,LAD
28,6,2,7,401229259,CIN
32,7,2,6,401229262,PHI
34,8,2,10,401229262,NYM
32,7,6,6,401229263,PIT
32,5,2,12,401229263,MIA
38,12,5,12,401229254,CHW
34,8,4,14,401229254,TEX
38,10,3,13,401229251,ARI
31,4,4,4,401229251,HOU
38,11,2,11,401229255,CHC
31,9,9,9,401229255,MIL
33,10,4,7,401229265,SEA
34,9,4,5,401229265,KC
31,7,4,6,401229264,SD
30,6,3,10,401229264,STL
30,7,9,4,401229261,OAK
35,10,1,5,401229261,LAA
42,9,0,10,401229252,ATL
37,8,8,13,401229252,SF
40,12,4,12,401229271,CLE
32,8,4,6,401229271,NYY
35,9,3,11,401229268,BAL
37,14,3,5,401229268,BOS
35,7,3,10,401229274,LAD
31,3,3,8,401229274,CIN
31,4,3,9,401229275,MIN
30,7,8,6,401229275,TOR
39,11,6,9,401229272,COL
32,8,3,9,401229272,WSH
32,5,2,8,401229273,DET
32,7,3,7,401229273,TB
36,9,7,11,401229278,PIT
32,7,1,8,401229278,MIA
30,3,7,6,401229269,CHW
31,9,3,9,401229269,TEX
40,10,3,12,401229266,ARI
37,11,2,6,401229266,HOU
27,3,4,2,401229280,SEA
39,15,2,6,401229280,KC
34,8,5,17,401229270,CHC
34,9,4,8,401229270,MIL
35,9,4,5,401229277,PHI
34,7,1,10,401229277,NYM
35,9,0,4,401229279,SD
28,5,2,9,401229279,STL
29,5,2,10,401229267,ATL
28,5,3,6,401229267,SF
32,6,3,7,401229276,OAK
34,7,1,7,401229276,LAA
43,16,3,12,401229286,CLE
33,8,0,11,401229286,NYY
30,5,5,12,401229287,COL
30,7,2,6,401229287,WSH
32,4,1,10,401229290,MIN
34,11,3,9,401229290,TOR
36,10,4,12,401229283,BAL
33,10,2,5,401229283,BOS
32,6,3,12,401229288,DET
28,5,4,4,401229288,TB
37,12,5,8,401229289,LAD
33,8,2,14,401229289,CIN
36,8,2,7,401229293,PIT
34,8,5,10,401229293,MIA
31,6,4,9,401229281,ARI
33,9,5,9,401229281,HOU
32,7,7,14,401229285,CHC
33,7,7,2,401229285,MIL
36,11,7,5,401229295,SEA
30,3,1,7,401229295,KC
35,10,2,6,401229294,SD
33,11,2,6,401229294,STL
36,10,5,4,401229284,CHW
32,7,2,7,401229284,TEX
37,11,0,9,401229282,ATL
28,4,1,7,401229282,SF
36,7,6,12,401229291,OAK
34,4,4,10,401229291,LAA
34,8,3,15,401229292,PHI
30,7,3,9,401229292,NYM
29,9,1,7,401229300,KC
26,6,1,7,401229300,CLE
31,5,3,7,401229298,CHW
28,4,2,12,401229298,DET
33,8,1,10,401229301,PIT
35,11,5,9,401229301,CIN
40,12,8,4,401229306,WSH
36,9,2,12,401229306,MIA
34,9,1,7,401229297,BAL
31,4,1,6,401229297,PHI
33,7,2,13,401229304,TEX
29,7,7,6,401229304,NYY
24,6,4,5,401346453,KC
24,4,0,11,401346453,CLE
33,5,2,11,401229305,TOR
32,11,3,8,401229305,TB
33,9,2,10,401229303,STL
29,3,1,4,401229303,MIL
43,17,2,8,401229299,HOU
31,6,4,6,401229299,LAA
43,15,3,11,401229296,ATL
33,8,4,6,401229296,ARI
35,10,1,5,401229302,SEA
32,7,1,10,401229302,OAK
36,12,6,6,401229309,CHW
36,16,3,4,401229309,DET
34,9,2,8,401229311,KC
28,5,3,5,401229311,CLE
34,10,5,14,401229315,PIT
33,10,6,6,401229315,CIN
37,9,4,11,401229321,WSH
31,5,3,5,401229321,MIA
36,7,3,7,401229308,BAL
36,9,2,10,401229308,PHI
32,6,1,11,401229319,TEX
31,9,2,9,401229319,NYY
34,8,3,10,401229314,NYM
31,8,4,5,401229314,BOS
33,8,2,7,401229320,TOR
29,5,11,10,401229320,TB
42,16,4,11,401229313,MIN
35,11,4,14,401229313,CHC
31,5,2,13,401229318,STL
30,4,5,12,401229318,MIL
36,9,0,7,401229312,LAD
39,9,5,11,401229312,COL
35,10,7,6,401229310,HOU
33,7,3,7,401229310,LAA
36,9,0,12,401229307,ATL
32,7,4,6,401229307,ARI
35,9,2,11,401229316,SEA
33,6,2,5,401229316,OAK
36,13,3,8,401229317,SF
38,13,1,7,401229317,SD
31,4,4,6,401229335,TOR
33,11,3,4,401229335,TB
38,13,4,10,401229336,WSH
37,10,1,10,401229336,MIA
32,7,6,12,401229323,BAL
32,10,2,6,401229323,PHI
36,8,0,8,401229334,TEX
31,9,6,8,401229334,NYY
35,11,5,11,401229329,NYM
37,14,3,8,401229329,BOS
35,9,1,8,401229328,MIN
33,7,2,18,401229328,CHC
40,15,1,8,401229333,STL
31,4,1,5,401229333,MIL
32,7,4,7,401229327,LAD
37,12,2,7,401229327,COL
46,12,4,7,401229325,HOU
39,9,6,6,401229325,LAA
33,11,4,8,401229322,ATL
32,6,1,10,401229322,ARI
35,9,4,8,401229331,SEA
30,4,2,9,401229331,OAK
36,12,3,8,401229332,SF
38,13,6,8,401229332,SD
30,11,3,10,401332362,CHW
25,6,2,6,401332362,CLE
32,9,5,8,401229344,STL
34,8,4,7,401229344,MIL
43,14,2,8,401229340,LAD
38,9,3,11,401229340,COL
34,7,2,12,401229342,SEA
32,6,7,11,401229342,OAK
33,8,3,12,401229337,ATL
31,10,3,10,401229337,ARI
35,6,5,10,401229343,SF
34,8,7,7,401229343,SD
30,10,1,5,401229338,CHW
26,9,3,9,401229338,CLE
35,8,3,10,401229347,WSH
30,6,5,11,401229347,CIN
32,6,2,9,401229341,PIT
34,11,7,12,401229341,PHI
31,5,4,9,401229345,TEX
30,7,1,10,401229345,BAL
36,11,4,4,401229346,TOR
33,13,6,9,401229346,MIN
33,6,5,8,401229339,HOU
27,4,6,6,401229339,LAA
30,10,2,8,401229359,STL
26,6,6,11,401229359,CHC
41,15,3,7,401229354,NYY
32,7,5,9,401229354,BOS
35,8,6,11,401229356,PIT
33,9,4,9,401229356,PHI
38,13,3,3,401229360,TEX
35,9,3,8,401229360,BAL
31,5,0,11,401229349,CHW
32,6,0,16,401229349,CLE
30,5,1,6,401229351,KC
29,6,6,4,401229351,DET
27,2,1,7,401229353,MIA
35,11,6,12,401229353,TB
41,9,9,10,401229362,WSH
41,12,3,7,401229362,CIN
36,16,3,8,401346454,STL
27,7,1,5,401346454,CHC
32,4,2,10,401229355,NYM
27,6,5,7,401229355,MIL
37,11,3,8,401229358,SF
38,11,0,12,401229358,COL
31,4,1,9,401229361,TOR
30,6,3,11,401229361,MIN
33,7,2,4,401229357,SEA
35,9,6,6,401229357,LAA
27,2,6,11,401229350,HOU
35,14,6,11,401229350,OAK
33,10,4,6,401229352,LAD
31,4,3,13,401229352,ARI
35,7,0,9,401229348,ATL
29,3,0,4,401229348,SD
35,9,1,8,401229374,STL
33,11,5,8,401229374,CHC
28,4,0,7,401229371,PIT
28,8,6,3,401229371,PHI
30,3,1,9,401229365,HOU
31,7,6,7,401229365,OAK
30,4,4,12,401229369,NYY
34,7,1,11,401229369,BOS
30,7,3,4,401229366,KC
32,11,3,6,401229366,DET
38,13,3,6,401229368,MIA
36,12,1,7,401229368,TB
30,6,5,8,401229375,TEX
29,8,1,6,401229375,BAL
32,6,2,11,401229370,NYM
26,4,6,8,401229370,MIL
36,11,3,10,401229376,TOR
28,3,6,7,401229376,MIN
37,11,5,8,401229377,WSH
31,11,5,5,401229377,CIN
43,13,5,13,401229363,ATL
39,10,1,10,401229363,SD
29,3,2,8,401229364,CHW
31,8,0,10,401229364,CLE
31,5,2,8,401229367,LAD
33,9,4,3,401229367,ARI
38,11,1,7,401229373,SF
38,11,1,6,401229373,COL
31,6,1,4,401229372,SEA
37,14,8,8,401229372,LAA
35,10,4,6,401229381,KC
32,5,3,11,401229381,DET
30,7,11,7,401229386,PIT
33,6,3,11,401229386,PHI
39,12,1,10,401229390,TEX
29,4,7,10,401229390,BAL
38,13,5,11,401229379,CHW
37,10,1,8,401229379,CLE
33,6,1,11,401229383,MIA
27,5,3,10,401229383,TB
32,4,6,9,401229392,WSH
38,14,9,6,401229392,CIN
34,7,1,11,401229385,NYM
33,8,7,8,401229385,MIL
36,9,2,4,401229391,TOR
33,8,2,15,401229391,MIN
34,7,5,11,401229389,STL
32,8,5,8,401229389,CHC
36,10,4,8,401229388,SF
34,5,0,16,401229388,COL
35,9,3,7,401229380,HOU
34,9,4,8,401229380,OAK
37,9,2,12,401229387,SEA
30,3,3,9,401229387,LAA
36,10,5,10,401229378,ATL
36,10,7,7,401229378,SD
33,7,6,6,401229382,LAD
35,7,2,7,401229382,ARI
33,10,3,10,401229384,NYY
35,11,1,10,401229384,BOS
33,11,7,4,401373110,CHW
36,11,6,6,401373110,DET
32,6,2,10,401373188,PIT
41,17,2,8,401373188,CIN
33,7,0,6,401373189,KC
34,10,1,7,401373189,CLE
36,11,3,6,401229394,WSH
35,8,6,6,401229394,COL
34,7,1,11,401229393,OAK
37,14,4,7,401229393,SEA
23,5,2,8,401362373,MIA
28,8,3,10,401362373,NYM
35,12,5,7,401229398,CHC
32,10,3,6,401229398,PIT
30,3,2,6,401229397,BOS
32,9,2,9,401229397,BAL
36,11,4,8,401229404,NYY
29,3,4,7,401229404,TOR
31,5,1,12,401229402,MIA
28,5,3,8,401229402,NYM
30,3,4,11,401229406,PHI
28,4,2,9,401229406,ATL
34,8,4,7,401229401,DET
28,7,2,9,401229401,MIN
35,9,3,6,401229403,MIL
32,11,0,7,401229403,STL
30,4,2,4,401229395,LAA
31,9,4,5,401229395,TEX
30,4,0,4,401229399,CIN
32,10,6,7,401229399,CHW
35,9,4,5,401229400,CLE
30,6,2,8,401229400,KC
33,7,3,12,401229408,TB
31,6,5,9,401229408,HOU
30,7,5,4,401229409,WSH
31,9,4,13,401229409,COL
32,8,3,8,401229396,ARI
32,9,7,8,401229396,SF
29,4,3,9,401229407,SD
30,6,9,10,401229407,LAD
35,7,0,7,401229405,OAK
32,9,5,5,401229405,SEA
34,9,6,10,401229424,WSH
35,14,6,4,401229424,COL
34,10,8,9,401229413,CHC
30,5,4,6,401229413,PIT
33,7,0,10,401229419,NYY
34,10,0,8,401229419,TOR
38,13,1,10,401229412,BOS
32,4,2,11,401229412,BAL
29,5,3,8,401229417,MIA
33,9,0,8,401229417,NYM
32,5,0,7,401229421,PHI
34,11,5,7,401229421,ATL
36,10,1,8,401229416,DET
29,7,3,7,401229416,MIN
35,9,3,12,401229418,MIL
28,3,4,9,401229418,STL
34,11,3,4,401229410,LAA
36,9,0,12,401229410,TEX
30,4,4,7,401229414,CIN
31,7,2,11,401229414,CHW
36,11,2,5,401229415,CLE
33,11,5,3,401229415,KC
34,11,5,7,401229423,TB
30,3,1,6,401229423,HOU
30,4,0,10,401229411,ARI
28,7,4,6,401229411,SF
40,13,3,9,401229422,SD
36,12,3,7,401229422,LAD
32,5,3,6,401229420,OAK
31,6,2,9,401229420,SEA
34,9,2,11,401229432,MIL
27,5,2,5,401229432,STL
38,12,2,10,401229425,LAA
32,9,4,5,401229425,TEX
39,13,3,5,401229428,CHC
30,6,2,8,401229428,PIT
30,5,4,3,401229427,BOS
31,9,2,11,401229427,BAL
33,6,4,11,401229433,NYY
36,10,2,9,401229433,TOR
33,6,5,12,401229431,MIA
31,10,7,6,401229431,NYM
29,4,2,6,401229436,TB
30,7,1,6,401229436,HOU
32,5,3,5,401229434,PHI
30,6,2,14,401229434,ATL
35,9,4,8,401229430,DET
37,10,4,9,401229430,MIN
33,9,3,5,401229429,CLE
36,10,1,5,401229429,KC
38,12,5,12,401229426,ARI
34,10,2,6,401229426,SF
31,5,4,10,401229435,SD
32,11,2,8,401229435,LAD
32,5,3,12,401229441,CIN
34,12,5,10,401229441,PIT
33,7,7,4,401229439,BOS
35,9,6,9,401229439,WSH
34,8,4,13,401229451,TB
36,9,0,10,401229451,NYY
33,9,2,8,401229438,BAL
35,12,2,3,401229438,TOR
31,7,3,13,401229449,PHI
32,8,2,10,401229449,MIA
34,11,2,10,401229447,NYM
35,8,1,12,401229447,ATL
38,10,4,8,401229442,CLE
36,10,1,5,401229442,TEX
31,7,4,11,401229444,DET
36,13,5,7,401229444,CHW
38,13,1,3,401229446,MIN
38,15,6,7,401229446,KC
37,7,2,12,401229448,OAK
40,13,3,8,401229448,HOU
32,8,5,8,401229440,CHC
34,9,4,7,401229440,STL
39,12,3,9,401229443,COL
36,9,1,16,401229443,ARI
33,9,0,7,401229450,SD
30,6,4,8,401229450,SF
30,4,2,11,401229437,LAA
30,5,3,9,401229437,SEA
38,11,1,10,401229445,MIL
33,10,3,3,401229445,LAD
43,19,4,10,401229466,TB
32,4,3,13,401229466,NYY
29,2,1,10,401229453,BAL
39,14,0,6,401229453,TOR
33,7,7,14,401229454,BOS
31,5,5,12,401229454,WSH
38,11,2,9,401229465,SD
35,5,0,11,401229465,SF
34,8,0,15,401229464,PHI
27,5,5,4,401229464,MIA
32,9,5,7,401229456,CIN
37,16,6,12,401229456,PIT
30,5,1,10,401229457,CLE
31,9,6,5,401229457,TEX
33,7,3,7,401229459,DET
32,8,2,12,401229459,CHW
35,9,1,7,401229461,MIN
27,3,2,4,401229461,KC
37,12,5,8,401229463,OAK
36,13,2,7,401229463,HOU
34,9,6,6,401229455,CHC
34,8,4,11,401229455,STL
36,8,4,9,401229462,NYM
32,9,4,8,401229462,ATL
32,7,3,9,401229458,COL
41,17,4,2,401229458,ARI
34,8,3,5,401229452,LAA
32,8,6,6,401229452,SEA
30,4,3,8,401229460,MIL
31,9,1,9,401229460,LAD
39,13,3,13,401229469,BOS
33,7,6,13,401229469,WSH
37,11,2,11,401229471,CIN
35,9,1,9,401229471,PIT
35,7,3,8,401229472,CLE
31,4,1,7,401229472,TEX
31,7,2,11,401229480,SD
33,10,6,6,401229480,SF
32,5,4,9,401229481,TB
27,4,2,5,401229481,NYY
39,13,2,11,401229468,BAL
35,12,4,4,401229468,TOR
34,10,7,12,401229467,LAA
36,9,3,11,401229467,SEA
35,9,2,11,401229473,COL
33,8,5,4,401229473,ARI
35,9,3,13,401229474,DET
34,8,4,6,401229474,CHW
35,7,1,15,401229475,MIL
33,10,6,7,401229475,LAD
35,9,1,12,401229476,MIN
35,9,2,14,401229476,KC
33,7,1,6,401229478,OAK
36,12,3,6,401229478,HOU
34,8,2,12,401229479,PHI
30,7,2,10,401229479,MIA
27,6,1,9,401229470,CHC
24,6,3,3,401229470,STL
28,3,1,6,401229477,NYM
29,7,2,6,401229477,ATL
32,6,0,11,401361933,NYY
28,7,7,9,401361933,BOS
32,5,4,10,401361934,STL
31,7,4,7,401361934,LAD
33,7,1,6,401361941,CHW
34,10,3,9,401361941,HOU
35,9,0,5,401361942,BOS
29,6,4,5,401361942,TB
35,11,3,11,401361943,CHW
31,10,6,7,401361943,HOU
29,4,4,8,401361946,ATL
28,5,2,10,401361946,MIL
45,20,3,10,401361944,BOS
35,8,3,13,401361944,TB
32,5,0,11,401361945,LAD
30,7,1,8,401361945,SF
34,7,3,10,401361948,ATL
32,6,3,14,401361948,MIL
38,11,4,9,401361947,LAD
31,6,2,8,401361947,SF
49,10,4,20,401361950,TB
49,15,3,8,401361950,BOS
33,6,4,16,401361949,HOU
41,16,5,13,401361949,CHW
31,5,1,9,401361954,MIL
31,8,3,8,401361954,ATL
34,7,0,8,401361952,TB
35,12,1,3,401361952,BOS
30,3,1,14,401361953,SF
31,5,2,6,401361953,LAD
41,14,5,9,401382030,HOU
32,7,3,9,401382030,CHW
34,8,3,15,401361957,MIL
34,11,3,7,401361957,ATL
34,7,2,6,401361955,SF
35,12,5,7,401361955,LAD
34,8,1,8,401361960,LAD
34,6,0,13,401361960,SF
35,10,4,10,401361962,BOS
32,11,2,6,401361962,HOU
37,11,4,12,401361963,BOS
35,8,2,8,401361963,HOU
34,10,1,7,401361964,LAD
31,6,0,14,401361964,ATL
31,4,9,10,401361965,LAD
35,10,2,12,401361965,ATL
30,5,2,8,401361966,HOU
36,11,5,7,401361966,BOS
36,11,6,12,401361968,ATL
33,10,7,9,401361968,LAD
38,12,5,6,401361967,HOU
33,5,7,10,401361967,BOS
38,11,6,10,401361971,HOU
28,3,1,5,401361971,BOS
39,12,3,8,401361969,ATL
30,4,1,4,401361969,LAD
31,5,0,9,401361970,ATL
40,17,2,8,401361970,LAD
29,2,2,10,401361972,BOS
33,10,1,5,401361972,HOU
32,5,2,14,401361973,LAD
32,9,7,13,401361973,ATL
38,12,3,12,401361976,ATL
35,8,3,11,401361976,HOU
34,7,2,12,401361977,ATL
33,9,2,11,401361977,HOU
28,2,3,7,401361978,HOU
30,6,5,10,401361978,ATL
35,8,5,7,401361979,HOU
30,8,3,11,401361979,ATL
38,12,6,9,401361980,HOU
35,8,2,7,401361980,ATL
34,7,3,9,401361981,ATL
32,6,0,10,401361981,HOU
